2024/11/23 15:52:53.309	b135e9c82f3b5af8414a656ace8a78c8d45a7834	Windows 11  (10.0.22631) 64bit (Editor)	True	null	null	null	null	null	null	None	0	null	0	0	null	null	null	null	null	
2024/11/23 15:52:53.428	b135e9c82f3b5af8414a656ace8a78c8d45a7834	Windows 11  (10.0.22631) 64bit (Editor)	True	null	null	null	null	null	null	None	0	null	0	0	null	null	null	null	null	
2024/11/23 15:52:54.163	b135e9c82f3b5af8414a656ace8a78c8d45a7834	Windows 11  (10.0.22631) 64bit (Editor)	True	null	null	null	null	null	null	None	0	null	0	0	null	null	null	null	null	
2024/11/23 15:52:54.210	b135e9c82f3b5af8414a656ace8a78c8d45a7834	Windows 11  (10.0.22631) 64bit (Editor)	True	null	null	null	null	null	null	None	0	null	0	0	null	null	null	null	null	
2024/11/23 15:52:54.223	b135e9c82f3b5af8414a656ace8a78c8d45a7834	Windows 11  (10.0.22631) 64bit (Editor)	True	null	null	null	null	null	null	None	0	null	0	0	null	null	null	null	null	
2024/11/23 15:52:54.230	b135e9c82f3b5af8414a656ace8a78c8d45a7834	Windows 11  (10.0.22631) 64bit (Editor)	True	null	null	null	null	null	null	None	0	null	0	0	null	null	null	null	null	
2024/11/23 15:52:54.238	b135e9c82f3b5af8414a656ace8a78c8d45a7834	Windows 11  (10.0.22631) 64bit (Editor)	True	null	null	null	null	null	null	None	0	null	0	0	null	null	null	null	null	
2024/11/23 15:52:54.245	b135e9c82f3b5af8414a656ace8a78c8d45a7834	Windows 11  (10.0.22631) 64bit (Editor)	True	null	null	null	null	null	null	None	0	null	0	0	null	null	null	null	null	
2024/11/23 15:52:54.256	b135e9c82f3b5af8414a656ace8a78c8d45a7834	Windows 11  (10.0.22631) 64bit (Editor)	True	null	null	null	null	null	null	None	0	null	0	0	null	null	null	null	null	
2024/11/23 15:52:54.267	b135e9c82f3b5af8414a656ace8a78c8d45a7834	Windows 11  (10.0.22631) 64bit (Editor)	True	null	null	null	null	null	null	None	0	null	0	0	null	null	null	null	null	
2024/11/23 15:52:54.275	b135e9c82f3b5af8414a656ace8a78c8d45a7834	Windows 11  (10.0.22631) 64bit (Editor)	True	null	null	null	null	null	null	None	0	null	0	0	null	null	null	null	null	
2024/11/23 15:52:54.283	b135e9c82f3b5af8414a656ace8a78c8d45a7834	Windows 11  (10.0.22631) 64bit (Editor)	True	null	null	null	null	null	null	None	0	null	0	0	null	null	null	null	null	
2024/11/23 15:52:54.290	b135e9c82f3b5af8414a656ace8a78c8d45a7834	Windows 11  (10.0.22631) 64bit (Editor)	True	null	null	null	null	null	null	None	0	null	0	0	null	null	null	null	null	
2024/11/23 15:52:54.298	b135e9c82f3b5af8414a656ace8a78c8d45a7834	Windows 11  (10.0.22631) 64bit (Editor)	True	null	null	null	null	null	null	None	0	null	0	0	null	null	null	null	null	
2024/11/23 15:52:54.305	b135e9c82f3b5af8414a656ace8a78c8d45a7834	Windows 11  (10.0.22631) 64bit (Editor)	True	null	null	null	null	null	null	None	0	null	0	0	null	null	null	null	null	
2024/11/23 15:52:54.322	b135e9c82f3b5af8414a656ace8a78c8d45a7834	Windows 11  (10.0.22631) 64bit (Editor)	True	null	null	null	null	null	null	None	0	null	0	0	null	null	null	null	null	
2024/11/23 15:52:54.329	b135e9c82f3b5af8414a656ace8a78c8d45a7834	Windows 11  (10.0.22631) 64bit (Editor)	True	null	null	null	null	null	null	None	0	null	0	0	null	null	null	null	null	
2024/11/23 15:52:54.337	b135e9c82f3b5af8414a656ace8a78c8d45a7834	Windows 11  (10.0.22631) 64bit (Editor)	True	null	null	null	null	null	null	None	0	null	0	0	null	null	null	null	null	
2024/11/23 15:52:54.348	b135e9c82f3b5af8414a656ace8a78c8d45a7834	Windows 11  (10.0.22631) 64bit (Editor)	True	null	null	null	null	null	null	None	0	null	0	0	null	null	null	null	null	
2024/11/23 15:52:54.355	b135e9c82f3b5af8414a656ace8a78c8d45a7834	Windows 11  (10.0.22631) 64bit (Editor)	True	null	null	null	null	null	null	None	0	null	0	0	null	null	null	null	null	
2024/11/23 15:52:54.362	b135e9c82f3b5af8414a656ace8a78c8d45a7834	Windows 11  (10.0.22631) 64bit (Editor)	True	null	null	null	null	null	null	None	0	null	0	0	null	null	null	null	null	
2024/11/23 15:52:54.370	b135e9c82f3b5af8414a656ace8a78c8d45a7834	Windows 11  (10.0.22631) 64bit (Editor)	True	null	null	null	null	null	null	None	0	null	0	0	null	null	null	null	null	
2024/11/23 15:52:54.378	b135e9c82f3b5af8414a656ace8a78c8d45a7834	Windows 11  (10.0.22631) 64bit (Editor)	True	null	null	null	null	null	null	None	0	null	0	0	null	null	null	null	null	
2024/11/23 15:52:54.385	b135e9c82f3b5af8414a656ace8a78c8d45a7834	Windows 11  (10.0.22631) 64bit (Editor)	True	null	null	null	null	null	null	None	0	null	0	0	null	null	null	null	null	
2024/11/23 15:52:54.393	b135e9c82f3b5af8414a656ace8a78c8d45a7834	Windows 11  (10.0.22631) 64bit (Editor)	True	null	null	null	null	null	null	None	0	null	0	0	null	null	null	null	null	
2024/11/23 15:52:54.400	b135e9c82f3b5af8414a656ace8a78c8d45a7834	Windows 11  (10.0.22631) 64bit (Editor)	True	null	null	null	null	null	null	None	0	null	0	0	null	null	null	null	null	
2024/11/23 15:52:54.407	b135e9c82f3b5af8414a656ace8a78c8d45a7834	Windows 11  (10.0.22631) 64bit (Editor)	True	null	null	null	null	null	null	None	0	null	0	0	null	null	null	null	null	
2024/11/23 15:52:54.414	b135e9c82f3b5af8414a656ace8a78c8d45a7834	Windows 11  (10.0.22631) 64bit (Editor)	True	null	null	null	null	null	null	None	0	null	0	0	null	null	null	null	null	
2024/11/23 15:52:54.421	b135e9c82f3b5af8414a656ace8a78c8d45a7834	Windows 11  (10.0.22631) 64bit (Editor)	True	null	null	null	null	null	null	None	0	null	0	0	null	null	null	null	null	
2024/11/23 15:52:54.428	b135e9c82f3b5af8414a656ace8a78c8d45a7834	Windows 11  (10.0.22631) 64bit (Editor)	True	null	null	null	null	null	null	None	0	null	0	0	null	null	null	null	null	
2024/11/23 15:52:54.435	b135e9c82f3b5af8414a656ace8a78c8d45a7834	Windows 11  (10.0.22631) 64bit (Editor)	True	null	null	null	null	null	null	None	0	null	0	0	null	null	null	null	null	
2024/11/23 15:52:54.443	b135e9c82f3b5af8414a656ace8a78c8d45a7834	Windows 11  (10.0.22631) 64bit (Editor)	True	null	null	null	null	null	null	None	0	null	0	0	null	null	null	null	null	
2024/11/23 15:52:54.449	b135e9c82f3b5af8414a656ace8a78c8d45a7834	Windows 11  (10.0.22631) 64bit (Editor)	True	null	null	null	null	null	null	None	0	null	0	0	null	null	null	null	null	
2024/11/23 15:52:54.456	b135e9c82f3b5af8414a656ace8a78c8d45a7834	Windows 11  (10.0.22631) 64bit (Editor)	True	null	null	null	null	null	null	None	0	null	0	0	null	null	null	null	null	
2024/11/23 15:52:54.473	b135e9c82f3b5af8414a656ace8a78c8d45a7834	Windows 11  (10.0.22631) 64bit (Editor)	True	null	null	null	null	null	null	None	0	null	0	0	null	null	null	null	null	
2024/11/23 15:52:54.480	b135e9c82f3b5af8414a656ace8a78c8d45a7834	Windows 11  (10.0.22631) 64bit (Editor)	True	null	null	null	null	null	null	None	0	null	0	0	null	null	null	null	null	
2024/11/23 15:52:54.487	b135e9c82f3b5af8414a656ace8a78c8d45a7834	Windows 11  (10.0.22631) 64bit (Editor)	True	null	null	null	null	null	null	None	0	null	0	0	null	null	null	null	null	
2024/11/23 15:52:54.494	b135e9c82f3b5af8414a656ace8a78c8d45a7834	Windows 11  (10.0.22631) 64bit (Editor)	True	null	null	null	null	null	null	None	0	null	0	0	null	null	null	null	null	
2024/11/23 15:52:54.502	b135e9c82f3b5af8414a656ace8a78c8d45a7834	Windows 11  (10.0.22631) 64bit (Editor)	True	null	null	null	null	null	null	None	0	null	0	0	null	null	null	null	null	
2024/11/23 15:52:54.509	b135e9c82f3b5af8414a656ace8a78c8d45a7834	Windows 11  (10.0.22631) 64bit (Editor)	True	null	null	null	null	null	null	None	0	null	0	0	null	null	null	null	null	
2024/11/23 15:52:54.516	b135e9c82f3b5af8414a656ace8a78c8d45a7834	Windows 11  (10.0.22631) 64bit (Editor)	True	null	null	null	null	null	null	None	0	null	0	0	null	null	null	null	null	
2024/11/23 15:52:54.524	b135e9c82f3b5af8414a656ace8a78c8d45a7834	Windows 11  (10.0.22631) 64bit (Editor)	True	null	null	null	null	null	null	None	0	null	0	0	null	null	null	null	null	
2024/11/23 15:52:54.529	b135e9c82f3b5af8414a656ace8a78c8d45a7834	Windows 11  (10.0.22631) 64bit (Editor)	True	null	null	null	null	null	null	None	0	null	0	0	null	null	null	null	null	
2024/11/23 15:52:54.537	b135e9c82f3b5af8414a656ace8a78c8d45a7834	Windows 11  (10.0.22631) 64bit (Editor)	True	null	null	null	null	null	null	None	0	null	0	0	null	null	null	null	null	
2024/11/23 15:52:54.544	b135e9c82f3b5af8414a656ace8a78c8d45a7834	Windows 11  (10.0.22631) 64bit (Editor)	True	null	null	null	null	null	null	None	0	null	0	0	null	null	null	null	null	
2024/11/23 15:52:54.552	b135e9c82f3b5af8414a656ace8a78c8d45a7834	Windows 11  (10.0.22631) 64bit (Editor)	True	null	null	null	null	null	null	None	0	null	0	0	null	null	null	null	null	
2024/11/23 15:52:54.558	b135e9c82f3b5af8414a656ace8a78c8d45a7834	Windows 11  (10.0.22631) 64bit (Editor)	True	null	null	null	null	null	null	None	0	null	0	0	null	null	null	null	null	
2024/11/23 15:52:54.566	b135e9c82f3b5af8414a656ace8a78c8d45a7834	Windows 11  (10.0.22631) 64bit (Editor)	True	null	null	null	null	null	null	None	0	null	0	0	null	null	null	null	null	
2024/11/23 15:52:54.573	b135e9c82f3b5af8414a656ace8a78c8d45a7834	Windows 11  (10.0.22631) 64bit (Editor)	True	null	null	null	null	null	null	None	0	null	0	0	null	null	null	null	null	
2024/11/23 15:52:54.579	b135e9c82f3b5af8414a656ace8a78c8d45a7834	Windows 11  (10.0.22631) 64bit (Editor)	True	null	null	null	null	null	null	None	0	null	0	0	null	null	null	null	null	
2024/11/23 15:52:54.586	b135e9c82f3b5af8414a656ace8a78c8d45a7834	Windows 11  (10.0.22631) 64bit (Editor)	True	null	null	null	null	null	null	None	0	null	0	0	null	null	null	null	null	
2024/11/23 15:52:54.593	b135e9c82f3b5af8414a656ace8a78c8d45a7834	Windows 11  (10.0.22631) 64bit (Editor)	True	null	null	null	null	null	null	None	0	null	0	0	null	null	null	null	null	
2024/11/23 15:52:54.601	b135e9c82f3b5af8414a656ace8a78c8d45a7834	Windows 11  (10.0.22631) 64bit (Editor)	True	null	null	null	null	null	null	None	0	null	0	0	null	null	null	null	null	
2024/11/23 15:52:54.607	b135e9c82f3b5af8414a656ace8a78c8d45a7834	Windows 11  (10.0.22631) 64bit (Editor)	True	null	null	null	null	null	null	None	0	null	0	0	null	null	null	null	null	
2024/11/23 15:52:54.623	b135e9c82f3b5af8414a656ace8a78c8d45a7834	Windows 11  (10.0.22631) 64bit (Editor)	True	null	null	null	null	null	null	None	0	null	0	0	null	null	null	null	null	
2024/11/23 15:52:54.630	b135e9c82f3b5af8414a656ace8a78c8d45a7834	Windows 11  (10.0.22631) 64bit (Editor)	True	null	null	null	null	null	null	None	0	null	0	0	null	null	null	null	null	
2024/11/23 15:52:54.637	b135e9c82f3b5af8414a656ace8a78c8d45a7834	Windows 11  (10.0.22631) 64bit (Editor)	True	null	null	null	null	null	null	None	0	null	0	0	null	null	null	null	null	
2024/11/23 15:52:54.645	b135e9c82f3b5af8414a656ace8a78c8d45a7834	Windows 11  (10.0.22631) 64bit (Editor)	True	null	null	null	null	null	null	None	0	null	0	0	null	null	null	null	null	
2024/11/23 15:52:54.653	b135e9c82f3b5af8414a656ace8a78c8d45a7834	Windows 11  (10.0.22631) 64bit (Editor)	True	null	null	null	null	null	null	None	0	null	0	0	null	null	null	null	null	
2024/11/23 15:52:54.660	b135e9c82f3b5af8414a656ace8a78c8d45a7834	Windows 11  (10.0.22631) 64bit (Editor)	True	null	null	null	null	null	null	None	0	null	0	0	null	null	null	null	null	
2024/11/23 15:52:54.668	b135e9c82f3b5af8414a656ace8a78c8d45a7834	Windows 11  (10.0.22631) 64bit (Editor)	True	null	null	null	null	null	null	None	0	null	0	0	null	null	null	null	null	
2024/11/23 15:52:54.676	b135e9c82f3b5af8414a656ace8a78c8d45a7834	Windows 11  (10.0.22631) 64bit (Editor)	True	null	null	null	null	null	null	None	0	null	0	0	null	null	null	null	null	
2024/11/23 15:52:54.684	b135e9c82f3b5af8414a656ace8a78c8d45a7834	Windows 11  (10.0.22631) 64bit (Editor)	True	null	null	null	null	null	null	None	0	null	0	0	null	null	null	null	null	
2024/11/23 15:52:54.692	b135e9c82f3b5af8414a656ace8a78c8d45a7834	Windows 11  (10.0.22631) 64bit (Editor)	True	null	null	null	null	null	null	None	0	null	0	0	null	null	null	null	null	
2024/11/23 15:52:54.699	b135e9c82f3b5af8414a656ace8a78c8d45a7834	Windows 11  (10.0.22631) 64bit (Editor)	True	null	null	null	null	null	null	None	0	null	0	0	null	null	null	null	null	
2024/11/23 15:52:54.708	b135e9c82f3b5af8414a656ace8a78c8d45a7834	Windows 11  (10.0.22631) 64bit (Editor)	True	null	null	null	null	null	null	None	0	null	0	0	null	null	null	null	null	
2024/11/23 15:52:54.716	b135e9c82f3b5af8414a656ace8a78c8d45a7834	Windows 11  (10.0.22631) 64bit (Editor)	True	null	null	null	null	null	null	None	0	null	0	0	null	null	null	null	null	
2024/11/23 15:52:54.723	b135e9c82f3b5af8414a656ace8a78c8d45a7834	Windows 11  (10.0.22631) 64bit (Editor)	True	null	null	null	null	null	null	None	0	null	0	0	null	null	null	null	null	
2024/11/23 15:52:54.729	b135e9c82f3b5af8414a656ace8a78c8d45a7834	Windows 11  (10.0.22631) 64bit (Editor)	True	null	null	null	null	null	null	None	0	null	0	0	null	null	null	null	null	
2024/11/23 15:52:54.738	b135e9c82f3b5af8414a656ace8a78c8d45a7834	Windows 11  (10.0.22631) 64bit (Editor)	True	null	null	null	null	null	null	None	0	null	0	0	null	null	null	null	null	
2024/11/23 15:52:54.745	b135e9c82f3b5af8414a656ace8a78c8d45a7834	Windows 11  (10.0.22631) 64bit (Editor)	True	null	null	null	null	null	null	None	0	null	0	0	null	null	null	null	null	
2024/11/23 15:52:54.752	b135e9c82f3b5af8414a656ace8a78c8d45a7834	Windows 11  (10.0.22631) 64bit (Editor)	True	null	null	null	null	null	null	None	0	null	0	0	null	null	null	null	null	
2024/11/23 15:52:54.760	b135e9c82f3b5af8414a656ace8a78c8d45a7834	Windows 11  (10.0.22631) 64bit (Editor)	True	null	null	null	null	null	null	None	0	null	0	0	null	null	null	null	null	
2024/11/23 15:52:54.777	b135e9c82f3b5af8414a656ace8a78c8d45a7834	Windows 11  (10.0.22631) 64bit (Editor)	True	null	null	null	null	null	null	None	0	null	0	0	null	null	null	null	null	
2024/11/23 15:52:54.786	b135e9c82f3b5af8414a656ace8a78c8d45a7834	Windows 11  (10.0.22631) 64bit (Editor)	True	null	null	null	null	null	null	None	0	null	0	0	null	null	null	null	null	
2024/11/23 15:52:54.793	b135e9c82f3b5af8414a656ace8a78c8d45a7834	Windows 11  (10.0.22631) 64bit (Editor)	True	null	null	null	null	null	null	None	0	null	0	0	null	null	null	null	null	
2024/11/23 15:52:54.802	b135e9c82f3b5af8414a656ace8a78c8d45a7834	Windows 11  (10.0.22631) 64bit (Editor)	True	null	null	null	null	null	null	None	0	null	0	0	null	null	null	null	null	
2024/11/23 15:52:54.808	b135e9c82f3b5af8414a656ace8a78c8d45a7834	Windows 11  (10.0.22631) 64bit (Editor)	True	null	null	null	null	null	null	None	0	null	0	0	null	null	null	null	null	
2024/11/23 15:52:54.816	b135e9c82f3b5af8414a656ace8a78c8d45a7834	Windows 11  (10.0.22631) 64bit (Editor)	True	null	null	null	null	null	null	None	0	null	0	0	null	null	null	null	null	
2024/11/23 15:52:54.823	b135e9c82f3b5af8414a656ace8a78c8d45a7834	Windows 11  (10.0.22631) 64bit (Editor)	True	null	null	null	null	null	null	None	0	null	0	0	null	null	null	null	null	
2024/11/23 15:52:54.830	b135e9c82f3b5af8414a656ace8a78c8d45a7834	Windows 11  (10.0.22631) 64bit (Editor)	True	null	null	null	null	null	null	None	0	null	0	0	null	null	null	null	null	
2024/11/23 15:52:54.837	b135e9c82f3b5af8414a656ace8a78c8d45a7834	Windows 11  (10.0.22631) 64bit (Editor)	True	null	null	null	null	null	null	None	0	null	0	0	null	null	null	null	null	
2024/11/23 15:52:54.845	b135e9c82f3b5af8414a656ace8a78c8d45a7834	Windows 11  (10.0.22631) 64bit (Editor)	True	null	null	null	null	null	null	None	0	null	0	0	null	null	null	null	null	
2024/11/23 15:52:54.853	b135e9c82f3b5af8414a656ace8a78c8d45a7834	Windows 11  (10.0.22631) 64bit (Editor)	True	null	null	null	null	null	null	None	0	null	0	0	null	null	null	null	null	
2024/11/23 15:52:54.860	b135e9c82f3b5af8414a656ace8a78c8d45a7834	Windows 11  (10.0.22631) 64bit (Editor)	True	null	null	null	null	null	null	None	0	null	0	0	null	null	null	null	null	
2024/11/23 15:52:54.866	b135e9c82f3b5af8414a656ace8a78c8d45a7834	Windows 11  (10.0.22631) 64bit (Editor)	True	null	null	null	null	null	null	None	0	null	0	0	null	null	null	null	null	
2024/11/23 15:52:54.874	b135e9c82f3b5af8414a656ace8a78c8d45a7834	Windows 11  (10.0.22631) 64bit (Editor)	True	null	null	null	null	null	null	None	0	null	0	0	null	null	null	null	null	
2024/11/23 15:52:54.880	b135e9c82f3b5af8414a656ace8a78c8d45a7834	Windows 11  (10.0.22631) 64bit (Editor)	True	null	null	null	null	null	null	None	0	null	0	0	null	null	null	null	null	
2024/11/23 15:52:54.887	b135e9c82f3b5af8414a656ace8a78c8d45a7834	Windows 11  (10.0.22631) 64bit (Editor)	True	null	null	null	null	null	null	None	0	null	0	0	null	null	null	null	null	
2024/11/23 15:52:54.894	b135e9c82f3b5af8414a656ace8a78c8d45a7834	Windows 11  (10.0.22631) 64bit (Editor)	True	null	null	null	null	null	null	None	0	null	0	0	null	null	null	null	null	
2024/11/23 15:52:54.901	b135e9c82f3b5af8414a656ace8a78c8d45a7834	Windows 11  (10.0.22631) 64bit (Editor)	True	null	null	null	null	null	null	None	0	null	0	0	null	null	null	null	null	
2024/11/23 15:52:54.908	b135e9c82f3b5af8414a656ace8a78c8d45a7834	Windows 11  (10.0.22631) 64bit (Editor)	True	null	null	null	null	null	null	None	0	null	0	0	null	null	null	null	null	
2024/11/23 15:52:54.914	b135e9c82f3b5af8414a656ace8a78c8d45a7834	Windows 11  (10.0.22631) 64bit (Editor)	True	null	null	null	null	null	null	None	0	null	0	0	null	null	null	null	null	
2024/11/23 15:52:54.931	b135e9c82f3b5af8414a656ace8a78c8d45a7834	Windows 11  (10.0.22631) 64bit (Editor)	True	null	null	null	null	null	null	None	0	null	0	0	null	null	null	null	null	
2024/11/23 15:52:54.940	b135e9c82f3b5af8414a656ace8a78c8d45a7834	Windows 11  (10.0.22631) 64bit (Editor)	True	null	null	null	null	null	null	None	0	null	0	0	null	null	null	null	null	
2024/11/23 15:52:54.947	b135e9c82f3b5af8414a656ace8a78c8d45a7834	Windows 11  (10.0.22631) 64bit (Editor)	True	null	null	null	null	null	null	None	0	null	0	0	null	null	null	null	null	
2024/11/23 15:52:54.955	b135e9c82f3b5af8414a656ace8a78c8d45a7834	Windows 11  (10.0.22631) 64bit (Editor)	True	null	null	null	null	null	null	None	0	null	0	0	null	null	null	null	null	
2024/11/23 15:52:54.962	b135e9c82f3b5af8414a656ace8a78c8d45a7834	Windows 11  (10.0.22631) 64bit (Editor)	True	null	null	null	null	null	null	None	0	null	0	0	null	null	null	null	null	
2024/11/23 15:52:54.970	b135e9c82f3b5af8414a656ace8a78c8d45a7834	Windows 11  (10.0.22631) 64bit (Editor)	True	null	null	null	null	null	null	None	0	null	0	0	null	null	null	null	null	
2024/11/23 15:52:54.976	b135e9c82f3b5af8414a656ace8a78c8d45a7834	Windows 11  (10.0.22631) 64bit (Editor)	True	null	null	null	null	null	null	None	0	null	0	0	null	null	null	null	null	
2024/11/23 15:52:54.983	b135e9c82f3b5af8414a656ace8a78c8d45a7834	Windows 11  (10.0.22631) 64bit (Editor)	True	null	null	null	null	null	null	None	0	null	0	0	null	null	null	null	null	
2024/11/23 15:52:54.991	b135e9c82f3b5af8414a656ace8a78c8d45a7834	Windows 11  (10.0.22631) 64bit (Editor)	True	null	null	null	null	null	null	None	0	null	0	0	null	null	null	null	null	
2024/11/23 15:52:54.997	b135e9c82f3b5af8414a656ace8a78c8d45a7834	Windows 11  (10.0.22631) 64bit (Editor)	True	null	null	null	null	null	null	None	0	null	0	0	null	null	null	null	null	
2024/11/23 15:52:55.005	b135e9c82f3b5af8414a656ace8a78c8d45a7834	Windows 11  (10.0.22631) 64bit (Editor)	True	null	null	null	null	null	null	None	0	null	0	0	null	null	null	null	null	
2024/11/23 15:52:55.012	b135e9c82f3b5af8414a656ace8a78c8d45a7834	Windows 11  (10.0.22631) 64bit (Editor)	True	null	null	null	null	null	null	None	0	null	0	0	null	null	null	null	null	
2024/11/23 15:52:55.019	b135e9c82f3b5af8414a656ace8a78c8d45a7834	Windows 11  (10.0.22631) 64bit (Editor)	True	null	null	null	null	null	null	None	0	null	0	0	null	null	null	null	null	
2024/11/23 15:52:55.026	b135e9c82f3b5af8414a656ace8a78c8d45a7834	Windows 11  (10.0.22631) 64bit (Editor)	True	null	null	null	null	null	null	None	0	null	0	0	null	null	null	null	null	
2024/11/23 15:52:55.034	b135e9c82f3b5af8414a656ace8a78c8d45a7834	Windows 11  (10.0.22631) 64bit (Editor)	True	null	null	null	null	null	null	None	0	null	0	0	null	null	null	null	null	
2024/11/23 15:52:55.040	b135e9c82f3b5af8414a656ace8a78c8d45a7834	Windows 11  (10.0.22631) 64bit (Editor)	True	null	null	null	null	null	null	None	0	null	0	0	null	null	null	null	null	
2024/11/23 15:52:55.048	b135e9c82f3b5af8414a656ace8a78c8d45a7834	Windows 11  (10.0.22631) 64bit (Editor)	True	null	null	null	null	null	null	None	0	null	0	0	null	null	null	null	null	
2024/11/23 15:52:55.055	b135e9c82f3b5af8414a656ace8a78c8d45a7834	Windows 11  (10.0.22631) 64bit (Editor)	True	null	null	null	null	null	null	None	0	null	0	0	null	null	null	null	null	
2024/11/23 15:52:55.063	b135e9c82f3b5af8414a656ace8a78c8d45a7834	Windows 11  (10.0.22631) 64bit (Editor)	True	null	null	null	null	null	null	None	0	null	0	0	null	null	null	null	null	
2024/11/23 15:52:55.070	b135e9c82f3b5af8414a656ace8a78c8d45a7834	Windows 11  (10.0.22631) 64bit (Editor)	True	null	null	null	null	null	null	None	0	null	0	0	null	null	null	null	null	
2024/11/23 15:52:55.087	b135e9c82f3b5af8414a656ace8a78c8d45a7834	Windows 11  (10.0.22631) 64bit (Editor)	True	null	null	null	null	null	null	None	0	null	0	0	null	null	null	null	null	
2024/11/23 15:52:55.095	b135e9c82f3b5af8414a656ace8a78c8d45a7834	Windows 11  (10.0.22631) 64bit (Editor)	True	null	null	null	null	null	null	None	0	null	0	0	null	null	null	null	null	
2024/11/23 15:52:55.103	b135e9c82f3b5af8414a656ace8a78c8d45a7834	Windows 11  (10.0.22631) 64bit (Editor)	True	null	null	null	null	null	null	None	0	null	0	0	null	null	null	null	null	
2024/11/23 15:52:55.112	b135e9c82f3b5af8414a656ace8a78c8d45a7834	Windows 11  (10.0.22631) 64bit (Editor)	True	null	null	null	null	null	null	None	0	null	0	0	null	null	null	null	null	
2024/11/23 15:52:55.118	b135e9c82f3b5af8414a656ace8a78c8d45a7834	Windows 11  (10.0.22631) 64bit (Editor)	True	null	null	null	null	null	null	None	0	null	0	0	null	null	null	null	null	
2024/11/23 15:52:55.127	b135e9c82f3b5af8414a656ace8a78c8d45a7834	Windows 11  (10.0.22631) 64bit (Editor)	True	null	null	null	null	null	null	None	0	null	0	0	null	null	null	null	null	
2024/11/23 15:52:55.133	b135e9c82f3b5af8414a656ace8a78c8d45a7834	Windows 11  (10.0.22631) 64bit (Editor)	True	null	null	null	null	null	null	None	0	null	0	0	null	null	null	null	null	
2024/11/23 15:52:55.141	b135e9c82f3b5af8414a656ace8a78c8d45a7834	Windows 11  (10.0.22631) 64bit (Editor)	True	null	null	null	null	null	null	None	0	null	0	0	null	null	null	null	null	
2024/11/23 15:52:55.147	b135e9c82f3b5af8414a656ace8a78c8d45a7834	Windows 11  (10.0.22631) 64bit (Editor)	True	null	null	null	null	null	null	None	0	null	0	0	null	null	null	null	null	
2024/11/23 15:52:55.155	b135e9c82f3b5af8414a656ace8a78c8d45a7834	Windows 11  (10.0.22631) 64bit (Editor)	True	null	null	null	null	null	null	None	0	null	0	0	null	null	null	null	null	
2024/11/23 15:52:55.162	b135e9c82f3b5af8414a656ace8a78c8d45a7834	Windows 11  (10.0.22631) 64bit (Editor)	True	null	null	null	null	null	null	None	0	null	0	0	null	null	null	null	null	
2024/11/23 15:52:55.170	b135e9c82f3b5af8414a656ace8a78c8d45a7834	Windows 11  (10.0.22631) 64bit (Editor)	True	null	null	null	null	null	null	None	0	null	0	0	null	null	null	null	null	
2024/11/23 15:52:55.176	b135e9c82f3b5af8414a656ace8a78c8d45a7834	Windows 11  (10.0.22631) 64bit (Editor)	True	null	null	null	null	null	null	None	0	null	0	0	null	null	null	null	null	
2024/11/23 15:52:55.183	b135e9c82f3b5af8414a656ace8a78c8d45a7834	Windows 11  (10.0.22631) 64bit (Editor)	True	null	null	null	null	null	null	None	0	null	0	0	null	null	null	null	null	
2024/11/23 15:52:55.191	b135e9c82f3b5af8414a656ace8a78c8d45a7834	Windows 11  (10.0.22631) 64bit (Editor)	True	null	null	null	null	null	null	None	0	null	0	0	null	null	null	null	null	
2024/11/23 15:52:55.197	b135e9c82f3b5af8414a656ace8a78c8d45a7834	Windows 11  (10.0.22631) 64bit (Editor)	True	null	null	null	null	null	null	None	0	null	0	0	null	null	null	null	null	
2024/11/23 15:52:55.205	b135e9c82f3b5af8414a656ace8a78c8d45a7834	Windows 11  (10.0.22631) 64bit (Editor)	True	null	null	null	null	null	null	None	0	null	0	0	null	null	null	null	null	
2024/11/23 15:52:55.212	b135e9c82f3b5af8414a656ace8a78c8d45a7834	Windows 11  (10.0.22631) 64bit (Editor)	True	null	null	null	null	null	null	None	0	null	0	0	null	null	null	null	null	
2024/11/23 15:52:55.219	b135e9c82f3b5af8414a656ace8a78c8d45a7834	Windows 11  (10.0.22631) 64bit (Editor)	True	null	null	null	null	null	null	None	0	null	0	0	null	null	null	null	null	
2024/11/23 15:52:55.226	b135e9c82f3b5af8414a656ace8a78c8d45a7834	Windows 11  (10.0.22631) 64bit (Editor)	True	null	null	null	null	null	null	None	0	null	0	0	null	null	null	null	null	
2024/11/23 15:52:55.243	b135e9c82f3b5af8414a656ace8a78c8d45a7834	Windows 11  (10.0.22631) 64bit (Editor)	True	null	null	null	null	null	null	None	0	null	0	0	null	null	null	null	null	
2024/11/23 15:52:55.253	b135e9c82f3b5af8414a656ace8a78c8d45a7834	Windows 11  (10.0.22631) 64bit (Editor)	True	null	null	null	null	null	null	None	0	null	0	0	null	null	null	null	null	
2024/11/23 15:52:55.260	b135e9c82f3b5af8414a656ace8a78c8d45a7834	Windows 11  (10.0.22631) 64bit (Editor)	True	null	null	null	null	null	null	None	0	null	0	0	null	null	null	null	null	
2024/11/23 15:52:55.268	b135e9c82f3b5af8414a656ace8a78c8d45a7834	Windows 11  (10.0.22631) 64bit (Editor)	True	null	null	null	null	null	null	None	0	null	0	0	null	null	null	null	null	
2024/11/23 15:52:55.275	b135e9c82f3b5af8414a656ace8a78c8d45a7834	Windows 11  (10.0.22631) 64bit (Editor)	True	null	null	null	null	null	null	None	0	null	0	0	null	null	null	null	null	
2024/11/23 15:52:55.283	b135e9c82f3b5af8414a656ace8a78c8d45a7834	Windows 11  (10.0.22631) 64bit (Editor)	True	null	null	null	null	null	null	None	0	null	0	0	null	null	null	null	null	
2024/11/23 15:52:55.291	b135e9c82f3b5af8414a656ace8a78c8d45a7834	Windows 11  (10.0.22631) 64bit (Editor)	True	null	null	null	null	null	null	None	0	null	0	0	null	null	null	null	null	
2024/11/23 15:52:55.297	b135e9c82f3b5af8414a656ace8a78c8d45a7834	Windows 11  (10.0.22631) 64bit (Editor)	True	null	null	null	null	null	null	None	0	null	0	0	null	null	null	null	null	
2024/11/23 15:52:55.305	b135e9c82f3b5af8414a656ace8a78c8d45a7834	Windows 11  (10.0.22631) 64bit (Editor)	True	null	null	null	null	null	null	None	0	null	0	0	null	null	null	null	null	
2024/11/23 15:52:55.312	b135e9c82f3b5af8414a656ace8a78c8d45a7834	Windows 11  (10.0.22631) 64bit (Editor)	True	null	null	null	null	null	null	None	0	null	0	0	null	null	null	null	null	
2024/11/23 15:52:55.318	b135e9c82f3b5af8414a656ace8a78c8d45a7834	Windows 11  (10.0.22631) 64bit (Editor)	True	null	null	null	null	null	null	None	0	null	0	0	null	null	null	null	null	
2024/11/23 15:52:55.326	b135e9c82f3b5af8414a656ace8a78c8d45a7834	Windows 11  (10.0.22631) 64bit (Editor)	True	null	null	null	null	null	null	None	0	null	0	0	null	null	null	null	null	
2024/11/23 15:52:55.332	b135e9c82f3b5af8414a656ace8a78c8d45a7834	Windows 11  (10.0.22631) 64bit (Editor)	True	null	null	null	null	null	null	None	0	null	0	0	null	null	null	null	null	
2024/11/23 15:52:55.338	b135e9c82f3b5af8414a656ace8a78c8d45a7834	Windows 11  (10.0.22631) 64bit (Editor)	True	null	null	null	null	null	null	None	0	null	0	0	null	null	null	null	null	
2024/11/23 15:52:55.345	b135e9c82f3b5af8414a656ace8a78c8d45a7834	Windows 11  (10.0.22631) 64bit (Editor)	True	null	null	null	null	null	null	None	0	null	0	0	null	null	null	null	null	
2024/11/23 15:52:55.352	b135e9c82f3b5af8414a656ace8a78c8d45a7834	Windows 11  (10.0.22631) 64bit (Editor)	True	null	null	null	null	null	null	None	0	null	0	0	null	null	null	null	null	
2024/11/23 15:52:55.359	b135e9c82f3b5af8414a656ace8a78c8d45a7834	Windows 11  (10.0.22631) 64bit (Editor)	True	null	null	null	null	null	null	None	0	null	0	0	null	null	null	null	null	
2024/11/23 15:52:55.366	b135e9c82f3b5af8414a656ace8a78c8d45a7834	Windows 11  (10.0.22631) 64bit (Editor)	True	null	null	null	null	null	null	None	0	null	0	0	null	null	null	null	null	
2024/11/23 15:52:55.373	b135e9c82f3b5af8414a656ace8a78c8d45a7834	Windows 11  (10.0.22631) 64bit (Editor)	True	null	null	null	null	null	null	None	0	null	0	0	null	null	null	null	null	
2024/11/23 15:52:55.379	b135e9c82f3b5af8414a656ace8a78c8d45a7834	Windows 11  (10.0.22631) 64bit (Editor)	True	null	null	null	null	null	null	None	0	null	0	0	null	null	null	null	null	
2024/11/23 15:52:55.396	b135e9c82f3b5af8414a656ace8a78c8d45a7834	Windows 11  (10.0.22631) 64bit (Editor)	True	null	null	null	null	null	null	None	0	null	0	0	null	null	null	null	null	
2024/11/23 15:52:55.404	b135e9c82f3b5af8414a656ace8a78c8d45a7834	Windows 11  (10.0.22631) 64bit (Editor)	True	null	null	null	null	null	null	None	0	null	0	0	null	null	null	null	null	
2024/11/23 15:52:55.411	b135e9c82f3b5af8414a656ace8a78c8d45a7834	Windows 11  (10.0.22631) 64bit (Editor)	True	null	null	null	null	null	null	None	0	null	0	0	null	null	null	null	null	
2024/11/23 15:52:55.419	b135e9c82f3b5af8414a656ace8a78c8d45a7834	Windows 11  (10.0.22631) 64bit (Editor)	True	null	null	null	null	null	null	None	0	null	0	0	null	null	null	null	null	
2024/11/23 15:52:55.426	b135e9c82f3b5af8414a656ace8a78c8d45a7834	Windows 11  (10.0.22631) 64bit (Editor)	True	null	null	null	null	null	null	None	0	null	0	0	null	null	null	null	null	
2024/11/23 15:52:55.433	b135e9c82f3b5af8414a656ace8a78c8d45a7834	Windows 11  (10.0.22631) 64bit (Editor)	True	null	null	null	null	null	null	None	0	null	0	0	null	null	null	null	null	
2024/11/23 15:52:55.443	b135e9c82f3b5af8414a656ace8a78c8d45a7834	Windows 11  (10.0.22631) 64bit (Editor)	True	null	null	null	null	null	null	None	0	null	0	0	null	null	null	null	null	
2024/11/23 15:52:55.451	b135e9c82f3b5af8414a656ace8a78c8d45a7834	Windows 11  (10.0.22631) 64bit (Editor)	True	null	null	null	null	null	null	None	0	null	0	0	null	null	null	null	null	
2024/11/23 15:52:55.457	b135e9c82f3b5af8414a656ace8a78c8d45a7834	Windows 11  (10.0.22631) 64bit (Editor)	True	null	null	null	null	null	null	None	0	null	0	0	null	null	null	null	null	
2024/11/23 15:52:55.466	b135e9c82f3b5af8414a656ace8a78c8d45a7834	Windows 11  (10.0.22631) 64bit (Editor)	True	null	null	null	null	null	null	None	0	null	0	0	null	null	null	null	null	
2024/11/23 15:52:55.474	b135e9c82f3b5af8414a656ace8a78c8d45a7834	Windows 11  (10.0.22631) 64bit (Editor)	True	null	null	null	null	null	null	None	0	null	0	0	null	null	null	null	null	
2024/11/23 15:52:55.483	b135e9c82f3b5af8414a656ace8a78c8d45a7834	Windows 11  (10.0.22631) 64bit (Editor)	True	null	null	null	null	null	null	None	0	null	0	0	null	null	null	null	null	
2024/11/23 15:52:55.490	b135e9c82f3b5af8414a656ace8a78c8d45a7834	Windows 11  (10.0.22631) 64bit (Editor)	True	null	null	null	null	null	null	None	0	null	0	0	null	null	null	null	null	
2024/11/23 15:52:55.498	b135e9c82f3b5af8414a656ace8a78c8d45a7834	Windows 11  (10.0.22631) 64bit (Editor)	True	null	null	null	null	null	null	None	0	null	0	0	null	null	null	null	null	
2024/11/23 15:52:55.505	b135e9c82f3b5af8414a656ace8a78c8d45a7834	Windows 11  (10.0.22631) 64bit (Editor)	True	null	null	null	null	null	null	None	0	null	0	0	null	null	null	null	null	
2024/11/23 15:52:55.512	b135e9c82f3b5af8414a656ace8a78c8d45a7834	Windows 11  (10.0.22631) 64bit (Editor)	True	null	null	null	null	null	null	None	0	null	0	0	null	null	null	null	null	
2024/11/23 15:52:55.520	b135e9c82f3b5af8414a656ace8a78c8d45a7834	Windows 11  (10.0.22631) 64bit (Editor)	True	null	null	null	null	null	null	None	0	null	0	0	null	null	null	null	null	
2024/11/23 15:52:55.527	b135e9c82f3b5af8414a656ace8a78c8d45a7834	Windows 11  (10.0.22631) 64bit (Editor)	True	null	null	null	null	null	null	None	0	null	0	0	null	null	null	null	null	
2024/11/23 15:52:55.534	b135e9c82f3b5af8414a656ace8a78c8d45a7834	Windows 11  (10.0.22631) 64bit (Editor)	True	null	null	null	null	null	null	None	0	null	0	0	null	null	null	null	null	
2024/11/23 15:52:55.553	b135e9c82f3b5af8414a656ace8a78c8d45a7834	Windows 11  (10.0.22631) 64bit (Editor)	True	null	null	null	null	null	null	None	0	null	0	0	null	null	null	null	null	
2024/11/23 15:52:55.561	b135e9c82f3b5af8414a656ace8a78c8d45a7834	Windows 11  (10.0.22631) 64bit (Editor)	True	null	null	null	null	null	null	None	0	null	0	0	null	null	null	null	null	
2024/11/23 15:52:55.569	b135e9c82f3b5af8414a656ace8a78c8d45a7834	Windows 11  (10.0.22631) 64bit (Editor)	True	null	null	null	null	null	null	None	0	null	0	0	null	null	null	null	null	
2024/11/23 15:52:55.577	b135e9c82f3b5af8414a656ace8a78c8d45a7834	Windows 11  (10.0.22631) 64bit (Editor)	True	null	null	null	null	null	null	None	0	null	0	0	null	null	null	null	null	
2024/11/23 15:52:55.584	b135e9c82f3b5af8414a656ace8a78c8d45a7834	Windows 11  (10.0.22631) 64bit (Editor)	True	null	null	null	null	null	null	None	0	null	0	0	null	null	null	null	null	
2024/11/23 15:52:55.592	b135e9c82f3b5af8414a656ace8a78c8d45a7834	Windows 11  (10.0.22631) 64bit (Editor)	True	null	null	null	null	null	null	None	0	null	0	0	null	null	null	null	null	
2024/11/23 15:52:55.598	b135e9c82f3b5af8414a656ace8a78c8d45a7834	Windows 11  (10.0.22631) 64bit (Editor)	True	null	null	null	null	null	null	None	0	null	0	0	null	null	null	null	null	
2024/11/23 15:52:55.607	b135e9c82f3b5af8414a656ace8a78c8d45a7834	Windows 11  (10.0.22631) 64bit (Editor)	True	null	null	null	null	null	null	None	0	null	0	0	null	null	null	null	null	
2024/11/23 15:52:55.614	b135e9c82f3b5af8414a656ace8a78c8d45a7834	Windows 11  (10.0.22631) 64bit (Editor)	True	null	null	null	null	null	null	None	0	null	0	0	null	null	null	null	null	
2024/11/23 15:52:55.623	b135e9c82f3b5af8414a656ace8a78c8d45a7834	Windows 11  (10.0.22631) 64bit (Editor)	True	null	null	null	null	null	null	None	0	null	0	0	null	null	null	null	null	
2024/11/23 15:52:55.630	b135e9c82f3b5af8414a656ace8a78c8d45a7834	Windows 11  (10.0.22631) 64bit (Editor)	True	null	null	null	null	null	null	None	0	null	0	0	null	null	null	null	null	
2024/11/23 15:52:55.637	b135e9c82f3b5af8414a656ace8a78c8d45a7834	Windows 11  (10.0.22631) 64bit (Editor)	True	null	null	null	null	null	null	None	0	null	0	0	null	null	null	null	null	
2024/11/23 15:52:55.645	b135e9c82f3b5af8414a656ace8a78c8d45a7834	Windows 11  (10.0.22631) 64bit (Editor)	True	null	null	null	null	null	null	None	0	null	0	0	null	null	null	null	null	
2024/11/23 15:52:55.652	b135e9c82f3b5af8414a656ace8a78c8d45a7834	Windows 11  (10.0.22631) 64bit (Editor)	True	null	null	null	null	null	null	None	0	null	0	0	null	null	null	null	null	
2024/11/23 15:52:55.658	b135e9c82f3b5af8414a656ace8a78c8d45a7834	Windows 11  (10.0.22631) 64bit (Editor)	True	null	null	null	null	null	null	None	0	null	0	0	null	null	null	null	null	
2024/11/23 15:52:55.665	b135e9c82f3b5af8414a656ace8a78c8d45a7834	Windows 11  (10.0.22631) 64bit (Editor)	True	null	null	null	null	null	null	None	0	null	0	0	null	null	null	null	null	
2024/11/23 15:52:55.673	b135e9c82f3b5af8414a656ace8a78c8d45a7834	Windows 11  (10.0.22631) 64bit (Editor)	True	null	null	null	null	null	null	None	0	null	0	0	null	null	null	null	null	
2024/11/23 15:52:55.678	b135e9c82f3b5af8414a656ace8a78c8d45a7834	Windows 11  (10.0.22631) 64bit (Editor)	True	null	null	null	null	null	null	None	0	null	0	0	null	null	null	null	null	
2024/11/23 15:52:55.686	b135e9c82f3b5af8414a656ace8a78c8d45a7834	Windows 11  (10.0.22631) 64bit (Editor)	True	null	null	null	null	null	null	None	0	null	0	0	null	null	null	null	null	
2024/11/23 15:52:55.704	b135e9c82f3b5af8414a656ace8a78c8d45a7834	Windows 11  (10.0.22631) 64bit (Editor)	True	null	null	null	null	null	null	None	0	null	0	0	null	null	null	null	null	
2024/11/23 15:52:55.710	b135e9c82f3b5af8414a656ace8a78c8d45a7834	Windows 11  (10.0.22631) 64bit (Editor)	True	null	null	null	null	null	null	None	0	null	0	0	null	null	null	null	null	
2024/11/23 15:52:55.718	b135e9c82f3b5af8414a656ace8a78c8d45a7834	Windows 11  (10.0.22631) 64bit (Editor)	True	null	null	null	null	null	null	None	0	null	0	0	null	null	null	null	null	
2024/11/23 15:52:55.725	b135e9c82f3b5af8414a656ace8a78c8d45a7834	Windows 11  (10.0.22631) 64bit (Editor)	True	null	null	null	null	null	null	None	0	null	0	0	null	null	null	null	null	
2024/11/23 15:52:55.733	b135e9c82f3b5af8414a656ace8a78c8d45a7834	Windows 11  (10.0.22631) 64bit (Editor)	True	null	null	null	null	null	null	None	0	null	0	0	null	null	null	null	null	
2024/11/23 15:52:55.739	b135e9c82f3b5af8414a656ace8a78c8d45a7834	Windows 11  (10.0.22631) 64bit (Editor)	True	null	null	null	null	null	null	None	0	null	0	0	null	null	null	null	null	
2024/11/23 15:52:55.746	b135e9c82f3b5af8414a656ace8a78c8d45a7834	Windows 11  (10.0.22631) 64bit (Editor)	True	null	null	null	null	null	null	None	0	null	0	0	null	null	null	null	null	
2024/11/23 15:52:55.753	b135e9c82f3b5af8414a656ace8a78c8d45a7834	Windows 11  (10.0.22631) 64bit (Editor)	True	null	null	null	null	null	null	None	0	null	0	0	null	null	null	null	null	
2024/11/23 15:52:55.760	b135e9c82f3b5af8414a656ace8a78c8d45a7834	Windows 11  (10.0.22631) 64bit (Editor)	True	null	null	null	null	null	null	None	0	null	0	0	null	null	null	null	null	
2024/11/23 15:52:55.768	b135e9c82f3b5af8414a656ace8a78c8d45a7834	Windows 11  (10.0.22631) 64bit (Editor)	True	null	null	null	null	null	null	None	0	null	0	0	null	null	null	null	null	
2024/11/23 15:52:55.776	b135e9c82f3b5af8414a656ace8a78c8d45a7834	Windows 11  (10.0.22631) 64bit (Editor)	True	null	null	null	null	null	null	None	0	null	0	0	null	null	null	null	null	
2024/11/23 15:52:55.783	b135e9c82f3b5af8414a656ace8a78c8d45a7834	Windows 11  (10.0.22631) 64bit (Editor)	True	null	null	null	null	null	null	None	0	null	0	0	null	null	null	null	null	
2024/11/23 15:52:55.793	b135e9c82f3b5af8414a656ace8a78c8d45a7834	Windows 11  (10.0.22631) 64bit (Editor)	True	null	null	null	null	null	null	None	0	null	0	0	null	null	null	null	null	
2024/11/23 15:52:55.800	b135e9c82f3b5af8414a656ace8a78c8d45a7834	Windows 11  (10.0.22631) 64bit (Editor)	True	null	null	null	null	null	null	None	0	null	0	0	null	null	null	null	null	
2024/11/23 15:52:55.810	b135e9c82f3b5af8414a656ace8a78c8d45a7834	Windows 11  (10.0.22631) 64bit (Editor)	True	null	null	null	null	null	null	None	0	null	0	0	null	null	null	null	null	
2024/11/23 15:52:55.817	b135e9c82f3b5af8414a656ace8a78c8d45a7834	Windows 11  (10.0.22631) 64bit (Editor)	True	null	null	null	null	null	null	None	0	null	0	0	null	null	null	null	null	
2024/11/23 15:52:55.824	b135e9c82f3b5af8414a656ace8a78c8d45a7834	Windows 11  (10.0.22631) 64bit (Editor)	True	null	null	null	null	null	null	None	0	null	0	0	null	null	null	null	null	
2024/11/23 15:52:55.831	b135e9c82f3b5af8414a656ace8a78c8d45a7834	Windows 11  (10.0.22631) 64bit (Editor)	True	null	null	null	null	null	null	None	0	null	0	0	null	null	null	null	null	
2024/11/23 15:52:55.839	b135e9c82f3b5af8414a656ace8a78c8d45a7834	Windows 11  (10.0.22631) 64bit (Editor)	True	null	null	null	null	null	null	None	0	null	0	0	null	null	null	null	null	
2024/11/23 15:52:55.856	b135e9c82f3b5af8414a656ace8a78c8d45a7834	Windows 11  (10.0.22631) 64bit (Editor)	True	null	null	null	null	null	null	None	0	null	0	0	null	null	null	null	null	
2024/11/23 15:52:55.864	b135e9c82f3b5af8414a656ace8a78c8d45a7834	Windows 11  (10.0.22631) 64bit (Editor)	True	null	null	null	null	null	null	None	0	null	0	0	null	null	null	null	null	
2024/11/23 15:52:55.872	b135e9c82f3b5af8414a656ace8a78c8d45a7834	Windows 11  (10.0.22631) 64bit (Editor)	True	null	null	null	null	null	null	None	0	null	0	0	null	null	null	null	null	
2024/11/23 15:52:55.878	b135e9c82f3b5af8414a656ace8a78c8d45a7834	Windows 11  (10.0.22631) 64bit (Editor)	True	null	null	null	null	null	null	None	0	null	0	0	null	null	null	null	null	
2024/11/23 15:52:55.887	b135e9c82f3b5af8414a656ace8a78c8d45a7834	Windows 11  (10.0.22631) 64bit (Editor)	True	null	null	null	null	null	null	None	0	null	0	0	null	null	null	null	null	
2024/11/23 15:52:55.893	b135e9c82f3b5af8414a656ace8a78c8d45a7834	Windows 11  (10.0.22631) 64bit (Editor)	True	null	null	null	null	null	null	None	0	null	0	0	null	null	null	null	null	
2024/11/23 15:52:55.900	b135e9c82f3b5af8414a656ace8a78c8d45a7834	Windows 11  (10.0.22631) 64bit (Editor)	True	null	null	null	null	null	null	None	0	null	0	0	null	null	null	null	null	
2024/11/23 15:52:55.907	b135e9c82f3b5af8414a656ace8a78c8d45a7834	Windows 11  (10.0.22631) 64bit (Editor)	True	null	null	null	null	null	null	None	0	null	0	0	null	null	null	null	null	
2024/11/23 15:52:55.914	b135e9c82f3b5af8414a656ace8a78c8d45a7834	Windows 11  (10.0.22631) 64bit (Editor)	True	null	null	null	null	null	null	None	0	null	0	0	null	null	null	null	null	
2024/11/23 15:52:55.922	b135e9c82f3b5af8414a656ace8a78c8d45a7834	Windows 11  (10.0.22631) 64bit (Editor)	True	null	null	null	null	null	null	None	0	null	0	0	null	null	null	null	null	
2024/11/23 15:52:55.928	b135e9c82f3b5af8414a656ace8a78c8d45a7834	Windows 11  (10.0.22631) 64bit (Editor)	True	null	null	null	null	null	null	None	0	null	0	0	null	null	null	null	null	
2024/11/23 15:52:55.935	b135e9c82f3b5af8414a656ace8a78c8d45a7834	Windows 11  (10.0.22631) 64bit (Editor)	True	null	null	null	null	null	null	None	0	null	0	0	null	null	null	null	null	
2024/11/23 15:52:55.943	b135e9c82f3b5af8414a656ace8a78c8d45a7834	Windows 11  (10.0.22631) 64bit (Editor)	True	null	null	null	null	null	null	None	0	null	0	0	null	null	null	null	null	
2024/11/23 15:52:55.950	b135e9c82f3b5af8414a656ace8a78c8d45a7834	Windows 11  (10.0.22631) 64bit (Editor)	True	null	null	null	null	null	null	None	0	null	0	0	null	null	null	null	null	
2024/11/23 15:52:55.957	b135e9c82f3b5af8414a656ace8a78c8d45a7834	Windows 11  (10.0.22631) 64bit (Editor)	True	null	null	null	null	null	null	None	0	null	0	0	null	null	null	null	null	
2024/11/23 15:52:55.965	b135e9c82f3b5af8414a656ace8a78c8d45a7834	Windows 11  (10.0.22631) 64bit (Editor)	True	null	null	null	null	null	null	None	0	null	0	0	null	null	null	null	null	
2024/11/23 15:52:55.972	b135e9c82f3b5af8414a656ace8a78c8d45a7834	Windows 11  (10.0.22631) 64bit (Editor)	True	null	null	null	null	null	null	None	0	null	0	0	null	null	null	null	null	
2024/11/23 15:52:55.980	b135e9c82f3b5af8414a656ace8a78c8d45a7834	Windows 11  (10.0.22631) 64bit (Editor)	True	null	null	null	null	null	null	None	0	null	0	0	null	null	null	null	null	
2024/11/23 15:52:55.988	b135e9c82f3b5af8414a656ace8a78c8d45a7834	Windows 11  (10.0.22631) 64bit (Editor)	True	null	null	null	null	null	null	None	0	null	0	0	null	null	null	null	null	
2024/11/23 15:52:55.999	b135e9c82f3b5af8414a656ace8a78c8d45a7834	Windows 11  (10.0.22631) 64bit (Editor)	True	null	null	null	null	null	null	None	0	null	0	0	null	null	null	null	null	
2024/11/23 15:52:56.016	b135e9c82f3b5af8414a656ace8a78c8d45a7834	Windows 11  (10.0.22631) 64bit (Editor)	True	null	null	null	null	null	null	None	0	null	0	0	null	null	null	null	null	
2024/11/23 15:52:56.026	b135e9c82f3b5af8414a656ace8a78c8d45a7834	Windows 11  (10.0.22631) 64bit (Editor)	True	null	null	null	null	null	null	None	0	null	0	0	null	null	null	null	null	
2024/11/23 15:52:56.032	b135e9c82f3b5af8414a656ace8a78c8d45a7834	Windows 11  (10.0.22631) 64bit (Editor)	True	null	null	null	null	null	null	None	0	null	0	0	null	null	null	null	null	
2024/11/23 15:52:56.041	b135e9c82f3b5af8414a656ace8a78c8d45a7834	Windows 11  (10.0.22631) 64bit (Editor)	True	null	null	null	null	null	null	None	0	null	0	0	null	null	null	null	null	
2024/11/23 15:52:56.047	b135e9c82f3b5af8414a656ace8a78c8d45a7834	Windows 11  (10.0.22631) 64bit (Editor)	True	null	null	null	null	null	null	None	0	null	0	0	null	null	null	null	null	
2024/11/23 15:52:56.055	b135e9c82f3b5af8414a656ace8a78c8d45a7834	Windows 11  (10.0.22631) 64bit (Editor)	True	null	null	null	null	null	null	None	0	null	0	0	null	null	null	null	null	
2024/11/23 15:52:56.062	b135e9c82f3b5af8414a656ace8a78c8d45a7834	Windows 11  (10.0.22631) 64bit (Editor)	True	null	null	null	null	null	null	None	0	null	0	0	null	null	null	null	null	
2024/11/23 15:52:56.068	b135e9c82f3b5af8414a656ace8a78c8d45a7834	Windows 11  (10.0.22631) 64bit (Editor)	True	null	null	null	null	null	null	None	0	null	0	0	null	null	null	null	null	
2024/11/23 15:52:56.075	b135e9c82f3b5af8414a656ace8a78c8d45a7834	Windows 11  (10.0.22631) 64bit (Editor)	True	null	null	null	null	null	null	None	0	null	0	0	null	null	null	null	null	
2024/11/23 15:52:56.082	b135e9c82f3b5af8414a656ace8a78c8d45a7834	Windows 11  (10.0.22631) 64bit (Editor)	True	null	null	null	null	null	null	None	0	null	0	0	null	null	null	null	null	
2024/11/23 15:52:56.088	b135e9c82f3b5af8414a656ace8a78c8d45a7834	Windows 11  (10.0.22631) 64bit (Editor)	True	null	null	null	null	null	null	None	0	null	0	0	null	null	null	null	null	
2024/11/23 15:52:56.095	b135e9c82f3b5af8414a656ace8a78c8d45a7834	Windows 11  (10.0.22631) 64bit (Editor)	True	null	null	null	null	null	null	None	0	null	0	0	null	null	null	null	null	
2024/11/23 15:52:56.103	b135e9c82f3b5af8414a656ace8a78c8d45a7834	Windows 11  (10.0.22631) 64bit (Editor)	True	null	null	null	null	null	null	None	0	null	0	0	null	null	null	null	null	
2024/11/23 15:52:56.109	b135e9c82f3b5af8414a656ace8a78c8d45a7834	Windows 11  (10.0.22631) 64bit (Editor)	True	null	null	null	null	null	null	None	0	null	0	0	null	null	null	null	null	
2024/11/23 15:52:56.117	b135e9c82f3b5af8414a656ace8a78c8d45a7834	Windows 11  (10.0.22631) 64bit (Editor)	True	null	null	null	null	null	null	None	0	null	0	0	null	null	null	null	null	
2024/11/23 15:52:56.124	b135e9c82f3b5af8414a656ace8a78c8d45a7834	Windows 11  (10.0.22631) 64bit (Editor)	True	null	null	null	null	null	null	None	0	null	0	0	null	null	null	null	null	
2024/11/23 15:52:56.129	b135e9c82f3b5af8414a656ace8a78c8d45a7834	Windows 11  (10.0.22631) 64bit (Editor)	True	null	null	null	null	null	null	None	0	null	0	0	null	null	null	null	null	
2024/11/23 15:52:56.137	b135e9c82f3b5af8414a656ace8a78c8d45a7834	Windows 11  (10.0.22631) 64bit (Editor)	True	null	null	null	null	null	null	None	0	null	0	0	null	null	null	null	null	
2024/11/23 15:52:56.144	b135e9c82f3b5af8414a656ace8a78c8d45a7834	Windows 11  (10.0.22631) 64bit (Editor)	True	null	null	null	null	null	null	None	0	null	0	0	null	null	null	null	null	
2024/11/23 15:52:56.151	b135e9c82f3b5af8414a656ace8a78c8d45a7834	Windows 11  (10.0.22631) 64bit (Editor)	True	null	null	null	null	null	null	None	0	null	0	0	null	null	null	null	null	
2024/11/23 15:52:56.168	b135e9c82f3b5af8414a656ace8a78c8d45a7834	Windows 11  (10.0.22631) 64bit (Editor)	True	null	null	null	null	null	null	None	0	null	0	0	null	null	null	null	null	
2024/11/23 15:52:56.175	b135e9c82f3b5af8414a656ace8a78c8d45a7834	Windows 11  (10.0.22631) 64bit (Editor)	True	null	null	null	null	null	null	None	0	null	0	0	null	null	null	null	null	
2024/11/23 15:52:56.183	b135e9c82f3b5af8414a656ace8a78c8d45a7834	Windows 11  (10.0.22631) 64bit (Editor)	True	null	null	null	null	null	null	None	0	null	0	0	null	null	null	null	null	
2024/11/23 15:52:56.190	b135e9c82f3b5af8414a656ace8a78c8d45a7834	Windows 11  (10.0.22631) 64bit (Editor)	True	null	null	null	null	null	null	None	0	null	0	0	null	null	null	null	null	
2024/11/23 15:52:56.197	b135e9c82f3b5af8414a656ace8a78c8d45a7834	Windows 11  (10.0.22631) 64bit (Editor)	True	null	null	null	null	null	null	None	0	null	0	0	null	null	null	null	null	
2024/11/23 15:52:56.204	b135e9c82f3b5af8414a656ace8a78c8d45a7834	Windows 11  (10.0.22631) 64bit (Editor)	True	null	null	null	null	null	null	None	0	null	0	0	null	null	null	null	null	
2024/11/23 15:52:56.211	b135e9c82f3b5af8414a656ace8a78c8d45a7834	Windows 11  (10.0.22631) 64bit (Editor)	True	null	null	null	null	null	null	None	0	null	0	0	null	null	null	null	null	
2024/11/23 15:52:56.218	b135e9c82f3b5af8414a656ace8a78c8d45a7834	Windows 11  (10.0.22631) 64bit (Editor)	True	null	null	null	null	null	null	None	0	null	0	0	null	null	null	null	null	
2024/11/23 15:52:56.226	b135e9c82f3b5af8414a656ace8a78c8d45a7834	Windows 11  (10.0.22631) 64bit (Editor)	True	null	null	null	null	null	null	None	0	null	0	0	null	null	null	null	null	
2024/11/23 15:52:56.232	b135e9c82f3b5af8414a656ace8a78c8d45a7834	Windows 11  (10.0.22631) 64bit (Editor)	True	null	null	null	null	null	null	None	0	null	0	0	null	null	null	null	null	
2024/11/23 15:52:56.238	b135e9c82f3b5af8414a656ace8a78c8d45a7834	Windows 11  (10.0.22631) 64bit (Editor)	True	null	null	null	null	null	null	None	0	null	0	0	null	null	null	null	null	
2024/11/23 15:52:56.246	b135e9c82f3b5af8414a656ace8a78c8d45a7834	Windows 11  (10.0.22631) 64bit (Editor)	True	null	null	null	null	null	null	None	0	null	0	0	null	null	null	null	null	
2024/11/23 15:52:56.253	b135e9c82f3b5af8414a656ace8a78c8d45a7834	Windows 11  (10.0.22631) 64bit (Editor)	True	null	null	null	null	null	null	None	0	null	0	0	null	null	null	null	null	
2024/11/23 15:52:56.260	b135e9c82f3b5af8414a656ace8a78c8d45a7834	Windows 11  (10.0.22631) 64bit (Editor)	True	null	null	null	null	null	null	None	0	null	0	0	null	null	null	null	null	
2024/11/23 15:52:56.267	b135e9c82f3b5af8414a656ace8a78c8d45a7834	Windows 11  (10.0.22631) 64bit (Editor)	True	null	null	null	null	null	null	None	0	null	0	0	null	null	null	null	null	
2024/11/23 15:52:56.274	b135e9c82f3b5af8414a656ace8a78c8d45a7834	Windows 11  (10.0.22631) 64bit (Editor)	True	null	null	null	null	null	null	None	0	null	0	0	null	null	null	null	null	
2024/11/23 15:52:56.282	b135e9c82f3b5af8414a656ace8a78c8d45a7834	Windows 11  (10.0.22631) 64bit (Editor)	True	null	null	null	null	null	null	None	0	null	0	0	null	null	null	null	null	
2024/11/23 15:52:56.288	b135e9c82f3b5af8414a656ace8a78c8d45a7834	Windows 11  (10.0.22631) 64bit (Editor)	True	null	null	null	null	null	null	None	0	null	0	0	null	null	null	null	null	
2024/11/23 15:52:56.296	b135e9c82f3b5af8414a656ace8a78c8d45a7834	Windows 11  (10.0.22631) 64bit (Editor)	True	null	null	null	null	null	null	None	0	null	0	0	null	null	null	null	null	
2024/11/23 15:52:56.304	b135e9c82f3b5af8414a656ace8a78c8d45a7834	Windows 11  (10.0.22631) 64bit (Editor)	True	null	null	null	null	null	null	None	0	null	0	0	null	null	null	null	null	
2024/11/23 15:52:56.322	b135e9c82f3b5af8414a656ace8a78c8d45a7834	Windows 11  (10.0.22631) 64bit (Editor)	True	null	null	null	null	null	null	None	0	null	0	0	null	null	null	null	null	
2024/11/23 15:52:56.329	b135e9c82f3b5af8414a656ace8a78c8d45a7834	Windows 11  (10.0.22631) 64bit (Editor)	True	null	null	null	null	null	null	None	0	null	0	0	null	null	null	null	null	
2024/11/23 15:52:56.337	b135e9c82f3b5af8414a656ace8a78c8d45a7834	Windows 11  (10.0.22631) 64bit (Editor)	True	null	null	null	null	null	null	None	0	null	0	0	null	null	null	null	null	
2024/11/23 15:52:56.343	b135e9c82f3b5af8414a656ace8a78c8d45a7834	Windows 11  (10.0.22631) 64bit (Editor)	True	null	null	null	null	null	null	None	0	null	0	0	null	null	null	null	null	
2024/11/23 15:52:56.351	b135e9c82f3b5af8414a656ace8a78c8d45a7834	Windows 11  (10.0.22631) 64bit (Editor)	True	null	null	null	null	null	null	None	0	null	0	0	null	null	null	null	null	
2024/11/23 15:52:56.357	b135e9c82f3b5af8414a656ace8a78c8d45a7834	Windows 11  (10.0.22631) 64bit (Editor)	True	null	null	null	null	null	null	None	0	null	0	0	null	null	null	null	null	
2024/11/23 15:52:56.364	b135e9c82f3b5af8414a656ace8a78c8d45a7834	Windows 11  (10.0.22631) 64bit (Editor)	True	null	null	null	null	null	null	None	0	null	0	0	null	null	null	null	null	
2024/11/23 15:52:56.373	b135e9c82f3b5af8414a656ace8a78c8d45a7834	Windows 11  (10.0.22631) 64bit (Editor)	True	null	null	null	null	null	null	None	0	null	0	0	null	null	null	null	null	
2024/11/23 15:52:56.378	b135e9c82f3b5af8414a656ace8a78c8d45a7834	Windows 11  (10.0.22631) 64bit (Editor)	True	null	null	null	null	null	null	None	0	null	0	0	null	null	null	null	null	
2024/11/23 15:52:56.386	b135e9c82f3b5af8414a656ace8a78c8d45a7834	Windows 11  (10.0.22631) 64bit (Editor)	True	null	null	null	null	null	null	None	0	null	0	0	null	null	null	null	null	
2024/11/23 15:52:56.394	b135e9c82f3b5af8414a656ace8a78c8d45a7834	Windows 11  (10.0.22631) 64bit (Editor)	True	null	null	null	null	null	null	None	0	null	0	0	null	null	null	null	null	
2024/11/23 15:52:56.408	b135e9c82f3b5af8414a656ace8a78c8d45a7834	Windows 11  (10.0.22631) 64bit (Editor)	True	null	null	null	null	null	null	None	0	null	0	0	null	null	null	null	null	
2024/11/23 15:52:56.417	b135e9c82f3b5af8414a656ace8a78c8d45a7834	Windows 11  (10.0.22631) 64bit (Editor)	True	null	null	null	null	null	null	None	0	null	0	0	null	null	null	null	null	
2024/11/23 15:52:56.425	b135e9c82f3b5af8414a656ace8a78c8d45a7834	Windows 11  (10.0.22631) 64bit (Editor)	True	null	null	null	null	null	null	None	0	null	0	0	null	null	null	null	null	
2024/11/23 15:52:56.434	b135e9c82f3b5af8414a656ace8a78c8d45a7834	Windows 11  (10.0.22631) 64bit (Editor)	True	null	null	null	null	null	null	None	0	null	0	0	null	null	null	null	null	
2024/11/23 15:52:56.441	b135e9c82f3b5af8414a656ace8a78c8d45a7834	Windows 11  (10.0.22631) 64bit (Editor)	True	null	null	null	null	null	null	None	0	null	0	0	null	null	null	null	null	
2024/11/23 15:52:56.448	b135e9c82f3b5af8414a656ace8a78c8d45a7834	Windows 11  (10.0.22631) 64bit (Editor)	True	null	null	null	null	null	null	None	0	null	0	0	null	null	null	null	null	
2024/11/23 15:52:56.455	b135e9c82f3b5af8414a656ace8a78c8d45a7834	Windows 11  (10.0.22631) 64bit (Editor)	True	null	null	null	null	null	null	None	0	null	0	0	null	null	null	null	null	
2024/11/23 15:52:56.473	b135e9c82f3b5af8414a656ace8a78c8d45a7834	Windows 11  (10.0.22631) 64bit (Editor)	True	null	null	null	null	null	null	None	0	null	0	0	null	null	null	null	null	
2024/11/23 15:52:56.480	b135e9c82f3b5af8414a656ace8a78c8d45a7834	Windows 11  (10.0.22631) 64bit (Editor)	True	null	null	null	null	null	null	None	0	null	0	0	null	null	null	null	null	
2024/11/23 15:52:56.493	b135e9c82f3b5af8414a656ace8a78c8d45a7834	Windows 11  (10.0.22631) 64bit (Editor)	True	null	null	null	null	null	null	None	0	null	0	0	null	null	null	null	null	
2024/11/23 15:52:56.500	b135e9c82f3b5af8414a656ace8a78c8d45a7834	Windows 11  (10.0.22631) 64bit (Editor)	True	null	null	null	null	null	null	None	0	null	0	0	null	null	null	null	null	
2024/11/23 15:52:56.507	b135e9c82f3b5af8414a656ace8a78c8d45a7834	Windows 11  (10.0.22631) 64bit (Editor)	True	null	null	null	null	null	null	None	0	null	0	0	null	null	null	null	null	
2024/11/23 15:52:56.514	b135e9c82f3b5af8414a656ace8a78c8d45a7834	Windows 11  (10.0.22631) 64bit (Editor)	True	null	null	null	null	null	null	None	0	null	0	0	null	null	null	null	null	
2024/11/23 15:52:56.520	b135e9c82f3b5af8414a656ace8a78c8d45a7834	Windows 11  (10.0.22631) 64bit (Editor)	True	null	null	null	null	null	null	None	0	null	0	0	null	null	null	null	null	
2024/11/23 15:52:56.527	b135e9c82f3b5af8414a656ace8a78c8d45a7834	Windows 11  (10.0.22631) 64bit (Editor)	True	null	null	null	null	null	null	None	0	null	0	0	null	null	null	null	null	
2024/11/23 15:52:56.534	b135e9c82f3b5af8414a656ace8a78c8d45a7834	Windows 11  (10.0.22631) 64bit (Editor)	True	null	null	null	null	null	null	None	0	null	0	0	null	null	null	null	null	
2024/11/23 15:52:56.545	b135e9c82f3b5af8414a656ace8a78c8d45a7834	Windows 11  (10.0.22631) 64bit (Editor)	True	null	null	null	null	null	null	None	0	null	0	0	null	null	null	null	null	
2024/11/23 15:52:56.554	b135e9c82f3b5af8414a656ace8a78c8d45a7834	Windows 11  (10.0.22631) 64bit (Editor)	True	null	null	null	null	null	null	None	0	null	0	0	null	null	null	null	null	
2024/11/23 15:52:56.560	b135e9c82f3b5af8414a656ace8a78c8d45a7834	Windows 11  (10.0.22631) 64bit (Editor)	True	null	null	null	null	null	null	None	0	null	0	0	null	null	null	null	null	
2024/11/23 15:52:56.567	b135e9c82f3b5af8414a656ace8a78c8d45a7834	Windows 11  (10.0.22631) 64bit (Editor)	True	null	null	null	null	null	null	None	0	null	0	0	null	null	null	null	null	
2024/11/23 15:52:56.574	b135e9c82f3b5af8414a656ace8a78c8d45a7834	Windows 11  (10.0.22631) 64bit (Editor)	True	null	null	null	null	null	null	None	0	null	0	0	null	null	null	null	null	
2024/11/23 15:52:56.581	b135e9c82f3b5af8414a656ace8a78c8d45a7834	Windows 11  (10.0.22631) 64bit (Editor)	True	null	null	null	null	null	null	None	0	null	0	0	null	null	null	null	null	
2024/11/23 15:52:56.588	b135e9c82f3b5af8414a656ace8a78c8d45a7834	Windows 11  (10.0.22631) 64bit (Editor)	True	null	null	null	null	null	null	None	0	null	0	0	null	null	null	null	null	
2024/11/23 15:52:56.594	b135e9c82f3b5af8414a656ace8a78c8d45a7834	Windows 11  (10.0.22631) 64bit (Editor)	True	null	null	null	null	null	null	None	0	null	0	0	null	null	null	null	null	
2024/11/23 15:52:56.602	b135e9c82f3b5af8414a656ace8a78c8d45a7834	Windows 11  (10.0.22631) 64bit (Editor)	True	null	null	null	null	null	null	None	0	null	0	0	null	null	null	null	null	
2024/11/23 15:52:56.607	b135e9c82f3b5af8414a656ace8a78c8d45a7834	Windows 11  (10.0.22631) 64bit (Editor)	True	null	null	null	null	null	null	None	0	null	0	0	null	null	null	null	null	
2024/11/23 15:52:56.624	b135e9c82f3b5af8414a656ace8a78c8d45a7834	Windows 11  (10.0.22631) 64bit (Editor)	True	null	null	null	null	null	null	None	0	null	0	0	null	null	null	null	null	
2024/11/23 15:52:56.632	b135e9c82f3b5af8414a656ace8a78c8d45a7834	Windows 11  (10.0.22631) 64bit (Editor)	True	null	null	null	null	null	null	None	0	null	0	0	null	null	null	null	null	
2024/11/23 15:52:56.639	b135e9c82f3b5af8414a656ace8a78c8d45a7834	Windows 11  (10.0.22631) 64bit (Editor)	True	null	null	null	null	null	null	None	0	null	0	0	null	null	null	null	null	
2024/11/23 15:52:56.646	b135e9c82f3b5af8414a656ace8a78c8d45a7834	Windows 11  (10.0.22631) 64bit (Editor)	True	null	null	null	null	null	null	None	0	null	0	0	null	null	null	null	null	
2024/11/23 15:52:56.655	b135e9c82f3b5af8414a656ace8a78c8d45a7834	Windows 11  (10.0.22631) 64bit (Editor)	True	null	null	null	null	null	null	None	0	null	0	0	null	null	null	null	null	
2024/11/23 15:52:56.661	b135e9c82f3b5af8414a656ace8a78c8d45a7834	Windows 11  (10.0.22631) 64bit (Editor)	True	null	null	null	null	null	null	None	0	null	0	0	null	null	null	null	null	
2024/11/23 15:52:56.668	b135e9c82f3b5af8414a656ace8a78c8d45a7834	Windows 11  (10.0.22631) 64bit (Editor)	True	null	null	null	null	null	null	None	0	null	0	0	null	null	null	null	null	
2024/11/23 15:52:56.675	b135e9c82f3b5af8414a656ace8a78c8d45a7834	Windows 11  (10.0.22631) 64bit (Editor)	True	null	null	null	null	null	null	None	0	null	0	0	null	null	null	null	null	
2024/11/23 15:52:56.683	b135e9c82f3b5af8414a656ace8a78c8d45a7834	Windows 11  (10.0.22631) 64bit (Editor)	True	null	null	null	null	null	null	None	0	null	0	0	null	null	null	null	null	
2024/11/23 15:52:56.690	b135e9c82f3b5af8414a656ace8a78c8d45a7834	Windows 11  (10.0.22631) 64bit (Editor)	True	null	null	null	null	null	null	None	0	null	0	0	null	null	null	null	null	
2024/11/23 15:52:56.698	b135e9c82f3b5af8414a656ace8a78c8d45a7834	Windows 11  (10.0.22631) 64bit (Editor)	True	null	null	null	null	null	null	None	0	null	0	0	null	null	null	null	null	
2024/11/23 15:52:56.705	b135e9c82f3b5af8414a656ace8a78c8d45a7834	Windows 11  (10.0.22631) 64bit (Editor)	True	null	null	null	null	null	null	None	0	null	0	0	null	null	null	null	null	
2024/11/23 15:52:56.714	b135e9c82f3b5af8414a656ace8a78c8d45a7834	Windows 11  (10.0.22631) 64bit (Editor)	True	null	null	null	null	null	null	None	0	null	0	0	null	null	null	null	null	
2024/11/23 15:52:56.722	b135e9c82f3b5af8414a656ace8a78c8d45a7834	Windows 11  (10.0.22631) 64bit (Editor)	True	null	null	null	null	null	null	None	0	null	0	0	null	null	null	null	null	
2024/11/23 15:52:56.730	b135e9c82f3b5af8414a656ace8a78c8d45a7834	Windows 11  (10.0.22631) 64bit (Editor)	True	null	null	null	null	null	null	None	0	null	0	0	null	null	null	null	null	
2024/11/23 15:52:56.737	b135e9c82f3b5af8414a656ace8a78c8d45a7834	Windows 11  (10.0.22631) 64bit (Editor)	True	null	null	null	null	null	null	None	0	null	0	0	null	null	null	null	null	
2024/11/23 15:52:56.745	b135e9c82f3b5af8414a656ace8a78c8d45a7834	Windows 11  (10.0.22631) 64bit (Editor)	True	null	null	null	null	null	null	None	0	null	0	0	null	null	null	null	null	
2024/11/23 15:52:56.752	b135e9c82f3b5af8414a656ace8a78c8d45a7834	Windows 11  (10.0.22631) 64bit (Editor)	True	null	null	null	null	null	null	None	0	null	0	0	null	null	null	null	null	
2024/11/23 15:52:56.760	b135e9c82f3b5af8414a656ace8a78c8d45a7834	Windows 11  (10.0.22631) 64bit (Editor)	True	null	null	null	null	null	null	None	0	null	0	0	null	null	null	null	null	
2024/11/23 15:52:56.777	b135e9c82f3b5af8414a656ace8a78c8d45a7834	Windows 11  (10.0.22631) 64bit (Editor)	True	null	null	null	null	null	null	None	0	null	0	0	null	null	null	null	null	
2024/11/23 15:52:56.785	b135e9c82f3b5af8414a656ace8a78c8d45a7834	Windows 11  (10.0.22631) 64bit (Editor)	True	null	null	null	null	null	null	None	0	null	0	0	null	null	null	null	null	
2024/11/23 15:52:56.792	b135e9c82f3b5af8414a656ace8a78c8d45a7834	Windows 11  (10.0.22631) 64bit (Editor)	True	null	null	null	null	null	null	None	0	null	0	0	null	null	null	null	null	
2024/11/23 15:52:56.800	b135e9c82f3b5af8414a656ace8a78c8d45a7834	Windows 11  (10.0.22631) 64bit (Editor)	True	null	null	null	null	null	null	None	0	null	0	0	null	null	null	null	null	
2024/11/23 15:52:56.808	b135e9c82f3b5af8414a656ace8a78c8d45a7834	Windows 11  (10.0.22631) 64bit (Editor)	True	null	null	null	null	null	null	None	0	null	0	0	null	null	null	null	null	
2024/11/23 15:52:56.814	b135e9c82f3b5af8414a656ace8a78c8d45a7834	Windows 11  (10.0.22631) 64bit (Editor)	True	null	null	null	null	null	null	None	0	null	0	0	null	null	null	null	null	
2024/11/23 15:52:56.823	b135e9c82f3b5af8414a656ace8a78c8d45a7834	Windows 11  (10.0.22631) 64bit (Editor)	True	null	null	null	null	null	null	None	0	null	0	0	null	null	null	null	null	
2024/11/23 15:52:56.830	b135e9c82f3b5af8414a656ace8a78c8d45a7834	Windows 11  (10.0.22631) 64bit (Editor)	True	null	null	null	null	null	null	None	0	null	0	0	null	null	null	null	null	
2024/11/23 15:52:56.838	b135e9c82f3b5af8414a656ace8a78c8d45a7834	Windows 11  (10.0.22631) 64bit (Editor)	True	null	null	null	null	null	null	None	0	null	0	0	null	null	null	null	null	
2024/11/23 15:52:56.844	b135e9c82f3b5af8414a656ace8a78c8d45a7834	Windows 11  (10.0.22631) 64bit (Editor)	True	null	null	null	null	null	null	None	0	null	0	0	null	null	null	null	null	
2024/11/23 15:52:56.851	b135e9c82f3b5af8414a656ace8a78c8d45a7834	Windows 11  (10.0.22631) 64bit (Editor)	True	null	null	null	null	null	null	None	0	null	0	0	null	null	null	null	null	
2024/11/23 15:52:56.858	b135e9c82f3b5af8414a656ace8a78c8d45a7834	Windows 11  (10.0.22631) 64bit (Editor)	True	null	null	null	null	null	null	None	0	null	0	0	null	null	null	null	null	
2024/11/23 15:52:56.865	b135e9c82f3b5af8414a656ace8a78c8d45a7834	Windows 11  (10.0.22631) 64bit (Editor)	True	null	null	null	null	null	null	None	0	null	0	0	null	null	null	null	null	
2024/11/23 15:52:56.873	b135e9c82f3b5af8414a656ace8a78c8d45a7834	Windows 11  (10.0.22631) 64bit (Editor)	True	null	null	null	null	null	null	None	0	null	0	0	null	null	null	null	null	
2024/11/23 15:52:56.882	b135e9c82f3b5af8414a656ace8a78c8d45a7834	Windows 11  (10.0.22631) 64bit (Editor)	True	null	null	null	null	null	null	None	0	null	0	0	null	null	null	null	null	
2024/11/23 15:52:56.889	b135e9c82f3b5af8414a656ace8a78c8d45a7834	Windows 11  (10.0.22631) 64bit (Editor)	True	null	null	null	null	null	null	None	0	null	0	0	null	null	null	null	null	
2024/11/23 15:52:56.896	b135e9c82f3b5af8414a656ace8a78c8d45a7834	Windows 11  (10.0.22631) 64bit (Editor)	True	null	null	null	null	null	null	None	0	null	0	0	null	null	null	null	null	
2024/11/23 15:52:56.903	b135e9c82f3b5af8414a656ace8a78c8d45a7834	Windows 11  (10.0.22631) 64bit (Editor)	True	null	null	null	null	null	null	None	0	null	0	0	null	null	null	null	null	
2024/11/23 15:52:56.910	b135e9c82f3b5af8414a656ace8a78c8d45a7834	Windows 11  (10.0.22631) 64bit (Editor)	True	null	null	null	null	null	null	None	0	null	0	0	null	null	null	null	null	
2024/11/23 15:52:56.926	b135e9c82f3b5af8414a656ace8a78c8d45a7834	Windows 11  (10.0.22631) 64bit (Editor)	True	null	null	null	null	null	null	None	0	null	0	0	null	null	null	null	null	
2024/11/23 15:52:56.934	b135e9c82f3b5af8414a656ace8a78c8d45a7834	Windows 11  (10.0.22631) 64bit (Editor)	True	null	null	null	null	null	null	None	0	null	0	0	null	null	null	null	null	
2024/11/23 15:52:56.942	b135e9c82f3b5af8414a656ace8a78c8d45a7834	Windows 11  (10.0.22631) 64bit (Editor)	True	null	null	null	null	null	null	None	0	null	0	0	null	null	null	null	null	
2024/11/23 15:52:56.949	b135e9c82f3b5af8414a656ace8a78c8d45a7834	Windows 11  (10.0.22631) 64bit (Editor)	True	null	null	null	null	null	null	None	0	null	0	0	null	null	null	null	null	
2024/11/23 15:52:56.956	b135e9c82f3b5af8414a656ace8a78c8d45a7834	Windows 11  (10.0.22631) 64bit (Editor)	True	null	null	null	null	null	null	None	0	null	0	0	null	null	null	null	null	
2024/11/23 15:52:56.964	b135e9c82f3b5af8414a656ace8a78c8d45a7834	Windows 11  (10.0.22631) 64bit (Editor)	True	null	null	null	null	null	null	None	0	null	0	0	null	null	null	null	null	
2024/11/23 15:52:56.971	b135e9c82f3b5af8414a656ace8a78c8d45a7834	Windows 11  (10.0.22631) 64bit (Editor)	True	null	null	null	null	null	null	None	0	null	0	0	null	null	null	null	null	
2024/11/23 15:52:56.978	b135e9c82f3b5af8414a656ace8a78c8d45a7834	Windows 11  (10.0.22631) 64bit (Editor)	True	null	null	null	null	null	null	None	0	null	0	0	null	null	null	null	null	
2024/11/23 15:52:56.985	b135e9c82f3b5af8414a656ace8a78c8d45a7834	Windows 11  (10.0.22631) 64bit (Editor)	True	null	null	null	null	null	null	None	0	null	0	0	null	null	null	null	null	
2024/11/23 15:52:56.993	b135e9c82f3b5af8414a656ace8a78c8d45a7834	Windows 11  (10.0.22631) 64bit (Editor)	True	null	null	null	null	null	null	None	0	null	0	0	null	null	null	null	null	
2024/11/23 15:52:56.999	b135e9c82f3b5af8414a656ace8a78c8d45a7834	Windows 11  (10.0.22631) 64bit (Editor)	True	null	null	null	null	null	null	None	0	null	0	0	null	null	null	null	null	
2024/11/23 15:52:57.007	b135e9c82f3b5af8414a656ace8a78c8d45a7834	Windows 11  (10.0.22631) 64bit (Editor)	True	null	null	null	null	null	null	None	0	null	0	0	null	null	null	null	null	
2024/11/23 15:52:57.014	b135e9c82f3b5af8414a656ace8a78c8d45a7834	Windows 11  (10.0.22631) 64bit (Editor)	True	null	null	null	null	null	null	None	0	null	0	0	null	null	null	null	null	
2024/11/23 15:52:57.022	b135e9c82f3b5af8414a656ace8a78c8d45a7834	Windows 11  (10.0.22631) 64bit (Editor)	True	null	null	null	null	null	null	None	0	null	0	0	null	null	null	null	null	
2024/11/23 15:52:57.028	b135e9c82f3b5af8414a656ace8a78c8d45a7834	Windows 11  (10.0.22631) 64bit (Editor)	True	null	null	null	null	null	null	None	0	null	0	0	null	null	null	null	null	
2024/11/23 15:52:57.035	b135e9c82f3b5af8414a656ace8a78c8d45a7834	Windows 11  (10.0.22631) 64bit (Editor)	True	null	null	null	null	null	null	None	0	null	0	0	null	null	null	null	null	
2024/11/23 15:52:57.043	b135e9c82f3b5af8414a656ace8a78c8d45a7834	Windows 11  (10.0.22631) 64bit (Editor)	True	null	null	null	null	null	null	None	0	null	0	0	null	null	null	null	null	
2024/11/23 15:52:57.050	b135e9c82f3b5af8414a656ace8a78c8d45a7834	Windows 11  (10.0.22631) 64bit (Editor)	True	null	null	null	null	null	null	None	0	null	0	0	null	null	null	null	null	
2024/11/23 15:52:57.057	b135e9c82f3b5af8414a656ace8a78c8d45a7834	Windows 11  (10.0.22631) 64bit (Editor)	True	null	null	null	null	null	null	None	0	null	0	0	null	null	null	null	null	
2024/11/23 15:52:57.065	b135e9c82f3b5af8414a656ace8a78c8d45a7834	Windows 11  (10.0.22631) 64bit (Editor)	True	null	null	null	null	null	null	None	0	null	0	0	null	null	null	null	null	
2024/11/23 15:52:57.082	b135e9c82f3b5af8414a656ace8a78c8d45a7834	Windows 11  (10.0.22631) 64bit (Editor)	True	null	null	null	null	null	null	None	0	null	0	0	null	null	null	null	null	
2024/11/23 15:52:57.090	b135e9c82f3b5af8414a656ace8a78c8d45a7834	Windows 11  (10.0.22631) 64bit (Editor)	True	null	null	null	null	null	null	None	0	null	0	0	null	null	null	null	null	
2024/11/23 15:52:57.096	b135e9c82f3b5af8414a656ace8a78c8d45a7834	Windows 11  (10.0.22631) 64bit (Editor)	True	null	null	null	null	null	null	None	0	null	0	0	null	null	null	null	null	
2024/11/23 15:52:57.106	b135e9c82f3b5af8414a656ace8a78c8d45a7834	Windows 11  (10.0.22631) 64bit (Editor)	True	null	null	null	null	null	null	None	0	null	0	0	null	null	null	null	null	
2024/11/23 15:52:57.112	b135e9c82f3b5af8414a656ace8a78c8d45a7834	Windows 11  (10.0.22631) 64bit (Editor)	True	null	null	null	null	null	null	None	0	null	0	0	null	null	null	null	null	
2024/11/23 15:52:57.121	b135e9c82f3b5af8414a656ace8a78c8d45a7834	Windows 11  (10.0.22631) 64bit (Editor)	True	null	null	null	null	null	null	None	0	null	0	0	null	null	null	null	null	
2024/11/23 15:52:57.127	b135e9c82f3b5af8414a656ace8a78c8d45a7834	Windows 11  (10.0.22631) 64bit (Editor)	True	null	null	null	null	null	null	None	0	null	0	0	null	null	null	null	null	
2024/11/23 15:52:57.135	b135e9c82f3b5af8414a656ace8a78c8d45a7834	Windows 11  (10.0.22631) 64bit (Editor)	True	null	null	null	null	null	null	None	0	null	0	0	null	null	null	null	null	
2024/11/23 15:52:57.142	b135e9c82f3b5af8414a656ace8a78c8d45a7834	Windows 11  (10.0.22631) 64bit (Editor)	True	null	null	null	null	null	null	None	0	null	0	0	null	null	null	null	null	
2024/11/23 15:52:57.149	b135e9c82f3b5af8414a656ace8a78c8d45a7834	Windows 11  (10.0.22631) 64bit (Editor)	True	null	null	null	null	null	null	None	0	null	0	0	null	null	null	null	null	
2024/11/23 15:52:57.156	b135e9c82f3b5af8414a656ace8a78c8d45a7834	Windows 11  (10.0.22631) 64bit (Editor)	True	null	null	null	null	null	null	None	0	null	0	0	null	null	null	null	null	
2024/11/23 15:52:57.164	b135e9c82f3b5af8414a656ace8a78c8d45a7834	Windows 11  (10.0.22631) 64bit (Editor)	True	null	null	null	null	null	null	None	0	null	0	0	null	null	null	null	null	
2024/11/23 15:52:57.171	b135e9c82f3b5af8414a656ace8a78c8d45a7834	Windows 11  (10.0.22631) 64bit (Editor)	True	null	null	null	null	null	null	None	0	null	0	0	null	null	null	null	null	
2024/11/23 15:52:57.179	b135e9c82f3b5af8414a656ace8a78c8d45a7834	Windows 11  (10.0.22631) 64bit (Editor)	True	null	null	null	null	null	null	None	0	null	0	0	null	null	null	null	null	
2024/11/23 15:52:57.186	b135e9c82f3b5af8414a656ace8a78c8d45a7834	Windows 11  (10.0.22631) 64bit (Editor)	True	null	null	null	null	null	null	None	0	null	0	0	null	null	null	null	null	
2024/11/23 15:52:57.193	b135e9c82f3b5af8414a656ace8a78c8d45a7834	Windows 11  (10.0.22631) 64bit (Editor)	True	null	null	null	null	null	null	None	0	null	0	0	null	null	null	null	null	
2024/11/23 15:52:57.201	b135e9c82f3b5af8414a656ace8a78c8d45a7834	Windows 11  (10.0.22631) 64bit (Editor)	True	null	null	null	null	null	null	None	0	null	0	0	null	null	null	null	null	
2024/11/23 15:52:57.207	b135e9c82f3b5af8414a656ace8a78c8d45a7834	Windows 11  (10.0.22631) 64bit (Editor)	True	null	null	null	null	null	null	None	0	null	0	0	null	null	null	null	null	
2024/11/23 15:52:57.214	b135e9c82f3b5af8414a656ace8a78c8d45a7834	Windows 11  (10.0.22631) 64bit (Editor)	True	null	null	null	null	null	null	None	0	null	0	0	null	null	null	null	null	
2024/11/23 15:52:57.221	b135e9c82f3b5af8414a656ace8a78c8d45a7834	Windows 11  (10.0.22631) 64bit (Editor)	True	null	null	null	null	null	null	None	0	null	0	0	null	null	null	null	null	
2024/11/23 15:52:57.237	b135e9c82f3b5af8414a656ace8a78c8d45a7834	Windows 11  (10.0.22631) 64bit (Editor)	True	null	null	null	null	null	null	None	0	null	0	0	null	null	null	null	null	
2024/11/23 15:52:57.246	b135e9c82f3b5af8414a656ace8a78c8d45a7834	Windows 11  (10.0.22631) 64bit (Editor)	True	null	null	null	null	null	null	None	0	null	0	0	null	null	null	null	null	
2024/11/23 15:52:57.253	b135e9c82f3b5af8414a656ace8a78c8d45a7834	Windows 11  (10.0.22631) 64bit (Editor)	True	null	null	null	null	null	null	None	0	null	0	0	null	null	null	null	null	
2024/11/23 15:52:57.261	b135e9c82f3b5af8414a656ace8a78c8d45a7834	Windows 11  (10.0.22631) 64bit (Editor)	True	null	null	null	null	null	null	None	0	null	0	0	null	null	null	null	null	
2024/11/23 15:52:57.267	b135e9c82f3b5af8414a656ace8a78c8d45a7834	Windows 11  (10.0.22631) 64bit (Editor)	True	null	null	null	null	null	null	None	0	null	0	0	null	null	null	null	null	
2024/11/23 15:52:57.275	b135e9c82f3b5af8414a656ace8a78c8d45a7834	Windows 11  (10.0.22631) 64bit (Editor)	True	null	null	null	null	null	null	None	0	null	0	0	null	null	null	null	null	
2024/11/23 15:52:57.282	b135e9c82f3b5af8414a656ace8a78c8d45a7834	Windows 11  (10.0.22631) 64bit (Editor)	True	null	null	null	null	null	null	None	0	null	0	0	null	null	null	null	null	
2024/11/23 15:52:57.289	b135e9c82f3b5af8414a656ace8a78c8d45a7834	Windows 11  (10.0.22631) 64bit (Editor)	True	null	null	null	null	null	null	None	0	null	0	0	null	null	null	null	null	
2024/11/23 15:52:57.296	b135e9c82f3b5af8414a656ace8a78c8d45a7834	Windows 11  (10.0.22631) 64bit (Editor)	True	null	null	null	null	null	null	None	0	null	0	0	null	null	null	null	null	
2024/11/23 15:52:57.304	b135e9c82f3b5af8414a656ace8a78c8d45a7834	Windows 11  (10.0.22631) 64bit (Editor)	True	null	null	null	null	null	null	None	0	null	0	0	null	null	null	null	null	
2024/11/23 15:52:57.310	b135e9c82f3b5af8414a656ace8a78c8d45a7834	Windows 11  (10.0.22631) 64bit (Editor)	True	null	null	null	null	null	null	None	0	null	0	0	null	null	null	null	null	
2024/11/23 15:52:57.316	b135e9c82f3b5af8414a656ace8a78c8d45a7834	Windows 11  (10.0.22631) 64bit (Editor)	True	null	null	null	null	null	null	None	0	null	0	0	null	null	null	null	null	
2024/11/23 15:52:57.324	b135e9c82f3b5af8414a656ace8a78c8d45a7834	Windows 11  (10.0.22631) 64bit (Editor)	True	null	null	null	null	null	null	None	0	null	0	0	null	null	null	null	null	
2024/11/23 15:52:57.330	b135e9c82f3b5af8414a656ace8a78c8d45a7834	Windows 11  (10.0.22631) 64bit (Editor)	True	null	null	null	null	null	null	None	0	null	0	0	null	null	null	null	null	
2024/11/23 15:52:57.338	b135e9c82f3b5af8414a656ace8a78c8d45a7834	Windows 11  (10.0.22631) 64bit (Editor)	True	null	null	null	null	null	null	None	0	null	0	0	null	null	null	null	null	
2024/11/23 15:52:57.345	b135e9c82f3b5af8414a656ace8a78c8d45a7834	Windows 11  (10.0.22631) 64bit (Editor)	True	null	null	null	null	null	null	None	0	null	0	0	null	null	null	null	null	
2024/11/23 15:52:57.353	b135e9c82f3b5af8414a656ace8a78c8d45a7834	Windows 11  (10.0.22631) 64bit (Editor)	True	null	null	null	null	null	null	None	0	null	0	0	null	null	null	null	null	
2024/11/23 15:52:57.359	b135e9c82f3b5af8414a656ace8a78c8d45a7834	Windows 11  (10.0.22631) 64bit (Editor)	True	null	null	null	null	null	null	None	0	null	0	0	null	null	null	null	null	
2024/11/23 15:52:57.366	b135e9c82f3b5af8414a656ace8a78c8d45a7834	Windows 11  (10.0.22631) 64bit (Editor)	True	null	null	null	null	null	null	None	0	null	0	0	null	null	null	null	null	
2024/11/23 15:52:57.373	b135e9c82f3b5af8414a656ace8a78c8d45a7834	Windows 11  (10.0.22631) 64bit (Editor)	True	null	null	null	null	null	null	None	0	null	0	0	null	null	null	null	null	
2024/11/23 15:52:57.390	b135e9c82f3b5af8414a656ace8a78c8d45a7834	Windows 11  (10.0.22631) 64bit (Editor)	True	null	null	null	null	null	null	None	0	null	0	0	null	null	null	null	null	
2024/11/23 15:52:57.397	b135e9c82f3b5af8414a656ace8a78c8d45a7834	Windows 11  (10.0.22631) 64bit (Editor)	True	null	null	null	null	null	null	None	0	null	0	0	null	null	null	null	null	
2024/11/23 15:52:57.405	b135e9c82f3b5af8414a656ace8a78c8d45a7834	Windows 11  (10.0.22631) 64bit (Editor)	True	null	null	null	null	null	null	None	0	null	0	0	null	null	null	null	null	
2024/11/23 15:52:57.412	b135e9c82f3b5af8414a656ace8a78c8d45a7834	Windows 11  (10.0.22631) 64bit (Editor)	True	null	null	null	null	null	null	None	0	null	0	0	null	null	null	null	null	
2024/11/23 15:52:57.420	b135e9c82f3b5af8414a656ace8a78c8d45a7834	Windows 11  (10.0.22631) 64bit (Editor)	True	null	null	null	null	null	null	None	0	null	0	0	null	null	null	null	null	
2024/11/23 15:52:57.427	b135e9c82f3b5af8414a656ace8a78c8d45a7834	Windows 11  (10.0.22631) 64bit (Editor)	True	null	null	null	null	null	null	None	0	null	0	0	null	null	null	null	null	
2024/11/23 15:52:57.434	b135e9c82f3b5af8414a656ace8a78c8d45a7834	Windows 11  (10.0.22631) 64bit (Editor)	True	null	null	null	null	null	null	None	0	null	0	0	null	null	null	null	null	
2024/11/23 15:52:57.441	b135e9c82f3b5af8414a656ace8a78c8d45a7834	Windows 11  (10.0.22631) 64bit (Editor)	True	null	null	null	null	null	null	None	0	null	0	0	null	null	null	null	null	
2024/11/23 15:52:57.448	b135e9c82f3b5af8414a656ace8a78c8d45a7834	Windows 11  (10.0.22631) 64bit (Editor)	True	null	null	null	null	null	null	None	0	null	0	0	null	null	null	null	null	
2024/11/23 15:52:57.455	b135e9c82f3b5af8414a656ace8a78c8d45a7834	Windows 11  (10.0.22631) 64bit (Editor)	True	null	null	null	null	null	null	None	0	null	0	0	null	null	null	null	null	
2024/11/23 15:52:57.463	b135e9c82f3b5af8414a656ace8a78c8d45a7834	Windows 11  (10.0.22631) 64bit (Editor)	True	null	null	null	null	null	null	None	0	null	0	0	null	null	null	null	null	
2024/11/23 15:52:57.471	b135e9c82f3b5af8414a656ace8a78c8d45a7834	Windows 11  (10.0.22631) 64bit (Editor)	True	null	null	null	null	null	null	None	0	null	0	0	null	null	null	null	null	
2024/11/23 15:52:57.478	b135e9c82f3b5af8414a656ace8a78c8d45a7834	Windows 11  (10.0.22631) 64bit (Editor)	True	null	null	null	null	null	null	None	0	null	0	0	null	null	null	null	null	
2024/11/23 15:52:57.485	b135e9c82f3b5af8414a656ace8a78c8d45a7834	Windows 11  (10.0.22631) 64bit (Editor)	True	null	null	null	null	null	null	None	0	null	0	0	null	null	null	null	null	
2024/11/23 15:52:57.492	b135e9c82f3b5af8414a656ace8a78c8d45a7834	Windows 11  (10.0.22631) 64bit (Editor)	True	null	null	null	null	null	null	None	0	null	0	0	null	null	null	null	null	
2024/11/23 15:52:57.500	b135e9c82f3b5af8414a656ace8a78c8d45a7834	Windows 11  (10.0.22631) 64bit (Editor)	True	null	null	null	null	null	null	None	0	null	0	0	null	null	null	null	null	
2024/11/23 15:52:57.507	b135e9c82f3b5af8414a656ace8a78c8d45a7834	Windows 11  (10.0.22631) 64bit (Editor)	True	null	null	null	null	null	null	None	0	null	0	0	null	null	null	null	null	
2024/11/23 15:52:57.514	b135e9c82f3b5af8414a656ace8a78c8d45a7834	Windows 11  (10.0.22631) 64bit (Editor)	True	null	null	null	null	null	null	None	0	null	0	0	null	null	null	null	null	
2024/11/23 15:52:57.523	b135e9c82f3b5af8414a656ace8a78c8d45a7834	Windows 11  (10.0.22631) 64bit (Editor)	True	null	null	null	null	null	null	None	0	null	0	0	null	null	null	null	null	
2024/11/23 15:52:57.529	b135e9c82f3b5af8414a656ace8a78c8d45a7834	Windows 11  (10.0.22631) 64bit (Editor)	True	null	null	null	null	null	null	None	0	null	0	0	null	null	null	null	null	
2024/11/23 15:52:57.546	b135e9c82f3b5af8414a656ace8a78c8d45a7834	Windows 11  (10.0.22631) 64bit (Editor)	True	null	null	null	null	null	null	None	0	null	0	0	null	null	null	null	null	
2024/11/23 15:52:57.554	b135e9c82f3b5af8414a656ace8a78c8d45a7834	Windows 11  (10.0.22631) 64bit (Editor)	True	null	null	null	null	null	null	None	0	null	0	0	null	null	null	null	null	
2024/11/23 15:52:57.561	b135e9c82f3b5af8414a656ace8a78c8d45a7834	Windows 11  (10.0.22631) 64bit (Editor)	True	null	null	null	null	null	null	None	0	null	0	0	null	null	null	null	null	
2024/11/23 15:52:57.568	b135e9c82f3b5af8414a656ace8a78c8d45a7834	Windows 11  (10.0.22631) 64bit (Editor)	True	null	null	null	null	null	null	None	0	null	0	0	null	null	null	null	null	
2024/11/23 15:52:57.577	b135e9c82f3b5af8414a656ace8a78c8d45a7834	Windows 11  (10.0.22631) 64bit (Editor)	True	null	null	null	null	null	null	None	0	null	0	0	null	null	null	null	null	
2024/11/23 15:52:57.592	b135e9c82f3b5af8414a656ace8a78c8d45a7834	Windows 11  (10.0.22631) 64bit (Editor)	True	null	null	null	null	null	null	None	0	null	0	0	null	null	null	null	null	
2024/11/23 15:52:57.607	b135e9c82f3b5af8414a656ace8a78c8d45a7834	Windows 11  (10.0.22631) 64bit (Editor)	True	null	null	null	null	null	null	None	0	null	0	0	null	null	null	null	null	
2024/11/23 15:52:57.617	b135e9c82f3b5af8414a656ace8a78c8d45a7834	Windows 11  (10.0.22631) 64bit (Editor)	True	null	null	null	null	null	null	None	0	null	0	0	null	null	null	null	null	
2024/11/23 15:52:57.625	b135e9c82f3b5af8414a656ace8a78c8d45a7834	Windows 11  (10.0.22631) 64bit (Editor)	True	null	null	null	null	null	null	None	0	null	0	0	null	null	null	null	null	
2024/11/23 15:52:57.633	b135e9c82f3b5af8414a656ace8a78c8d45a7834	Windows 11  (10.0.22631) 64bit (Editor)	True	null	null	null	null	null	null	None	0	null	0	0	null	null	null	null	null	
2024/11/23 15:52:57.641	b135e9c82f3b5af8414a656ace8a78c8d45a7834	Windows 11  (10.0.22631) 64bit (Editor)	True	null	null	null	null	null	null	None	0	null	0	0	null	null	null	null	null	
2024/11/23 15:52:57.649	b135e9c82f3b5af8414a656ace8a78c8d45a7834	Windows 11  (10.0.22631) 64bit (Editor)	True	null	null	null	null	null	null	None	0	null	0	0	null	null	null	null	null	
2024/11/23 15:52:57.657	b135e9c82f3b5af8414a656ace8a78c8d45a7834	Windows 11  (10.0.22631) 64bit (Editor)	True	null	null	null	null	null	null	None	0	null	0	0	null	null	null	null	null	
2024/11/23 15:52:57.664	b135e9c82f3b5af8414a656ace8a78c8d45a7834	Windows 11  (10.0.22631) 64bit (Editor)	True	null	null	null	null	null	null	None	0	null	0	0	null	null	null	null	null	
2024/11/23 15:52:57.672	b135e9c82f3b5af8414a656ace8a78c8d45a7834	Windows 11  (10.0.22631) 64bit (Editor)	True	null	null	null	null	null	null	None	0	null	0	0	null	null	null	null	null	
2024/11/23 15:52:57.679	b135e9c82f3b5af8414a656ace8a78c8d45a7834	Windows 11  (10.0.22631) 64bit (Editor)	True	null	null	null	null	null	null	None	0	null	0	0	null	null	null	null	null	
2024/11/23 15:52:57.688	b135e9c82f3b5af8414a656ace8a78c8d45a7834	Windows 11  (10.0.22631) 64bit (Editor)	True	null	null	null	null	null	null	None	0	null	0	0	null	null	null	null	null	
2024/11/23 15:52:57.707	b135e9c82f3b5af8414a656ace8a78c8d45a7834	Windows 11  (10.0.22631) 64bit (Editor)	True	null	null	null	null	null	null	None	0	null	0	0	null	null	null	null	null	
2024/11/23 15:52:57.714	b135e9c82f3b5af8414a656ace8a78c8d45a7834	Windows 11  (10.0.22631) 64bit (Editor)	True	null	null	null	null	null	null	None	0	null	0	0	null	null	null	null	null	
2024/11/23 15:52:57.722	b135e9c82f3b5af8414a656ace8a78c8d45a7834	Windows 11  (10.0.22631) 64bit (Editor)	True	null	null	null	null	null	null	None	0	null	0	0	null	null	null	null	null	
2024/11/23 15:52:57.731	b135e9c82f3b5af8414a656ace8a78c8d45a7834	Windows 11  (10.0.22631) 64bit (Editor)	True	null	null	null	null	null	null	None	0	null	0	0	null	null	null	null	null	
2024/11/23 15:52:57.742	b135e9c82f3b5af8414a656ace8a78c8d45a7834	Windows 11  (10.0.22631) 64bit (Editor)	True	null	null	null	null	null	null	None	0	null	0	0	null	null	null	null	null	
2024/11/23 15:52:57.750	b135e9c82f3b5af8414a656ace8a78c8d45a7834	Windows 11  (10.0.22631) 64bit (Editor)	True	null	null	null	null	null	null	None	0	null	0	0	null	null	null	null	null	
2024/11/23 15:52:57.759	b135e9c82f3b5af8414a656ace8a78c8d45a7834	Windows 11  (10.0.22631) 64bit (Editor)	True	null	null	null	null	null	null	None	0	null	0	0	null	null	null	null	null	
2024/11/23 15:52:57.768	b135e9c82f3b5af8414a656ace8a78c8d45a7834	Windows 11  (10.0.22631) 64bit (Editor)	True	null	null	null	null	null	null	None	0	null	0	0	null	null	null	null	null	
2024/11/23 15:52:57.776	b135e9c82f3b5af8414a656ace8a78c8d45a7834	Windows 11  (10.0.22631) 64bit (Editor)	True	null	null	null	null	null	null	None	0	null	0	0	null	null	null	null	null	
2024/11/23 15:52:57.786	b135e9c82f3b5af8414a656ace8a78c8d45a7834	Windows 11  (10.0.22631) 64bit (Editor)	True	null	null	null	null	null	null	None	0	null	0	0	null	null	null	null	null	
2024/11/23 15:52:57.795	b135e9c82f3b5af8414a656ace8a78c8d45a7834	Windows 11  (10.0.22631) 64bit (Editor)	True	null	null	null	null	null	null	None	0	null	0	0	null	null	null	null	null	
2024/11/23 15:52:57.804	b135e9c82f3b5af8414a656ace8a78c8d45a7834	Windows 11  (10.0.22631) 64bit (Editor)	True	null	null	null	null	null	null	None	0	null	0	0	null	null	null	null	null	
2024/11/23 15:52:57.814	b135e9c82f3b5af8414a656ace8a78c8d45a7834	Windows 11  (10.0.22631) 64bit (Editor)	True	null	null	null	null	null	null	None	0	null	0	0	null	null	null	null	null	
2024/11/23 15:52:57.822	b135e9c82f3b5af8414a656ace8a78c8d45a7834	Windows 11  (10.0.22631) 64bit (Editor)	True	null	null	null	null	null	null	None	0	null	0	0	null	null	null	null	null	
2024/11/23 15:52:57.831	b135e9c82f3b5af8414a656ace8a78c8d45a7834	Windows 11  (10.0.22631) 64bit (Editor)	True	null	null	null	null	null	null	None	0	null	0	0	null	null	null	null	null	
2024/11/23 15:52:57.843	b135e9c82f3b5af8414a656ace8a78c8d45a7834	Windows 11  (10.0.22631) 64bit (Editor)	True	null	null	null	null	null	null	None	0	null	0	0	null	null	null	null	null	
2024/11/23 15:52:57.862	b135e9c82f3b5af8414a656ace8a78c8d45a7834	Windows 11  (10.0.22631) 64bit (Editor)	True	null	null	null	null	null	null	None	0	null	0	0	null	null	null	null	null	
2024/11/23 15:52:57.872	b135e9c82f3b5af8414a656ace8a78c8d45a7834	Windows 11  (10.0.22631) 64bit (Editor)	True	null	null	null	null	null	null	None	0	null	0	0	null	null	null	null	null	
2024/11/23 15:52:57.881	b135e9c82f3b5af8414a656ace8a78c8d45a7834	Windows 11  (10.0.22631) 64bit (Editor)	True	null	null	null	null	null	null	None	0	null	0	0	null	null	null	null	null	
2024/11/23 15:52:57.890	b135e9c82f3b5af8414a656ace8a78c8d45a7834	Windows 11  (10.0.22631) 64bit (Editor)	True	null	null	null	null	null	null	None	0	null	0	0	null	null	null	null	null	
2024/11/23 15:52:57.899	b135e9c82f3b5af8414a656ace8a78c8d45a7834	Windows 11  (10.0.22631) 64bit (Editor)	True	null	null	null	null	null	null	None	0	null	0	0	null	null	null	null	null	
2024/11/23 15:52:57.907	b135e9c82f3b5af8414a656ace8a78c8d45a7834	Windows 11  (10.0.22631) 64bit (Editor)	True	null	null	null	null	null	null	None	0	null	0	0	null	null	null	null	null	
2024/11/23 15:52:57.915	b135e9c82f3b5af8414a656ace8a78c8d45a7834	Windows 11  (10.0.22631) 64bit (Editor)	True	null	null	null	null	null	null	None	0	null	0	0	null	null	null	null	null	
2024/11/23 15:52:57.926	b135e9c82f3b5af8414a656ace8a78c8d45a7834	Windows 11  (10.0.22631) 64bit (Editor)	True	null	null	null	null	null	null	None	0	null	0	0	null	null	null	null	null	
2024/11/23 15:52:57.935	b135e9c82f3b5af8414a656ace8a78c8d45a7834	Windows 11  (10.0.22631) 64bit (Editor)	True	null	null	null	null	null	null	None	0	null	0	0	null	null	null	null	null	
2024/11/23 15:52:57.944	b135e9c82f3b5af8414a656ace8a78c8d45a7834	Windows 11  (10.0.22631) 64bit (Editor)	True	null	null	null	null	null	null	None	0	null	0	0	null	null	null	null	null	
2024/11/23 15:52:57.953	b135e9c82f3b5af8414a656ace8a78c8d45a7834	Windows 11  (10.0.22631) 64bit (Editor)	True	null	null	null	null	null	null	None	0	null	0	0	null	null	null	null	null	
2024/11/23 15:52:57.961	b135e9c82f3b5af8414a656ace8a78c8d45a7834	Windows 11  (10.0.22631) 64bit (Editor)	True	null	null	null	null	null	null	None	0	null	0	0	null	null	null	null	null	
2024/11/23 15:52:57.968	b135e9c82f3b5af8414a656ace8a78c8d45a7834	Windows 11  (10.0.22631) 64bit (Editor)	True	null	null	null	null	null	null	None	0	null	0	0	null	null	null	null	null	
2024/11/23 15:52:57.976	b135e9c82f3b5af8414a656ace8a78c8d45a7834	Windows 11  (10.0.22631) 64bit (Editor)	True	null	null	null	null	null	null	None	0	null	0	0	null	null	null	null	null	
2024/11/23 15:52:57.984	b135e9c82f3b5af8414a656ace8a78c8d45a7834	Windows 11  (10.0.22631) 64bit (Editor)	True	null	null	null	null	null	null	None	0	null	0	0	null	null	null	null	null	
2024/11/23 15:52:57.991	b135e9c82f3b5af8414a656ace8a78c8d45a7834	Windows 11  (10.0.22631) 64bit (Editor)	True	null	null	null	null	null	null	None	0	null	0	0	null	null	null	null	null	
2024/11/23 15:52:57.998	b135e9c82f3b5af8414a656ace8a78c8d45a7834	Windows 11  (10.0.22631) 64bit (Editor)	True	null	null	null	null	null	null	None	0	null	0	0	null	null	null	null	null	
2024/11/23 15:52:58.017	b135e9c82f3b5af8414a656ace8a78c8d45a7834	Windows 11  (10.0.22631) 64bit (Editor)	True	null	null	null	null	null	null	None	0	null	0	0	null	null	null	null	null	
2024/11/23 15:52:58.027	b135e9c82f3b5af8414a656ace8a78c8d45a7834	Windows 11  (10.0.22631) 64bit (Editor)	True	null	null	null	null	null	null	None	0	null	0	0	null	null	null	null	null	
2024/11/23 15:52:58.034	b135e9c82f3b5af8414a656ace8a78c8d45a7834	Windows 11  (10.0.22631) 64bit (Editor)	True	null	null	null	null	null	null	None	0	null	0	0	null	null	null	null	null	
2024/11/23 15:52:58.042	b135e9c82f3b5af8414a656ace8a78c8d45a7834	Windows 11  (10.0.22631) 64bit (Editor)	True	null	null	null	null	null	null	None	0	null	0	0	null	null	null	null	null	
2024/11/23 15:52:58.048	b135e9c82f3b5af8414a656ace8a78c8d45a7834	Windows 11  (10.0.22631) 64bit (Editor)	True	null	null	null	null	null	null	None	0	null	0	0	null	null	null	null	null	
2024/11/23 15:52:58.056	b135e9c82f3b5af8414a656ace8a78c8d45a7834	Windows 11  (10.0.22631) 64bit (Editor)	True	null	null	null	null	null	null	None	0	null	0	0	null	null	null	null	null	
2024/11/23 15:52:58.064	b135e9c82f3b5af8414a656ace8a78c8d45a7834	Windows 11  (10.0.22631) 64bit (Editor)	True	null	null	null	null	null	null	None	0	null	0	0	null	null	null	null	null	
2024/11/23 15:52:58.072	b135e9c82f3b5af8414a656ace8a78c8d45a7834	Windows 11  (10.0.22631) 64bit (Editor)	True	null	null	null	null	null	null	None	0	null	0	0	null	null	null	null	null	
2024/11/23 15:52:58.078	b135e9c82f3b5af8414a656ace8a78c8d45a7834	Windows 11  (10.0.22631) 64bit (Editor)	True	null	null	null	null	null	null	None	0	null	0	0	null	null	null	null	null	
2024/11/23 15:52:58.087	b135e9c82f3b5af8414a656ace8a78c8d45a7834	Windows 11  (10.0.22631) 64bit (Editor)	True	null	null	null	null	null	null	None	0	null	0	0	null	null	null	null	null	
2024/11/23 15:52:58.094	b135e9c82f3b5af8414a656ace8a78c8d45a7834	Windows 11  (10.0.22631) 64bit (Editor)	True	null	null	null	null	null	null	None	0	null	0	0	null	null	null	null	null	
2024/11/23 15:52:58.104	b135e9c82f3b5af8414a656ace8a78c8d45a7834	Windows 11  (10.0.22631) 64bit (Editor)	True	null	null	null	null	null	null	None	0	null	0	0	null	null	null	null	null	
2024/11/23 15:52:58.110	b135e9c82f3b5af8414a656ace8a78c8d45a7834	Windows 11  (10.0.22631) 64bit (Editor)	True	null	null	null	null	null	null	None	0	null	0	0	null	null	null	null	null	
2024/11/23 15:52:58.119	b135e9c82f3b5af8414a656ace8a78c8d45a7834	Windows 11  (10.0.22631) 64bit (Editor)	True	null	null	null	null	null	null	None	0	null	0	0	null	null	null	null	null	
2024/11/23 15:52:58.126	b135e9c82f3b5af8414a656ace8a78c8d45a7834	Windows 11  (10.0.22631) 64bit (Editor)	True	null	null	null	null	null	null	None	0	null	0	0	null	null	null	null	null	
2024/11/23 15:52:58.134	b135e9c82f3b5af8414a656ace8a78c8d45a7834	Windows 11  (10.0.22631) 64bit (Editor)	True	null	null	null	null	null	null	None	0	null	0	0	null	null	null	null	null	
2024/11/23 15:52:58.142	b135e9c82f3b5af8414a656ace8a78c8d45a7834	Windows 11  (10.0.22631) 64bit (Editor)	True	null	null	null	null	null	null	None	0	null	0	0	null	null	null	null	null	
2024/11/23 15:52:58.151	b135e9c82f3b5af8414a656ace8a78c8d45a7834	Windows 11  (10.0.22631) 64bit (Editor)	True	null	null	null	null	null	null	None	0	null	0	0	null	null	null	null	null	
2024/11/23 15:52:58.168	b135e9c82f3b5af8414a656ace8a78c8d45a7834	Windows 11  (10.0.22631) 64bit (Editor)	True	null	null	null	null	null	null	None	0	null	0	0	null	null	null	null	null	
2024/11/23 15:52:58.177	b135e9c82f3b5af8414a656ace8a78c8d45a7834	Windows 11  (10.0.22631) 64bit (Editor)	True	null	null	null	null	null	null	None	0	null	0	0	null	null	null	null	null	
2024/11/23 15:52:58.185	b135e9c82f3b5af8414a656ace8a78c8d45a7834	Windows 11  (10.0.22631) 64bit (Editor)	True	null	null	null	null	null	null	None	0	null	0	0	null	null	null	null	null	
2024/11/23 15:52:58.193	b135e9c82f3b5af8414a656ace8a78c8d45a7834	Windows 11  (10.0.22631) 64bit (Editor)	True	null	null	null	null	null	null	None	0	null	0	0	null	null	null	null	null	
2024/11/23 15:52:58.200	b135e9c82f3b5af8414a656ace8a78c8d45a7834	Windows 11  (10.0.22631) 64bit (Editor)	True	null	null	null	null	null	null	None	0	null	0	0	null	null	null	null	null	
2024/11/23 15:52:58.207	b135e9c82f3b5af8414a656ace8a78c8d45a7834	Windows 11  (10.0.22631) 64bit (Editor)	True	null	null	null	null	null	null	None	0	null	0	0	null	null	null	null	null	
2024/11/23 15:52:58.215	b135e9c82f3b5af8414a656ace8a78c8d45a7834	Windows 11  (10.0.22631) 64bit (Editor)	True	null	null	null	null	null	null	None	0	null	0	0	null	null	null	null	null	
2024/11/23 15:52:58.224	b135e9c82f3b5af8414a656ace8a78c8d45a7834	Windows 11  (10.0.22631) 64bit (Editor)	True	null	null	null	null	null	null	None	0	null	0	0	null	null	null	null	null	
2024/11/23 15:52:58.234	b135e9c82f3b5af8414a656ace8a78c8d45a7834	Windows 11  (10.0.22631) 64bit (Editor)	True	null	null	null	null	null	null	None	0	null	0	0	null	null	null	null	null	
2024/11/23 15:52:58.245	b135e9c82f3b5af8414a656ace8a78c8d45a7834	Windows 11  (10.0.22631) 64bit (Editor)	True	null	null	null	null	null	null	None	0	null	0	0	null	null	null	null	null	
2024/11/23 15:52:58.252	b135e9c82f3b5af8414a656ace8a78c8d45a7834	Windows 11  (10.0.22631) 64bit (Editor)	True	null	null	null	null	null	null	None	0	null	0	0	null	null	null	null	null	
2024/11/23 15:52:58.258	b135e9c82f3b5af8414a656ace8a78c8d45a7834	Windows 11  (10.0.22631) 64bit (Editor)	True	null	null	null	null	null	null	None	0	null	0	0	null	null	null	null	null	
2024/11/23 15:52:58.266	b135e9c82f3b5af8414a656ace8a78c8d45a7834	Windows 11  (10.0.22631) 64bit (Editor)	True	null	null	null	null	null	null	None	0	null	0	0	null	null	null	null	null	
2024/11/23 15:52:58.274	b135e9c82f3b5af8414a656ace8a78c8d45a7834	Windows 11  (10.0.22631) 64bit (Editor)	True	null	null	null	null	null	null	None	0	null	0	0	null	null	null	null	null	
2024/11/23 15:52:58.280	b135e9c82f3b5af8414a656ace8a78c8d45a7834	Windows 11  (10.0.22631) 64bit (Editor)	True	null	null	null	null	null	null	None	0	null	0	0	null	null	null	null	null	
2024/11/23 15:52:58.287	b135e9c82f3b5af8414a656ace8a78c8d45a7834	Windows 11  (10.0.22631) 64bit (Editor)	True	null	null	null	null	null	null	None	0	null	0	0	null	null	null	null	null	
2024/11/23 15:52:58.294	b135e9c82f3b5af8414a656ace8a78c8d45a7834	Windows 11  (10.0.22631) 64bit (Editor)	True	null	null	null	null	null	null	None	0	null	0	0	null	null	null	null	null	
2024/11/23 15:52:58.303	b135e9c82f3b5af8414a656ace8a78c8d45a7834	Windows 11  (10.0.22631) 64bit (Editor)	True	null	null	null	null	null	null	None	0	null	0	0	null	null	null	null	null	
2024/11/23 15:52:58.320	b135e9c82f3b5af8414a656ace8a78c8d45a7834	Windows 11  (10.0.22631) 64bit (Editor)	True	null	null	null	null	null	null	None	0	null	0	0	null	null	null	null	null	
2024/11/23 15:52:58.326	b135e9c82f3b5af8414a656ace8a78c8d45a7834	Windows 11  (10.0.22631) 64bit (Editor)	True	null	null	null	null	null	null	None	0	null	0	0	null	null	null	null	null	
2024/11/23 15:52:58.335	b135e9c82f3b5af8414a656ace8a78c8d45a7834	Windows 11  (10.0.22631) 64bit (Editor)	True	null	null	null	null	null	null	None	0	null	0	0	null	null	null	null	null	
2024/11/23 15:52:58.342	b135e9c82f3b5af8414a656ace8a78c8d45a7834	Windows 11  (10.0.22631) 64bit (Editor)	True	null	null	null	null	null	null	None	0	null	0	0	null	null	null	null	null	
2024/11/23 15:52:58.349	b135e9c82f3b5af8414a656ace8a78c8d45a7834	Windows 11  (10.0.22631) 64bit (Editor)	True	null	null	null	null	null	null	None	0	null	0	0	null	null	null	null	null	
2024/11/23 15:52:58.356	b135e9c82f3b5af8414a656ace8a78c8d45a7834	Windows 11  (10.0.22631) 64bit (Editor)	True	null	null	null	null	null	null	None	0	null	0	0	null	null	null	null	null	
2024/11/23 15:52:58.362	b135e9c82f3b5af8414a656ace8a78c8d45a7834	Windows 11  (10.0.22631) 64bit (Editor)	True	null	null	null	null	null	null	None	0	null	0	0	null	null	null	null	null	
2024/11/23 15:52:58.370	b135e9c82f3b5af8414a656ace8a78c8d45a7834	Windows 11  (10.0.22631) 64bit (Editor)	True	null	null	null	null	null	null	None	0	null	0	0	null	null	null	null	null	
2024/11/23 15:52:58.376	b135e9c82f3b5af8414a656ace8a78c8d45a7834	Windows 11  (10.0.22631) 64bit (Editor)	True	null	null	null	null	null	null	None	0	null	0	0	null	null	null	null	null	
2024/11/23 15:52:58.384	b135e9c82f3b5af8414a656ace8a78c8d45a7834	Windows 11  (10.0.22631) 64bit (Editor)	True	null	null	null	null	null	null	None	0	null	0	0	null	null	null	null	null	
2024/11/23 15:52:58.390	b135e9c82f3b5af8414a656ace8a78c8d45a7834	Windows 11  (10.0.22631) 64bit (Editor)	True	null	null	null	null	null	null	None	0	null	0	0	null	null	null	null	null	
2024/11/23 15:52:58.397	b135e9c82f3b5af8414a656ace8a78c8d45a7834	Windows 11  (10.0.22631) 64bit (Editor)	True	null	null	null	null	null	null	None	0	null	0	0	null	null	null	null	null	
2024/11/23 15:52:58.404	b135e9c82f3b5af8414a656ace8a78c8d45a7834	Windows 11  (10.0.22631) 64bit (Editor)	True	null	null	null	null	null	null	None	0	null	0	0	null	null	null	null	null	
2024/11/23 15:52:58.410	b135e9c82f3b5af8414a656ace8a78c8d45a7834	Windows 11  (10.0.22631) 64bit (Editor)	True	null	null	null	null	null	null	None	0	null	0	0	null	null	null	null	null	
2024/11/23 15:52:58.418	b135e9c82f3b5af8414a656ace8a78c8d45a7834	Windows 11  (10.0.22631) 64bit (Editor)	True	null	null	null	null	null	null	None	0	null	0	0	null	null	null	null	null	
2024/11/23 15:52:58.425	b135e9c82f3b5af8414a656ace8a78c8d45a7834	Windows 11  (10.0.22631) 64bit (Editor)	True	null	null	null	null	null	null	None	0	null	0	0	null	null	null	null	null	
2024/11/23 15:52:58.433	b135e9c82f3b5af8414a656ace8a78c8d45a7834	Windows 11  (10.0.22631) 64bit (Editor)	True	null	null	null	null	null	null	None	0	null	0	0	null	null	null	null	null	
2024/11/23 15:52:58.440	b135e9c82f3b5af8414a656ace8a78c8d45a7834	Windows 11  (10.0.22631) 64bit (Editor)	True	null	null	null	null	null	null	None	0	null	0	0	null	null	null	null	null	
2024/11/23 15:52:58.450	b135e9c82f3b5af8414a656ace8a78c8d45a7834	Windows 11  (10.0.22631) 64bit (Editor)	True	null	null	null	null	null	null	None	0	null	0	0	null	null	null	null	null	
2024/11/23 15:52:58.460	b135e9c82f3b5af8414a656ace8a78c8d45a7834	Windows 11  (10.0.22631) 64bit (Editor)	True	null	null	null	null	null	null	None	0	null	0	0	null	null	null	null	null	
2024/11/23 15:52:58.480	b135e9c82f3b5af8414a656ace8a78c8d45a7834	Windows 11  (10.0.22631) 64bit (Editor)	True	null	null	null	null	null	null	None	0	null	0	0	null	null	null	null	null	
2024/11/23 15:52:58.488	b135e9c82f3b5af8414a656ace8a78c8d45a7834	Windows 11  (10.0.22631) 64bit (Editor)	True	null	null	null	null	null	null	None	0	null	0	0	null	null	null	null	null	
2024/11/23 15:52:58.496	b135e9c82f3b5af8414a656ace8a78c8d45a7834	Windows 11  (10.0.22631) 64bit (Editor)	True	null	null	null	null	null	null	None	0	null	0	0	null	null	null	null	null	
2024/11/23 15:52:58.508	b135e9c82f3b5af8414a656ace8a78c8d45a7834	Windows 11  (10.0.22631) 64bit (Editor)	True	null	null	null	null	null	null	None	0	null	0	0	null	null	null	null	null	
2024/11/23 15:52:58.519	b135e9c82f3b5af8414a656ace8a78c8d45a7834	Windows 11  (10.0.22631) 64bit (Editor)	True	null	null	null	null	null	null	None	0	null	0	0	null	null	null	null	null	
2024/11/23 15:52:58.529	b135e9c82f3b5af8414a656ace8a78c8d45a7834	Windows 11  (10.0.22631) 64bit (Editor)	True	null	null	null	null	null	null	None	0	null	0	0	null	null	null	null	null	
2024/11/23 15:52:58.540	b135e9c82f3b5af8414a656ace8a78c8d45a7834	Windows 11  (10.0.22631) 64bit (Editor)	True	null	null	null	null	null	null	None	0	null	0	0	null	null	null	null	null	
2024/11/23 15:52:58.552	b135e9c82f3b5af8414a656ace8a78c8d45a7834	Windows 11  (10.0.22631) 64bit (Editor)	True	null	null	null	null	null	null	None	0	null	0	0	null	null	null	null	null	
2024/11/23 15:52:58.560	b135e9c82f3b5af8414a656ace8a78c8d45a7834	Windows 11  (10.0.22631) 64bit (Editor)	True	null	null	null	null	null	null	None	0	null	0	0	null	null	null	null	null	
2024/11/23 15:52:58.570	b135e9c82f3b5af8414a656ace8a78c8d45a7834	Windows 11  (10.0.22631) 64bit (Editor)	True	null	null	null	null	null	null	None	0	null	0	0	null	null	null	null	null	
2024/11/23 15:52:58.577	b135e9c82f3b5af8414a656ace8a78c8d45a7834	Windows 11  (10.0.22631) 64bit (Editor)	True	null	null	null	null	null	null	None	0	null	0	0	null	null	null	null	null	
2024/11/23 15:52:58.587	b135e9c82f3b5af8414a656ace8a78c8d45a7834	Windows 11  (10.0.22631) 64bit (Editor)	True	null	null	null	null	null	null	None	0	null	0	0	null	null	null	null	null	
2024/11/23 15:52:58.594	b135e9c82f3b5af8414a656ace8a78c8d45a7834	Windows 11  (10.0.22631) 64bit (Editor)	True	null	null	null	null	null	null	None	0	null	0	0	null	null	null	null	null	
2024/11/23 15:52:58.603	b135e9c82f3b5af8414a656ace8a78c8d45a7834	Windows 11  (10.0.22631) 64bit (Editor)	True	null	null	null	null	null	null	None	0	null	0	0	null	null	null	null	null	
2024/11/23 15:52:58.610	b135e9c82f3b5af8414a656ace8a78c8d45a7834	Windows 11  (10.0.22631) 64bit (Editor)	True	null	null	null	null	null	null	None	0	null	0	0	null	null	null	null	null	
2024/11/23 15:52:58.629	b135e9c82f3b5af8414a656ace8a78c8d45a7834	Windows 11  (10.0.22631) 64bit (Editor)	True	null	null	null	null	null	null	None	0	null	0	0	null	null	null	null	null	
2024/11/23 15:52:58.638	b135e9c82f3b5af8414a656ace8a78c8d45a7834	Windows 11  (10.0.22631) 64bit (Editor)	True	null	null	null	null	null	null	None	0	null	0	0	null	null	null	null	null	
2024/11/23 15:52:58.647	b135e9c82f3b5af8414a656ace8a78c8d45a7834	Windows 11  (10.0.22631) 64bit (Editor)	True	null	null	null	null	null	null	None	0	null	0	0	null	null	null	null	null	
2024/11/23 15:52:58.654	b135e9c82f3b5af8414a656ace8a78c8d45a7834	Windows 11  (10.0.22631) 64bit (Editor)	True	null	null	null	null	null	null	None	0	null	0	0	null	null	null	null	null	
2024/11/23 15:52:58.662	b135e9c82f3b5af8414a656ace8a78c8d45a7834	Windows 11  (10.0.22631) 64bit (Editor)	True	null	null	null	null	null	null	None	0	null	0	0	null	null	null	null	null	
2024/11/23 15:52:58.669	b135e9c82f3b5af8414a656ace8a78c8d45a7834	Windows 11  (10.0.22631) 64bit (Editor)	True	null	null	null	null	null	null	None	0	null	0	0	null	null	null	null	null	
2024/11/23 15:52:58.677	b135e9c82f3b5af8414a656ace8a78c8d45a7834	Windows 11  (10.0.22631) 64bit (Editor)	True	null	null	null	null	null	null	None	0	null	0	0	null	null	null	null	null	
2024/11/23 15:52:58.687	b135e9c82f3b5af8414a656ace8a78c8d45a7834	Windows 11  (10.0.22631) 64bit (Editor)	True	null	null	null	null	null	null	None	0	null	0	0	null	null	null	null	null	
2024/11/23 15:52:58.695	b135e9c82f3b5af8414a656ace8a78c8d45a7834	Windows 11  (10.0.22631) 64bit (Editor)	True	null	null	null	null	null	null	None	0	null	0	0	null	null	null	null	null	
2024/11/23 15:52:58.712	b135e9c82f3b5af8414a656ace8a78c8d45a7834	Windows 11  (10.0.22631) 64bit (Editor)	True	null	null	null	null	null	null	None	0	null	0	0	null	null	null	null	null	
2024/11/23 15:52:58.721	b135e9c82f3b5af8414a656ace8a78c8d45a7834	Windows 11  (10.0.22631) 64bit (Editor)	True	null	null	null	null	null	null	None	0	null	0	0	null	null	null	null	null	
2024/11/23 15:52:58.727	b135e9c82f3b5af8414a656ace8a78c8d45a7834	Windows 11  (10.0.22631) 64bit (Editor)	True	null	null	null	null	null	null	None	0	null	0	0	null	null	null	null	null	
2024/11/23 15:52:58.734	b135e9c82f3b5af8414a656ace8a78c8d45a7834	Windows 11  (10.0.22631) 64bit (Editor)	True	null	null	null	null	null	null	None	0	null	0	0	null	null	null	null	null	
2024/11/23 15:52:58.745	b135e9c82f3b5af8414a656ace8a78c8d45a7834	Windows 11  (10.0.22631) 64bit (Editor)	True	null	null	null	null	null	null	None	0	null	0	0	null	null	null	null	null	
2024/11/23 15:52:58.751	b135e9c82f3b5af8414a656ace8a78c8d45a7834	Windows 11  (10.0.22631) 64bit (Editor)	True	null	null	null	null	null	null	None	0	null	0	0	null	null	null	null	null	
2024/11/23 15:52:58.758	b135e9c82f3b5af8414a656ace8a78c8d45a7834	Windows 11  (10.0.22631) 64bit (Editor)	True	null	null	null	null	null	null	None	0	null	0	0	null	null	null	null	null	
2024/11/23 15:52:58.766	b135e9c82f3b5af8414a656ace8a78c8d45a7834	Windows 11  (10.0.22631) 64bit (Editor)	True	null	null	null	null	null	null	None	0	null	0	0	null	null	null	null	null	
2024/11/23 15:52:58.795	b135e9c82f3b5af8414a656ace8a78c8d45a7834	Windows 11  (10.0.22631) 64bit (Editor)	True	null	null	null	null	null	null	None	0	null	0	0	null	null	null	null	null	
2024/11/23 15:52:58.811	b135e9c82f3b5af8414a656ace8a78c8d45a7834	Windows 11  (10.0.22631) 64bit (Editor)	True	null	null	null	null	null	null	None	0	null	0	0	null	null	null	null	null	
2024/11/23 15:52:58.821	b135e9c82f3b5af8414a656ace8a78c8d45a7834	Windows 11  (10.0.22631) 64bit (Editor)	True	null	null	null	null	null	null	None	0	null	0	0	null	null	null	null	null	
2024/11/23 15:52:58.827	b135e9c82f3b5af8414a656ace8a78c8d45a7834	Windows 11  (10.0.22631) 64bit (Editor)	True	null	null	null	null	null	null	None	0	null	0	0	null	null	null	null	null	
2024/11/23 15:52:58.835	b135e9c82f3b5af8414a656ace8a78c8d45a7834	Windows 11  (10.0.22631) 64bit (Editor)	True	null	null	null	null	null	null	None	0	null	0	0	null	null	null	null	null	
2024/11/23 15:52:58.843	b135e9c82f3b5af8414a656ace8a78c8d45a7834	Windows 11  (10.0.22631) 64bit (Editor)	True	null	null	null	null	null	null	None	0	null	0	0	null	null	null	null	null	
2024/11/23 15:52:58.851	b135e9c82f3b5af8414a656ace8a78c8d45a7834	Windows 11  (10.0.22631) 64bit (Editor)	True	null	null	null	null	null	null	None	0	null	0	0	null	null	null	null	null	
2024/11/23 15:52:58.860	b135e9c82f3b5af8414a656ace8a78c8d45a7834	Windows 11  (10.0.22631) 64bit (Editor)	True	null	null	null	null	null	null	None	0	null	0	0	null	null	null	null	null	
2024/11/23 15:52:58.873	b135e9c82f3b5af8414a656ace8a78c8d45a7834	Windows 11  (10.0.22631) 64bit (Editor)	True	null	null	null	null	null	null	None	0	null	0	0	null	null	null	null	null	
2024/11/23 15:52:58.882	b135e9c82f3b5af8414a656ace8a78c8d45a7834	Windows 11  (10.0.22631) 64bit (Editor)	True	null	null	null	null	null	null	None	0	null	0	0	null	null	null	null	null	
2024/11/23 15:52:58.906	b135e9c82f3b5af8414a656ace8a78c8d45a7834	Windows 11  (10.0.22631) 64bit (Editor)	True	null	null	null	null	null	null	None	0	null	0	0	null	null	null	null	null	
