2024/11/23 15:48:49.341	b135e9c82f3b5af8414a656ace8a78c8d45a7834	Windows 11  (10.0.22631) 64bit (Editor)	True	null	null	null	null	null	null	None	0	null	0	0	null	null	null	null	null	
2024/11/23 15:48:49.472	b135e9c82f3b5af8414a656ace8a78c8d45a7834	Windows 11  (10.0.22631) 64bit (Editor)	True	null	null	null	null	null	null	None	0	null	0	0	null	null	null	null	null	
2024/11/23 15:48:50.211	b135e9c82f3b5af8414a656ace8a78c8d45a7834	Windows 11  (10.0.22631) 64bit (Editor)	True	null	null	null	null	null	null	None	0	null	0	0	null	null	null	null	null	
2024/11/23 15:48:50.259	b135e9c82f3b5af8414a656ace8a78c8d45a7834	Windows 11  (10.0.22631) 64bit (Editor)	True	null	null	null	null	null	null	None	0	null	0	0	null	null	null	null	null	
2024/11/23 15:48:50.282	b135e9c82f3b5af8414a656ace8a78c8d45a7834	Windows 11  (10.0.22631) 64bit (Editor)	True	null	null	null	null	null	null	None	0	null	0	0	null	null	null	null	null	
2024/11/23 15:48:50.293	b135e9c82f3b5af8414a656ace8a78c8d45a7834	Windows 11  (10.0.22631) 64bit (Editor)	True	null	null	null	null	null	null	None	0	null	0	0	null	null	null	null	null	
2024/11/23 15:48:50.300	b135e9c82f3b5af8414a656ace8a78c8d45a7834	Windows 11  (10.0.22631) 64bit (Editor)	True	null	null	null	null	null	null	None	0	null	0	0	null	null	null	null	null	
2024/11/23 15:48:50.311	b135e9c82f3b5af8414a656ace8a78c8d45a7834	Windows 11  (10.0.22631) 64bit (Editor)	True	null	null	null	null	null	null	None	0	null	0	0	null	null	null	null	null	
2024/11/23 15:48:50.321	b135e9c82f3b5af8414a656ace8a78c8d45a7834	Windows 11  (10.0.22631) 64bit (Editor)	True	null	null	null	null	null	null	None	0	null	0	0	null	null	null	null	null	
2024/11/23 15:48:50.328	b135e9c82f3b5af8414a656ace8a78c8d45a7834	Windows 11  (10.0.22631) 64bit (Editor)	True	null	null	null	null	null	null	None	0	null	0	0	null	null	null	null	null	
2024/11/23 15:48:50.342	b135e9c82f3b5af8414a656ace8a78c8d45a7834	Windows 11  (10.0.22631) 64bit (Editor)	True	null	null	null	null	null	null	None	0	null	0	0	null	null	null	null	null	
2024/11/23 15:48:50.348	b135e9c82f3b5af8414a656ace8a78c8d45a7834	Windows 11  (10.0.22631) 64bit (Editor)	True	null	null	null	null	null	null	None	0	null	0	0	null	null	null	null	null	
2024/11/23 15:48:50.356	b135e9c82f3b5af8414a656ace8a78c8d45a7834	Windows 11  (10.0.22631) 64bit (Editor)	True	null	null	null	null	null	null	None	0	null	0	0	null	null	null	null	null	
2024/11/23 15:48:50.373	b135e9c82f3b5af8414a656ace8a78c8d45a7834	Windows 11  (10.0.22631) 64bit (Editor)	True	null	null	null	null	null	null	None	0	null	0	0	null	null	null	null	null	
2024/11/23 15:48:50.379	b135e9c82f3b5af8414a656ace8a78c8d45a7834	Windows 11  (10.0.22631) 64bit (Editor)	True	null	null	null	null	null	null	None	0	null	0	0	null	null	null	null	null	
2024/11/23 15:48:50.388	b135e9c82f3b5af8414a656ace8a78c8d45a7834	Windows 11  (10.0.22631) 64bit (Editor)	True	null	null	null	null	null	null	None	0	null	0	0	null	null	null	null	null	
2024/11/23 15:48:50.395	b135e9c82f3b5af8414a656ace8a78c8d45a7834	Windows 11  (10.0.22631) 64bit (Editor)	True	null	null	null	null	null	null	None	0	null	0	0	null	null	null	null	null	
2024/11/23 15:48:50.403	b135e9c82f3b5af8414a656ace8a78c8d45a7834	Windows 11  (10.0.22631) 64bit (Editor)	True	null	null	null	null	null	null	None	0	null	0	0	null	null	null	null	null	
2024/11/23 15:48:50.409	b135e9c82f3b5af8414a656ace8a78c8d45a7834	Windows 11  (10.0.22631) 64bit (Editor)	True	null	null	null	null	null	null	None	0	null	0	0	null	null	null	null	null	
2024/11/23 15:48:50.419	b135e9c82f3b5af8414a656ace8a78c8d45a7834	Windows 11  (10.0.22631) 64bit (Editor)	True	null	null	null	null	null	null	None	0	null	0	0	null	null	null	null	null	
2024/11/23 15:48:50.425	b135e9c82f3b5af8414a656ace8a78c8d45a7834	Windows 11  (10.0.22631) 64bit (Editor)	True	null	null	null	null	null	null	None	0	null	0	0	null	null	null	null	null	
2024/11/23 15:48:50.433	b135e9c82f3b5af8414a656ace8a78c8d45a7834	Windows 11  (10.0.22631) 64bit (Editor)	True	null	null	null	null	null	null	None	0	null	0	0	null	null	null	null	null	
2024/11/23 15:48:50.440	b135e9c82f3b5af8414a656ace8a78c8d45a7834	Windows 11  (10.0.22631) 64bit (Editor)	True	null	null	null	null	null	null	None	0	null	0	0	null	null	null	null	null	
2024/11/23 15:48:50.447	b135e9c82f3b5af8414a656ace8a78c8d45a7834	Windows 11  (10.0.22631) 64bit (Editor)	True	null	null	null	null	null	null	None	0	null	0	0	null	null	null	null	null	
2024/11/23 15:48:50.455	b135e9c82f3b5af8414a656ace8a78c8d45a7834	Windows 11  (10.0.22631) 64bit (Editor)	True	null	null	null	null	null	null	None	0	null	0	0	null	null	null	null	null	
2024/11/23 15:48:50.461	b135e9c82f3b5af8414a656ace8a78c8d45a7834	Windows 11  (10.0.22631) 64bit (Editor)	True	null	null	null	null	null	null	None	0	null	0	0	null	null	null	null	null	
2024/11/23 15:48:50.468	b135e9c82f3b5af8414a656ace8a78c8d45a7834	Windows 11  (10.0.22631) 64bit (Editor)	True	null	null	null	null	null	null	None	0	null	0	0	null	null	null	null	null	
2024/11/23 15:48:50.476	b135e9c82f3b5af8414a656ace8a78c8d45a7834	Windows 11  (10.0.22631) 64bit (Editor)	True	null	null	null	null	null	null	None	0	null	0	0	null	null	null	null	null	
2024/11/23 15:48:50.484	b135e9c82f3b5af8414a656ace8a78c8d45a7834	Windows 11  (10.0.22631) 64bit (Editor)	True	null	null	null	null	null	null	None	0	null	0	0	null	null	null	null	null	
2024/11/23 15:48:50.492	b135e9c82f3b5af8414a656ace8a78c8d45a7834	Windows 11  (10.0.22631) 64bit (Editor)	True	null	null	null	null	null	null	None	0	null	0	0	null	null	null	null	null	
2024/11/23 15:48:50.500	b135e9c82f3b5af8414a656ace8a78c8d45a7834	Windows 11  (10.0.22631) 64bit (Editor)	True	null	null	null	null	null	null	None	0	null	0	0	null	null	null	null	null	
2024/11/23 15:48:50.510	b135e9c82f3b5af8414a656ace8a78c8d45a7834	Windows 11  (10.0.22631) 64bit (Editor)	True	null	null	null	null	null	null	None	0	null	0	0	null	null	null	null	null	
2024/11/23 15:48:50.528	b135e9c82f3b5af8414a656ace8a78c8d45a7834	Windows 11  (10.0.22631) 64bit (Editor)	True	null	null	null	null	null	null	None	0	null	0	0	null	null	null	null	null	
2024/11/23 15:48:50.536	b135e9c82f3b5af8414a656ace8a78c8d45a7834	Windows 11  (10.0.22631) 64bit (Editor)	True	null	null	null	null	null	null	None	0	null	0	0	null	null	null	null	null	
2024/11/23 15:48:50.543	b135e9c82f3b5af8414a656ace8a78c8d45a7834	Windows 11  (10.0.22631) 64bit (Editor)	True	null	null	null	null	null	null	None	0	null	0	0	null	null	null	null	null	
2024/11/23 15:48:50.550	b135e9c82f3b5af8414a656ace8a78c8d45a7834	Windows 11  (10.0.22631) 64bit (Editor)	True	null	null	null	null	null	null	None	0	null	0	0	null	null	null	null	null	
2024/11/23 15:48:50.557	b135e9c82f3b5af8414a656ace8a78c8d45a7834	Windows 11  (10.0.22631) 64bit (Editor)	True	null	null	null	null	null	null	None	0	null	0	0	null	null	null	null	null	
2024/11/23 15:48:50.564	b135e9c82f3b5af8414a656ace8a78c8d45a7834	Windows 11  (10.0.22631) 64bit (Editor)	True	null	null	null	null	null	null	None	0	null	0	0	null	null	null	null	null	
2024/11/23 15:48:50.573	b135e9c82f3b5af8414a656ace8a78c8d45a7834	Windows 11  (10.0.22631) 64bit (Editor)	True	null	null	null	null	null	null	None	0	null	0	0	null	null	null	null	null	
2024/11/23 15:48:50.579	b135e9c82f3b5af8414a656ace8a78c8d45a7834	Windows 11  (10.0.22631) 64bit (Editor)	True	null	null	null	null	null	null	None	0	null	0	0	null	null	null	null	null	
2024/11/23 15:48:50.587	b135e9c82f3b5af8414a656ace8a78c8d45a7834	Windows 11  (10.0.22631) 64bit (Editor)	True	null	null	null	null	null	null	None	0	null	0	0	null	null	null	null	null	
2024/11/23 15:48:50.594	b135e9c82f3b5af8414a656ace8a78c8d45a7834	Windows 11  (10.0.22631) 64bit (Editor)	True	null	null	null	null	null	null	None	0	null	0	0	null	null	null	null	null	
2024/11/23 15:48:50.602	b135e9c82f3b5af8414a656ace8a78c8d45a7834	Windows 11  (10.0.22631) 64bit (Editor)	True	null	null	null	null	null	null	None	0	null	0	0	null	null	null	null	null	
2024/11/23 15:48:50.609	b135e9c82f3b5af8414a656ace8a78c8d45a7834	Windows 11  (10.0.22631) 64bit (Editor)	True	null	null	null	null	null	null	None	0	null	0	0	null	null	null	null	null	
2024/11/23 15:48:50.616	b135e9c82f3b5af8414a656ace8a78c8d45a7834	Windows 11  (10.0.22631) 64bit (Editor)	True	null	null	null	null	null	null	None	0	null	0	0	null	null	null	null	null	
2024/11/23 15:48:50.623	b135e9c82f3b5af8414a656ace8a78c8d45a7834	Windows 11  (10.0.22631) 64bit (Editor)	True	null	null	null	null	null	null	None	0	null	0	0	null	null	null	null	null	
2024/11/23 15:48:50.630	b135e9c82f3b5af8414a656ace8a78c8d45a7834	Windows 11  (10.0.22631) 64bit (Editor)	True	null	null	null	null	null	null	None	0	null	0	0	null	null	null	null	null	
2024/11/23 15:48:50.639	b135e9c82f3b5af8414a656ace8a78c8d45a7834	Windows 11  (10.0.22631) 64bit (Editor)	True	null	null	null	null	null	null	None	0	null	0	0	null	null	null	null	null	
2024/11/23 15:48:50.647	b135e9c82f3b5af8414a656ace8a78c8d45a7834	Windows 11  (10.0.22631) 64bit (Editor)	True	null	null	null	null	null	null	None	0	null	0	0	null	null	null	null	null	
2024/11/23 15:48:50.655	b135e9c82f3b5af8414a656ace8a78c8d45a7834	Windows 11  (10.0.22631) 64bit (Editor)	True	null	null	null	null	null	null	None	0	null	0	0	null	null	null	null	null	
2024/11/23 15:48:50.664	b135e9c82f3b5af8414a656ace8a78c8d45a7834	Windows 11  (10.0.22631) 64bit (Editor)	True	null	null	null	null	null	null	None	0	null	0	0	null	null	null	null	null	
2024/11/23 15:48:50.681	b135e9c82f3b5af8414a656ace8a78c8d45a7834	Windows 11  (10.0.22631) 64bit (Editor)	True	null	null	null	null	null	null	None	0	null	0	0	null	null	null	null	null	
2024/11/23 15:48:50.689	b135e9c82f3b5af8414a656ace8a78c8d45a7834	Windows 11  (10.0.22631) 64bit (Editor)	True	null	null	null	null	null	null	None	0	null	0	0	null	null	null	null	null	
2024/11/23 15:48:50.695	b135e9c82f3b5af8414a656ace8a78c8d45a7834	Windows 11  (10.0.22631) 64bit (Editor)	True	null	null	null	null	null	null	None	0	null	0	0	null	null	null	null	null	
2024/11/23 15:48:50.703	b135e9c82f3b5af8414a656ace8a78c8d45a7834	Windows 11  (10.0.22631) 64bit (Editor)	True	null	null	null	null	null	null	None	0	null	0	0	null	null	null	null	null	
2024/11/23 15:48:50.710	b135e9c82f3b5af8414a656ace8a78c8d45a7834	Windows 11  (10.0.22631) 64bit (Editor)	True	null	null	null	null	null	null	None	0	null	0	0	null	null	null	null	null	
2024/11/23 15:48:50.717	b135e9c82f3b5af8414a656ace8a78c8d45a7834	Windows 11  (10.0.22631) 64bit (Editor)	True	null	null	null	null	null	null	None	0	null	0	0	null	null	null	null	null	
2024/11/23 15:48:50.724	b135e9c82f3b5af8414a656ace8a78c8d45a7834	Windows 11  (10.0.22631) 64bit (Editor)	True	null	null	null	null	null	null	None	0	null	0	0	null	null	null	null	null	
2024/11/23 15:48:50.732	b135e9c82f3b5af8414a656ace8a78c8d45a7834	Windows 11  (10.0.22631) 64bit (Editor)	True	null	null	null	null	null	null	None	0	null	0	0	null	null	null	null	null	
2024/11/23 15:48:50.739	b135e9c82f3b5af8414a656ace8a78c8d45a7834	Windows 11  (10.0.22631) 64bit (Editor)	True	null	null	null	null	null	null	None	0	null	0	0	null	null	null	null	null	
2024/11/23 15:48:50.746	b135e9c82f3b5af8414a656ace8a78c8d45a7834	Windows 11  (10.0.22631) 64bit (Editor)	True	null	null	null	null	null	null	None	0	null	0	0	null	null	null	null	null	
2024/11/23 15:48:50.752	b135e9c82f3b5af8414a656ace8a78c8d45a7834	Windows 11  (10.0.22631) 64bit (Editor)	True	null	null	null	null	null	null	None	0	null	0	0	null	null	null	null	null	
2024/11/23 15:48:50.760	b135e9c82f3b5af8414a656ace8a78c8d45a7834	Windows 11  (10.0.22631) 64bit (Editor)	True	null	null	null	null	null	null	None	0	null	0	0	null	null	null	null	null	
2024/11/23 15:48:50.766	b135e9c82f3b5af8414a656ace8a78c8d45a7834	Windows 11  (10.0.22631) 64bit (Editor)	True	null	null	null	null	null	null	None	0	null	0	0	null	null	null	null	null	
2024/11/23 15:48:50.774	b135e9c82f3b5af8414a656ace8a78c8d45a7834	Windows 11  (10.0.22631) 64bit (Editor)	True	null	null	null	null	null	null	None	0	null	0	0	null	null	null	null	null	
2024/11/23 15:48:50.781	b135e9c82f3b5af8414a656ace8a78c8d45a7834	Windows 11  (10.0.22631) 64bit (Editor)	True	null	null	null	null	null	null	None	0	null	0	0	null	null	null	null	null	
2024/11/23 15:48:50.787	b135e9c82f3b5af8414a656ace8a78c8d45a7834	Windows 11  (10.0.22631) 64bit (Editor)	True	null	null	null	null	null	null	None	0	null	0	0	null	null	null	null	null	
2024/11/23 15:48:50.794	b135e9c82f3b5af8414a656ace8a78c8d45a7834	Windows 11  (10.0.22631) 64bit (Editor)	True	null	null	null	null	null	null	None	0	null	0	0	null	null	null	null	null	
2024/11/23 15:48:50.802	b135e9c82f3b5af8414a656ace8a78c8d45a7834	Windows 11  (10.0.22631) 64bit (Editor)	True	null	null	null	null	null	null	None	0	null	0	0	null	null	null	null	null	
2024/11/23 15:48:50.809	b135e9c82f3b5af8414a656ace8a78c8d45a7834	Windows 11  (10.0.22631) 64bit (Editor)	True	null	null	null	null	null	null	None	0	null	0	0	null	null	null	null	null	
2024/11/23 15:48:50.816	b135e9c82f3b5af8414a656ace8a78c8d45a7834	Windows 11  (10.0.22631) 64bit (Editor)	True	null	null	null	null	null	null	None	0	null	0	0	null	null	null	null	null	
2024/11/23 15:48:50.831	b135e9c82f3b5af8414a656ace8a78c8d45a7834	Windows 11  (10.0.22631) 64bit (Editor)	True	null	null	null	null	null	null	None	0	null	0	0	null	null	null	null	null	
2024/11/23 15:48:50.841	b135e9c82f3b5af8414a656ace8a78c8d45a7834	Windows 11  (10.0.22631) 64bit (Editor)	True	null	null	null	null	null	null	None	0	null	0	0	null	null	null	null	null	
2024/11/23 15:48:50.847	b135e9c82f3b5af8414a656ace8a78c8d45a7834	Windows 11  (10.0.22631) 64bit (Editor)	True	null	null	null	null	null	null	None	0	null	0	0	null	null	null	null	null	
2024/11/23 15:48:50.855	b135e9c82f3b5af8414a656ace8a78c8d45a7834	Windows 11  (10.0.22631) 64bit (Editor)	True	null	null	null	null	null	null	None	0	null	0	0	null	null	null	null	null	
2024/11/23 15:48:50.861	b135e9c82f3b5af8414a656ace8a78c8d45a7834	Windows 11  (10.0.22631) 64bit (Editor)	True	null	null	null	null	null	null	None	0	null	0	0	null	null	null	null	null	
2024/11/23 15:48:50.870	b135e9c82f3b5af8414a656ace8a78c8d45a7834	Windows 11  (10.0.22631) 64bit (Editor)	True	null	null	null	null	null	null	None	0	null	0	0	null	null	null	null	null	
2024/11/23 15:48:50.877	b135e9c82f3b5af8414a656ace8a78c8d45a7834	Windows 11  (10.0.22631) 64bit (Editor)	True	null	null	null	null	null	null	None	0	null	0	0	null	null	null	null	null	
2024/11/23 15:48:50.884	b135e9c82f3b5af8414a656ace8a78c8d45a7834	Windows 11  (10.0.22631) 64bit (Editor)	True	null	null	null	null	null	null	None	0	null	0	0	null	null	null	null	null	
2024/11/23 15:48:50.890	b135e9c82f3b5af8414a656ace8a78c8d45a7834	Windows 11  (10.0.22631) 64bit (Editor)	True	null	null	null	null	null	null	None	0	null	0	0	null	null	null	null	null	
2024/11/23 15:48:50.898	b135e9c82f3b5af8414a656ace8a78c8d45a7834	Windows 11  (10.0.22631) 64bit (Editor)	True	null	null	null	null	null	null	None	0	null	0	0	null	null	null	null	null	
2024/11/23 15:48:50.906	b135e9c82f3b5af8414a656ace8a78c8d45a7834	Windows 11  (10.0.22631) 64bit (Editor)	True	null	null	null	null	null	null	None	0	null	0	0	null	null	null	null	null	
2024/11/23 15:48:50.914	b135e9c82f3b5af8414a656ace8a78c8d45a7834	Windows 11  (10.0.22631) 64bit (Editor)	True	null	null	null	null	null	null	None	0	null	0	0	null	null	null	null	null	
2024/11/23 15:48:50.922	b135e9c82f3b5af8414a656ace8a78c8d45a7834	Windows 11  (10.0.22631) 64bit (Editor)	True	null	null	null	null	null	null	None	0	null	0	0	null	null	null	null	null	
2024/11/23 15:48:50.929	b135e9c82f3b5af8414a656ace8a78c8d45a7834	Windows 11  (10.0.22631) 64bit (Editor)	True	null	null	null	null	null	null	None	0	null	0	0	null	null	null	null	null	
2024/11/23 15:48:50.937	b135e9c82f3b5af8414a656ace8a78c8d45a7834	Windows 11  (10.0.22631) 64bit (Editor)	True	null	null	null	null	null	null	None	0	null	0	0	null	null	null	null	null	
2024/11/23 15:48:50.943	b135e9c82f3b5af8414a656ace8a78c8d45a7834	Windows 11  (10.0.22631) 64bit (Editor)	True	null	null	null	null	null	null	None	0	null	0	0	null	null	null	null	null	
2024/11/23 15:48:50.950	b135e9c82f3b5af8414a656ace8a78c8d45a7834	Windows 11  (10.0.22631) 64bit (Editor)	True	null	null	null	null	null	null	None	0	null	0	0	null	null	null	null	null	
2024/11/23 15:48:50.957	b135e9c82f3b5af8414a656ace8a78c8d45a7834	Windows 11  (10.0.22631) 64bit (Editor)	True	null	null	null	null	null	null	None	0	null	0	0	null	null	null	null	null	
2024/11/23 15:48:50.964	b135e9c82f3b5af8414a656ace8a78c8d45a7834	Windows 11  (10.0.22631) 64bit (Editor)	True	null	null	null	null	null	null	None	0	null	0	0	null	null	null	null	null	
2024/11/23 15:48:50.971	b135e9c82f3b5af8414a656ace8a78c8d45a7834	Windows 11  (10.0.22631) 64bit (Editor)	True	null	null	null	null	null	null	None	0	null	0	0	null	null	null	null	null	
2024/11/23 15:48:50.987	b135e9c82f3b5af8414a656ace8a78c8d45a7834	Windows 11  (10.0.22631) 64bit (Editor)	True	null	null	null	null	null	null	None	0	null	0	0	null	null	null	null	null	
2024/11/23 15:48:50.996	b135e9c82f3b5af8414a656ace8a78c8d45a7834	Windows 11  (10.0.22631) 64bit (Editor)	True	null	null	null	null	null	null	None	0	null	0	0	null	null	null	null	null	
2024/11/23 15:48:51.004	b135e9c82f3b5af8414a656ace8a78c8d45a7834	Windows 11  (10.0.22631) 64bit (Editor)	True	null	null	null	null	null	null	None	0	null	0	0	null	null	null	null	null	
2024/11/23 15:48:51.011	b135e9c82f3b5af8414a656ace8a78c8d45a7834	Windows 11  (10.0.22631) 64bit (Editor)	True	null	null	null	null	null	null	None	0	null	0	0	null	null	null	null	null	
2024/11/23 15:48:51.018	b135e9c82f3b5af8414a656ace8a78c8d45a7834	Windows 11  (10.0.22631) 64bit (Editor)	True	null	null	null	null	null	null	None	0	null	0	0	null	null	null	null	null	
2024/11/23 15:48:51.027	b135e9c82f3b5af8414a656ace8a78c8d45a7834	Windows 11  (10.0.22631) 64bit (Editor)	True	null	null	null	null	null	null	None	0	null	0	0	null	null	null	null	null	
2024/11/23 15:48:51.034	b135e9c82f3b5af8414a656ace8a78c8d45a7834	Windows 11  (10.0.22631) 64bit (Editor)	True	null	null	null	null	null	null	None	0	null	0	0	null	null	null	null	null	
2024/11/23 15:48:51.042	b135e9c82f3b5af8414a656ace8a78c8d45a7834	Windows 11  (10.0.22631) 64bit (Editor)	True	null	null	null	null	null	null	None	0	null	0	0	null	null	null	null	null	
2024/11/23 15:48:51.049	b135e9c82f3b5af8414a656ace8a78c8d45a7834	Windows 11  (10.0.22631) 64bit (Editor)	True	null	null	null	null	null	null	None	0	null	0	0	null	null	null	null	null	
2024/11/23 15:48:51.056	b135e9c82f3b5af8414a656ace8a78c8d45a7834	Windows 11  (10.0.22631) 64bit (Editor)	True	null	null	null	null	null	null	None	0	null	0	0	null	null	null	null	null	
2024/11/23 15:48:51.063	b135e9c82f3b5af8414a656ace8a78c8d45a7834	Windows 11  (10.0.22631) 64bit (Editor)	True	null	null	null	null	null	null	None	0	null	0	0	null	null	null	null	null	
2024/11/23 15:48:51.071	b135e9c82f3b5af8414a656ace8a78c8d45a7834	Windows 11  (10.0.22631) 64bit (Editor)	True	null	null	null	null	null	null	None	0	null	0	0	null	null	null	null	null	
2024/11/23 15:48:51.077	b135e9c82f3b5af8414a656ace8a78c8d45a7834	Windows 11  (10.0.22631) 64bit (Editor)	True	null	null	null	null	null	null	None	0	null	0	0	null	null	null	null	null	
2024/11/23 15:48:51.085	b135e9c82f3b5af8414a656ace8a78c8d45a7834	Windows 11  (10.0.22631) 64bit (Editor)	True	null	null	null	null	null	null	None	0	null	0	0	null	null	null	null	null	
2024/11/23 15:48:51.092	b135e9c82f3b5af8414a656ace8a78c8d45a7834	Windows 11  (10.0.22631) 64bit (Editor)	True	null	null	null	null	null	null	None	0	null	0	0	null	null	null	null	null	
2024/11/23 15:48:51.098	b135e9c82f3b5af8414a656ace8a78c8d45a7834	Windows 11  (10.0.22631) 64bit (Editor)	True	null	null	null	null	null	null	None	0	null	0	0	null	null	null	null	null	
2024/11/23 15:48:51.113	b135e9c82f3b5af8414a656ace8a78c8d45a7834	Windows 11  (10.0.22631) 64bit (Editor)	True	null	null	null	null	null	null	None	0	null	0	0	null	null	null	null	null	
2024/11/23 15:48:51.126	b135e9c82f3b5af8414a656ace8a78c8d45a7834	Windows 11  (10.0.22631) 64bit (Editor)	True	null	null	null	null	null	null	None	0	null	0	0	null	null	null	null	null	
2024/11/23 15:48:51.144	b135e9c82f3b5af8414a656ace8a78c8d45a7834	Windows 11  (10.0.22631) 64bit (Editor)	True	null	null	null	null	null	null	None	0	null	0	0	null	null	null	null	null	
2024/11/23 15:48:51.155	b135e9c82f3b5af8414a656ace8a78c8d45a7834	Windows 11  (10.0.22631) 64bit (Editor)	True	null	null	null	null	null	null	None	0	null	0	0	null	null	null	null	null	
2024/11/23 15:48:51.163	b135e9c82f3b5af8414a656ace8a78c8d45a7834	Windows 11  (10.0.22631) 64bit (Editor)	True	null	null	null	null	null	null	None	0	null	0	0	null	null	null	null	null	
2024/11/23 15:48:51.171	b135e9c82f3b5af8414a656ace8a78c8d45a7834	Windows 11  (10.0.22631) 64bit (Editor)	True	null	null	null	null	null	null	None	0	null	0	0	null	null	null	null	null	
2024/11/23 15:48:51.180	b135e9c82f3b5af8414a656ace8a78c8d45a7834	Windows 11  (10.0.22631) 64bit (Editor)	True	null	null	null	null	null	null	None	0	null	0	0	null	null	null	null	null	
2024/11/23 15:48:51.189	b135e9c82f3b5af8414a656ace8a78c8d45a7834	Windows 11  (10.0.22631) 64bit (Editor)	True	null	null	null	null	null	null	None	0	null	0	0	null	null	null	null	null	
2024/11/23 15:48:51.196	b135e9c82f3b5af8414a656ace8a78c8d45a7834	Windows 11  (10.0.22631) 64bit (Editor)	True	null	null	null	null	null	null	None	0	null	0	0	null	null	null	null	null	
2024/11/23 15:48:51.204	b135e9c82f3b5af8414a656ace8a78c8d45a7834	Windows 11  (10.0.22631) 64bit (Editor)	True	null	null	null	null	null	null	None	0	null	0	0	null	null	null	null	null	
2024/11/23 15:48:51.211	b135e9c82f3b5af8414a656ace8a78c8d45a7834	Windows 11  (10.0.22631) 64bit (Editor)	True	null	null	null	null	null	null	None	0	null	0	0	null	null	null	null	null	
2024/11/23 15:48:51.219	b135e9c82f3b5af8414a656ace8a78c8d45a7834	Windows 11  (10.0.22631) 64bit (Editor)	True	null	null	null	null	null	null	None	0	null	0	0	null	null	null	null	null	
2024/11/23 15:48:51.227	b135e9c82f3b5af8414a656ace8a78c8d45a7834	Windows 11  (10.0.22631) 64bit (Editor)	True	null	null	null	null	null	null	None	0	null	0	0	null	null	null	null	null	
2024/11/23 15:48:51.233	b135e9c82f3b5af8414a656ace8a78c8d45a7834	Windows 11  (10.0.22631) 64bit (Editor)	True	null	null	null	null	null	null	None	0	null	0	0	null	null	null	null	null	
2024/11/23 15:48:51.243	b135e9c82f3b5af8414a656ace8a78c8d45a7834	Windows 11  (10.0.22631) 64bit (Editor)	True	null	null	null	null	null	null	None	0	null	0	0	null	null	null	null	null	
2024/11/23 15:48:51.249	b135e9c82f3b5af8414a656ace8a78c8d45a7834	Windows 11  (10.0.22631) 64bit (Editor)	True	null	null	null	null	null	null	None	0	null	0	0	null	null	null	null	null	
2024/11/23 15:48:51.256	b135e9c82f3b5af8414a656ace8a78c8d45a7834	Windows 11  (10.0.22631) 64bit (Editor)	True	null	null	null	null	null	null	None	0	null	0	0	null	null	null	null	null	
2024/11/23 15:48:51.262	b135e9c82f3b5af8414a656ace8a78c8d45a7834	Windows 11  (10.0.22631) 64bit (Editor)	True	null	null	null	null	null	null	None	0	null	0	0	null	null	null	null	null	
2024/11/23 15:48:51.273	b135e9c82f3b5af8414a656ace8a78c8d45a7834	Windows 11  (10.0.22631) 64bit (Editor)	True	null	null	null	null	null	null	None	0	null	0	0	null	null	null	null	null	
2024/11/23 15:48:51.279	b135e9c82f3b5af8414a656ace8a78c8d45a7834	Windows 11  (10.0.22631) 64bit (Editor)	True	null	null	null	null	null	null	None	0	null	0	0	null	null	null	null	null	
2024/11/23 15:48:51.297	b135e9c82f3b5af8414a656ace8a78c8d45a7834	Windows 11  (10.0.22631) 64bit (Editor)	True	null	null	null	null	null	null	None	0	null	0	0	null	null	null	null	null	
2024/11/23 15:48:51.304	b135e9c82f3b5af8414a656ace8a78c8d45a7834	Windows 11  (10.0.22631) 64bit (Editor)	True	null	null	null	null	null	null	None	0	null	0	0	null	null	null	null	null	
2024/11/23 15:48:51.311	b135e9c82f3b5af8414a656ace8a78c8d45a7834	Windows 11  (10.0.22631) 64bit (Editor)	True	null	null	null	null	null	null	None	0	null	0	0	null	null	null	null	null	
2024/11/23 15:48:51.319	b135e9c82f3b5af8414a656ace8a78c8d45a7834	Windows 11  (10.0.22631) 64bit (Editor)	True	null	null	null	null	null	null	None	0	null	0	0	null	null	null	null	null	
2024/11/23 15:48:51.326	b135e9c82f3b5af8414a656ace8a78c8d45a7834	Windows 11  (10.0.22631) 64bit (Editor)	True	null	null	null	null	null	null	None	0	null	0	0	null	null	null	null	null	
2024/11/23 15:48:51.332	b135e9c82f3b5af8414a656ace8a78c8d45a7834	Windows 11  (10.0.22631) 64bit (Editor)	True	null	null	null	null	null	null	None	0	null	0	0	null	null	null	null	null	
2024/11/23 15:48:51.340	b135e9c82f3b5af8414a656ace8a78c8d45a7834	Windows 11  (10.0.22631) 64bit (Editor)	True	null	null	null	null	null	null	None	0	null	0	0	null	null	null	null	null	
2024/11/23 15:48:51.347	b135e9c82f3b5af8414a656ace8a78c8d45a7834	Windows 11  (10.0.22631) 64bit (Editor)	True	null	null	null	null	null	null	None	0	null	0	0	null	null	null	null	null	
2024/11/23 15:48:51.356	b135e9c82f3b5af8414a656ace8a78c8d45a7834	Windows 11  (10.0.22631) 64bit (Editor)	True	null	null	null	null	null	null	None	0	null	0	0	null	null	null	null	null	
2024/11/23 15:48:51.363	b135e9c82f3b5af8414a656ace8a78c8d45a7834	Windows 11  (10.0.22631) 64bit (Editor)	True	null	null	null	null	null	null	None	0	null	0	0	null	null	null	null	null	
2024/11/23 15:48:51.370	b135e9c82f3b5af8414a656ace8a78c8d45a7834	Windows 11  (10.0.22631) 64bit (Editor)	True	null	null	null	null	null	null	None	0	null	0	0	null	null	null	null	null	
2024/11/23 15:48:51.376	b135e9c82f3b5af8414a656ace8a78c8d45a7834	Windows 11  (10.0.22631) 64bit (Editor)	True	null	null	null	null	null	null	None	0	null	0	0	null	null	null	null	null	
2024/11/23 15:48:51.383	b135e9c82f3b5af8414a656ace8a78c8d45a7834	Windows 11  (10.0.22631) 64bit (Editor)	True	null	null	null	null	null	null	None	0	null	0	0	null	null	null	null	null	
2024/11/23 15:48:51.391	b135e9c82f3b5af8414a656ace8a78c8d45a7834	Windows 11  (10.0.22631) 64bit (Editor)	True	null	null	null	null	null	null	None	0	null	0	0	null	null	null	null	null	
2024/11/23 15:48:51.398	b135e9c82f3b5af8414a656ace8a78c8d45a7834	Windows 11  (10.0.22631) 64bit (Editor)	True	null	null	null	null	null	null	None	0	null	0	0	null	null	null	null	null	
2024/11/23 15:48:51.405	b135e9c82f3b5af8414a656ace8a78c8d45a7834	Windows 11  (10.0.22631) 64bit (Editor)	True	null	null	null	null	null	null	None	0	null	0	0	null	null	null	null	null	
2024/11/23 15:48:51.412	b135e9c82f3b5af8414a656ace8a78c8d45a7834	Windows 11  (10.0.22631) 64bit (Editor)	True	null	null	null	null	null	null	None	0	null	0	0	null	null	null	null	null	
2024/11/23 15:48:51.418	b135e9c82f3b5af8414a656ace8a78c8d45a7834	Windows 11  (10.0.22631) 64bit (Editor)	True	null	null	null	null	null	null	None	0	null	0	0	null	null	null	null	null	
2024/11/23 15:48:51.426	b135e9c82f3b5af8414a656ace8a78c8d45a7834	Windows 11  (10.0.22631) 64bit (Editor)	True	null	null	null	null	null	null	None	0	null	0	0	null	null	null	null	null	
2024/11/23 15:48:51.434	b135e9c82f3b5af8414a656ace8a78c8d45a7834	Windows 11  (10.0.22631) 64bit (Editor)	True	null	null	null	null	null	null	None	0	null	0	0	null	null	null	null	null	
2024/11/23 15:48:51.457	b135e9c82f3b5af8414a656ace8a78c8d45a7834	Windows 11  (10.0.22631) 64bit (Editor)	True	null	null	null	null	null	null	None	0	null	0	0	null	null	null	null	null	
2024/11/23 15:48:51.465	b135e9c82f3b5af8414a656ace8a78c8d45a7834	Windows 11  (10.0.22631) 64bit (Editor)	True	null	null	null	null	null	null	None	0	null	0	0	null	null	null	null	null	
2024/11/23 15:48:51.473	b135e9c82f3b5af8414a656ace8a78c8d45a7834	Windows 11  (10.0.22631) 64bit (Editor)	True	null	null	null	null	null	null	None	0	null	0	0	null	null	null	null	null	
2024/11/23 15:48:51.481	b135e9c82f3b5af8414a656ace8a78c8d45a7834	Windows 11  (10.0.22631) 64bit (Editor)	True	null	null	null	null	null	null	None	0	null	0	0	null	null	null	null	null	
2024/11/23 15:48:51.488	b135e9c82f3b5af8414a656ace8a78c8d45a7834	Windows 11  (10.0.22631) 64bit (Editor)	True	null	null	null	null	null	null	None	0	null	0	0	null	null	null	null	null	
2024/11/23 15:48:51.496	b135e9c82f3b5af8414a656ace8a78c8d45a7834	Windows 11  (10.0.22631) 64bit (Editor)	True	null	null	null	null	null	null	None	0	null	0	0	null	null	null	null	null	
2024/11/23 15:48:51.505	b135e9c82f3b5af8414a656ace8a78c8d45a7834	Windows 11  (10.0.22631) 64bit (Editor)	True	null	null	null	null	null	null	None	0	null	0	0	null	null	null	null	null	
2024/11/23 15:48:51.513	b135e9c82f3b5af8414a656ace8a78c8d45a7834	Windows 11  (10.0.22631) 64bit (Editor)	True	null	null	null	null	null	null	None	0	null	0	0	null	null	null	null	null	
2024/11/23 15:48:51.520	b135e9c82f3b5af8414a656ace8a78c8d45a7834	Windows 11  (10.0.22631) 64bit (Editor)	True	null	null	null	null	null	null	None	0	null	0	0	null	null	null	null	null	
2024/11/23 15:48:51.527	b135e9c82f3b5af8414a656ace8a78c8d45a7834	Windows 11  (10.0.22631) 64bit (Editor)	True	null	null	null	null	null	null	None	0	null	0	0	null	null	null	null	null	
2024/11/23 15:48:51.535	b135e9c82f3b5af8414a656ace8a78c8d45a7834	Windows 11  (10.0.22631) 64bit (Editor)	True	null	null	null	null	null	null	None	0	null	0	0	null	null	null	null	null	
2024/11/23 15:48:51.542	b135e9c82f3b5af8414a656ace8a78c8d45a7834	Windows 11  (10.0.22631) 64bit (Editor)	True	null	null	null	null	null	null	None	0	null	0	0	null	null	null	null	null	
2024/11/23 15:48:51.550	b135e9c82f3b5af8414a656ace8a78c8d45a7834	Windows 11  (10.0.22631) 64bit (Editor)	True	null	null	null	null	null	null	None	0	null	0	0	null	null	null	null	null	
2024/11/23 15:48:51.557	b135e9c82f3b5af8414a656ace8a78c8d45a7834	Windows 11  (10.0.22631) 64bit (Editor)	True	null	null	null	null	null	null	None	0	null	0	0	null	null	null	null	null	
2024/11/23 15:48:51.565	b135e9c82f3b5af8414a656ace8a78c8d45a7834	Windows 11  (10.0.22631) 64bit (Editor)	True	null	null	null	null	null	null	None	0	null	0	0	null	null	null	null	null	
2024/11/23 15:48:51.573	b135e9c82f3b5af8414a656ace8a78c8d45a7834	Windows 11  (10.0.22631) 64bit (Editor)	True	null	null	null	null	null	null	None	0	null	0	0	null	null	null	null	null	
2024/11/23 15:48:51.581	b135e9c82f3b5af8414a656ace8a78c8d45a7834	Windows 11  (10.0.22631) 64bit (Editor)	True	null	null	null	null	null	null	None	0	null	0	0	null	null	null	null	null	
2024/11/23 15:48:51.589	b135e9c82f3b5af8414a656ace8a78c8d45a7834	Windows 11  (10.0.22631) 64bit (Editor)	True	null	null	null	null	null	null	None	0	null	0	0	null	null	null	null	null	
2024/11/23 15:48:51.607	b135e9c82f3b5af8414a656ace8a78c8d45a7834	Windows 11  (10.0.22631) 64bit (Editor)	True	null	null	null	null	null	null	None	0	null	0	0	null	null	null	null	null	
2024/11/23 15:48:51.615	b135e9c82f3b5af8414a656ace8a78c8d45a7834	Windows 11  (10.0.22631) 64bit (Editor)	True	null	null	null	null	null	null	None	0	null	0	0	null	null	null	null	null	
2024/11/23 15:48:51.624	b135e9c82f3b5af8414a656ace8a78c8d45a7834	Windows 11  (10.0.22631) 64bit (Editor)	True	null	null	null	null	null	null	None	0	null	0	0	null	null	null	null	null	
2024/11/23 15:48:51.631	b135e9c82f3b5af8414a656ace8a78c8d45a7834	Windows 11  (10.0.22631) 64bit (Editor)	True	null	null	null	null	null	null	None	0	null	0	0	null	null	null	null	null	
2024/11/23 15:48:51.639	b135e9c82f3b5af8414a656ace8a78c8d45a7834	Windows 11  (10.0.22631) 64bit (Editor)	True	null	null	null	null	null	null	None	0	null	0	0	null	null	null	null	null	
2024/11/23 15:48:51.647	b135e9c82f3b5af8414a656ace8a78c8d45a7834	Windows 11  (10.0.22631) 64bit (Editor)	True	null	null	null	null	null	null	None	0	null	0	0	null	null	null	null	null	
2024/11/23 15:48:51.655	b135e9c82f3b5af8414a656ace8a78c8d45a7834	Windows 11  (10.0.22631) 64bit (Editor)	True	null	null	null	null	null	null	None	0	null	0	0	null	null	null	null	null	
2024/11/23 15:48:51.664	b135e9c82f3b5af8414a656ace8a78c8d45a7834	Windows 11  (10.0.22631) 64bit (Editor)	True	null	null	null	null	null	null	None	0	null	0	0	null	null	null	null	null	
2024/11/23 15:48:51.671	b135e9c82f3b5af8414a656ace8a78c8d45a7834	Windows 11  (10.0.22631) 64bit (Editor)	True	null	null	null	null	null	null	None	0	null	0	0	null	null	null	null	null	
2024/11/23 15:48:51.679	b135e9c82f3b5af8414a656ace8a78c8d45a7834	Windows 11  (10.0.22631) 64bit (Editor)	True	null	null	null	null	null	null	None	0	null	0	0	null	null	null	null	null	
2024/11/23 15:48:51.686	b135e9c82f3b5af8414a656ace8a78c8d45a7834	Windows 11  (10.0.22631) 64bit (Editor)	True	null	null	null	null	null	null	None	0	null	0	0	null	null	null	null	null	
2024/11/23 15:48:51.696	b135e9c82f3b5af8414a656ace8a78c8d45a7834	Windows 11  (10.0.22631) 64bit (Editor)	True	null	null	null	null	null	null	None	0	null	0	0	null	null	null	null	null	
2024/11/23 15:48:51.703	b135e9c82f3b5af8414a656ace8a78c8d45a7834	Windows 11  (10.0.22631) 64bit (Editor)	True	null	null	null	null	null	null	None	0	null	0	0	null	null	null	null	null	
2024/11/23 15:48:51.710	b135e9c82f3b5af8414a656ace8a78c8d45a7834	Windows 11  (10.0.22631) 64bit (Editor)	True	null	null	null	null	null	null	None	0	null	0	0	null	null	null	null	null	
2024/11/23 15:48:51.717	b135e9c82f3b5af8414a656ace8a78c8d45a7834	Windows 11  (10.0.22631) 64bit (Editor)	True	null	null	null	null	null	null	None	0	null	0	0	null	null	null	null	null	
2024/11/23 15:48:51.727	b135e9c82f3b5af8414a656ace8a78c8d45a7834	Windows 11  (10.0.22631) 64bit (Editor)	True	null	null	null	null	null	null	None	0	null	0	0	null	null	null	null	null	
2024/11/23 15:48:51.735	b135e9c82f3b5af8414a656ace8a78c8d45a7834	Windows 11  (10.0.22631) 64bit (Editor)	True	null	null	null	null	null	null	None	0	null	0	0	null	null	null	null	null	
2024/11/23 15:48:51.743	b135e9c82f3b5af8414a656ace8a78c8d45a7834	Windows 11  (10.0.22631) 64bit (Editor)	True	null	null	null	null	null	null	None	0	null	0	0	null	null	null	null	null	
2024/11/23 15:48:51.759	b135e9c82f3b5af8414a656ace8a78c8d45a7834	Windows 11  (10.0.22631) 64bit (Editor)	True	null	null	null	null	null	null	None	0	null	0	0	null	null	null	null	null	
2024/11/23 15:48:51.765	b135e9c82f3b5af8414a656ace8a78c8d45a7834	Windows 11  (10.0.22631) 64bit (Editor)	True	null	null	null	null	null	null	None	0	null	0	0	null	null	null	null	null	
2024/11/23 15:48:51.774	b135e9c82f3b5af8414a656ace8a78c8d45a7834	Windows 11  (10.0.22631) 64bit (Editor)	True	null	null	null	null	null	null	None	0	null	0	0	null	null	null	null	null	
2024/11/23 15:48:51.780	b135e9c82f3b5af8414a656ace8a78c8d45a7834	Windows 11  (10.0.22631) 64bit (Editor)	True	null	null	null	null	null	null	None	0	null	0	0	null	null	null	null	null	
2024/11/23 15:48:51.787	b135e9c82f3b5af8414a656ace8a78c8d45a7834	Windows 11  (10.0.22631) 64bit (Editor)	True	null	null	null	null	null	null	None	0	null	0	0	null	null	null	null	null	
2024/11/23 15:48:51.794	b135e9c82f3b5af8414a656ace8a78c8d45a7834	Windows 11  (10.0.22631) 64bit (Editor)	True	null	null	null	null	null	null	None	0	null	0	0	null	null	null	null	null	
2024/11/23 15:48:51.801	b135e9c82f3b5af8414a656ace8a78c8d45a7834	Windows 11  (10.0.22631) 64bit (Editor)	True	null	null	null	null	null	null	None	0	null	0	0	null	null	null	null	null	
2024/11/23 15:48:51.808	b135e9c82f3b5af8414a656ace8a78c8d45a7834	Windows 11  (10.0.22631) 64bit (Editor)	True	null	null	null	null	null	null	None	0	null	0	0	null	null	null	null	null	
2024/11/23 15:48:51.816	b135e9c82f3b5af8414a656ace8a78c8d45a7834	Windows 11  (10.0.22631) 64bit (Editor)	True	null	null	null	null	null	null	None	0	null	0	0	null	null	null	null	null	
2024/11/23 15:48:51.822	b135e9c82f3b5af8414a656ace8a78c8d45a7834	Windows 11  (10.0.22631) 64bit (Editor)	True	null	null	null	null	null	null	None	0	null	0	0	null	null	null	null	null	
2024/11/23 15:48:51.828	b135e9c82f3b5af8414a656ace8a78c8d45a7834	Windows 11  (10.0.22631) 64bit (Editor)	True	null	null	null	null	null	null	None	0	null	0	0	null	null	null	null	null	
2024/11/23 15:48:51.838	b135e9c82f3b5af8414a656ace8a78c8d45a7834	Windows 11  (10.0.22631) 64bit (Editor)	True	null	null	null	null	null	null	None	0	null	0	0	null	null	null	null	null	
2024/11/23 15:48:51.844	b135e9c82f3b5af8414a656ace8a78c8d45a7834	Windows 11  (10.0.22631) 64bit (Editor)	True	null	null	null	null	null	null	None	0	null	0	0	null	null	null	null	null	
2024/11/23 15:48:51.855	b135e9c82f3b5af8414a656ace8a78c8d45a7834	Windows 11  (10.0.22631) 64bit (Editor)	True	null	null	null	null	null	null	None	0	null	0	0	null	null	null	null	null	
2024/11/23 15:48:51.862	b135e9c82f3b5af8414a656ace8a78c8d45a7834	Windows 11  (10.0.22631) 64bit (Editor)	True	null	null	null	null	null	null	None	0	null	0	0	null	null	null	null	null	
2024/11/23 15:48:51.869	b135e9c82f3b5af8414a656ace8a78c8d45a7834	Windows 11  (10.0.22631) 64bit (Editor)	True	null	null	null	null	null	null	None	0	null	0	0	null	null	null	null	null	
2024/11/23 15:48:51.877	b135e9c82f3b5af8414a656ace8a78c8d45a7834	Windows 11  (10.0.22631) 64bit (Editor)	True	null	null	null	null	null	null	None	0	null	0	0	null	null	null	null	null	
2024/11/23 15:48:51.885	b135e9c82f3b5af8414a656ace8a78c8d45a7834	Windows 11  (10.0.22631) 64bit (Editor)	True	null	null	null	null	null	null	None	0	null	0	0	null	null	null	null	null	
2024/11/23 15:48:51.892	b135e9c82f3b5af8414a656ace8a78c8d45a7834	Windows 11  (10.0.22631) 64bit (Editor)	True	null	null	null	null	null	null	None	0	null	0	0	null	null	null	null	null	
2024/11/23 15:48:51.900	b135e9c82f3b5af8414a656ace8a78c8d45a7834	Windows 11  (10.0.22631) 64bit (Editor)	True	null	null	null	null	null	null	None	0	null	0	0	null	null	null	null	null	
2024/11/23 15:48:51.917	b135e9c82f3b5af8414a656ace8a78c8d45a7834	Windows 11  (10.0.22631) 64bit (Editor)	True	null	null	null	null	null	null	None	0	null	0	0	null	null	null	null	null	
2024/11/23 15:48:51.927	b135e9c82f3b5af8414a656ace8a78c8d45a7834	Windows 11  (10.0.22631) 64bit (Editor)	True	null	null	null	null	null	null	None	0	null	0	0	null	null	null	null	null	
2024/11/23 15:48:51.936	b135e9c82f3b5af8414a656ace8a78c8d45a7834	Windows 11  (10.0.22631) 64bit (Editor)	True	null	null	null	null	null	null	None	0	null	0	0	null	null	null	null	null	
2024/11/23 15:48:51.944	b135e9c82f3b5af8414a656ace8a78c8d45a7834	Windows 11  (10.0.22631) 64bit (Editor)	True	null	null	null	null	null	null	None	0	null	0	0	null	null	null	null	null	
2024/11/23 15:48:51.952	b135e9c82f3b5af8414a656ace8a78c8d45a7834	Windows 11  (10.0.22631) 64bit (Editor)	True	null	null	null	null	null	null	None	0	null	0	0	null	null	null	null	null	
2024/11/23 15:48:51.959	b135e9c82f3b5af8414a656ace8a78c8d45a7834	Windows 11  (10.0.22631) 64bit (Editor)	True	null	null	null	null	null	null	None	0	null	0	0	null	null	null	null	null	
2024/11/23 15:48:51.968	b135e9c82f3b5af8414a656ace8a78c8d45a7834	Windows 11  (10.0.22631) 64bit (Editor)	True	null	null	null	null	null	null	None	0	null	0	0	null	null	null	null	null	
2024/11/23 15:48:51.977	b135e9c82f3b5af8414a656ace8a78c8d45a7834	Windows 11  (10.0.22631) 64bit (Editor)	True	null	null	null	null	null	null	None	0	null	0	0	null	null	null	null	null	
2024/11/23 15:48:51.986	b135e9c82f3b5af8414a656ace8a78c8d45a7834	Windows 11  (10.0.22631) 64bit (Editor)	True	null	null	null	null	null	null	None	0	null	0	0	null	null	null	null	null	
2024/11/23 15:48:51.995	b135e9c82f3b5af8414a656ace8a78c8d45a7834	Windows 11  (10.0.22631) 64bit (Editor)	True	null	null	null	null	null	null	None	0	null	0	0	null	null	null	null	null	
2024/11/23 15:48:52.004	b135e9c82f3b5af8414a656ace8a78c8d45a7834	Windows 11  (10.0.22631) 64bit (Editor)	True	null	null	null	null	null	null	None	0	null	0	0	null	null	null	null	null	
2024/11/23 15:48:52.011	b135e9c82f3b5af8414a656ace8a78c8d45a7834	Windows 11  (10.0.22631) 64bit (Editor)	True	null	null	null	null	null	null	None	0	null	0	0	null	null	null	null	null	
2024/11/23 15:48:52.020	b135e9c82f3b5af8414a656ace8a78c8d45a7834	Windows 11  (10.0.22631) 64bit (Editor)	True	null	null	null	null	null	null	None	0	null	0	0	null	null	null	null	null	
2024/11/23 15:48:52.033	b135e9c82f3b5af8414a656ace8a78c8d45a7834	Windows 11  (10.0.22631) 64bit (Editor)	True	null	null	null	null	null	null	None	0	null	0	0	null	null	null	null	null	
2024/11/23 15:48:52.042	b135e9c82f3b5af8414a656ace8a78c8d45a7834	Windows 11  (10.0.22631) 64bit (Editor)	True	null	null	null	null	null	null	None	0	null	0	0	null	null	null	null	null	
2024/11/23 15:48:52.052	b135e9c82f3b5af8414a656ace8a78c8d45a7834	Windows 11  (10.0.22631) 64bit (Editor)	True	null	null	null	null	null	null	None	0	null	0	0	null	null	null	null	null	
2024/11/23 15:48:52.070	b135e9c82f3b5af8414a656ace8a78c8d45a7834	Windows 11  (10.0.22631) 64bit (Editor)	True	null	null	null	null	null	null	None	0	null	0	0	null	null	null	null	null	
2024/11/23 15:48:52.078	b135e9c82f3b5af8414a656ace8a78c8d45a7834	Windows 11  (10.0.22631) 64bit (Editor)	True	null	null	null	null	null	null	None	0	null	0	0	null	null	null	null	null	
2024/11/23 15:48:52.086	b135e9c82f3b5af8414a656ace8a78c8d45a7834	Windows 11  (10.0.22631) 64bit (Editor)	True	null	null	null	null	null	null	None	0	null	0	0	null	null	null	null	null	
2024/11/23 15:48:52.094	b135e9c82f3b5af8414a656ace8a78c8d45a7834	Windows 11  (10.0.22631) 64bit (Editor)	True	null	null	null	null	null	null	None	0	null	0	0	null	null	null	null	null	
2024/11/23 15:48:52.102	b135e9c82f3b5af8414a656ace8a78c8d45a7834	Windows 11  (10.0.22631) 64bit (Editor)	True	null	null	null	null	null	null	None	0	null	0	0	null	null	null	null	null	
2024/11/23 15:48:52.108	b135e9c82f3b5af8414a656ace8a78c8d45a7834	Windows 11  (10.0.22631) 64bit (Editor)	True	null	null	null	null	null	null	None	0	null	0	0	null	null	null	null	null	
2024/11/23 15:48:52.116	b135e9c82f3b5af8414a656ace8a78c8d45a7834	Windows 11  (10.0.22631) 64bit (Editor)	True	null	null	null	null	null	null	None	0	null	0	0	null	null	null	null	null	
2024/11/23 15:48:52.123	b135e9c82f3b5af8414a656ace8a78c8d45a7834	Windows 11  (10.0.22631) 64bit (Editor)	True	null	null	null	null	null	null	None	0	null	0	0	null	null	null	null	null	
2024/11/23 15:48:52.129	b135e9c82f3b5af8414a656ace8a78c8d45a7834	Windows 11  (10.0.22631) 64bit (Editor)	True	null	null	null	null	null	null	None	0	null	0	0	null	null	null	null	null	
2024/11/23 15:48:52.136	b135e9c82f3b5af8414a656ace8a78c8d45a7834	Windows 11  (10.0.22631) 64bit (Editor)	True	null	null	null	null	null	null	None	0	null	0	0	null	null	null	null	null	
2024/11/23 15:48:52.142	b135e9c82f3b5af8414a656ace8a78c8d45a7834	Windows 11  (10.0.22631) 64bit (Editor)	True	null	null	null	null	null	null	None	0	null	0	0	null	null	null	null	null	
2024/11/23 15:48:52.149	b135e9c82f3b5af8414a656ace8a78c8d45a7834	Windows 11  (10.0.22631) 64bit (Editor)	True	null	null	null	null	null	null	None	0	null	0	0	null	null	null	null	null	
2024/11/23 15:48:52.156	b135e9c82f3b5af8414a656ace8a78c8d45a7834	Windows 11  (10.0.22631) 64bit (Editor)	True	null	null	null	null	null	null	None	0	null	0	0	null	null	null	null	null	
2024/11/23 15:48:52.165	b135e9c82f3b5af8414a656ace8a78c8d45a7834	Windows 11  (10.0.22631) 64bit (Editor)	True	null	null	null	null	null	null	None	0	null	0	0	null	null	null	null	null	
2024/11/23 15:48:52.172	b135e9c82f3b5af8414a656ace8a78c8d45a7834	Windows 11  (10.0.22631) 64bit (Editor)	True	null	null	null	null	null	null	None	0	null	0	0	null	null	null	null	null	
2024/11/23 15:48:52.178	b135e9c82f3b5af8414a656ace8a78c8d45a7834	Windows 11  (10.0.22631) 64bit (Editor)	True	null	null	null	null	null	null	None	0	null	0	0	null	null	null	null	null	
2024/11/23 15:48:52.187	b135e9c82f3b5af8414a656ace8a78c8d45a7834	Windows 11  (10.0.22631) 64bit (Editor)	True	null	null	null	null	null	null	None	0	null	0	0	null	null	null	null	null	
2024/11/23 15:48:52.193	b135e9c82f3b5af8414a656ace8a78c8d45a7834	Windows 11  (10.0.22631) 64bit (Editor)	True	null	null	null	null	null	null	None	0	null	0	0	null	null	null	null	null	
2024/11/23 15:48:52.200	b135e9c82f3b5af8414a656ace8a78c8d45a7834	Windows 11  (10.0.22631) 64bit (Editor)	True	null	null	null	null	null	null	None	0	null	0	0	null	null	null	null	null	
2024/11/23 15:48:52.207	b135e9c82f3b5af8414a656ace8a78c8d45a7834	Windows 11  (10.0.22631) 64bit (Editor)	True	null	null	null	null	null	null	None	0	null	0	0	null	null	null	null	null	
2024/11/23 15:48:52.225	b135e9c82f3b5af8414a656ace8a78c8d45a7834	Windows 11  (10.0.22631) 64bit (Editor)	True	null	null	null	null	null	null	None	0	null	0	0	null	null	null	null	null	
2024/11/23 15:48:52.233	b135e9c82f3b5af8414a656ace8a78c8d45a7834	Windows 11  (10.0.22631) 64bit (Editor)	True	null	null	null	null	null	null	None	0	null	0	0	null	null	null	null	null	
2024/11/23 15:48:52.240	b135e9c82f3b5af8414a656ace8a78c8d45a7834	Windows 11  (10.0.22631) 64bit (Editor)	True	null	null	null	null	null	null	None	0	null	0	0	null	null	null	null	null	
2024/11/23 15:48:52.247	b135e9c82f3b5af8414a656ace8a78c8d45a7834	Windows 11  (10.0.22631) 64bit (Editor)	True	null	null	null	null	null	null	None	0	null	0	0	null	null	null	null	null	
2024/11/23 15:48:52.255	b135e9c82f3b5af8414a656ace8a78c8d45a7834	Windows 11  (10.0.22631) 64bit (Editor)	True	null	null	null	null	null	null	None	0	null	0	0	null	null	null	null	null	
2024/11/23 15:48:52.262	b135e9c82f3b5af8414a656ace8a78c8d45a7834	Windows 11  (10.0.22631) 64bit (Editor)	True	null	null	null	null	null	null	None	0	null	0	0	null	null	null	null	null	
2024/11/23 15:48:52.271	b135e9c82f3b5af8414a656ace8a78c8d45a7834	Windows 11  (10.0.22631) 64bit (Editor)	True	null	null	null	null	null	null	None	0	null	0	0	null	null	null	null	null	
2024/11/23 15:48:52.278	b135e9c82f3b5af8414a656ace8a78c8d45a7834	Windows 11  (10.0.22631) 64bit (Editor)	True	null	null	null	null	null	null	None	0	null	0	0	null	null	null	null	null	
2024/11/23 15:48:52.285	b135e9c82f3b5af8414a656ace8a78c8d45a7834	Windows 11  (10.0.22631) 64bit (Editor)	True	null	null	null	null	null	null	None	0	null	0	0	null	null	null	null	null	
2024/11/23 15:48:52.293	b135e9c82f3b5af8414a656ace8a78c8d45a7834	Windows 11  (10.0.22631) 64bit (Editor)	True	null	null	null	null	null	null	None	0	null	0	0	null	null	null	null	null	
2024/11/23 15:48:52.299	b135e9c82f3b5af8414a656ace8a78c8d45a7834	Windows 11  (10.0.22631) 64bit (Editor)	True	null	null	null	null	null	null	None	0	null	0	0	null	null	null	null	null	
2024/11/23 15:48:52.306	b135e9c82f3b5af8414a656ace8a78c8d45a7834	Windows 11  (10.0.22631) 64bit (Editor)	True	null	null	null	null	null	null	None	0	null	0	0	null	null	null	null	null	
2024/11/23 15:48:52.313	b135e9c82f3b5af8414a656ace8a78c8d45a7834	Windows 11  (10.0.22631) 64bit (Editor)	True	null	null	null	null	null	null	None	0	null	0	0	null	null	null	null	null	
2024/11/23 15:48:52.320	b135e9c82f3b5af8414a656ace8a78c8d45a7834	Windows 11  (10.0.22631) 64bit (Editor)	True	null	null	null	null	null	null	None	0	null	0	0	null	null	null	null	null	
2024/11/23 15:48:52.327	b135e9c82f3b5af8414a656ace8a78c8d45a7834	Windows 11  (10.0.22631) 64bit (Editor)	True	null	null	null	null	null	null	None	0	null	0	0	null	null	null	null	null	
2024/11/23 15:48:52.335	b135e9c82f3b5af8414a656ace8a78c8d45a7834	Windows 11  (10.0.22631) 64bit (Editor)	True	null	null	null	null	null	null	None	0	null	0	0	null	null	null	null	null	
2024/11/23 15:48:52.342	b135e9c82f3b5af8414a656ace8a78c8d45a7834	Windows 11  (10.0.22631) 64bit (Editor)	True	null	null	null	null	null	null	None	0	null	0	0	null	null	null	null	null	
2024/11/23 15:48:52.348	b135e9c82f3b5af8414a656ace8a78c8d45a7834	Windows 11  (10.0.22631) 64bit (Editor)	True	null	null	null	null	null	null	None	0	null	0	0	null	null	null	null	null	
2024/11/23 15:48:52.357	b135e9c82f3b5af8414a656ace8a78c8d45a7834	Windows 11  (10.0.22631) 64bit (Editor)	True	null	null	null	null	null	null	None	0	null	0	0	null	null	null	null	null	
2024/11/23 15:48:52.364	b135e9c82f3b5af8414a656ace8a78c8d45a7834	Windows 11  (10.0.22631) 64bit (Editor)	True	null	null	null	null	null	null	None	0	null	0	0	null	null	null	null	null	
2024/11/23 15:48:52.380	b135e9c82f3b5af8414a656ace8a78c8d45a7834	Windows 11  (10.0.22631) 64bit (Editor)	True	null	null	null	null	null	null	None	0	null	0	0	null	null	null	null	null	
2024/11/23 15:48:52.388	b135e9c82f3b5af8414a656ace8a78c8d45a7834	Windows 11  (10.0.22631) 64bit (Editor)	True	null	null	null	null	null	null	None	0	null	0	0	null	null	null	null	null	
2024/11/23 15:48:52.397	b135e9c82f3b5af8414a656ace8a78c8d45a7834	Windows 11  (10.0.22631) 64bit (Editor)	True	null	null	null	null	null	null	None	0	null	0	0	null	null	null	null	null	
2024/11/23 15:48:52.404	b135e9c82f3b5af8414a656ace8a78c8d45a7834	Windows 11  (10.0.22631) 64bit (Editor)	True	null	null	null	null	null	null	None	0	null	0	0	null	null	null	null	null	
2024/11/23 15:48:52.412	b135e9c82f3b5af8414a656ace8a78c8d45a7834	Windows 11  (10.0.22631) 64bit (Editor)	True	null	null	null	null	null	null	None	0	null	0	0	null	null	null	null	null	
2024/11/23 15:48:52.419	b135e9c82f3b5af8414a656ace8a78c8d45a7834	Windows 11  (10.0.22631) 64bit (Editor)	True	null	null	null	null	null	null	None	0	null	0	0	null	null	null	null	null	
2024/11/23 15:48:52.426	b135e9c82f3b5af8414a656ace8a78c8d45a7834	Windows 11  (10.0.22631) 64bit (Editor)	True	null	null	null	null	null	null	None	0	null	0	0	null	null	null	null	null	
2024/11/23 15:48:52.434	b135e9c82f3b5af8414a656ace8a78c8d45a7834	Windows 11  (10.0.22631) 64bit (Editor)	True	null	null	null	null	null	null	None	0	null	0	0	null	null	null	null	null	
2024/11/23 15:48:52.440	b135e9c82f3b5af8414a656ace8a78c8d45a7834	Windows 11  (10.0.22631) 64bit (Editor)	True	null	null	null	null	null	null	None	0	null	0	0	null	null	null	null	null	
2024/11/23 15:48:52.447	b135e9c82f3b5af8414a656ace8a78c8d45a7834	Windows 11  (10.0.22631) 64bit (Editor)	True	null	null	null	null	null	null	None	0	null	0	0	null	null	null	null	null	
2024/11/23 15:48:52.454	b135e9c82f3b5af8414a656ace8a78c8d45a7834	Windows 11  (10.0.22631) 64bit (Editor)	True	null	null	null	null	null	null	None	0	null	0	0	null	null	null	null	null	
2024/11/23 15:48:52.462	b135e9c82f3b5af8414a656ace8a78c8d45a7834	Windows 11  (10.0.22631) 64bit (Editor)	True	null	null	null	null	null	null	None	0	null	0	0	null	null	null	null	null	
2024/11/23 15:48:52.469	b135e9c82f3b5af8414a656ace8a78c8d45a7834	Windows 11  (10.0.22631) 64bit (Editor)	True	null	null	null	null	null	null	None	0	null	0	0	null	null	null	null	null	
2024/11/23 15:48:52.476	b135e9c82f3b5af8414a656ace8a78c8d45a7834	Windows 11  (10.0.22631) 64bit (Editor)	True	null	null	null	null	null	null	None	0	null	0	0	null	null	null	null	null	
2024/11/23 15:48:52.482	b135e9c82f3b5af8414a656ace8a78c8d45a7834	Windows 11  (10.0.22631) 64bit (Editor)	True	null	null	null	null	null	null	None	0	null	0	0	null	null	null	null	null	
2024/11/23 15:48:52.488	b135e9c82f3b5af8414a656ace8a78c8d45a7834	Windows 11  (10.0.22631) 64bit (Editor)	True	null	null	null	null	null	null	None	0	null	0	0	null	null	null	null	null	
2024/11/23 15:48:52.496	b135e9c82f3b5af8414a656ace8a78c8d45a7834	Windows 11  (10.0.22631) 64bit (Editor)	True	null	null	null	null	null	null	None	0	null	0	0	null	null	null	null	null	
2024/11/23 15:48:52.502	b135e9c82f3b5af8414a656ace8a78c8d45a7834	Windows 11  (10.0.22631) 64bit (Editor)	True	null	null	null	null	null	null	None	0	null	0	0	null	null	null	null	null	
2024/11/23 15:48:52.508	b135e9c82f3b5af8414a656ace8a78c8d45a7834	Windows 11  (10.0.22631) 64bit (Editor)	True	null	null	null	null	null	null	None	0	null	0	0	null	null	null	null	null	
2024/11/23 15:48:52.516	b135e9c82f3b5af8414a656ace8a78c8d45a7834	Windows 11  (10.0.22631) 64bit (Editor)	True	null	null	null	null	null	null	None	0	null	0	0	null	null	null	null	null	
2024/11/23 15:48:52.537	b135e9c82f3b5af8414a656ace8a78c8d45a7834	Windows 11  (10.0.22631) 64bit (Editor)	True	null	null	null	null	null	null	None	0	null	0	0	null	null	null	null	null	
2024/11/23 15:48:52.545	b135e9c82f3b5af8414a656ace8a78c8d45a7834	Windows 11  (10.0.22631) 64bit (Editor)	True	null	null	null	null	null	null	None	0	null	0	0	null	null	null	null	null	
2024/11/23 15:48:52.554	b135e9c82f3b5af8414a656ace8a78c8d45a7834	Windows 11  (10.0.22631) 64bit (Editor)	True	null	null	null	null	null	null	None	0	null	0	0	null	null	null	null	null	
2024/11/23 15:48:52.561	b135e9c82f3b5af8414a656ace8a78c8d45a7834	Windows 11  (10.0.22631) 64bit (Editor)	True	null	null	null	null	null	null	None	0	null	0	0	null	null	null	null	null	
2024/11/23 15:48:52.568	b135e9c82f3b5af8414a656ace8a78c8d45a7834	Windows 11  (10.0.22631) 64bit (Editor)	True	null	null	null	null	null	null	None	0	null	0	0	null	null	null	null	null	
2024/11/23 15:48:52.574	b135e9c82f3b5af8414a656ace8a78c8d45a7834	Windows 11  (10.0.22631) 64bit (Editor)	True	null	null	null	null	null	null	None	0	null	0	0	null	null	null	null	null	
2024/11/23 15:48:52.581	b135e9c82f3b5af8414a656ace8a78c8d45a7834	Windows 11  (10.0.22631) 64bit (Editor)	True	null	null	null	null	null	null	None	0	null	0	0	null	null	null	null	null	
2024/11/23 15:48:52.588	b135e9c82f3b5af8414a656ace8a78c8d45a7834	Windows 11  (10.0.22631) 64bit (Editor)	True	null	null	null	null	null	null	None	0	null	0	0	null	null	null	null	null	
2024/11/23 15:48:52.595	b135e9c82f3b5af8414a656ace8a78c8d45a7834	Windows 11  (10.0.22631) 64bit (Editor)	True	null	null	null	null	null	null	None	0	null	0	0	null	null	null	null	null	
2024/11/23 15:48:52.603	b135e9c82f3b5af8414a656ace8a78c8d45a7834	Windows 11  (10.0.22631) 64bit (Editor)	True	null	null	null	null	null	null	None	0	null	0	0	null	null	null	null	null	
2024/11/23 15:48:52.610	b135e9c82f3b5af8414a656ace8a78c8d45a7834	Windows 11  (10.0.22631) 64bit (Editor)	True	null	null	null	null	null	null	None	0	null	0	0	null	null	null	null	null	
2024/11/23 15:48:52.617	b135e9c82f3b5af8414a656ace8a78c8d45a7834	Windows 11  (10.0.22631) 64bit (Editor)	True	null	null	null	null	null	null	None	0	null	0	0	null	null	null	null	null	
2024/11/23 15:48:52.624	b135e9c82f3b5af8414a656ace8a78c8d45a7834	Windows 11  (10.0.22631) 64bit (Editor)	True	null	null	null	null	null	null	None	0	null	0	0	null	null	null	null	null	
2024/11/23 15:48:52.631	b135e9c82f3b5af8414a656ace8a78c8d45a7834	Windows 11  (10.0.22631) 64bit (Editor)	True	null	null	null	null	null	null	None	0	null	0	0	null	null	null	null	null	
2024/11/23 15:48:52.639	b135e9c82f3b5af8414a656ace8a78c8d45a7834	Windows 11  (10.0.22631) 64bit (Editor)	True	null	null	null	null	null	null	None	0	null	0	0	null	null	null	null	null	
2024/11/23 15:48:52.646	b135e9c82f3b5af8414a656ace8a78c8d45a7834	Windows 11  (10.0.22631) 64bit (Editor)	True	null	null	null	null	null	null	None	0	null	0	0	null	null	null	null	null	
2024/11/23 15:48:52.654	b135e9c82f3b5af8414a656ace8a78c8d45a7834	Windows 11  (10.0.22631) 64bit (Editor)	True	null	null	null	null	null	null	None	0	null	0	0	null	null	null	null	null	
2024/11/23 15:48:52.661	b135e9c82f3b5af8414a656ace8a78c8d45a7834	Windows 11  (10.0.22631) 64bit (Editor)	True	null	null	null	null	null	null	None	0	null	0	0	null	null	null	null	null	
2024/11/23 15:48:52.668	b135e9c82f3b5af8414a656ace8a78c8d45a7834	Windows 11  (10.0.22631) 64bit (Editor)	True	null	null	null	null	null	null	None	0	null	0	0	null	null	null	null	null	
2024/11/23 15:48:52.685	b135e9c82f3b5af8414a656ace8a78c8d45a7834	Windows 11  (10.0.22631) 64bit (Editor)	True	null	null	null	null	null	null	None	0	null	0	0	null	null	null	null	null	
2024/11/23 15:48:52.694	b135e9c82f3b5af8414a656ace8a78c8d45a7834	Windows 11  (10.0.22631) 64bit (Editor)	True	null	null	null	null	null	null	None	0	null	0	0	null	null	null	null	null	
2024/11/23 15:48:52.701	b135e9c82f3b5af8414a656ace8a78c8d45a7834	Windows 11  (10.0.22631) 64bit (Editor)	True	null	null	null	null	null	null	None	0	null	0	0	null	null	null	null	null	
2024/11/23 15:48:52.709	b135e9c82f3b5af8414a656ace8a78c8d45a7834	Windows 11  (10.0.22631) 64bit (Editor)	True	null	null	null	null	null	null	None	0	null	0	0	null	null	null	null	null	
2024/11/23 15:48:52.715	b135e9c82f3b5af8414a656ace8a78c8d45a7834	Windows 11  (10.0.22631) 64bit (Editor)	True	null	null	null	null	null	null	None	0	null	0	0	null	null	null	null	null	
2024/11/23 15:48:52.723	b135e9c82f3b5af8414a656ace8a78c8d45a7834	Windows 11  (10.0.22631) 64bit (Editor)	True	null	null	null	null	null	null	None	0	null	0	0	null	null	null	null	null	
2024/11/23 15:48:52.729	b135e9c82f3b5af8414a656ace8a78c8d45a7834	Windows 11  (10.0.22631) 64bit (Editor)	True	null	null	null	null	null	null	None	0	null	0	0	null	null	null	null	null	
2024/11/23 15:48:52.737	b135e9c82f3b5af8414a656ace8a78c8d45a7834	Windows 11  (10.0.22631) 64bit (Editor)	True	null	null	null	null	null	null	None	0	null	0	0	null	null	null	null	null	
2024/11/23 15:48:52.744	b135e9c82f3b5af8414a656ace8a78c8d45a7834	Windows 11  (10.0.22631) 64bit (Editor)	True	null	null	null	null	null	null	None	0	null	0	0	null	null	null	null	null	
2024/11/23 15:48:52.751	b135e9c82f3b5af8414a656ace8a78c8d45a7834	Windows 11  (10.0.22631) 64bit (Editor)	True	null	null	null	null	null	null	None	0	null	0	0	null	null	null	null	null	
2024/11/23 15:48:52.758	b135e9c82f3b5af8414a656ace8a78c8d45a7834	Windows 11  (10.0.22631) 64bit (Editor)	True	null	null	null	null	null	null	None	0	null	0	0	null	null	null	null	null	
2024/11/23 15:48:52.765	b135e9c82f3b5af8414a656ace8a78c8d45a7834	Windows 11  (10.0.22631) 64bit (Editor)	True	null	null	null	null	null	null	None	0	null	0	0	null	null	null	null	null	
2024/11/23 15:48:52.773	b135e9c82f3b5af8414a656ace8a78c8d45a7834	Windows 11  (10.0.22631) 64bit (Editor)	True	null	null	null	null	null	null	None	0	null	0	0	null	null	null	null	null	
2024/11/23 15:48:52.780	b135e9c82f3b5af8414a656ace8a78c8d45a7834	Windows 11  (10.0.22631) 64bit (Editor)	True	null	null	null	null	null	null	None	0	null	0	0	null	null	null	null	null	
2024/11/23 15:48:52.788	b135e9c82f3b5af8414a656ace8a78c8d45a7834	Windows 11  (10.0.22631) 64bit (Editor)	True	null	null	null	null	null	null	None	0	null	0	0	null	null	null	null	null	
2024/11/23 15:48:52.795	b135e9c82f3b5af8414a656ace8a78c8d45a7834	Windows 11  (10.0.22631) 64bit (Editor)	True	null	null	null	null	null	null	None	0	null	0	0	null	null	null	null	null	
2024/11/23 15:48:52.802	b135e9c82f3b5af8414a656ace8a78c8d45a7834	Windows 11  (10.0.22631) 64bit (Editor)	True	null	null	null	null	null	null	None	0	null	0	0	null	null	null	null	null	
2024/11/23 15:48:52.809	b135e9c82f3b5af8414a656ace8a78c8d45a7834	Windows 11  (10.0.22631) 64bit (Editor)	True	null	null	null	null	null	null	None	0	null	0	0	null	null	null	null	null	
2024/11/23 15:48:52.815	b135e9c82f3b5af8414a656ace8a78c8d45a7834	Windows 11  (10.0.22631) 64bit (Editor)	True	null	null	null	null	null	null	None	0	null	0	0	null	null	null	null	null	
2024/11/23 15:48:52.823	b135e9c82f3b5af8414a656ace8a78c8d45a7834	Windows 11  (10.0.22631) 64bit (Editor)	True	null	null	null	null	null	null	None	0	null	0	0	null	null	null	null	null	
2024/11/23 15:48:52.839	b135e9c82f3b5af8414a656ace8a78c8d45a7834	Windows 11  (10.0.22631) 64bit (Editor)	True	null	null	null	null	null	null	None	0	null	0	0	null	null	null	null	null	
2024/11/23 15:48:52.846	b135e9c82f3b5af8414a656ace8a78c8d45a7834	Windows 11  (10.0.22631) 64bit (Editor)	True	null	null	null	null	null	null	None	0	null	0	0	null	null	null	null	null	
2024/11/23 15:48:52.855	b135e9c82f3b5af8414a656ace8a78c8d45a7834	Windows 11  (10.0.22631) 64bit (Editor)	True	null	null	null	null	null	null	None	0	null	0	0	null	null	null	null	null	
2024/11/23 15:48:52.862	b135e9c82f3b5af8414a656ace8a78c8d45a7834	Windows 11  (10.0.22631) 64bit (Editor)	True	null	null	null	null	null	null	None	0	null	0	0	null	null	null	null	null	
2024/11/23 15:48:52.870	b135e9c82f3b5af8414a656ace8a78c8d45a7834	Windows 11  (10.0.22631) 64bit (Editor)	True	null	null	null	null	null	null	None	0	null	0	0	null	null	null	null	null	
2024/11/23 15:48:52.878	b135e9c82f3b5af8414a656ace8a78c8d45a7834	Windows 11  (10.0.22631) 64bit (Editor)	True	null	null	null	null	null	null	None	0	null	0	0	null	null	null	null	null	
2024/11/23 15:48:52.888	b135e9c82f3b5af8414a656ace8a78c8d45a7834	Windows 11  (10.0.22631) 64bit (Editor)	True	null	null	null	null	null	null	None	0	null	0	0	null	null	null	null	null	
2024/11/23 15:48:52.895	b135e9c82f3b5af8414a656ace8a78c8d45a7834	Windows 11  (10.0.22631) 64bit (Editor)	True	null	null	null	null	null	null	None	0	null	0	0	null	null	null	null	null	
2024/11/23 15:48:52.903	b135e9c82f3b5af8414a656ace8a78c8d45a7834	Windows 11  (10.0.22631) 64bit (Editor)	True	null	null	null	null	null	null	None	0	null	0	0	null	null	null	null	null	
2024/11/23 15:48:52.910	b135e9c82f3b5af8414a656ace8a78c8d45a7834	Windows 11  (10.0.22631) 64bit (Editor)	True	null	null	null	null	null	null	None	0	null	0	0	null	null	null	null	null	
2024/11/23 15:48:52.919	b135e9c82f3b5af8414a656ace8a78c8d45a7834	Windows 11  (10.0.22631) 64bit (Editor)	True	null	null	null	null	null	null	None	0	null	0	0	null	null	null	null	null	
2024/11/23 15:48:52.925	b135e9c82f3b5af8414a656ace8a78c8d45a7834	Windows 11  (10.0.22631) 64bit (Editor)	True	null	null	null	null	null	null	None	0	null	0	0	null	null	null	null	null	
2024/11/23 15:48:52.932	b135e9c82f3b5af8414a656ace8a78c8d45a7834	Windows 11  (10.0.22631) 64bit (Editor)	True	null	null	null	null	null	null	None	0	null	0	0	null	null	null	null	null	
2024/11/23 15:48:52.939	b135e9c82f3b5af8414a656ace8a78c8d45a7834	Windows 11  (10.0.22631) 64bit (Editor)	True	null	null	null	null	null	null	None	0	null	0	0	null	null	null	null	null	
2024/11/23 15:48:52.947	b135e9c82f3b5af8414a656ace8a78c8d45a7834	Windows 11  (10.0.22631) 64bit (Editor)	True	null	null	null	null	null	null	None	0	null	0	0	null	null	null	null	null	
2024/11/23 15:48:52.953	b135e9c82f3b5af8414a656ace8a78c8d45a7834	Windows 11  (10.0.22631) 64bit (Editor)	True	null	null	null	null	null	null	None	0	null	0	0	null	null	null	null	null	
2024/11/23 15:48:52.961	b135e9c82f3b5af8414a656ace8a78c8d45a7834	Windows 11  (10.0.22631) 64bit (Editor)	True	null	null	null	null	null	null	None	0	null	0	0	null	null	null	null	null	
2024/11/23 15:48:52.967	b135e9c82f3b5af8414a656ace8a78c8d45a7834	Windows 11  (10.0.22631) 64bit (Editor)	True	null	null	null	null	null	null	None	0	null	0	0	null	null	null	null	null	
2024/11/23 15:48:52.975	b135e9c82f3b5af8414a656ace8a78c8d45a7834	Windows 11  (10.0.22631) 64bit (Editor)	True	null	null	null	null	null	null	None	0	null	0	0	null	null	null	null	null	
2024/11/23 15:48:52.993	b135e9c82f3b5af8414a656ace8a78c8d45a7834	Windows 11  (10.0.22631) 64bit (Editor)	True	null	null	null	null	null	null	None	0	null	0	0	null	null	null	null	null	
2024/11/23 15:48:53.000	b135e9c82f3b5af8414a656ace8a78c8d45a7834	Windows 11  (10.0.22631) 64bit (Editor)	True	null	null	null	null	null	null	None	0	null	0	0	null	null	null	null	null	
2024/11/23 15:48:53.007	b135e9c82f3b5af8414a656ace8a78c8d45a7834	Windows 11  (10.0.22631) 64bit (Editor)	True	null	null	null	null	null	null	None	0	null	0	0	null	null	null	null	null	
2024/11/23 15:48:53.014	b135e9c82f3b5af8414a656ace8a78c8d45a7834	Windows 11  (10.0.22631) 64bit (Editor)	True	null	null	null	null	null	null	None	0	null	0	0	null	null	null	null	null	
2024/11/23 15:48:53.022	b135e9c82f3b5af8414a656ace8a78c8d45a7834	Windows 11  (10.0.22631) 64bit (Editor)	True	null	null	null	null	null	null	None	0	null	0	0	null	null	null	null	null	
2024/11/23 15:48:53.028	b135e9c82f3b5af8414a656ace8a78c8d45a7834	Windows 11  (10.0.22631) 64bit (Editor)	True	null	null	null	null	null	null	None	0	null	0	0	null	null	null	null	null	
2024/11/23 15:48:53.036	b135e9c82f3b5af8414a656ace8a78c8d45a7834	Windows 11  (10.0.22631) 64bit (Editor)	True	null	null	null	null	null	null	None	0	null	0	0	null	null	null	null	null	
2024/11/23 15:48:53.042	b135e9c82f3b5af8414a656ace8a78c8d45a7834	Windows 11  (10.0.22631) 64bit (Editor)	True	null	null	null	null	null	null	None	0	null	0	0	null	null	null	null	null	
2024/11/23 15:48:53.048	b135e9c82f3b5af8414a656ace8a78c8d45a7834	Windows 11  (10.0.22631) 64bit (Editor)	True	null	null	null	null	null	null	None	0	null	0	0	null	null	null	null	null	
2024/11/23 15:48:53.057	b135e9c82f3b5af8414a656ace8a78c8d45a7834	Windows 11  (10.0.22631) 64bit (Editor)	True	null	null	null	null	null	null	None	0	null	0	0	null	null	null	null	null	
2024/11/23 15:48:53.064	b135e9c82f3b5af8414a656ace8a78c8d45a7834	Windows 11  (10.0.22631) 64bit (Editor)	True	null	null	null	null	null	null	None	0	null	0	0	null	null	null	null	null	
2024/11/23 15:48:53.071	b135e9c82f3b5af8414a656ace8a78c8d45a7834	Windows 11  (10.0.22631) 64bit (Editor)	True	null	null	null	null	null	null	None	0	null	0	0	null	null	null	null	null	
2024/11/23 15:48:53.078	b135e9c82f3b5af8414a656ace8a78c8d45a7834	Windows 11  (10.0.22631) 64bit (Editor)	True	null	null	null	null	null	null	None	0	null	0	0	null	null	null	null	null	
2024/11/23 15:48:53.086	b135e9c82f3b5af8414a656ace8a78c8d45a7834	Windows 11  (10.0.22631) 64bit (Editor)	True	null	null	null	null	null	null	None	0	null	0	0	null	null	null	null	null	
2024/11/23 15:48:53.093	b135e9c82f3b5af8414a656ace8a78c8d45a7834	Windows 11  (10.0.22631) 64bit (Editor)	True	null	null	null	null	null	null	None	0	null	0	0	null	null	null	null	null	
2024/11/23 15:48:53.101	b135e9c82f3b5af8414a656ace8a78c8d45a7834	Windows 11  (10.0.22631) 64bit (Editor)	True	null	null	null	null	null	null	None	0	null	0	0	null	null	null	null	null	
2024/11/23 15:48:53.108	b135e9c82f3b5af8414a656ace8a78c8d45a7834	Windows 11  (10.0.22631) 64bit (Editor)	True	null	null	null	null	null	null	None	0	null	0	0	null	null	null	null	null	
2024/11/23 15:48:53.116	b135e9c82f3b5af8414a656ace8a78c8d45a7834	Windows 11  (10.0.22631) 64bit (Editor)	True	null	null	null	null	null	null	None	0	null	0	0	null	null	null	null	null	
2024/11/23 15:48:53.122	b135e9c82f3b5af8414a656ace8a78c8d45a7834	Windows 11  (10.0.22631) 64bit (Editor)	True	null	null	null	null	null	null	None	0	null	0	0	null	null	null	null	null	
2024/11/23 15:48:53.130	b135e9c82f3b5af8414a656ace8a78c8d45a7834	Windows 11  (10.0.22631) 64bit (Editor)	True	null	null	null	null	null	null	None	0	null	0	0	null	null	null	null	null	
2024/11/23 15:48:53.146	b135e9c82f3b5af8414a656ace8a78c8d45a7834	Windows 11  (10.0.22631) 64bit (Editor)	True	null	null	null	null	null	null	None	0	null	0	0	null	null	null	null	null	
2024/11/23 15:48:53.155	b135e9c82f3b5af8414a656ace8a78c8d45a7834	Windows 11  (10.0.22631) 64bit (Editor)	True	null	null	null	null	null	null	None	0	null	0	0	null	null	null	null	null	
2024/11/23 15:48:53.161	b135e9c82f3b5af8414a656ace8a78c8d45a7834	Windows 11  (10.0.22631) 64bit (Editor)	True	null	null	null	null	null	null	None	0	null	0	0	null	null	null	null	null	
2024/11/23 15:48:53.169	b135e9c82f3b5af8414a656ace8a78c8d45a7834	Windows 11  (10.0.22631) 64bit (Editor)	True	null	null	null	null	null	null	None	0	null	0	0	null	null	null	null	null	
2024/11/23 15:48:53.176	b135e9c82f3b5af8414a656ace8a78c8d45a7834	Windows 11  (10.0.22631) 64bit (Editor)	True	null	null	null	null	null	null	None	0	null	0	0	null	null	null	null	null	
2024/11/23 15:48:53.183	b135e9c82f3b5af8414a656ace8a78c8d45a7834	Windows 11  (10.0.22631) 64bit (Editor)	True	null	null	null	null	null	null	None	0	null	0	0	null	null	null	null	null	
2024/11/23 15:48:53.191	b135e9c82f3b5af8414a656ace8a78c8d45a7834	Windows 11  (10.0.22631) 64bit (Editor)	True	null	null	null	null	null	null	None	0	null	0	0	null	null	null	null	null	
2024/11/23 15:48:53.197	b135e9c82f3b5af8414a656ace8a78c8d45a7834	Windows 11  (10.0.22631) 64bit (Editor)	True	null	null	null	null	null	null	None	0	null	0	0	null	null	null	null	null	
2024/11/23 15:48:53.204	b135e9c82f3b5af8414a656ace8a78c8d45a7834	Windows 11  (10.0.22631) 64bit (Editor)	True	null	null	null	null	null	null	None	0	null	0	0	null	null	null	null	null	
2024/11/23 15:48:53.212	b135e9c82f3b5af8414a656ace8a78c8d45a7834	Windows 11  (10.0.22631) 64bit (Editor)	True	null	null	null	null	null	null	None	0	null	0	0	null	null	null	null	null	
2024/11/23 15:48:53.220	b135e9c82f3b5af8414a656ace8a78c8d45a7834	Windows 11  (10.0.22631) 64bit (Editor)	True	null	null	null	null	null	null	None	0	null	0	0	null	null	null	null	null	
2024/11/23 15:48:53.227	b135e9c82f3b5af8414a656ace8a78c8d45a7834	Windows 11  (10.0.22631) 64bit (Editor)	True	null	null	null	null	null	null	None	0	null	0	0	null	null	null	null	null	
2024/11/23 15:48:53.233	b135e9c82f3b5af8414a656ace8a78c8d45a7834	Windows 11  (10.0.22631) 64bit (Editor)	True	null	null	null	null	null	null	None	0	null	0	0	null	null	null	null	null	
2024/11/23 15:48:53.242	b135e9c82f3b5af8414a656ace8a78c8d45a7834	Windows 11  (10.0.22631) 64bit (Editor)	True	null	null	null	null	null	null	None	0	null	0	0	null	null	null	null	null	
2024/11/23 15:48:53.248	b135e9c82f3b5af8414a656ace8a78c8d45a7834	Windows 11  (10.0.22631) 64bit (Editor)	True	null	null	null	null	null	null	None	0	null	0	0	null	null	null	null	null	
2024/11/23 15:48:53.257	b135e9c82f3b5af8414a656ace8a78c8d45a7834	Windows 11  (10.0.22631) 64bit (Editor)	True	null	null	null	null	null	null	None	0	null	0	0	null	null	null	null	null	
2024/11/23 15:48:53.264	b135e9c82f3b5af8414a656ace8a78c8d45a7834	Windows 11  (10.0.22631) 64bit (Editor)	True	null	null	null	null	null	null	None	0	null	0	0	null	null	null	null	null	
2024/11/23 15:48:53.271	b135e9c82f3b5af8414a656ace8a78c8d45a7834	Windows 11  (10.0.22631) 64bit (Editor)	True	null	null	null	null	null	null	None	0	null	0	0	null	null	null	null	null	
2024/11/23 15:48:53.278	b135e9c82f3b5af8414a656ace8a78c8d45a7834	Windows 11  (10.0.22631) 64bit (Editor)	True	null	null	null	null	null	null	None	0	null	0	0	null	null	null	null	null	
2024/11/23 15:48:53.285	b135e9c82f3b5af8414a656ace8a78c8d45a7834	Windows 11  (10.0.22631) 64bit (Editor)	True	null	null	null	null	null	null	None	0	null	0	0	null	null	null	null	null	
2024/11/23 15:48:53.302	b135e9c82f3b5af8414a656ace8a78c8d45a7834	Windows 11  (10.0.22631) 64bit (Editor)	True	null	null	null	null	null	null	None	0	null	0	0	null	null	null	null	null	
2024/11/23 15:48:53.309	b135e9c82f3b5af8414a656ace8a78c8d45a7834	Windows 11  (10.0.22631) 64bit (Editor)	True	null	null	null	null	null	null	None	0	null	0	0	null	null	null	null	null	
2024/11/23 15:48:53.317	b135e9c82f3b5af8414a656ace8a78c8d45a7834	Windows 11  (10.0.22631) 64bit (Editor)	True	null	null	null	null	null	null	None	0	null	0	0	null	null	null	null	null	
2024/11/23 15:48:53.327	b135e9c82f3b5af8414a656ace8a78c8d45a7834	Windows 11  (10.0.22631) 64bit (Editor)	True	null	null	null	null	null	null	None	0	null	0	0	null	null	null	null	null	
2024/11/23 15:48:53.336	b135e9c82f3b5af8414a656ace8a78c8d45a7834	Windows 11  (10.0.22631) 64bit (Editor)	True	null	null	null	null	null	null	None	0	null	0	0	null	null	null	null	null	
2024/11/23 15:48:53.343	b135e9c82f3b5af8414a656ace8a78c8d45a7834	Windows 11  (10.0.22631) 64bit (Editor)	True	null	null	null	null	null	null	None	0	null	0	0	null	null	null	null	null	
2024/11/23 15:48:53.350	b135e9c82f3b5af8414a656ace8a78c8d45a7834	Windows 11  (10.0.22631) 64bit (Editor)	True	null	null	null	null	null	null	None	0	null	0	0	null	null	null	null	null	
2024/11/23 15:48:53.358	b135e9c82f3b5af8414a656ace8a78c8d45a7834	Windows 11  (10.0.22631) 64bit (Editor)	True	null	null	null	null	null	null	None	0	null	0	0	null	null	null	null	null	
2024/11/23 15:48:53.365	b135e9c82f3b5af8414a656ace8a78c8d45a7834	Windows 11  (10.0.22631) 64bit (Editor)	True	null	null	null	null	null	null	None	0	null	0	0	null	null	null	null	null	
2024/11/23 15:48:53.373	b135e9c82f3b5af8414a656ace8a78c8d45a7834	Windows 11  (10.0.22631) 64bit (Editor)	True	null	null	null	null	null	null	None	0	null	0	0	null	null	null	null	null	
2024/11/23 15:48:53.381	b135e9c82f3b5af8414a656ace8a78c8d45a7834	Windows 11  (10.0.22631) 64bit (Editor)	True	null	null	null	null	null	null	None	0	null	0	0	null	null	null	null	null	
2024/11/23 15:48:53.387	b135e9c82f3b5af8414a656ace8a78c8d45a7834	Windows 11  (10.0.22631) 64bit (Editor)	True	null	null	null	null	null	null	None	0	null	0	0	null	null	null	null	null	
2024/11/23 15:48:53.395	b135e9c82f3b5af8414a656ace8a78c8d45a7834	Windows 11  (10.0.22631) 64bit (Editor)	True	null	null	null	null	null	null	None	0	null	0	0	null	null	null	null	null	
2024/11/23 15:48:53.401	b135e9c82f3b5af8414a656ace8a78c8d45a7834	Windows 11  (10.0.22631) 64bit (Editor)	True	null	null	null	null	null	null	None	0	null	0	0	null	null	null	null	null	
2024/11/23 15:48:53.408	b135e9c82f3b5af8414a656ace8a78c8d45a7834	Windows 11  (10.0.22631) 64bit (Editor)	True	null	null	null	null	null	null	None	0	null	0	0	null	null	null	null	null	
2024/11/23 15:48:53.415	b135e9c82f3b5af8414a656ace8a78c8d45a7834	Windows 11  (10.0.22631) 64bit (Editor)	True	null	null	null	null	null	null	None	0	null	0	0	null	null	null	null	null	
2024/11/23 15:48:53.421	b135e9c82f3b5af8414a656ace8a78c8d45a7834	Windows 11  (10.0.22631) 64bit (Editor)	True	null	null	null	null	null	null	None	0	null	0	0	null	null	null	null	null	
2024/11/23 15:48:53.429	b135e9c82f3b5af8414a656ace8a78c8d45a7834	Windows 11  (10.0.22631) 64bit (Editor)	True	null	null	null	null	null	null	None	0	null	0	0	null	null	null	null	null	
2024/11/23 15:48:53.437	b135e9c82f3b5af8414a656ace8a78c8d45a7834	Windows 11  (10.0.22631) 64bit (Editor)	True	null	null	null	null	null	null	None	0	null	0	0	null	null	null	null	null	
2024/11/23 15:48:53.453	b135e9c82f3b5af8414a656ace8a78c8d45a7834	Windows 11  (10.0.22631) 64bit (Editor)	True	null	null	null	null	null	null	None	0	null	0	0	null	null	null	null	null	
2024/11/23 15:48:53.461	b135e9c82f3b5af8414a656ace8a78c8d45a7834	Windows 11  (10.0.22631) 64bit (Editor)	True	null	null	null	null	null	null	None	0	null	0	0	null	null	null	null	null	
2024/11/23 15:48:53.467	b135e9c82f3b5af8414a656ace8a78c8d45a7834	Windows 11  (10.0.22631) 64bit (Editor)	True	null	null	null	null	null	null	None	0	null	0	0	null	null	null	null	null	
2024/11/23 15:48:53.476	b135e9c82f3b5af8414a656ace8a78c8d45a7834	Windows 11  (10.0.22631) 64bit (Editor)	True	null	null	null	null	null	null	None	0	null	0	0	null	null	null	null	null	
2024/11/23 15:48:53.482	b135e9c82f3b5af8414a656ace8a78c8d45a7834	Windows 11  (10.0.22631) 64bit (Editor)	True	null	null	null	null	null	null	None	0	null	0	0	null	null	null	null	null	
2024/11/23 15:48:53.490	b135e9c82f3b5af8414a656ace8a78c8d45a7834	Windows 11  (10.0.22631) 64bit (Editor)	True	null	null	null	null	null	null	None	0	null	0	0	null	null	null	null	null	
2024/11/23 15:48:53.496	b135e9c82f3b5af8414a656ace8a78c8d45a7834	Windows 11  (10.0.22631) 64bit (Editor)	True	null	null	null	null	null	null	None	0	null	0	0	null	null	null	null	null	
2024/11/23 15:48:53.504	b135e9c82f3b5af8414a656ace8a78c8d45a7834	Windows 11  (10.0.22631) 64bit (Editor)	True	null	null	null	null	null	null	None	0	null	0	0	null	null	null	null	null	
2024/11/23 15:48:53.511	b135e9c82f3b5af8414a656ace8a78c8d45a7834	Windows 11  (10.0.22631) 64bit (Editor)	True	null	null	null	null	null	null	None	0	null	0	0	null	null	null	null	null	
2024/11/23 15:48:53.518	b135e9c82f3b5af8414a656ace8a78c8d45a7834	Windows 11  (10.0.22631) 64bit (Editor)	True	null	null	null	null	null	null	None	0	null	0	0	null	null	null	null	null	
2024/11/23 15:48:53.527	b135e9c82f3b5af8414a656ace8a78c8d45a7834	Windows 11  (10.0.22631) 64bit (Editor)	True	null	null	null	null	null	null	None	0	null	0	0	null	null	null	null	null	
2024/11/23 15:48:53.533	b135e9c82f3b5af8414a656ace8a78c8d45a7834	Windows 11  (10.0.22631) 64bit (Editor)	True	null	null	null	null	null	null	None	0	null	0	0	null	null	null	null	null	
2024/11/23 15:48:53.541	b135e9c82f3b5af8414a656ace8a78c8d45a7834	Windows 11  (10.0.22631) 64bit (Editor)	True	null	null	null	null	null	null	None	0	null	0	0	null	null	null	null	null	
2024/11/23 15:48:53.547	b135e9c82f3b5af8414a656ace8a78c8d45a7834	Windows 11  (10.0.22631) 64bit (Editor)	True	null	null	null	null	null	null	None	0	null	0	0	null	null	null	null	null	
2024/11/23 15:48:53.554	b135e9c82f3b5af8414a656ace8a78c8d45a7834	Windows 11  (10.0.22631) 64bit (Editor)	True	null	null	null	null	null	null	None	0	null	0	0	null	null	null	null	null	
2024/11/23 15:48:53.560	b135e9c82f3b5af8414a656ace8a78c8d45a7834	Windows 11  (10.0.22631) 64bit (Editor)	True	null	null	null	null	null	null	None	0	null	0	0	null	null	null	null	null	
2024/11/23 15:48:53.567	b135e9c82f3b5af8414a656ace8a78c8d45a7834	Windows 11  (10.0.22631) 64bit (Editor)	True	null	null	null	null	null	null	None	0	null	0	0	null	null	null	null	null	
2024/11/23 15:48:53.575	b135e9c82f3b5af8414a656ace8a78c8d45a7834	Windows 11  (10.0.22631) 64bit (Editor)	True	null	null	null	null	null	null	None	0	null	0	0	null	null	null	null	null	
2024/11/23 15:48:53.583	b135e9c82f3b5af8414a656ace8a78c8d45a7834	Windows 11  (10.0.22631) 64bit (Editor)	True	null	null	null	null	null	null	None	0	null	0	0	null	null	null	null	null	
2024/11/23 15:48:53.590	b135e9c82f3b5af8414a656ace8a78c8d45a7834	Windows 11  (10.0.22631) 64bit (Editor)	True	null	null	null	null	null	null	None	0	null	0	0	null	null	null	null	null	
2024/11/23 15:48:53.606	b135e9c82f3b5af8414a656ace8a78c8d45a7834	Windows 11  (10.0.22631) 64bit (Editor)	True	null	null	null	null	null	null	None	0	null	0	0	null	null	null	null	null	
2024/11/23 15:48:53.613	b135e9c82f3b5af8414a656ace8a78c8d45a7834	Windows 11  (10.0.22631) 64bit (Editor)	True	null	null	null	null	null	null	None	0	null	0	0	null	null	null	null	null	
2024/11/23 15:48:53.625	b135e9c82f3b5af8414a656ace8a78c8d45a7834	Windows 11  (10.0.22631) 64bit (Editor)	True	null	null	null	null	null	null	None	0	null	0	0	null	null	null	null	null	
2024/11/23 15:48:53.632	b135e9c82f3b5af8414a656ace8a78c8d45a7834	Windows 11  (10.0.22631) 64bit (Editor)	True	null	null	null	null	null	null	None	0	null	0	0	null	null	null	null	null	
2024/11/23 15:48:53.639	b135e9c82f3b5af8414a656ace8a78c8d45a7834	Windows 11  (10.0.22631) 64bit (Editor)	True	null	null	null	null	null	null	None	0	null	0	0	null	null	null	null	null	
2024/11/23 15:48:53.647	b135e9c82f3b5af8414a656ace8a78c8d45a7834	Windows 11  (10.0.22631) 64bit (Editor)	True	null	null	null	null	null	null	None	0	null	0	0	null	null	null	null	null	
2024/11/23 15:48:53.653	b135e9c82f3b5af8414a656ace8a78c8d45a7834	Windows 11  (10.0.22631) 64bit (Editor)	True	null	null	null	null	null	null	None	0	null	0	0	null	null	null	null	null	
2024/11/23 15:48:53.660	b135e9c82f3b5af8414a656ace8a78c8d45a7834	Windows 11  (10.0.22631) 64bit (Editor)	True	null	null	null	null	null	null	None	0	null	0	0	null	null	null	null	null	
2024/11/23 15:48:53.665	b135e9c82f3b5af8414a656ace8a78c8d45a7834	Windows 11  (10.0.22631) 64bit (Editor)	True	null	null	null	null	null	null	None	0	null	0	0	null	null	null	null	null	
2024/11/23 15:48:53.674	b135e9c82f3b5af8414a656ace8a78c8d45a7834	Windows 11  (10.0.22631) 64bit (Editor)	True	null	null	null	null	null	null	None	0	null	0	0	null	null	null	null	null	
2024/11/23 15:48:53.681	b135e9c82f3b5af8414a656ace8a78c8d45a7834	Windows 11  (10.0.22631) 64bit (Editor)	True	null	null	null	null	null	null	None	0	null	0	0	null	null	null	null	null	
2024/11/23 15:48:53.688	b135e9c82f3b5af8414a656ace8a78c8d45a7834	Windows 11  (10.0.22631) 64bit (Editor)	True	null	null	null	null	null	null	None	0	null	0	0	null	null	null	null	null	
2024/11/23 15:48:53.695	b135e9c82f3b5af8414a656ace8a78c8d45a7834	Windows 11  (10.0.22631) 64bit (Editor)	True	null	null	null	null	null	null	None	0	null	0	0	null	null	null	null	null	
2024/11/23 15:48:53.702	b135e9c82f3b5af8414a656ace8a78c8d45a7834	Windows 11  (10.0.22631) 64bit (Editor)	True	null	null	null	null	null	null	None	0	null	0	0	null	null	null	null	null	
2024/11/23 15:48:53.711	b135e9c82f3b5af8414a656ace8a78c8d45a7834	Windows 11  (10.0.22631) 64bit (Editor)	True	null	null	null	null	null	null	None	0	null	0	0	null	null	null	null	null	
2024/11/23 15:48:53.717	b135e9c82f3b5af8414a656ace8a78c8d45a7834	Windows 11  (10.0.22631) 64bit (Editor)	True	null	null	null	null	null	null	None	0	null	0	0	null	null	null	null	null	
2024/11/23 15:48:53.725	b135e9c82f3b5af8414a656ace8a78c8d45a7834	Windows 11  (10.0.22631) 64bit (Editor)	True	null	null	null	null	null	null	None	0	null	0	0	null	null	null	null	null	
2024/11/23 15:48:53.732	b135e9c82f3b5af8414a656ace8a78c8d45a7834	Windows 11  (10.0.22631) 64bit (Editor)	True	null	null	null	null	null	null	None	0	null	0	0	null	null	null	null	null	
2024/11/23 15:48:53.738	b135e9c82f3b5af8414a656ace8a78c8d45a7834	Windows 11  (10.0.22631) 64bit (Editor)	True	null	null	null	null	null	null	None	0	null	0	0	null	null	null	null	null	
2024/11/23 15:48:53.746	b135e9c82f3b5af8414a656ace8a78c8d45a7834	Windows 11  (10.0.22631) 64bit (Editor)	True	null	null	null	null	null	null	None	0	null	0	0	null	null	null	null	null	
2024/11/23 15:48:53.764	b135e9c82f3b5af8414a656ace8a78c8d45a7834	Windows 11  (10.0.22631) 64bit (Editor)	True	null	null	null	null	null	null	None	0	null	0	0	null	null	null	null	null	
2024/11/23 15:48:53.772	b135e9c82f3b5af8414a656ace8a78c8d45a7834	Windows 11  (10.0.22631) 64bit (Editor)	True	null	null	null	null	null	null	None	0	null	0	0	null	null	null	null	null	
2024/11/23 15:48:53.779	b135e9c82f3b5af8414a656ace8a78c8d45a7834	Windows 11  (10.0.22631) 64bit (Editor)	True	null	null	null	null	null	null	None	0	null	0	0	null	null	null	null	null	
2024/11/23 15:48:53.787	b135e9c82f3b5af8414a656ace8a78c8d45a7834	Windows 11  (10.0.22631) 64bit (Editor)	True	null	null	null	null	null	null	None	0	null	0	0	null	null	null	null	null	
2024/11/23 15:48:53.796	b135e9c82f3b5af8414a656ace8a78c8d45a7834	Windows 11  (10.0.22631) 64bit (Editor)	True	null	null	null	null	null	null	None	0	null	0	0	null	null	null	null	null	
2024/11/23 15:48:53.805	b135e9c82f3b5af8414a656ace8a78c8d45a7834	Windows 11  (10.0.22631) 64bit (Editor)	True	null	null	null	null	null	null	None	0	null	0	0	null	null	null	null	null	
2024/11/23 15:48:53.812	b135e9c82f3b5af8414a656ace8a78c8d45a7834	Windows 11  (10.0.22631) 64bit (Editor)	True	null	null	null	null	null	null	None	0	null	0	0	null	null	null	null	null	
2024/11/23 15:48:53.820	b135e9c82f3b5af8414a656ace8a78c8d45a7834	Windows 11  (10.0.22631) 64bit (Editor)	True	null	null	null	null	null	null	None	0	null	0	0	null	null	null	null	null	
2024/11/23 15:48:53.828	b135e9c82f3b5af8414a656ace8a78c8d45a7834	Windows 11  (10.0.22631) 64bit (Editor)	True	null	null	null	null	null	null	None	0	null	0	0	null	null	null	null	null	
2024/11/23 15:48:53.836	b135e9c82f3b5af8414a656ace8a78c8d45a7834	Windows 11  (10.0.22631) 64bit (Editor)	True	null	null	null	null	null	null	None	0	null	0	0	null	null	null	null	null	
2024/11/23 15:48:53.845	b135e9c82f3b5af8414a656ace8a78c8d45a7834	Windows 11  (10.0.22631) 64bit (Editor)	True	null	null	null	null	null	null	None	0	null	0	0	null	null	null	null	null	
2024/11/23 15:48:53.852	b135e9c82f3b5af8414a656ace8a78c8d45a7834	Windows 11  (10.0.22631) 64bit (Editor)	True	null	null	null	null	null	null	None	0	null	0	0	null	null	null	null	null	
2024/11/23 15:48:53.862	b135e9c82f3b5af8414a656ace8a78c8d45a7834	Windows 11  (10.0.22631) 64bit (Editor)	True	null	null	null	null	null	null	None	0	null	0	0	null	null	null	null	null	
2024/11/23 15:48:53.870	b135e9c82f3b5af8414a656ace8a78c8d45a7834	Windows 11  (10.0.22631) 64bit (Editor)	True	null	null	null	null	null	null	None	0	null	0	0	null	null	null	null	null	
2024/11/23 15:48:53.878	b135e9c82f3b5af8414a656ace8a78c8d45a7834	Windows 11  (10.0.22631) 64bit (Editor)	True	null	null	null	null	null	null	None	0	null	0	0	null	null	null	null	null	
2024/11/23 15:48:53.885	b135e9c82f3b5af8414a656ace8a78c8d45a7834	Windows 11  (10.0.22631) 64bit (Editor)	True	null	null	null	null	null	null	None	0	null	0	0	null	null	null	null	null	
2024/11/23 15:48:53.893	b135e9c82f3b5af8414a656ace8a78c8d45a7834	Windows 11  (10.0.22631) 64bit (Editor)	True	null	null	null	null	null	null	None	0	null	0	0	null	null	null	null	null	
2024/11/23 15:48:53.902	b135e9c82f3b5af8414a656ace8a78c8d45a7834	Windows 11  (10.0.22631) 64bit (Editor)	True	null	null	null	null	null	null	None	0	null	0	0	null	null	null	null	null	
2024/11/23 15:48:53.921	b135e9c82f3b5af8414a656ace8a78c8d45a7834	Windows 11  (10.0.22631) 64bit (Editor)	True	null	null	null	null	null	null	None	0	null	0	0	null	null	null	null	null	
2024/11/23 15:48:53.929	b135e9c82f3b5af8414a656ace8a78c8d45a7834	Windows 11  (10.0.22631) 64bit (Editor)	True	null	null	null	null	null	null	None	0	null	0	0	null	null	null	null	null	
2024/11/23 15:48:53.937	b135e9c82f3b5af8414a656ace8a78c8d45a7834	Windows 11  (10.0.22631) 64bit (Editor)	True	null	null	null	null	null	null	None	0	null	0	0	null	null	null	null	null	
2024/11/23 15:48:53.944	b135e9c82f3b5af8414a656ace8a78c8d45a7834	Windows 11  (10.0.22631) 64bit (Editor)	True	null	null	null	null	null	null	None	0	null	0	0	null	null	null	null	null	
2024/11/23 15:48:53.949	b135e9c82f3b5af8414a656ace8a78c8d45a7834	Windows 11  (10.0.22631) 64bit (Editor)	True	null	null	null	null	null	null	None	0	null	0	0	null	null	null	null	null	
2024/11/23 15:48:53.958	b135e9c82f3b5af8414a656ace8a78c8d45a7834	Windows 11  (10.0.22631) 64bit (Editor)	True	null	null	null	null	null	null	None	0	null	0	0	null	null	null	null	null	
2024/11/23 15:48:53.965	b135e9c82f3b5af8414a656ace8a78c8d45a7834	Windows 11  (10.0.22631) 64bit (Editor)	True	null	null	null	null	null	null	None	0	null	0	0	null	null	null	null	null	
2024/11/23 15:48:53.973	b135e9c82f3b5af8414a656ace8a78c8d45a7834	Windows 11  (10.0.22631) 64bit (Editor)	True	null	null	null	null	null	null	None	0	null	0	0	null	null	null	null	null	
2024/11/23 15:48:53.979	b135e9c82f3b5af8414a656ace8a78c8d45a7834	Windows 11  (10.0.22631) 64bit (Editor)	True	null	null	null	null	null	null	None	0	null	0	0	null	null	null	null	null	
2024/11/23 15:48:53.986	b135e9c82f3b5af8414a656ace8a78c8d45a7834	Windows 11  (10.0.22631) 64bit (Editor)	True	null	null	null	null	null	null	None	0	null	0	0	null	null	null	null	null	
2024/11/23 15:48:53.995	b135e9c82f3b5af8414a656ace8a78c8d45a7834	Windows 11  (10.0.22631) 64bit (Editor)	True	null	null	null	null	null	null	None	0	null	0	0	null	null	null	null	null	
2024/11/23 15:48:54.002	b135e9c82f3b5af8414a656ace8a78c8d45a7834	Windows 11  (10.0.22631) 64bit (Editor)	True	null	null	null	null	null	null	None	0	null	0	0	null	null	null	null	null	
2024/11/23 15:48:54.009	b135e9c82f3b5af8414a656ace8a78c8d45a7834	Windows 11  (10.0.22631) 64bit (Editor)	True	null	null	null	null	null	null	None	0	null	0	0	null	null	null	null	null	
2024/11/23 15:48:54.015	b135e9c82f3b5af8414a656ace8a78c8d45a7834	Windows 11  (10.0.22631) 64bit (Editor)	True	null	null	null	null	null	null	None	0	null	0	0	null	null	null	null	null	
2024/11/23 15:48:54.024	b135e9c82f3b5af8414a656ace8a78c8d45a7834	Windows 11  (10.0.22631) 64bit (Editor)	True	null	null	null	null	null	null	None	0	null	0	0	null	null	null	null	null	
2024/11/23 15:48:54.030	b135e9c82f3b5af8414a656ace8a78c8d45a7834	Windows 11  (10.0.22631) 64bit (Editor)	True	null	null	null	null	null	null	None	0	null	0	0	null	null	null	null	null	
2024/11/23 15:48:54.037	b135e9c82f3b5af8414a656ace8a78c8d45a7834	Windows 11  (10.0.22631) 64bit (Editor)	True	null	null	null	null	null	null	None	0	null	0	0	null	null	null	null	null	
2024/11/23 15:48:54.044	b135e9c82f3b5af8414a656ace8a78c8d45a7834	Windows 11  (10.0.22631) 64bit (Editor)	True	null	null	null	null	null	null	None	0	null	0	0	null	null	null	null	null	
2024/11/23 15:48:54.050	b135e9c82f3b5af8414a656ace8a78c8d45a7834	Windows 11  (10.0.22631) 64bit (Editor)	True	null	null	null	null	null	null	None	0	null	0	0	null	null	null	null	null	
2024/11/23 15:48:54.059	b135e9c82f3b5af8414a656ace8a78c8d45a7834	Windows 11  (10.0.22631) 64bit (Editor)	True	null	null	null	null	null	null	None	0	null	0	0	null	null	null	null	null	
2024/11/23 15:48:54.075	b135e9c82f3b5af8414a656ace8a78c8d45a7834	Windows 11  (10.0.22631) 64bit (Editor)	True	null	null	null	null	null	null	None	0	null	0	0	null	null	null	null	null	
2024/11/23 15:48:54.086	b135e9c82f3b5af8414a656ace8a78c8d45a7834	Windows 11  (10.0.22631) 64bit (Editor)	True	null	null	null	null	null	null	None	0	null	0	0	null	null	null	null	null	
2024/11/23 15:48:54.093	b135e9c82f3b5af8414a656ace8a78c8d45a7834	Windows 11  (10.0.22631) 64bit (Editor)	True	null	null	null	null	null	null	None	0	null	0	0	null	null	null	null	null	
2024/11/23 15:48:54.099	b135e9c82f3b5af8414a656ace8a78c8d45a7834	Windows 11  (10.0.22631) 64bit (Editor)	True	null	null	null	null	null	null	None	0	null	0	0	null	null	null	null	null	
2024/11/23 15:48:54.106	b135e9c82f3b5af8414a656ace8a78c8d45a7834	Windows 11  (10.0.22631) 64bit (Editor)	True	null	null	null	null	null	null	None	0	null	0	0	null	null	null	null	null	
2024/11/23 15:48:54.113	b135e9c82f3b5af8414a656ace8a78c8d45a7834	Windows 11  (10.0.22631) 64bit (Editor)	True	null	null	null	null	null	null	None	0	null	0	0	null	null	null	null	null	
2024/11/23 15:48:54.121	b135e9c82f3b5af8414a656ace8a78c8d45a7834	Windows 11  (10.0.22631) 64bit (Editor)	True	null	null	null	null	null	null	None	0	null	0	0	null	null	null	null	null	
2024/11/23 15:48:54.126	b135e9c82f3b5af8414a656ace8a78c8d45a7834	Windows 11  (10.0.22631) 64bit (Editor)	True	null	null	null	null	null	null	None	0	null	0	0	null	null	null	null	null	
2024/11/23 15:48:54.134	b135e9c82f3b5af8414a656ace8a78c8d45a7834	Windows 11  (10.0.22631) 64bit (Editor)	True	null	null	null	null	null	null	None	0	null	0	0	null	null	null	null	null	
2024/11/23 15:48:54.141	b135e9c82f3b5af8414a656ace8a78c8d45a7834	Windows 11  (10.0.22631) 64bit (Editor)	True	null	null	null	null	null	null	None	0	null	0	0	null	null	null	null	null	
2024/11/23 15:48:54.147	b135e9c82f3b5af8414a656ace8a78c8d45a7834	Windows 11  (10.0.22631) 64bit (Editor)	True	null	null	null	null	null	null	None	0	null	0	0	null	null	null	null	null	
2024/11/23 15:48:54.154	b135e9c82f3b5af8414a656ace8a78c8d45a7834	Windows 11  (10.0.22631) 64bit (Editor)	True	null	null	null	null	null	null	None	0	null	0	0	null	null	null	null	null	
2024/11/23 15:48:54.160	b135e9c82f3b5af8414a656ace8a78c8d45a7834	Windows 11  (10.0.22631) 64bit (Editor)	True	null	null	null	null	null	null	None	0	null	0	0	null	null	null	null	null	
2024/11/23 15:48:54.167	b135e9c82f3b5af8414a656ace8a78c8d45a7834	Windows 11  (10.0.22631) 64bit (Editor)	True	null	null	null	null	null	null	None	0	null	0	0	null	null	null	null	null	
2024/11/23 15:48:54.174	b135e9c82f3b5af8414a656ace8a78c8d45a7834	Windows 11  (10.0.22631) 64bit (Editor)	True	null	null	null	null	null	null	None	0	null	0	0	null	null	null	null	null	
2024/11/23 15:48:54.180	b135e9c82f3b5af8414a656ace8a78c8d45a7834	Windows 11  (10.0.22631) 64bit (Editor)	True	null	null	null	null	null	null	None	0	null	0	0	null	null	null	null	null	
2024/11/23 15:48:54.186	b135e9c82f3b5af8414a656ace8a78c8d45a7834	Windows 11  (10.0.22631) 64bit (Editor)	True	null	null	null	null	null	null	None	0	null	0	0	null	null	null	null	null	
2024/11/23 15:48:54.194	b135e9c82f3b5af8414a656ace8a78c8d45a7834	Windows 11  (10.0.22631) 64bit (Editor)	True	null	null	null	null	null	null	None	0	null	0	0	null	null	null	null	null	
2024/11/23 15:48:54.199	b135e9c82f3b5af8414a656ace8a78c8d45a7834	Windows 11  (10.0.22631) 64bit (Editor)	True	null	null	null	null	null	null	None	0	null	0	0	null	null	null	null	null	
2024/11/23 15:48:54.206	b135e9c82f3b5af8414a656ace8a78c8d45a7834	Windows 11  (10.0.22631) 64bit (Editor)	True	null	null	null	null	null	null	None	0	null	0	0	null	null	null	null	null	
2024/11/23 15:48:54.213	b135e9c82f3b5af8414a656ace8a78c8d45a7834	Windows 11  (10.0.22631) 64bit (Editor)	True	null	null	null	null	null	null	None	0	null	0	0	null	null	null	null	null	
2024/11/23 15:48:54.230	b135e9c82f3b5af8414a656ace8a78c8d45a7834	Windows 11  (10.0.22631) 64bit (Editor)	True	null	null	null	null	null	null	None	0	null	0	0	null	null	null	null	null	
2024/11/23 15:48:54.238	b135e9c82f3b5af8414a656ace8a78c8d45a7834	Windows 11  (10.0.22631) 64bit (Editor)	True	null	null	null	null	null	null	None	0	null	0	0	null	null	null	null	null	
2024/11/23 15:48:54.246	b135e9c82f3b5af8414a656ace8a78c8d45a7834	Windows 11  (10.0.22631) 64bit (Editor)	True	null	null	null	null	null	null	None	0	null	0	0	null	null	null	null	null	
2024/11/23 15:48:54.253	b135e9c82f3b5af8414a656ace8a78c8d45a7834	Windows 11  (10.0.22631) 64bit (Editor)	True	null	null	null	null	null	null	None	0	null	0	0	null	null	null	null	null	
2024/11/23 15:48:54.261	b135e9c82f3b5af8414a656ace8a78c8d45a7834	Windows 11  (10.0.22631) 64bit (Editor)	True	null	null	null	null	null	null	None	0	null	0	0	null	null	null	null	null	
2024/11/23 15:48:54.266	b135e9c82f3b5af8414a656ace8a78c8d45a7834	Windows 11  (10.0.22631) 64bit (Editor)	True	null	null	null	null	null	null	None	0	null	0	0	null	null	null	null	null	
2024/11/23 15:48:54.274	b135e9c82f3b5af8414a656ace8a78c8d45a7834	Windows 11  (10.0.22631) 64bit (Editor)	True	null	null	null	null	null	null	None	0	null	0	0	null	null	null	null	null	
2024/11/23 15:48:54.281	b135e9c82f3b5af8414a656ace8a78c8d45a7834	Windows 11  (10.0.22631) 64bit (Editor)	True	null	null	null	null	null	null	None	0	null	0	0	null	null	null	null	null	
2024/11/23 15:48:54.289	b135e9c82f3b5af8414a656ace8a78c8d45a7834	Windows 11  (10.0.22631) 64bit (Editor)	True	null	null	null	null	null	null	None	0	null	0	0	null	null	null	null	null	
2024/11/23 15:48:54.296	b135e9c82f3b5af8414a656ace8a78c8d45a7834	Windows 11  (10.0.22631) 64bit (Editor)	True	null	null	null	null	null	null	None	0	null	0	0	null	null	null	null	null	
2024/11/23 15:48:54.302	b135e9c82f3b5af8414a656ace8a78c8d45a7834	Windows 11  (10.0.22631) 64bit (Editor)	True	null	null	null	null	null	null	None	0	null	0	0	null	null	null	null	null	
2024/11/23 15:48:54.308	b135e9c82f3b5af8414a656ace8a78c8d45a7834	Windows 11  (10.0.22631) 64bit (Editor)	True	null	null	null	null	null	null	None	0	null	0	0	null	null	null	null	null	
2024/11/23 15:48:54.316	b135e9c82f3b5af8414a656ace8a78c8d45a7834	Windows 11  (10.0.22631) 64bit (Editor)	True	null	null	null	null	null	null	None	0	null	0	0	null	null	null	null	null	
2024/11/23 15:48:54.323	b135e9c82f3b5af8414a656ace8a78c8d45a7834	Windows 11  (10.0.22631) 64bit (Editor)	True	null	null	null	null	null	null	None	0	null	0	0	null	null	null	null	null	
2024/11/23 15:48:54.331	b135e9c82f3b5af8414a656ace8a78c8d45a7834	Windows 11  (10.0.22631) 64bit (Editor)	True	null	null	null	null	null	null	None	0	null	0	0	null	null	null	null	null	
2024/11/23 15:48:54.340	b135e9c82f3b5af8414a656ace8a78c8d45a7834	Windows 11  (10.0.22631) 64bit (Editor)	True	null	null	null	null	null	null	None	0	null	0	0	null	null	null	null	null	
2024/11/23 15:48:54.347	b135e9c82f3b5af8414a656ace8a78c8d45a7834	Windows 11  (10.0.22631) 64bit (Editor)	True	null	null	null	null	null	null	None	0	null	0	0	null	null	null	null	null	
2024/11/23 15:48:54.354	b135e9c82f3b5af8414a656ace8a78c8d45a7834	Windows 11  (10.0.22631) 64bit (Editor)	True	null	null	null	null	null	null	None	0	null	0	0	null	null	null	null	null	
2024/11/23 15:48:54.361	b135e9c82f3b5af8414a656ace8a78c8d45a7834	Windows 11  (10.0.22631) 64bit (Editor)	True	null	null	null	null	null	null	None	0	null	0	0	null	null	null	null	null	
2024/11/23 15:48:54.369	b135e9c82f3b5af8414a656ace8a78c8d45a7834	Windows 11  (10.0.22631) 64bit (Editor)	True	null	null	null	null	null	null	None	0	null	0	0	null	null	null	null	null	
2024/11/23 15:48:54.386	b135e9c82f3b5af8414a656ace8a78c8d45a7834	Windows 11  (10.0.22631) 64bit (Editor)	True	null	null	null	null	null	null	None	0	null	0	0	null	null	null	null	null	
2024/11/23 15:48:54.392	b135e9c82f3b5af8414a656ace8a78c8d45a7834	Windows 11  (10.0.22631) 64bit (Editor)	True	null	null	null	null	null	null	None	0	null	0	0	null	null	null	null	null	
2024/11/23 15:48:54.400	b135e9c82f3b5af8414a656ace8a78c8d45a7834	Windows 11  (10.0.22631) 64bit (Editor)	True	null	null	null	null	null	null	None	0	null	0	0	null	null	null	null	null	
2024/11/23 15:48:54.407	b135e9c82f3b5af8414a656ace8a78c8d45a7834	Windows 11  (10.0.22631) 64bit (Editor)	True	null	null	null	null	null	null	None	0	null	0	0	null	null	null	null	null	
2024/11/23 15:48:54.415	b135e9c82f3b5af8414a656ace8a78c8d45a7834	Windows 11  (10.0.22631) 64bit (Editor)	True	null	null	null	null	null	null	None	0	null	0	0	null	null	null	null	null	
2024/11/23 15:48:54.421	b135e9c82f3b5af8414a656ace8a78c8d45a7834	Windows 11  (10.0.22631) 64bit (Editor)	True	null	null	null	null	null	null	None	0	null	0	0	null	null	null	null	null	
2024/11/23 15:48:54.428	b135e9c82f3b5af8414a656ace8a78c8d45a7834	Windows 11  (10.0.22631) 64bit (Editor)	True	null	null	null	null	null	null	None	0	null	0	0	null	null	null	null	null	
2024/11/23 15:48:54.435	b135e9c82f3b5af8414a656ace8a78c8d45a7834	Windows 11  (10.0.22631) 64bit (Editor)	True	null	null	null	null	null	null	None	0	null	0	0	null	null	null	null	null	
2024/11/23 15:48:54.441	b135e9c82f3b5af8414a656ace8a78c8d45a7834	Windows 11  (10.0.22631) 64bit (Editor)	True	null	null	null	null	null	null	None	0	null	0	0	null	null	null	null	null	
2024/11/23 15:48:54.448	b135e9c82f3b5af8414a656ace8a78c8d45a7834	Windows 11  (10.0.22631) 64bit (Editor)	True	null	null	null	null	null	null	None	0	null	0	0	null	null	null	null	null	
2024/11/23 15:48:54.456	b135e9c82f3b5af8414a656ace8a78c8d45a7834	Windows 11  (10.0.22631) 64bit (Editor)	True	null	null	null	null	null	null	None	0	null	0	0	null	null	null	null	null	
2024/11/23 15:48:54.463	b135e9c82f3b5af8414a656ace8a78c8d45a7834	Windows 11  (10.0.22631) 64bit (Editor)	True	null	null	null	null	null	null	None	0	null	0	0	null	null	null	null	null	
2024/11/23 15:48:54.470	b135e9c82f3b5af8414a656ace8a78c8d45a7834	Windows 11  (10.0.22631) 64bit (Editor)	True	null	null	null	null	null	null	None	0	null	0	0	null	null	null	null	null	
2024/11/23 15:48:54.477	b135e9c82f3b5af8414a656ace8a78c8d45a7834	Windows 11  (10.0.22631) 64bit (Editor)	True	null	null	null	null	null	null	None	0	null	0	0	null	null	null	null	null	
2024/11/23 15:48:54.485	b135e9c82f3b5af8414a656ace8a78c8d45a7834	Windows 11  (10.0.22631) 64bit (Editor)	True	null	null	null	null	null	null	None	0	null	0	0	null	null	null	null	null	
2024/11/23 15:48:54.492	b135e9c82f3b5af8414a656ace8a78c8d45a7834	Windows 11  (10.0.22631) 64bit (Editor)	True	null	null	null	null	null	null	None	0	null	0	0	null	null	null	null	null	
2024/11/23 15:48:54.499	b135e9c82f3b5af8414a656ace8a78c8d45a7834	Windows 11  (10.0.22631) 64bit (Editor)	True	null	null	null	null	null	null	None	0	null	0	0	null	null	null	null	null	
2024/11/23 15:48:54.506	b135e9c82f3b5af8414a656ace8a78c8d45a7834	Windows 11  (10.0.22631) 64bit (Editor)	True	null	null	null	null	null	null	None	0	null	0	0	null	null	null	null	null	
2024/11/23 15:48:54.513	b135e9c82f3b5af8414a656ace8a78c8d45a7834	Windows 11  (10.0.22631) 64bit (Editor)	True	null	null	null	null	null	null	None	0	null	0	0	null	null	null	null	null	
2024/11/23 15:48:54.522	b135e9c82f3b5af8414a656ace8a78c8d45a7834	Windows 11  (10.0.22631) 64bit (Editor)	True	null	null	null	null	null	null	None	0	null	0	0	null	null	null	null	null	
2024/11/23 15:48:54.539	b135e9c82f3b5af8414a656ace8a78c8d45a7834	Windows 11  (10.0.22631) 64bit (Editor)	True	null	null	null	null	null	null	None	0	null	0	0	null	null	null	null	null	
2024/11/23 15:48:54.546	b135e9c82f3b5af8414a656ace8a78c8d45a7834	Windows 11  (10.0.22631) 64bit (Editor)	True	null	null	null	null	null	null	None	0	null	0	0	null	null	null	null	null	
2024/11/23 15:48:54.553	b135e9c82f3b5af8414a656ace8a78c8d45a7834	Windows 11  (10.0.22631) 64bit (Editor)	True	null	null	null	null	null	null	None	0	null	0	0	null	null	null	null	null	
2024/11/23 15:48:54.562	b135e9c82f3b5af8414a656ace8a78c8d45a7834	Windows 11  (10.0.22631) 64bit (Editor)	True	null	null	null	null	null	null	None	0	null	0	0	null	null	null	null	null	
2024/11/23 15:48:54.571	b135e9c82f3b5af8414a656ace8a78c8d45a7834	Windows 11  (10.0.22631) 64bit (Editor)	True	null	null	null	null	null	null	None	0	null	0	0	null	null	null	null	null	
2024/11/23 15:48:54.578	b135e9c82f3b5af8414a656ace8a78c8d45a7834	Windows 11  (10.0.22631) 64bit (Editor)	True	null	null	null	null	null	null	None	0	null	0	0	null	null	null	null	null	
2024/11/23 15:48:54.587	b135e9c82f3b5af8414a656ace8a78c8d45a7834	Windows 11  (10.0.22631) 64bit (Editor)	True	null	null	null	null	null	null	None	0	null	0	0	null	null	null	null	null	
2024/11/23 15:48:54.595	b135e9c82f3b5af8414a656ace8a78c8d45a7834	Windows 11  (10.0.22631) 64bit (Editor)	True	null	null	null	null	null	null	None	0	null	0	0	null	null	null	null	null	
2024/11/23 15:48:54.604	b135e9c82f3b5af8414a656ace8a78c8d45a7834	Windows 11  (10.0.22631) 64bit (Editor)	True	null	null	null	null	null	null	None	0	null	0	0	null	null	null	null	null	
2024/11/23 15:48:54.611	b135e9c82f3b5af8414a656ace8a78c8d45a7834	Windows 11  (10.0.22631) 64bit (Editor)	True	null	null	null	null	null	null	None	0	null	0	0	null	null	null	null	null	
2024/11/23 15:48:54.619	b135e9c82f3b5af8414a656ace8a78c8d45a7834	Windows 11  (10.0.22631) 64bit (Editor)	True	null	null	null	null	null	null	None	0	null	0	0	null	null	null	null	null	
2024/11/23 15:48:54.627	b135e9c82f3b5af8414a656ace8a78c8d45a7834	Windows 11  (10.0.22631) 64bit (Editor)	True	null	null	null	null	null	null	None	0	null	0	0	null	null	null	null	null	
2024/11/23 15:48:54.634	b135e9c82f3b5af8414a656ace8a78c8d45a7834	Windows 11  (10.0.22631) 64bit (Editor)	True	null	null	null	null	null	null	None	0	null	0	0	null	null	null	null	null	
2024/11/23 15:48:54.642	b135e9c82f3b5af8414a656ace8a78c8d45a7834	Windows 11  (10.0.22631) 64bit (Editor)	True	null	null	null	null	null	null	None	0	null	0	0	null	null	null	null	null	
2024/11/23 15:48:54.651	b135e9c82f3b5af8414a656ace8a78c8d45a7834	Windows 11  (10.0.22631) 64bit (Editor)	True	null	null	null	null	null	null	None	0	null	0	0	null	null	null	null	null	
2024/11/23 15:48:54.659	b135e9c82f3b5af8414a656ace8a78c8d45a7834	Windows 11  (10.0.22631) 64bit (Editor)	True	null	null	null	null	null	null	None	0	null	0	0	null	null	null	null	null	
2024/11/23 15:48:54.667	b135e9c82f3b5af8414a656ace8a78c8d45a7834	Windows 11  (10.0.22631) 64bit (Editor)	True	null	null	null	null	null	null	None	0	null	0	0	null	null	null	null	null	
2024/11/23 15:48:54.676	b135e9c82f3b5af8414a656ace8a78c8d45a7834	Windows 11  (10.0.22631) 64bit (Editor)	True	null	null	null	null	null	null	None	0	null	0	0	null	null	null	null	null	
2024/11/23 15:48:54.694	b135e9c82f3b5af8414a656ace8a78c8d45a7834	Windows 11  (10.0.22631) 64bit (Editor)	True	null	null	null	null	null	null	None	0	null	0	0	null	null	null	null	null	
2024/11/23 15:48:54.703	b135e9c82f3b5af8414a656ace8a78c8d45a7834	Windows 11  (10.0.22631) 64bit (Editor)	True	null	null	null	null	null	null	None	0	null	0	0	null	null	null	null	null	
2024/11/23 15:48:54.718	b135e9c82f3b5af8414a656ace8a78c8d45a7834	Windows 11  (10.0.22631) 64bit (Editor)	True	null	null	null	null	null	null	None	0	null	0	0	null	null	null	null	null	
2024/11/23 15:48:54.724	b135e9c82f3b5af8414a656ace8a78c8d45a7834	Windows 11  (10.0.22631) 64bit (Editor)	True	null	null	null	null	null	null	None	0	null	0	0	null	null	null	null	null	
2024/11/23 15:48:54.731	b135e9c82f3b5af8414a656ace8a78c8d45a7834	Windows 11  (10.0.22631) 64bit (Editor)	True	null	null	null	null	null	null	None	0	null	0	0	null	null	null	null	null	
2024/11/23 15:48:54.738	b135e9c82f3b5af8414a656ace8a78c8d45a7834	Windows 11  (10.0.22631) 64bit (Editor)	True	null	null	null	null	null	null	None	0	null	0	0	null	null	null	null	null	
2024/11/23 15:48:54.744	b135e9c82f3b5af8414a656ace8a78c8d45a7834	Windows 11  (10.0.22631) 64bit (Editor)	True	null	null	null	null	null	null	None	0	null	0	0	null	null	null	null	null	
2024/11/23 15:48:54.752	b135e9c82f3b5af8414a656ace8a78c8d45a7834	Windows 11  (10.0.22631) 64bit (Editor)	True	null	null	null	null	null	null	None	0	null	0	0	null	null	null	null	null	
2024/11/23 15:48:54.758	b135e9c82f3b5af8414a656ace8a78c8d45a7834	Windows 11  (10.0.22631) 64bit (Editor)	True	null	null	null	null	null	null	None	0	null	0	0	null	null	null	null	null	
2024/11/23 15:48:54.765	b135e9c82f3b5af8414a656ace8a78c8d45a7834	Windows 11  (10.0.22631) 64bit (Editor)	True	null	null	null	null	null	null	None	0	null	0	0	null	null	null	null	null	
2024/11/23 15:48:54.773	b135e9c82f3b5af8414a656ace8a78c8d45a7834	Windows 11  (10.0.22631) 64bit (Editor)	True	null	null	null	null	null	null	None	0	null	0	0	null	null	null	null	null	
2024/11/23 15:48:54.780	b135e9c82f3b5af8414a656ace8a78c8d45a7834	Windows 11  (10.0.22631) 64bit (Editor)	True	null	null	null	null	null	null	None	0	null	0	0	null	null	null	null	null	
2024/11/23 15:48:54.788	b135e9c82f3b5af8414a656ace8a78c8d45a7834	Windows 11  (10.0.22631) 64bit (Editor)	True	null	null	null	null	null	null	None	0	null	0	0	null	null	null	null	null	
2024/11/23 15:48:54.795	b135e9c82f3b5af8414a656ace8a78c8d45a7834	Windows 11  (10.0.22631) 64bit (Editor)	True	null	null	null	null	null	null	None	0	null	0	0	null	null	null	null	null	
2024/11/23 15:48:54.802	b135e9c82f3b5af8414a656ace8a78c8d45a7834	Windows 11  (10.0.22631) 64bit (Editor)	True	null	null	null	null	null	null	None	0	null	0	0	null	null	null	null	null	
2024/11/23 15:48:54.808	b135e9c82f3b5af8414a656ace8a78c8d45a7834	Windows 11  (10.0.22631) 64bit (Editor)	True	null	null	null	null	null	null	None	0	null	0	0	null	null	null	null	null	
2024/11/23 15:48:54.816	b135e9c82f3b5af8414a656ace8a78c8d45a7834	Windows 11  (10.0.22631) 64bit (Editor)	True	null	null	null	null	null	null	None	0	null	0	0	null	null	null	null	null	
2024/11/23 15:48:54.822	b135e9c82f3b5af8414a656ace8a78c8d45a7834	Windows 11  (10.0.22631) 64bit (Editor)	True	null	null	null	null	null	null	None	0	null	0	0	null	null	null	null	null	
2024/11/23 15:48:54.828	b135e9c82f3b5af8414a656ace8a78c8d45a7834	Windows 11  (10.0.22631) 64bit (Editor)	True	null	null	null	null	null	null	None	0	null	0	0	null	null	null	null	null	
2024/11/23 15:48:54.846	b135e9c82f3b5af8414a656ace8a78c8d45a7834	Windows 11  (10.0.22631) 64bit (Editor)	True	null	null	null	null	null	null	None	0	null	0	0	null	null	null	null	null	
2024/11/23 15:48:54.862	b135e9c82f3b5af8414a656ace8a78c8d45a7834	Windows 11  (10.0.22631) 64bit (Editor)	True	null	null	null	null	null	null	None	0	null	0	0	null	null	null	null	null	
2024/11/23 15:48:54.870	b135e9c82f3b5af8414a656ace8a78c8d45a7834	Windows 11  (10.0.22631) 64bit (Editor)	True	null	null	null	null	null	null	None	0	null	0	0	null	null	null	null	null	
2024/11/23 15:48:54.878	b135e9c82f3b5af8414a656ace8a78c8d45a7834	Windows 11  (10.0.22631) 64bit (Editor)	True	null	null	null	null	null	null	None	0	null	0	0	null	null	null	null	null	
2024/11/23 15:48:54.886	b135e9c82f3b5af8414a656ace8a78c8d45a7834	Windows 11  (10.0.22631) 64bit (Editor)	True	null	null	null	null	null	null	None	0	null	0	0	null	null	null	null	null	
2024/11/23 15:48:54.892	b135e9c82f3b5af8414a656ace8a78c8d45a7834	Windows 11  (10.0.22631) 64bit (Editor)	True	null	null	null	null	null	null	None	0	null	0	0	null	null	null	null	null	
2024/11/23 15:48:54.900	b135e9c82f3b5af8414a656ace8a78c8d45a7834	Windows 11  (10.0.22631) 64bit (Editor)	True	null	null	null	null	null	null	None	0	null	0	0	null	null	null	null	null	
2024/11/23 15:48:54.906	b135e9c82f3b5af8414a656ace8a78c8d45a7834	Windows 11  (10.0.22631) 64bit (Editor)	True	null	null	null	null	null	null	None	0	null	0	0	null	null	null	null	null	
2024/11/23 15:48:54.915	b135e9c82f3b5af8414a656ace8a78c8d45a7834	Windows 11  (10.0.22631) 64bit (Editor)	True	null	null	null	null	null	null	None	0	null	0	0	null	null	null	null	null	
2024/11/23 15:48:54.922	b135e9c82f3b5af8414a656ace8a78c8d45a7834	Windows 11  (10.0.22631) 64bit (Editor)	True	null	null	null	null	null	null	None	0	null	0	0	null	null	null	null	null	
2024/11/23 15:48:54.928	b135e9c82f3b5af8414a656ace8a78c8d45a7834	Windows 11  (10.0.22631) 64bit (Editor)	True	null	null	null	null	null	null	None	0	null	0	0	null	null	null	null	null	
2024/11/23 15:48:54.935	b135e9c82f3b5af8414a656ace8a78c8d45a7834	Windows 11  (10.0.22631) 64bit (Editor)	True	null	null	null	null	null	null	None	0	null	0	0	null	null	null	null	null	
2024/11/23 15:48:54.942	b135e9c82f3b5af8414a656ace8a78c8d45a7834	Windows 11  (10.0.22631) 64bit (Editor)	True	null	null	null	null	null	null	None	0	null	0	0	null	null	null	null	null	
2024/11/23 15:48:54.949	b135e9c82f3b5af8414a656ace8a78c8d45a7834	Windows 11  (10.0.22631) 64bit (Editor)	True	null	null	null	null	null	null	None	0	null	0	0	null	null	null	null	null	
2024/11/23 15:48:54.956	b135e9c82f3b5af8414a656ace8a78c8d45a7834	Windows 11  (10.0.22631) 64bit (Editor)	True	null	null	null	null	null	null	None	0	null	0	0	null	null	null	null	null	
2024/11/23 15:48:54.963	b135e9c82f3b5af8414a656ace8a78c8d45a7834	Windows 11  (10.0.22631) 64bit (Editor)	True	null	null	null	null	null	null	None	0	null	0	0	null	null	null	null	null	
2024/11/23 15:48:54.970	b135e9c82f3b5af8414a656ace8a78c8d45a7834	Windows 11  (10.0.22631) 64bit (Editor)	True	null	null	null	null	null	null	None	0	null	0	0	null	null	null	null	null	
2024/11/23 15:48:54.977	b135e9c82f3b5af8414a656ace8a78c8d45a7834	Windows 11  (10.0.22631) 64bit (Editor)	True	null	null	null	null	null	null	None	0	null	0	0	null	null	null	null	null	
2024/11/23 15:48:54.985	b135e9c82f3b5af8414a656ace8a78c8d45a7834	Windows 11  (10.0.22631) 64bit (Editor)	True	null	null	null	null	null	null	None	0	null	0	0	null	null	null	null	null	
2024/11/23 15:48:55.001	b135e9c82f3b5af8414a656ace8a78c8d45a7834	Windows 11  (10.0.22631) 64bit (Editor)	True	null	null	null	null	null	null	None	0	null	0	0	null	null	null	null	null	
2024/11/23 15:48:55.009	b135e9c82f3b5af8414a656ace8a78c8d45a7834	Windows 11  (10.0.22631) 64bit (Editor)	True	null	null	null	null	null	null	None	0	null	0	0	null	null	null	null	null	
2024/11/23 15:48:55.017	b135e9c82f3b5af8414a656ace8a78c8d45a7834	Windows 11  (10.0.22631) 64bit (Editor)	True	null	null	null	null	null	null	None	0	null	0	0	null	null	null	null	null	
2024/11/23 15:48:55.024	b135e9c82f3b5af8414a656ace8a78c8d45a7834	Windows 11  (10.0.22631) 64bit (Editor)	True	null	null	null	null	null	null	None	0	null	0	0	null	null	null	null	null	
2024/11/23 15:48:55.031	b135e9c82f3b5af8414a656ace8a78c8d45a7834	Windows 11  (10.0.22631) 64bit (Editor)	True	null	null	null	null	null	null	None	0	null	0	0	null	null	null	null	null	
2024/11/23 15:48:55.039	b135e9c82f3b5af8414a656ace8a78c8d45a7834	Windows 11  (10.0.22631) 64bit (Editor)	True	null	null	null	null	null	null	None	0	null	0	0	null	null	null	null	null	
2024/11/23 15:48:55.045	b135e9c82f3b5af8414a656ace8a78c8d45a7834	Windows 11  (10.0.22631) 64bit (Editor)	True	null	null	null	null	null	null	None	0	null	0	0	null	null	null	null	null	
2024/11/23 15:48:55.054	b135e9c82f3b5af8414a656ace8a78c8d45a7834	Windows 11  (10.0.22631) 64bit (Editor)	True	null	null	null	null	null	null	None	0	null	0	0	null	null	null	null	null	
2024/11/23 15:48:55.060	b135e9c82f3b5af8414a656ace8a78c8d45a7834	Windows 11  (10.0.22631) 64bit (Editor)	True	null	null	null	null	null	null	None	0	null	0	0	null	null	null	null	null	
2024/11/23 15:48:55.068	b135e9c82f3b5af8414a656ace8a78c8d45a7834	Windows 11  (10.0.22631) 64bit (Editor)	True	null	null	null	null	null	null	None	0	null	0	0	null	null	null	null	null	
2024/11/23 15:48:55.075	b135e9c82f3b5af8414a656ace8a78c8d45a7834	Windows 11  (10.0.22631) 64bit (Editor)	True	null	null	null	null	null	null	None	0	null	0	0	null	null	null	null	null	
2024/11/23 15:48:55.082	b135e9c82f3b5af8414a656ace8a78c8d45a7834	Windows 11  (10.0.22631) 64bit (Editor)	True	null	null	null	null	null	null	None	0	null	0	0	null	null	null	null	null	
2024/11/23 15:48:55.089	b135e9c82f3b5af8414a656ace8a78c8d45a7834	Windows 11  (10.0.22631) 64bit (Editor)	True	null	null	null	null	null	null	None	0	null	0	0	null	null	null	null	null	
2024/11/23 15:48:55.095	b135e9c82f3b5af8414a656ace8a78c8d45a7834	Windows 11  (10.0.22631) 64bit (Editor)	True	null	null	null	null	null	null	None	0	null	0	0	null	null	null	null	null	
2024/11/23 15:48:55.104	b135e9c82f3b5af8414a656ace8a78c8d45a7834	Windows 11  (10.0.22631) 64bit (Editor)	True	null	null	null	null	null	null	None	0	null	0	0	null	null	null	null	null	
2024/11/23 15:48:55.109	b135e9c82f3b5af8414a656ace8a78c8d45a7834	Windows 11  (10.0.22631) 64bit (Editor)	True	null	null	null	null	null	null	None	0	null	0	0	null	null	null	null	null	
2024/11/23 15:48:55.117	b135e9c82f3b5af8414a656ace8a78c8d45a7834	Windows 11  (10.0.22631) 64bit (Editor)	True	null	null	null	null	null	null	None	0	null	0	0	null	null	null	null	null	
2024/11/23 15:48:55.124	b135e9c82f3b5af8414a656ace8a78c8d45a7834	Windows 11  (10.0.22631) 64bit (Editor)	True	null	null	null	null	null	null	None	0	null	0	0	null	null	null	null	null	
2024/11/23 15:48:55.131	b135e9c82f3b5af8414a656ace8a78c8d45a7834	Windows 11  (10.0.22631) 64bit (Editor)	True	null	null	null	null	null	null	None	0	null	0	0	null	null	null	null	null	
2024/11/23 15:48:55.138	b135e9c82f3b5af8414a656ace8a78c8d45a7834	Windows 11  (10.0.22631) 64bit (Editor)	True	null	null	null	null	null	null	None	0	null	0	0	null	null	null	null	null	
2024/11/23 15:48:55.154	b135e9c82f3b5af8414a656ace8a78c8d45a7834	Windows 11  (10.0.22631) 64bit (Editor)	True	null	null	null	null	null	null	None	0	null	0	0	null	null	null	null	null	
2024/11/23 15:48:55.163	b135e9c82f3b5af8414a656ace8a78c8d45a7834	Windows 11  (10.0.22631) 64bit (Editor)	True	null	null	null	null	null	null	None	0	null	0	0	null	null	null	null	null	
2024/11/23 15:48:55.170	b135e9c82f3b5af8414a656ace8a78c8d45a7834	Windows 11  (10.0.22631) 64bit (Editor)	True	null	null	null	null	null	null	None	0	null	0	0	null	null	null	null	null	
2024/11/23 15:48:55.177	b135e9c82f3b5af8414a656ace8a78c8d45a7834	Windows 11  (10.0.22631) 64bit (Editor)	True	null	null	null	null	null	null	None	0	null	0	0	null	null	null	null	null	
2024/11/23 15:48:55.184	b135e9c82f3b5af8414a656ace8a78c8d45a7834	Windows 11  (10.0.22631) 64bit (Editor)	True	null	null	null	null	null	null	None	0	null	0	0	null	null	null	null	null	
2024/11/23 15:48:55.191	b135e9c82f3b5af8414a656ace8a78c8d45a7834	Windows 11  (10.0.22631) 64bit (Editor)	True	null	null	null	null	null	null	None	0	null	0	0	null	null	null	null	null	
2024/11/23 15:48:55.197	b135e9c82f3b5af8414a656ace8a78c8d45a7834	Windows 11  (10.0.22631) 64bit (Editor)	True	null	null	null	null	null	null	None	0	null	0	0	null	null	null	null	null	
2024/11/23 15:48:55.205	b135e9c82f3b5af8414a656ace8a78c8d45a7834	Windows 11  (10.0.22631) 64bit (Editor)	True	null	null	null	null	null	null	None	0	null	0	0	null	null	null	null	null	
2024/11/23 15:48:55.211	b135e9c82f3b5af8414a656ace8a78c8d45a7834	Windows 11  (10.0.22631) 64bit (Editor)	True	null	null	null	null	null	null	None	0	null	0	0	null	null	null	null	null	
2024/11/23 15:48:55.219	b135e9c82f3b5af8414a656ace8a78c8d45a7834	Windows 11  (10.0.22631) 64bit (Editor)	True	null	null	null	null	null	null	None	0	null	0	0	null	null	null	null	null	
2024/11/23 15:48:55.226	b135e9c82f3b5af8414a656ace8a78c8d45a7834	Windows 11  (10.0.22631) 64bit (Editor)	True	null	null	null	null	null	null	None	0	null	0	0	null	null	null	null	null	
2024/11/23 15:48:55.233	b135e9c82f3b5af8414a656ace8a78c8d45a7834	Windows 11  (10.0.22631) 64bit (Editor)	True	null	null	null	null	null	null	None	0	null	0	0	null	null	null	null	null	
2024/11/23 15:48:55.241	b135e9c82f3b5af8414a656ace8a78c8d45a7834	Windows 11  (10.0.22631) 64bit (Editor)	True	null	null	null	null	null	null	None	0	null	0	0	null	null	null	null	null	
2024/11/23 15:48:55.247	b135e9c82f3b5af8414a656ace8a78c8d45a7834	Windows 11  (10.0.22631) 64bit (Editor)	True	null	null	null	null	null	null	None	0	null	0	0	null	null	null	null	null	
2024/11/23 15:48:55.255	b135e9c82f3b5af8414a656ace8a78c8d45a7834	Windows 11  (10.0.22631) 64bit (Editor)	True	null	null	null	null	null	null	None	0	null	0	0	null	null	null	null	null	
2024/11/23 15:48:55.262	b135e9c82f3b5af8414a656ace8a78c8d45a7834	Windows 11  (10.0.22631) 64bit (Editor)	True	null	null	null	null	null	null	None	0	null	0	0	null	null	null	null	null	
2024/11/23 15:48:55.269	b135e9c82f3b5af8414a656ace8a78c8d45a7834	Windows 11  (10.0.22631) 64bit (Editor)	True	null	null	null	null	null	null	None	0	null	0	0	null	null	null	null	null	
2024/11/23 15:48:55.276	b135e9c82f3b5af8414a656ace8a78c8d45a7834	Windows 11  (10.0.22631) 64bit (Editor)	True	null	null	null	null	null	null	None	0	null	0	0	null	null	null	null	null	
2024/11/23 15:48:55.282	b135e9c82f3b5af8414a656ace8a78c8d45a7834	Windows 11  (10.0.22631) 64bit (Editor)	True	null	null	null	null	null	null	None	0	null	0	0	null	null	null	null	null	
2024/11/23 15:48:55.290	b135e9c82f3b5af8414a656ace8a78c8d45a7834	Windows 11  (10.0.22631) 64bit (Editor)	True	null	null	null	null	null	null	None	0	null	0	0	null	null	null	null	null	
2024/11/23 15:48:55.305	b135e9c82f3b5af8414a656ace8a78c8d45a7834	Windows 11  (10.0.22631) 64bit (Editor)	True	null	null	null	null	null	null	None	0	null	0	0	null	null	null	null	null	
2024/11/23 15:48:55.312	b135e9c82f3b5af8414a656ace8a78c8d45a7834	Windows 11  (10.0.22631) 64bit (Editor)	True	null	null	null	null	null	null	None	0	null	0	0	null	null	null	null	null	
2024/11/23 15:48:55.320	b135e9c82f3b5af8414a656ace8a78c8d45a7834	Windows 11  (10.0.22631) 64bit (Editor)	True	null	null	null	null	null	null	None	0	null	0	0	null	null	null	null	null	
2024/11/23 15:48:55.326	b135e9c82f3b5af8414a656ace8a78c8d45a7834	Windows 11  (10.0.22631) 64bit (Editor)	True	null	null	null	null	null	null	None	0	null	0	0	null	null	null	null	null	
2024/11/23 15:48:55.334	b135e9c82f3b5af8414a656ace8a78c8d45a7834	Windows 11  (10.0.22631) 64bit (Editor)	True	null	null	null	null	null	null	None	0	null	0	0	null	null	null	null	null	
2024/11/23 15:48:55.342	b135e9c82f3b5af8414a656ace8a78c8d45a7834	Windows 11  (10.0.22631) 64bit (Editor)	True	null	null	null	null	null	null	None	0	null	0	0	null	null	null	null	null	
2024/11/23 15:48:55.352	b135e9c82f3b5af8414a656ace8a78c8d45a7834	Windows 11  (10.0.22631) 64bit (Editor)	True	null	null	null	null	null	null	None	0	null	0	0	null	null	null	null	null	
2024/11/23 15:48:55.358	b135e9c82f3b5af8414a656ace8a78c8d45a7834	Windows 11  (10.0.22631) 64bit (Editor)	True	null	null	null	null	null	null	None	0	null	0	0	null	null	null	null	null	
2024/11/23 15:48:55.366	b135e9c82f3b5af8414a656ace8a78c8d45a7834	Windows 11  (10.0.22631) 64bit (Editor)	True	null	null	null	null	null	null	None	0	null	0	0	null	null	null	null	null	
2024/11/23 15:48:55.374	b135e9c82f3b5af8414a656ace8a78c8d45a7834	Windows 11  (10.0.22631) 64bit (Editor)	True	null	null	null	null	null	null	None	0	null	0	0	null	null	null	null	null	
2024/11/23 15:48:55.381	b135e9c82f3b5af8414a656ace8a78c8d45a7834	Windows 11  (10.0.22631) 64bit (Editor)	True	null	null	null	null	null	null	None	0	null	0	0	null	null	null	null	null	
2024/11/23 15:48:55.388	b135e9c82f3b5af8414a656ace8a78c8d45a7834	Windows 11  (10.0.22631) 64bit (Editor)	True	null	null	null	null	null	null	None	0	null	0	0	null	null	null	null	null	
2024/11/23 15:48:55.394	b135e9c82f3b5af8414a656ace8a78c8d45a7834	Windows 11  (10.0.22631) 64bit (Editor)	True	null	null	null	null	null	null	None	0	null	0	0	null	null	null	null	null	
2024/11/23 15:48:55.402	b135e9c82f3b5af8414a656ace8a78c8d45a7834	Windows 11  (10.0.22631) 64bit (Editor)	True	null	null	null	null	null	null	None	0	null	0	0	null	null	null	null	null	
2024/11/23 15:48:55.408	b135e9c82f3b5af8414a656ace8a78c8d45a7834	Windows 11  (10.0.22631) 64bit (Editor)	True	null	null	null	null	null	null	None	0	null	0	0	null	null	null	null	null	
2024/11/23 15:48:55.415	b135e9c82f3b5af8414a656ace8a78c8d45a7834	Windows 11  (10.0.22631) 64bit (Editor)	True	null	null	null	null	null	null	None	0	null	0	0	null	null	null	null	null	
2024/11/23 15:48:55.423	b135e9c82f3b5af8414a656ace8a78c8d45a7834	Windows 11  (10.0.22631) 64bit (Editor)	True	null	null	null	null	null	null	None	0	null	0	0	null	null	null	null	null	
2024/11/23 15:48:55.429	b135e9c82f3b5af8414a656ace8a78c8d45a7834	Windows 11  (10.0.22631) 64bit (Editor)	True	null	null	null	null	null	null	None	0	null	0	0	null	null	null	null	null	
2024/11/23 15:48:55.436	b135e9c82f3b5af8414a656ace8a78c8d45a7834	Windows 11  (10.0.22631) 64bit (Editor)	True	null	null	null	null	null	null	None	0	null	0	0	null	null	null	null	null	
2024/11/23 15:48:55.444	b135e9c82f3b5af8414a656ace8a78c8d45a7834	Windows 11  (10.0.22631) 64bit (Editor)	True	null	null	null	null	null	null	None	0	null	0	0	null	null	null	null	null	
2024/11/23 15:48:55.462	b135e9c82f3b5af8414a656ace8a78c8d45a7834	Windows 11  (10.0.22631) 64bit (Editor)	True	null	null	null	null	null	null	None	0	null	0	0	null	null	null	null	null	
2024/11/23 15:48:55.468	b135e9c82f3b5af8414a656ace8a78c8d45a7834	Windows 11  (10.0.22631) 64bit (Editor)	True	null	null	null	null	null	null	None	0	null	0	0	null	null	null	null	null	
2024/11/23 15:48:55.477	b135e9c82f3b5af8414a656ace8a78c8d45a7834	Windows 11  (10.0.22631) 64bit (Editor)	True	null	null	null	null	null	null	None	0	null	0	0	null	null	null	null	null	
2024/11/23 15:48:55.484	b135e9c82f3b5af8414a656ace8a78c8d45a7834	Windows 11  (10.0.22631) 64bit (Editor)	True	null	null	null	null	null	null	None	0	null	0	0	null	null	null	null	null	
2024/11/23 15:48:55.491	b135e9c82f3b5af8414a656ace8a78c8d45a7834	Windows 11  (10.0.22631) 64bit (Editor)	True	null	null	null	null	null	null	None	0	null	0	0	null	null	null	null	null	
2024/11/23 15:48:55.497	b135e9c82f3b5af8414a656ace8a78c8d45a7834	Windows 11  (10.0.22631) 64bit (Editor)	True	null	null	null	null	null	null	None	0	null	0	0	null	null	null	null	null	
2024/11/23 15:48:55.505	b135e9c82f3b5af8414a656ace8a78c8d45a7834	Windows 11  (10.0.22631) 64bit (Editor)	True	null	null	null	null	null	null	None	0	null	0	0	null	null	null	null	null	
2024/11/23 15:48:55.513	b135e9c82f3b5af8414a656ace8a78c8d45a7834	Windows 11  (10.0.22631) 64bit (Editor)	True	null	null	null	null	null	null	None	0	null	0	0	null	null	null	null	null	
2024/11/23 15:48:55.521	b135e9c82f3b5af8414a656ace8a78c8d45a7834	Windows 11  (10.0.22631) 64bit (Editor)	True	null	null	null	null	null	null	None	0	null	0	0	null	null	null	null	null	
2024/11/23 15:48:55.528	b135e9c82f3b5af8414a656ace8a78c8d45a7834	Windows 11  (10.0.22631) 64bit (Editor)	True	null	null	null	null	null	null	None	0	null	0	0	null	null	null	null	null	
2024/11/23 15:48:55.535	b135e9c82f3b5af8414a656ace8a78c8d45a7834	Windows 11  (10.0.22631) 64bit (Editor)	True	null	null	null	null	null	null	None	0	null	0	0	null	null	null	null	null	
2024/11/23 15:48:55.544	b135e9c82f3b5af8414a656ace8a78c8d45a7834	Windows 11  (10.0.22631) 64bit (Editor)	True	null	null	null	null	null	null	None	0	null	0	0	null	null	null	null	null	
2024/11/23 15:48:55.550	b135e9c82f3b5af8414a656ace8a78c8d45a7834	Windows 11  (10.0.22631) 64bit (Editor)	True	null	null	null	null	null	null	None	0	null	0	0	null	null	null	null	null	
2024/11/23 15:48:55.557	b135e9c82f3b5af8414a656ace8a78c8d45a7834	Windows 11  (10.0.22631) 64bit (Editor)	True	null	null	null	null	null	null	None	0	null	0	0	null	null	null	null	null	
2024/11/23 15:48:55.565	b135e9c82f3b5af8414a656ace8a78c8d45a7834	Windows 11  (10.0.22631) 64bit (Editor)	True	null	null	null	null	null	null	None	0	null	0	0	null	null	null	null	null	
2024/11/23 15:48:55.574	b135e9c82f3b5af8414a656ace8a78c8d45a7834	Windows 11  (10.0.22631) 64bit (Editor)	True	null	null	null	null	null	null	None	0	null	0	0	null	null	null	null	null	
2024/11/23 15:48:55.580	b135e9c82f3b5af8414a656ace8a78c8d45a7834	Windows 11  (10.0.22631) 64bit (Editor)	True	null	null	null	null	null	null	None	0	null	0	0	null	null	null	null	null	
2024/11/23 15:48:55.589	b135e9c82f3b5af8414a656ace8a78c8d45a7834	Windows 11  (10.0.22631) 64bit (Editor)	True	null	null	null	null	null	null	None	0	null	0	0	null	null	null	null	null	
2024/11/23 15:48:55.597	b135e9c82f3b5af8414a656ace8a78c8d45a7834	Windows 11  (10.0.22631) 64bit (Editor)	True	null	null	null	null	null	null	None	0	null	0	0	null	null	null	null	null	
2024/11/23 15:48:55.615	b135e9c82f3b5af8414a656ace8a78c8d45a7834	Windows 11  (10.0.22631) 64bit (Editor)	True	null	null	null	null	null	null	None	0	null	0	0	null	null	null	null	null	
2024/11/23 15:48:55.622	b135e9c82f3b5af8414a656ace8a78c8d45a7834	Windows 11  (10.0.22631) 64bit (Editor)	True	null	null	null	null	null	null	None	0	null	0	0	null	null	null	null	null	
2024/11/23 15:48:55.629	b135e9c82f3b5af8414a656ace8a78c8d45a7834	Windows 11  (10.0.22631) 64bit (Editor)	True	null	null	null	null	null	null	None	0	null	0	0	null	null	null	null	null	
2024/11/23 15:48:55.636	b135e9c82f3b5af8414a656ace8a78c8d45a7834	Windows 11  (10.0.22631) 64bit (Editor)	True	null	null	null	null	null	null	None	0	null	0	0	null	null	null	null	null	
2024/11/23 15:48:55.644	b135e9c82f3b5af8414a656ace8a78c8d45a7834	Windows 11  (10.0.22631) 64bit (Editor)	True	null	null	null	null	null	null	None	0	null	0	0	null	null	null	null	null	
2024/11/23 15:48:55.652	b135e9c82f3b5af8414a656ace8a78c8d45a7834	Windows 11  (10.0.22631) 64bit (Editor)	True	null	null	null	null	null	null	None	0	null	0	0	null	null	null	null	null	
2024/11/23 15:48:55.659	b135e9c82f3b5af8414a656ace8a78c8d45a7834	Windows 11  (10.0.22631) 64bit (Editor)	True	null	null	null	null	null	null	None	0	null	0	0	null	null	null	null	null	
2024/11/23 15:48:55.666	b135e9c82f3b5af8414a656ace8a78c8d45a7834	Windows 11  (10.0.22631) 64bit (Editor)	True	null	null	null	null	null	null	None	0	null	0	0	null	null	null	null	null	
2024/11/23 15:48:55.675	b135e9c82f3b5af8414a656ace8a78c8d45a7834	Windows 11  (10.0.22631) 64bit (Editor)	True	null	null	null	null	null	null	None	0	null	0	0	null	null	null	null	null	
2024/11/23 15:48:55.682	b135e9c82f3b5af8414a656ace8a78c8d45a7834	Windows 11  (10.0.22631) 64bit (Editor)	True	null	null	null	null	null	null	None	0	null	0	0	null	null	null	null	null	
2024/11/23 15:48:55.690	b135e9c82f3b5af8414a656ace8a78c8d45a7834	Windows 11  (10.0.22631) 64bit (Editor)	True	null	null	null	null	null	null	None	0	null	0	0	null	null	null	null	null	
2024/11/23 15:48:55.697	b135e9c82f3b5af8414a656ace8a78c8d45a7834	Windows 11  (10.0.22631) 64bit (Editor)	True	null	null	null	null	null	null	None	0	null	0	0	null	null	null	null	null	
2024/11/23 15:48:55.707	b135e9c82f3b5af8414a656ace8a78c8d45a7834	Windows 11  (10.0.22631) 64bit (Editor)	True	null	null	null	null	null	null	None	0	null	0	0	null	null	null	null	null	
2024/11/23 15:48:55.716	b135e9c82f3b5af8414a656ace8a78c8d45a7834	Windows 11  (10.0.22631) 64bit (Editor)	True	null	null	null	null	null	null	None	0	null	0	0	null	null	null	null	null	
2024/11/23 15:48:55.723	b135e9c82f3b5af8414a656ace8a78c8d45a7834	Windows 11  (10.0.22631) 64bit (Editor)	True	null	null	null	null	null	null	None	0	null	0	0	null	null	null	null	null	
2024/11/23 15:48:55.732	b135e9c82f3b5af8414a656ace8a78c8d45a7834	Windows 11  (10.0.22631) 64bit (Editor)	True	null	null	null	null	null	null	None	0	null	0	0	null	null	null	null	null	
2024/11/23 15:48:55.740	b135e9c82f3b5af8414a656ace8a78c8d45a7834	Windows 11  (10.0.22631) 64bit (Editor)	True	null	null	null	null	null	null	None	0	null	0	0	null	null	null	null	null	
2024/11/23 15:48:55.757	b135e9c82f3b5af8414a656ace8a78c8d45a7834	Windows 11  (10.0.22631) 64bit (Editor)	True	null	null	null	null	null	null	None	0	null	0	0	null	null	null	null	null	
2024/11/23 15:48:55.773	b135e9c82f3b5af8414a656ace8a78c8d45a7834	Windows 11  (10.0.22631) 64bit (Editor)	True	null	null	null	null	null	null	None	0	null	0	0	null	null	null	null	null	
2024/11/23 15:48:55.782	b135e9c82f3b5af8414a656ace8a78c8d45a7834	Windows 11  (10.0.22631) 64bit (Editor)	True	null	null	null	null	null	null	None	0	null	0	0	null	null	null	null	null	
2024/11/23 15:48:55.792	b135e9c82f3b5af8414a656ace8a78c8d45a7834	Windows 11  (10.0.22631) 64bit (Editor)	True	null	null	null	null	null	null	None	0	null	0	0	null	null	null	null	null	
2024/11/23 15:48:55.799	b135e9c82f3b5af8414a656ace8a78c8d45a7834	Windows 11  (10.0.22631) 64bit (Editor)	True	null	null	null	null	null	null	None	0	null	0	0	null	null	null	null	null	
2024/11/23 15:48:55.807	b135e9c82f3b5af8414a656ace8a78c8d45a7834	Windows 11  (10.0.22631) 64bit (Editor)	True	null	null	null	null	null	null	None	0	null	0	0	null	null	null	null	null	
2024/11/23 15:48:55.815	b135e9c82f3b5af8414a656ace8a78c8d45a7834	Windows 11  (10.0.22631) 64bit (Editor)	True	null	null	null	null	null	null	None	0	null	0	0	null	null	null	null	null	
2024/11/23 15:48:55.823	b135e9c82f3b5af8414a656ace8a78c8d45a7834	Windows 11  (10.0.22631) 64bit (Editor)	True	null	null	null	null	null	null	None	0	null	0	0	null	null	null	null	null	
2024/11/23 15:48:55.830	b135e9c82f3b5af8414a656ace8a78c8d45a7834	Windows 11  (10.0.22631) 64bit (Editor)	True	null	null	null	null	null	null	None	0	null	0	0	null	null	null	null	null	
2024/11/23 15:48:55.838	b135e9c82f3b5af8414a656ace8a78c8d45a7834	Windows 11  (10.0.22631) 64bit (Editor)	True	null	null	null	null	null	null	None	0	null	0	0	null	null	null	null	null	
2024/11/23 15:48:55.844	b135e9c82f3b5af8414a656ace8a78c8d45a7834	Windows 11  (10.0.22631) 64bit (Editor)	True	null	null	null	null	null	null	None	0	null	0	0	null	null	null	null	null	
2024/11/23 15:48:55.852	b135e9c82f3b5af8414a656ace8a78c8d45a7834	Windows 11  (10.0.22631) 64bit (Editor)	True	null	null	null	null	null	null	None	0	null	0	0	null	null	null	null	null	
2024/11/23 15:48:55.858	b135e9c82f3b5af8414a656ace8a78c8d45a7834	Windows 11  (10.0.22631) 64bit (Editor)	True	null	null	null	null	null	null	None	0	null	0	0	null	null	null	null	null	
2024/11/23 15:48:55.867	b135e9c82f3b5af8414a656ace8a78c8d45a7834	Windows 11  (10.0.22631) 64bit (Editor)	True	null	null	null	null	null	null	None	0	null	0	0	null	null	null	null	null	
2024/11/23 15:48:55.873	b135e9c82f3b5af8414a656ace8a78c8d45a7834	Windows 11  (10.0.22631) 64bit (Editor)	True	null	null	null	null	null	null	None	0	null	0	0	null	null	null	null	null	
2024/11/23 15:48:55.881	b135e9c82f3b5af8414a656ace8a78c8d45a7834	Windows 11  (10.0.22631) 64bit (Editor)	True	null	null	null	null	null	null	None	0	null	0	0	null	null	null	null	null	
2024/11/23 15:48:55.888	b135e9c82f3b5af8414a656ace8a78c8d45a7834	Windows 11  (10.0.22631) 64bit (Editor)	True	null	null	null	null	null	null	None	0	null	0	0	null	null	null	null	null	
2024/11/23 15:48:55.894	b135e9c82f3b5af8414a656ace8a78c8d45a7834	Windows 11  (10.0.22631) 64bit (Editor)	True	null	null	null	null	null	null	None	0	null	0	0	null	null	null	null	null	
2024/11/23 15:48:55.901	b135e9c82f3b5af8414a656ace8a78c8d45a7834	Windows 11  (10.0.22631) 64bit (Editor)	True	null	null	null	null	null	null	None	0	null	0	0	null	null	null	null	null	
2024/11/23 15:48:55.907	b135e9c82f3b5af8414a656ace8a78c8d45a7834	Windows 11  (10.0.22631) 64bit (Editor)	True	null	null	null	null	null	null	None	0	null	0	0	null	null	null	null	null	
2024/11/23 15:48:55.928	b135e9c82f3b5af8414a656ace8a78c8d45a7834	Windows 11  (10.0.22631) 64bit (Editor)	True	null	null	null	null	null	null	None	0	null	0	0	null	null	null	null	null	
2024/11/23 15:48:55.935	b135e9c82f3b5af8414a656ace8a78c8d45a7834	Windows 11  (10.0.22631) 64bit (Editor)	True	null	null	null	null	null	null	None	0	null	0	0	null	null	null	null	null	
2024/11/23 15:48:55.944	b135e9c82f3b5af8414a656ace8a78c8d45a7834	Windows 11  (10.0.22631) 64bit (Editor)	True	null	null	null	null	null	null	None	0	null	0	0	null	null	null	null	null	
2024/11/23 15:48:55.951	b135e9c82f3b5af8414a656ace8a78c8d45a7834	Windows 11  (10.0.22631) 64bit (Editor)	True	null	null	null	null	null	null	None	0	null	0	0	null	null	null	null	null	
2024/11/23 15:48:55.959	b135e9c82f3b5af8414a656ace8a78c8d45a7834	Windows 11  (10.0.22631) 64bit (Editor)	True	null	null	null	null	null	null	None	0	null	0	0	null	null	null	null	null	
2024/11/23 15:48:55.966	b135e9c82f3b5af8414a656ace8a78c8d45a7834	Windows 11  (10.0.22631) 64bit (Editor)	True	null	null	null	null	null	null	None	0	null	0	0	null	null	null	null	null	
2024/11/23 15:48:55.976	b135e9c82f3b5af8414a656ace8a78c8d45a7834	Windows 11  (10.0.22631) 64bit (Editor)	True	null	null	null	null	null	null	None	0	null	0	0	null	null	null	null	null	
2024/11/23 15:48:55.982	b135e9c82f3b5af8414a656ace8a78c8d45a7834	Windows 11  (10.0.22631) 64bit (Editor)	True	null	null	null	null	null	null	None	0	null	0	0	null	null	null	null	null	
2024/11/23 15:48:55.990	b135e9c82f3b5af8414a656ace8a78c8d45a7834	Windows 11  (10.0.22631) 64bit (Editor)	True	null	null	null	null	null	null	None	0	null	0	0	null	null	null	null	null	
2024/11/23 15:48:55.997	b135e9c82f3b5af8414a656ace8a78c8d45a7834	Windows 11  (10.0.22631) 64bit (Editor)	True	null	null	null	null	null	null	None	0	null	0	0	null	null	null	null	null	
2024/11/23 15:48:56.004	b135e9c82f3b5af8414a656ace8a78c8d45a7834	Windows 11  (10.0.22631) 64bit (Editor)	True	null	null	null	null	null	null	None	0	null	0	0	null	null	null	null	null	
2024/11/23 15:48:56.011	b135e9c82f3b5af8414a656ace8a78c8d45a7834	Windows 11  (10.0.22631) 64bit (Editor)	True	null	null	null	null	null	null	None	0	null	0	0	null	null	null	null	null	
2024/11/23 15:48:56.019	b135e9c82f3b5af8414a656ace8a78c8d45a7834	Windows 11  (10.0.22631) 64bit (Editor)	True	null	null	null	null	null	null	None	0	null	0	0	null	null	null	null	null	
2024/11/23 15:48:56.027	b135e9c82f3b5af8414a656ace8a78c8d45a7834	Windows 11  (10.0.22631) 64bit (Editor)	True	null	null	null	null	null	null	None	0	null	0	0	null	null	null	null	null	
2024/11/23 15:48:56.035	b135e9c82f3b5af8414a656ace8a78c8d45a7834	Windows 11  (10.0.22631) 64bit (Editor)	True	null	null	null	null	null	null	None	0	null	0	0	null	null	null	null	null	
2024/11/23 15:48:56.043	b135e9c82f3b5af8414a656ace8a78c8d45a7834	Windows 11  (10.0.22631) 64bit (Editor)	True	null	null	null	null	null	null	None	0	null	0	0	null	null	null	null	null	
2024/11/23 15:48:56.049	b135e9c82f3b5af8414a656ace8a78c8d45a7834	Windows 11  (10.0.22631) 64bit (Editor)	True	null	null	null	null	null	null	None	0	null	0	0	null	null	null	null	null	
2024/11/23 15:48:56.058	b135e9c82f3b5af8414a656ace8a78c8d45a7834	Windows 11  (10.0.22631) 64bit (Editor)	True	null	null	null	null	null	null	None	0	null	0	0	null	null	null	null	null	
2024/11/23 15:48:56.075	b135e9c82f3b5af8414a656ace8a78c8d45a7834	Windows 11  (10.0.22631) 64bit (Editor)	True	null	null	null	null	null	null	None	0	null	0	0	null	null	null	null	null	
2024/11/23 15:48:56.082	b135e9c82f3b5af8414a656ace8a78c8d45a7834	Windows 11  (10.0.22631) 64bit (Editor)	True	null	null	null	null	null	null	None	0	null	0	0	null	null	null	null	null	
2024/11/23 15:48:56.091	b135e9c82f3b5af8414a656ace8a78c8d45a7834	Windows 11  (10.0.22631) 64bit (Editor)	True	null	null	null	null	null	null	None	0	null	0	0	null	null	null	null	null	
2024/11/23 15:48:56.099	b135e9c82f3b5af8414a656ace8a78c8d45a7834	Windows 11  (10.0.22631) 64bit (Editor)	True	null	null	null	null	null	null	None	0	null	0	0	null	null	null	null	null	
2024/11/23 15:48:56.106	b135e9c82f3b5af8414a656ace8a78c8d45a7834	Windows 11  (10.0.22631) 64bit (Editor)	True	null	null	null	null	null	null	None	0	null	0	0	null	null	null	null	null	
2024/11/23 15:48:56.113	b135e9c82f3b5af8414a656ace8a78c8d45a7834	Windows 11  (10.0.22631) 64bit (Editor)	True	null	null	null	null	null	null	None	0	null	0	0	null	null	null	null	null	
2024/11/23 15:48:56.120	b135e9c82f3b5af8414a656ace8a78c8d45a7834	Windows 11  (10.0.22631) 64bit (Editor)	True	null	null	null	null	null	null	None	0	null	0	0	null	null	null	null	null	
2024/11/23 15:48:56.128	b135e9c82f3b5af8414a656ace8a78c8d45a7834	Windows 11  (10.0.22631) 64bit (Editor)	True	null	null	null	null	null	null	None	0	null	0	0	null	null	null	null	null	
2024/11/23 15:48:56.135	b135e9c82f3b5af8414a656ace8a78c8d45a7834	Windows 11  (10.0.22631) 64bit (Editor)	True	null	null	null	null	null	null	None	0	null	0	0	null	null	null	null	null	
2024/11/23 15:48:56.143	b135e9c82f3b5af8414a656ace8a78c8d45a7834	Windows 11  (10.0.22631) 64bit (Editor)	True	null	null	null	null	null	null	None	0	null	0	0	null	null	null	null	null	
2024/11/23 15:48:56.150	b135e9c82f3b5af8414a656ace8a78c8d45a7834	Windows 11  (10.0.22631) 64bit (Editor)	True	null	null	null	null	null	null	None	0	null	0	0	null	null	null	null	null	
2024/11/23 15:48:56.158	b135e9c82f3b5af8414a656ace8a78c8d45a7834	Windows 11  (10.0.22631) 64bit (Editor)	True	null	null	null	null	null	null	None	0	null	0	0	null	null	null	null	null	
2024/11/23 15:48:56.165	b135e9c82f3b5af8414a656ace8a78c8d45a7834	Windows 11  (10.0.22631) 64bit (Editor)	True	null	null	null	null	null	null	None	0	null	0	0	null	null	null	null	null	
2024/11/23 15:48:56.173	b135e9c82f3b5af8414a656ace8a78c8d45a7834	Windows 11  (10.0.22631) 64bit (Editor)	True	null	null	null	null	null	null	None	0	null	0	0	null	null	null	null	null	
2024/11/23 15:48:56.180	b135e9c82f3b5af8414a656ace8a78c8d45a7834	Windows 11  (10.0.22631) 64bit (Editor)	True	null	null	null	null	null	null	None	0	null	0	0	null	null	null	null	null	
2024/11/23 15:48:56.187	b135e9c82f3b5af8414a656ace8a78c8d45a7834	Windows 11  (10.0.22631) 64bit (Editor)	True	null	null	null	null	null	null	None	0	null	0	0	null	null	null	null	null	
2024/11/23 15:48:56.196	b135e9c82f3b5af8414a656ace8a78c8d45a7834	Windows 11  (10.0.22631) 64bit (Editor)	True	null	null	null	null	null	null	None	0	null	0	0	null	null	null	null	null	
2024/11/23 15:48:56.203	b135e9c82f3b5af8414a656ace8a78c8d45a7834	Windows 11  (10.0.22631) 64bit (Editor)	True	null	null	null	null	null	null	None	0	null	0	0	null	null	null	null	null	
2024/11/23 15:48:56.210	b135e9c82f3b5af8414a656ace8a78c8d45a7834	Windows 11  (10.0.22631) 64bit (Editor)	True	null	null	null	null	null	null	None	0	null	0	0	null	null	null	null	null	
2024/11/23 15:48:56.226	b135e9c82f3b5af8414a656ace8a78c8d45a7834	Windows 11  (10.0.22631) 64bit (Editor)	True	null	null	null	null	null	null	None	0	null	0	0	null	null	null	null	null	
2024/11/23 15:48:56.232	b135e9c82f3b5af8414a656ace8a78c8d45a7834	Windows 11  (10.0.22631) 64bit (Editor)	True	null	null	null	null	null	null	None	0	null	0	0	null	null	null	null	null	
2024/11/23 15:48:56.240	b135e9c82f3b5af8414a656ace8a78c8d45a7834	Windows 11  (10.0.22631) 64bit (Editor)	True	null	null	null	null	null	null	None	0	null	0	0	null	null	null	null	null	
2024/11/23 15:48:56.246	b135e9c82f3b5af8414a656ace8a78c8d45a7834	Windows 11  (10.0.22631) 64bit (Editor)	True	null	null	null	null	null	null	None	0	null	0	0	null	null	null	null	null	
2024/11/23 15:48:56.254	b135e9c82f3b5af8414a656ace8a78c8d45a7834	Windows 11  (10.0.22631) 64bit (Editor)	True	null	null	null	null	null	null	None	0	null	0	0	null	null	null	null	null	
2024/11/23 15:48:56.260	b135e9c82f3b5af8414a656ace8a78c8d45a7834	Windows 11  (10.0.22631) 64bit (Editor)	True	null	null	null	null	null	null	None	0	null	0	0	null	null	null	null	null	
2024/11/23 15:48:56.267	b135e9c82f3b5af8414a656ace8a78c8d45a7834	Windows 11  (10.0.22631) 64bit (Editor)	True	null	null	null	null	null	null	None	0	null	0	0	null	null	null	null	null	
2024/11/23 15:48:56.274	b135e9c82f3b5af8414a656ace8a78c8d45a7834	Windows 11  (10.0.22631) 64bit (Editor)	True	null	null	null	null	null	null	None	0	null	0	0	null	null	null	null	null	
2024/11/23 15:48:56.281	b135e9c82f3b5af8414a656ace8a78c8d45a7834	Windows 11  (10.0.22631) 64bit (Editor)	True	null	null	null	null	null	null	None	0	null	0	0	null	null	null	null	null	
2024/11/23 15:48:56.288	b135e9c82f3b5af8414a656ace8a78c8d45a7834	Windows 11  (10.0.22631) 64bit (Editor)	True	null	null	null	null	null	null	None	0	null	0	0	null	null	null	null	null	
2024/11/23 15:48:56.295	b135e9c82f3b5af8414a656ace8a78c8d45a7834	Windows 11  (10.0.22631) 64bit (Editor)	True	null	null	null	null	null	null	None	0	null	0	0	null	null	null	null	null	
2024/11/23 15:48:56.303	b135e9c82f3b5af8414a656ace8a78c8d45a7834	Windows 11  (10.0.22631) 64bit (Editor)	True	null	null	null	null	null	null	None	0	null	0	0	null	null	null	null	null	
2024/11/23 15:48:56.309	b135e9c82f3b5af8414a656ace8a78c8d45a7834	Windows 11  (10.0.22631) 64bit (Editor)	True	null	null	null	null	null	null	None	0	null	0	0	null	null	null	null	null	
2024/11/23 15:48:56.316	b135e9c82f3b5af8414a656ace8a78c8d45a7834	Windows 11  (10.0.22631) 64bit (Editor)	True	null	null	null	null	null	null	None	0	null	0	0	null	null	null	null	null	
2024/11/23 15:48:56.324	b135e9c82f3b5af8414a656ace8a78c8d45a7834	Windows 11  (10.0.22631) 64bit (Editor)	True	null	null	null	null	null	null	None	0	null	0	0	null	null	null	null	null	
2024/11/23 15:48:56.330	b135e9c82f3b5af8414a656ace8a78c8d45a7834	Windows 11  (10.0.22631) 64bit (Editor)	True	null	null	null	null	null	null	None	0	null	0	0	null	null	null	null	null	
2024/11/23 15:48:56.337	b135e9c82f3b5af8414a656ace8a78c8d45a7834	Windows 11  (10.0.22631) 64bit (Editor)	True	null	null	null	null	null	null	None	0	null	0	0	null	null	null	null	null	
2024/11/23 15:48:56.344	b135e9c82f3b5af8414a656ace8a78c8d45a7834	Windows 11  (10.0.22631) 64bit (Editor)	True	null	null	null	null	null	null	None	0	null	0	0	null	null	null	null	null	
2024/11/23 15:48:56.353	b135e9c82f3b5af8414a656ace8a78c8d45a7834	Windows 11  (10.0.22631) 64bit (Editor)	True	null	null	null	null	null	null	None	0	null	0	0	null	null	null	null	null	
2024/11/23 15:48:56.360	b135e9c82f3b5af8414a656ace8a78c8d45a7834	Windows 11  (10.0.22631) 64bit (Editor)	True	null	null	null	null	null	null	None	0	null	0	0	null	null	null	null	null	
2024/11/23 15:48:56.377	b135e9c82f3b5af8414a656ace8a78c8d45a7834	Windows 11  (10.0.22631) 64bit (Editor)	True	null	null	null	null	null	null	None	0	null	0	0	null	null	null	null	null	
2024/11/23 15:48:56.385	b135e9c82f3b5af8414a656ace8a78c8d45a7834	Windows 11  (10.0.22631) 64bit (Editor)	True	null	null	null	null	null	null	None	0	null	0	0	null	null	null	null	null	
2024/11/23 15:48:56.392	b135e9c82f3b5af8414a656ace8a78c8d45a7834	Windows 11  (10.0.22631) 64bit (Editor)	True	null	null	null	null	null	null	None	0	null	0	0	null	null	null	null	null	
2024/11/23 15:48:56.400	b135e9c82f3b5af8414a656ace8a78c8d45a7834	Windows 11  (10.0.22631) 64bit (Editor)	True	null	null	null	null	null	null	None	0	null	0	0	null	null	null	null	null	
2024/11/23 15:48:56.407	b135e9c82f3b5af8414a656ace8a78c8d45a7834	Windows 11  (10.0.22631) 64bit (Editor)	True	null	null	null	null	null	null	None	0	null	0	0	null	null	null	null	null	
2024/11/23 15:48:56.415	b135e9c82f3b5af8414a656ace8a78c8d45a7834	Windows 11  (10.0.22631) 64bit (Editor)	True	null	null	null	null	null	null	None	0	null	0	0	null	null	null	null	null	
2024/11/23 15:48:56.422	b135e9c82f3b5af8414a656ace8a78c8d45a7834	Windows 11  (10.0.22631) 64bit (Editor)	True	null	null	null	null	null	null	None	0	null	0	0	null	null	null	null	null	
2024/11/23 15:48:56.429	b135e9c82f3b5af8414a656ace8a78c8d45a7834	Windows 11  (10.0.22631) 64bit (Editor)	True	null	null	null	null	null	null	None	0	null	0	0	null	null	null	null	null	
2024/11/23 15:48:56.436	b135e9c82f3b5af8414a656ace8a78c8d45a7834	Windows 11  (10.0.22631) 64bit (Editor)	True	null	null	null	null	null	null	None	0	null	0	0	null	null	null	null	null	
2024/11/23 15:48:56.443	b135e9c82f3b5af8414a656ace8a78c8d45a7834	Windows 11  (10.0.22631) 64bit (Editor)	True	null	null	null	null	null	null	None	0	null	0	0	null	null	null	null	null	
2024/11/23 15:48:56.450	b135e9c82f3b5af8414a656ace8a78c8d45a7834	Windows 11  (10.0.22631) 64bit (Editor)	True	null	null	null	null	null	null	None	0	null	0	0	null	null	null	null	null	
2024/11/23 15:48:56.457	b135e9c82f3b5af8414a656ace8a78c8d45a7834	Windows 11  (10.0.22631) 64bit (Editor)	True	null	null	null	null	null	null	None	0	null	0	0	null	null	null	null	null	
2024/11/23 15:48:56.463	b135e9c82f3b5af8414a656ace8a78c8d45a7834	Windows 11  (10.0.22631) 64bit (Editor)	True	null	null	null	null	null	null	None	0	null	0	0	null	null	null	null	null	
2024/11/23 15:48:56.470	b135e9c82f3b5af8414a656ace8a78c8d45a7834	Windows 11  (10.0.22631) 64bit (Editor)	True	null	null	null	null	null	null	None	0	null	0	0	null	null	null	null	null	
2024/11/23 15:48:56.477	b135e9c82f3b5af8414a656ace8a78c8d45a7834	Windows 11  (10.0.22631) 64bit (Editor)	True	null	null	null	null	null	null	None	0	null	0	0	null	null	null	null	null	
2024/11/23 15:48:56.483	b135e9c82f3b5af8414a656ace8a78c8d45a7834	Windows 11  (10.0.22631) 64bit (Editor)	True	null	null	null	null	null	null	None	0	null	0	0	null	null	null	null	null	
2024/11/23 15:48:56.490	b135e9c82f3b5af8414a656ace8a78c8d45a7834	Windows 11  (10.0.22631) 64bit (Editor)	True	null	null	null	null	null	null	None	0	null	0	0	null	null	null	null	null	
2024/11/23 15:48:56.497	b135e9c82f3b5af8414a656ace8a78c8d45a7834	Windows 11  (10.0.22631) 64bit (Editor)	True	null	null	null	null	null	null	None	0	null	0	0	null	null	null	null	null	
2024/11/23 15:48:56.505	b135e9c82f3b5af8414a656ace8a78c8d45a7834	Windows 11  (10.0.22631) 64bit (Editor)	True	null	null	null	null	null	null	None	0	null	0	0	null	null	null	null	null	
2024/11/23 15:48:56.511	b135e9c82f3b5af8414a656ace8a78c8d45a7834	Windows 11  (10.0.22631) 64bit (Editor)	True	null	null	null	null	null	null	None	0	null	0	0	null	null	null	null	null	
2024/11/23 15:48:56.527	b135e9c82f3b5af8414a656ace8a78c8d45a7834	Windows 11  (10.0.22631) 64bit (Editor)	True	null	null	null	null	null	null	None	0	null	0	0	null	null	null	null	null	
2024/11/23 15:48:56.537	b135e9c82f3b5af8414a656ace8a78c8d45a7834	Windows 11  (10.0.22631) 64bit (Editor)	True	null	null	null	null	null	null	None	0	null	0	0	null	null	null	null	null	
2024/11/23 15:48:56.543	b135e9c82f3b5af8414a656ace8a78c8d45a7834	Windows 11  (10.0.22631) 64bit (Editor)	True	null	null	null	null	null	null	None	0	null	0	0	null	null	null	null	null	
2024/11/23 15:48:56.550	b135e9c82f3b5af8414a656ace8a78c8d45a7834	Windows 11  (10.0.22631) 64bit (Editor)	True	null	null	null	null	null	null	None	0	null	0	0	null	null	null	null	null	
2024/11/23 15:48:56.557	b135e9c82f3b5af8414a656ace8a78c8d45a7834	Windows 11  (10.0.22631) 64bit (Editor)	True	null	null	null	null	null	null	None	0	null	0	0	null	null	null	null	null	
2024/11/23 15:48:56.564	b135e9c82f3b5af8414a656ace8a78c8d45a7834	Windows 11  (10.0.22631) 64bit (Editor)	True	null	null	null	null	null	null	None	0	null	0	0	null	null	null	null	null	
2024/11/23 15:48:56.571	b135e9c82f3b5af8414a656ace8a78c8d45a7834	Windows 11  (10.0.22631) 64bit (Editor)	True	null	null	null	null	null	null	None	0	null	0	0	null	null	null	null	null	
2024/11/23 15:48:56.578	b135e9c82f3b5af8414a656ace8a78c8d45a7834	Windows 11  (10.0.22631) 64bit (Editor)	True	null	null	null	null	null	null	None	0	null	0	0	null	null	null	null	null	
2024/11/23 15:48:56.585	b135e9c82f3b5af8414a656ace8a78c8d45a7834	Windows 11  (10.0.22631) 64bit (Editor)	True	null	null	null	null	null	null	None	0	null	0	0	null	null	null	null	null	
2024/11/23 15:48:56.592	b135e9c82f3b5af8414a656ace8a78c8d45a7834	Windows 11  (10.0.22631) 64bit (Editor)	True	null	null	null	null	null	null	None	0	null	0	0	null	null	null	null	null	
2024/11/23 15:48:56.598	b135e9c82f3b5af8414a656ace8a78c8d45a7834	Windows 11  (10.0.22631) 64bit (Editor)	True	null	null	null	null	null	null	None	0	null	0	0	null	null	null	null	null	
2024/11/23 15:48:56.607	b135e9c82f3b5af8414a656ace8a78c8d45a7834	Windows 11  (10.0.22631) 64bit (Editor)	True	null	null	null	null	null	null	None	0	null	0	0	null	null	null	null	null	
2024/11/23 15:48:56.614	b135e9c82f3b5af8414a656ace8a78c8d45a7834	Windows 11  (10.0.22631) 64bit (Editor)	True	null	null	null	null	null	null	None	0	null	0	0	null	null	null	null	null	
2024/11/23 15:48:56.621	b135e9c82f3b5af8414a656ace8a78c8d45a7834	Windows 11  (10.0.22631) 64bit (Editor)	True	null	null	null	null	null	null	None	0	null	0	0	null	null	null	null	null	
2024/11/23 15:48:56.627	b135e9c82f3b5af8414a656ace8a78c8d45a7834	Windows 11  (10.0.22631) 64bit (Editor)	True	null	null	null	null	null	null	None	0	null	0	0	null	null	null	null	null	
2024/11/23 15:48:56.635	b135e9c82f3b5af8414a656ace8a78c8d45a7834	Windows 11  (10.0.22631) 64bit (Editor)	True	null	null	null	null	null	null	None	0	null	0	0	null	null	null	null	null	
2024/11/23 15:48:56.643	b135e9c82f3b5af8414a656ace8a78c8d45a7834	Windows 11  (10.0.22631) 64bit (Editor)	True	null	null	null	null	null	null	None	0	null	0	0	null	null	null	null	null	
2024/11/23 15:48:56.649	b135e9c82f3b5af8414a656ace8a78c8d45a7834	Windows 11  (10.0.22631) 64bit (Editor)	True	null	null	null	null	null	null	None	0	null	0	0	null	null	null	null	null	
2024/11/23 15:48:56.658	b135e9c82f3b5af8414a656ace8a78c8d45a7834	Windows 11  (10.0.22631) 64bit (Editor)	True	null	null	null	null	null	null	None	0	null	0	0	null	null	null	null	null	
2024/11/23 15:48:56.664	b135e9c82f3b5af8414a656ace8a78c8d45a7834	Windows 11  (10.0.22631) 64bit (Editor)	True	null	null	null	null	null	null	None	0	null	0	0	null	null	null	null	null	
2024/11/23 15:48:56.682	b135e9c82f3b5af8414a656ace8a78c8d45a7834	Windows 11  (10.0.22631) 64bit (Editor)	True	null	null	null	null	null	null	None	0	null	0	0	null	null	null	null	null	
2024/11/23 15:48:56.689	b135e9c82f3b5af8414a656ace8a78c8d45a7834	Windows 11  (10.0.22631) 64bit (Editor)	True	null	null	null	null	null	null	None	0	null	0	0	null	null	null	null	null	
2024/11/23 15:48:56.696	b135e9c82f3b5af8414a656ace8a78c8d45a7834	Windows 11  (10.0.22631) 64bit (Editor)	True	null	null	null	null	null	null	None	0	null	0	0	null	null	null	null	null	
2024/11/23 15:48:56.704	b135e9c82f3b5af8414a656ace8a78c8d45a7834	Windows 11  (10.0.22631) 64bit (Editor)	True	null	null	null	null	null	null	None	0	null	0	0	null	null	null	null	null	
2024/11/23 15:48:56.713	b135e9c82f3b5af8414a656ace8a78c8d45a7834	Windows 11  (10.0.22631) 64bit (Editor)	True	null	null	null	null	null	null	None	0	null	0	0	null	null	null	null	null	
2024/11/23 15:48:56.722	b135e9c82f3b5af8414a656ace8a78c8d45a7834	Windows 11  (10.0.22631) 64bit (Editor)	True	null	null	null	null	null	null	None	0	null	0	0	null	null	null	null	null	
2024/11/23 15:48:56.729	b135e9c82f3b5af8414a656ace8a78c8d45a7834	Windows 11  (10.0.22631) 64bit (Editor)	True	null	null	null	null	null	null	None	0	null	0	0	null	null	null	null	null	
2024/11/23 15:48:56.736	b135e9c82f3b5af8414a656ace8a78c8d45a7834	Windows 11  (10.0.22631) 64bit (Editor)	True	null	null	null	null	null	null	None	0	null	0	0	null	null	null	null	null	
2024/11/23 15:48:56.743	b135e9c82f3b5af8414a656ace8a78c8d45a7834	Windows 11  (10.0.22631) 64bit (Editor)	True	null	null	null	null	null	null	None	0	null	0	0	null	null	null	null	null	
2024/11/23 15:48:56.750	b135e9c82f3b5af8414a656ace8a78c8d45a7834	Windows 11  (10.0.22631) 64bit (Editor)	True	null	null	null	null	null	null	None	0	null	0	0	null	null	null	null	null	
2024/11/23 15:48:56.758	b135e9c82f3b5af8414a656ace8a78c8d45a7834	Windows 11  (10.0.22631) 64bit (Editor)	True	null	null	null	null	null	null	None	0	null	0	0	null	null	null	null	null	
2024/11/23 15:48:56.764	b135e9c82f3b5af8414a656ace8a78c8d45a7834	Windows 11  (10.0.22631) 64bit (Editor)	True	null	null	null	null	null	null	None	0	null	0	0	null	null	null	null	null	
2024/11/23 15:48:56.772	b135e9c82f3b5af8414a656ace8a78c8d45a7834	Windows 11  (10.0.22631) 64bit (Editor)	True	null	null	null	null	null	null	None	0	null	0	0	null	null	null	null	null	
2024/11/23 15:48:56.779	b135e9c82f3b5af8414a656ace8a78c8d45a7834	Windows 11  (10.0.22631) 64bit (Editor)	True	null	null	null	null	null	null	None	0	null	0	0	null	null	null	null	null	
2024/11/23 15:48:56.787	b135e9c82f3b5af8414a656ace8a78c8d45a7834	Windows 11  (10.0.22631) 64bit (Editor)	True	null	null	null	null	null	null	None	0	null	0	0	null	null	null	null	null	
2024/11/23 15:48:56.794	b135e9c82f3b5af8414a656ace8a78c8d45a7834	Windows 11  (10.0.22631) 64bit (Editor)	True	null	null	null	null	null	null	None	0	null	0	0	null	null	null	null	null	
2024/11/23 15:48:56.801	b135e9c82f3b5af8414a656ace8a78c8d45a7834	Windows 11  (10.0.22631) 64bit (Editor)	True	null	null	null	null	null	null	None	0	null	0	0	null	null	null	null	null	
2024/11/23 15:48:56.807	b135e9c82f3b5af8414a656ace8a78c8d45a7834	Windows 11  (10.0.22631) 64bit (Editor)	True	null	null	null	null	null	null	None	0	null	0	0	null	null	null	null	null	
2024/11/23 15:48:56.816	b135e9c82f3b5af8414a656ace8a78c8d45a7834	Windows 11  (10.0.22631) 64bit (Editor)	True	null	null	null	null	null	null	None	0	null	0	0	null	null	null	null	null	
2024/11/23 15:48:56.833	b135e9c82f3b5af8414a656ace8a78c8d45a7834	Windows 11  (10.0.22631) 64bit (Editor)	True	null	null	null	null	null	null	None	0	null	0	0	null	null	null	null	null	
2024/11/23 15:48:56.841	b135e9c82f3b5af8414a656ace8a78c8d45a7834	Windows 11  (10.0.22631) 64bit (Editor)	True	null	null	null	null	null	null	None	0	null	0	0	null	null	null	null	null	
2024/11/23 15:48:56.848	b135e9c82f3b5af8414a656ace8a78c8d45a7834	Windows 11  (10.0.22631) 64bit (Editor)	True	null	null	null	null	null	null	None	0	null	0	0	null	null	null	null	null	
2024/11/23 15:48:56.855	b135e9c82f3b5af8414a656ace8a78c8d45a7834	Windows 11  (10.0.22631) 64bit (Editor)	True	null	null	null	null	null	null	None	0	null	0	0	null	null	null	null	null	
2024/11/23 15:48:56.862	b135e9c82f3b5af8414a656ace8a78c8d45a7834	Windows 11  (10.0.22631) 64bit (Editor)	True	null	null	null	null	null	null	None	0	null	0	0	null	null	null	null	null	
2024/11/23 15:48:56.876	b135e9c82f3b5af8414a656ace8a78c8d45a7834	Windows 11  (10.0.22631) 64bit (Editor)	True	null	null	null	null	null	null	None	0	null	0	0	null	null	null	null	null	
2024/11/23 15:48:56.883	b135e9c82f3b5af8414a656ace8a78c8d45a7834	Windows 11  (10.0.22631) 64bit (Editor)	True	null	null	null	null	null	null	None	0	null	0	0	null	null	null	null	null	
2024/11/23 15:48:56.890	b135e9c82f3b5af8414a656ace8a78c8d45a7834	Windows 11  (10.0.22631) 64bit (Editor)	True	null	null	null	null	null	null	None	0	null	0	0	null	null	null	null	null	
2024/11/23 15:48:56.896	b135e9c82f3b5af8414a656ace8a78c8d45a7834	Windows 11  (10.0.22631) 64bit (Editor)	True	null	null	null	null	null	null	None	0	null	0	0	null	null	null	null	null	
2024/11/23 15:48:56.904	b135e9c82f3b5af8414a656ace8a78c8d45a7834	Windows 11  (10.0.22631) 64bit (Editor)	True	null	null	null	null	null	null	None	0	null	0	0	null	null	null	null	null	
2024/11/23 15:48:56.912	b135e9c82f3b5af8414a656ace8a78c8d45a7834	Windows 11  (10.0.22631) 64bit (Editor)	True	null	null	null	null	null	null	None	0	null	0	0	null	null	null	null	null	
2024/11/23 15:48:56.919	b135e9c82f3b5af8414a656ace8a78c8d45a7834	Windows 11  (10.0.22631) 64bit (Editor)	True	null	null	null	null	null	null	None	0	null	0	0	null	null	null	null	null	
2024/11/23 15:48:56.926	b135e9c82f3b5af8414a656ace8a78c8d45a7834	Windows 11  (10.0.22631) 64bit (Editor)	True	null	null	null	null	null	null	None	0	null	0	0	null	null	null	null	null	
2024/11/23 15:48:56.933	b135e9c82f3b5af8414a656ace8a78c8d45a7834	Windows 11  (10.0.22631) 64bit (Editor)	True	null	null	null	null	null	null	None	0	null	0	0	null	null	null	null	null	
2024/11/23 15:48:56.940	b135e9c82f3b5af8414a656ace8a78c8d45a7834	Windows 11  (10.0.22631) 64bit (Editor)	True	null	null	null	null	null	null	None	0	null	0	0	null	null	null	null	null	
2024/11/23 15:48:56.946	b135e9c82f3b5af8414a656ace8a78c8d45a7834	Windows 11  (10.0.22631) 64bit (Editor)	True	null	null	null	null	null	null	None	0	null	0	0	null	null	null	null	null	
2024/11/23 15:48:56.954	b135e9c82f3b5af8414a656ace8a78c8d45a7834	Windows 11  (10.0.22631) 64bit (Editor)	True	null	null	null	null	null	null	None	0	null	0	0	null	null	null	null	null	
2024/11/23 15:48:56.961	b135e9c82f3b5af8414a656ace8a78c8d45a7834	Windows 11  (10.0.22631) 64bit (Editor)	True	null	null	null	null	null	null	None	0	null	0	0	null	null	null	null	null	
2024/11/23 15:48:56.970	b135e9c82f3b5af8414a656ace8a78c8d45a7834	Windows 11  (10.0.22631) 64bit (Editor)	True	null	null	null	null	null	null	None	0	null	0	0	null	null	null	null	null	
2024/11/23 15:48:56.988	b135e9c82f3b5af8414a656ace8a78c8d45a7834	Windows 11  (10.0.22631) 64bit (Editor)	True	null	null	null	null	null	null	None	0	null	0	0	null	null	null	null	null	
2024/11/23 15:48:56.995	b135e9c82f3b5af8414a656ace8a78c8d45a7834	Windows 11  (10.0.22631) 64bit (Editor)	True	null	null	null	null	null	null	None	0	null	0	0	null	null	null	null	null	
2024/11/23 15:48:57.003	b135e9c82f3b5af8414a656ace8a78c8d45a7834	Windows 11  (10.0.22631) 64bit (Editor)	True	null	null	null	null	null	null	None	0	null	0	0	null	null	null	null	null	
2024/11/23 15:48:57.010	b135e9c82f3b5af8414a656ace8a78c8d45a7834	Windows 11  (10.0.22631) 64bit (Editor)	True	null	null	null	null	null	null	None	0	null	0	0	null	null	null	null	null	
2024/11/23 15:48:57.018	b135e9c82f3b5af8414a656ace8a78c8d45a7834	Windows 11  (10.0.22631) 64bit (Editor)	True	null	null	null	null	null	null	None	0	null	0	0	null	null	null	null	null	
2024/11/23 15:48:57.025	b135e9c82f3b5af8414a656ace8a78c8d45a7834	Windows 11  (10.0.22631) 64bit (Editor)	True	null	null	null	null	null	null	None	0	null	0	0	null	null	null	null	null	
2024/11/23 15:48:57.034	b135e9c82f3b5af8414a656ace8a78c8d45a7834	Windows 11  (10.0.22631) 64bit (Editor)	True	null	null	null	null	null	null	None	0	null	0	0	null	null	null	null	null	
2024/11/23 15:48:57.042	b135e9c82f3b5af8414a656ace8a78c8d45a7834	Windows 11  (10.0.22631) 64bit (Editor)	True	null	null	null	null	null	null	None	0	null	0	0	null	null	null	null	null	
2024/11/23 15:48:57.051	b135e9c82f3b5af8414a656ace8a78c8d45a7834	Windows 11  (10.0.22631) 64bit (Editor)	True	null	null	null	null	null	null	None	0	null	0	0	null	null	null	null	null	
2024/11/23 15:48:57.061	b135e9c82f3b5af8414a656ace8a78c8d45a7834	Windows 11  (10.0.22631) 64bit (Editor)	True	null	null	null	null	null	null	None	0	null	0	0	null	null	null	null	null	
2024/11/23 15:48:57.068	b135e9c82f3b5af8414a656ace8a78c8d45a7834	Windows 11  (10.0.22631) 64bit (Editor)	True	null	null	null	null	null	null	None	0	null	0	0	null	null	null	null	null	
2024/11/23 15:48:57.080	b135e9c82f3b5af8414a656ace8a78c8d45a7834	Windows 11  (10.0.22631) 64bit (Editor)	True	null	null	null	null	null	null	None	0	null	0	0	null	null	null	null	null	
2024/11/23 15:48:57.088	b135e9c82f3b5af8414a656ace8a78c8d45a7834	Windows 11  (10.0.22631) 64bit (Editor)	True	null	null	null	null	null	null	None	0	null	0	0	null	null	null	null	null	
2024/11/23 15:48:57.100	b135e9c82f3b5af8414a656ace8a78c8d45a7834	Windows 11  (10.0.22631) 64bit (Editor)	True	null	null	null	null	null	null	None	0	null	0	0	null	null	null	null	null	
2024/11/23 15:48:57.107	b135e9c82f3b5af8414a656ace8a78c8d45a7834	Windows 11  (10.0.22631) 64bit (Editor)	True	null	null	null	null	null	null	None	0	null	0	0	null	null	null	null	null	
2024/11/23 15:48:57.118	b135e9c82f3b5af8414a656ace8a78c8d45a7834	Windows 11  (10.0.22631) 64bit (Editor)	True	null	null	null	null	null	null	None	0	null	0	0	null	null	null	null	null	
2024/11/23 15:48:57.126	b135e9c82f3b5af8414a656ace8a78c8d45a7834	Windows 11  (10.0.22631) 64bit (Editor)	True	null	null	null	null	null	null	None	0	null	0	0	null	null	null	null	null	
2024/11/23 15:48:57.147	b135e9c82f3b5af8414a656ace8a78c8d45a7834	Windows 11  (10.0.22631) 64bit (Editor)	True	null	null	null	null	null	null	None	0	null	0	0	null	null	null	null	null	
2024/11/23 15:48:57.155	b135e9c82f3b5af8414a656ace8a78c8d45a7834	Windows 11  (10.0.22631) 64bit (Editor)	True	null	null	null	null	null	null	None	0	null	0	0	null	null	null	null	null	
2024/11/23 15:48:57.167	b135e9c82f3b5af8414a656ace8a78c8d45a7834	Windows 11  (10.0.22631) 64bit (Editor)	True	null	null	null	null	null	null	None	0	null	0	0	null	null	null	null	null	
2024/11/23 15:48:57.177	b135e9c82f3b5af8414a656ace8a78c8d45a7834	Windows 11  (10.0.22631) 64bit (Editor)	True	null	null	null	null	null	null	None	0	null	0	0	null	null	null	null	null	
2024/11/23 15:48:57.183	b135e9c82f3b5af8414a656ace8a78c8d45a7834	Windows 11  (10.0.22631) 64bit (Editor)	True	null	null	null	null	null	null	None	0	null	0	0	null	null	null	null	null	
2024/11/23 15:48:57.195	b135e9c82f3b5af8414a656ace8a78c8d45a7834	Windows 11  (10.0.22631) 64bit (Editor)	True	null	null	null	null	null	null	None	0	null	0	0	null	null	null	null	null	
2024/11/23 15:48:57.206	b135e9c82f3b5af8414a656ace8a78c8d45a7834	Windows 11  (10.0.22631) 64bit (Editor)	True	null	null	null	null	null	null	None	0	null	0	0	null	null	null	null	null	
2024/11/23 15:48:57.216	b135e9c82f3b5af8414a656ace8a78c8d45a7834	Windows 11  (10.0.22631) 64bit (Editor)	True	null	null	null	null	null	null	None	0	null	0	0	null	null	null	null	null	
2024/11/23 15:48:57.225	b135e9c82f3b5af8414a656ace8a78c8d45a7834	Windows 11  (10.0.22631) 64bit (Editor)	True	null	null	null	null	null	null	None	0	null	0	0	null	null	null	null	null	
2024/11/23 15:48:57.233	b135e9c82f3b5af8414a656ace8a78c8d45a7834	Windows 11  (10.0.22631) 64bit (Editor)	True	null	null	null	null	null	null	None	0	null	0	0	null	null	null	null	null	
2024/11/23 15:48:57.242	b135e9c82f3b5af8414a656ace8a78c8d45a7834	Windows 11  (10.0.22631) 64bit (Editor)	True	null	null	null	null	null	null	None	0	null	0	0	null	null	null	null	null	
2024/11/23 15:48:57.252	b135e9c82f3b5af8414a656ace8a78c8d45a7834	Windows 11  (10.0.22631) 64bit (Editor)	True	null	null	null	null	null	null	None	0	null	0	0	null	null	null	null	null	
2024/11/23 15:48:57.260	b135e9c82f3b5af8414a656ace8a78c8d45a7834	Windows 11  (10.0.22631) 64bit (Editor)	True	null	null	null	null	null	null	None	0	null	0	0	null	null	null	null	null	
2024/11/23 15:48:57.269	b135e9c82f3b5af8414a656ace8a78c8d45a7834	Windows 11  (10.0.22631) 64bit (Editor)	True	null	null	null	null	null	null	None	0	null	0	0	null	null	null	null	null	
2024/11/23 15:48:57.280	b135e9c82f3b5af8414a656ace8a78c8d45a7834	Windows 11  (10.0.22631) 64bit (Editor)	True	null	null	null	null	null	null	None	0	null	0	0	null	null	null	null	null	
2024/11/23 15:48:57.303	b135e9c82f3b5af8414a656ace8a78c8d45a7834	Windows 11  (10.0.22631) 64bit (Editor)	True	null	null	null	null	null	null	None	0	null	0	0	null	null	null	null	null	
2024/11/23 15:48:57.310	b135e9c82f3b5af8414a656ace8a78c8d45a7834	Windows 11  (10.0.22631) 64bit (Editor)	True	null	null	null	null	null	null	None	0	null	0	0	null	null	null	null	null	
2024/11/23 15:48:57.320	b135e9c82f3b5af8414a656ace8a78c8d45a7834	Windows 11  (10.0.22631) 64bit (Editor)	True	null	null	null	null	null	null	None	0	null	0	0	null	null	null	null	null	
2024/11/23 15:48:57.326	b135e9c82f3b5af8414a656ace8a78c8d45a7834	Windows 11  (10.0.22631) 64bit (Editor)	True	null	null	null	null	null	null	None	0	null	0	0	null	null	null	null	null	
2024/11/23 15:48:57.335	b135e9c82f3b5af8414a656ace8a78c8d45a7834	Windows 11  (10.0.22631) 64bit (Editor)	True	null	null	null	null	null	null	None	0	null	0	0	null	null	null	null	null	
2024/11/23 15:48:57.342	b135e9c82f3b5af8414a656ace8a78c8d45a7834	Windows 11  (10.0.22631) 64bit (Editor)	True	null	null	null	null	null	null	None	0	null	0	0	null	null	null	null	null	
2024/11/23 15:48:57.349	b135e9c82f3b5af8414a656ace8a78c8d45a7834	Windows 11  (10.0.22631) 64bit (Editor)	True	null	null	null	null	null	null	None	0	null	0	0	null	null	null	null	null	
2024/11/23 15:48:57.357	b135e9c82f3b5af8414a656ace8a78c8d45a7834	Windows 11  (10.0.22631) 64bit (Editor)	True	null	null	null	null	null	null	None	0	null	0	0	null	null	null	null	null	
2024/11/23 15:48:57.364	b135e9c82f3b5af8414a656ace8a78c8d45a7834	Windows 11  (10.0.22631) 64bit (Editor)	True	null	null	null	null	null	null	None	0	null	0	0	null	null	null	null	null	
2024/11/23 15:48:57.373	b135e9c82f3b5af8414a656ace8a78c8d45a7834	Windows 11  (10.0.22631) 64bit (Editor)	True	null	null	null	null	null	null	None	0	null	0	0	null	null	null	null	null	
2024/11/23 15:48:57.379	b135e9c82f3b5af8414a656ace8a78c8d45a7834	Windows 11  (10.0.22631) 64bit (Editor)	True	null	null	null	null	null	null	None	0	null	0	0	null	null	null	null	null	
2024/11/23 15:48:57.387	b135e9c82f3b5af8414a656ace8a78c8d45a7834	Windows 11  (10.0.22631) 64bit (Editor)	True	null	null	null	null	null	null	None	0	null	0	0	null	null	null	null	null	
2024/11/23 15:48:57.394	b135e9c82f3b5af8414a656ace8a78c8d45a7834	Windows 11  (10.0.22631) 64bit (Editor)	True	null	null	null	null	null	null	None	0	null	0	0	null	null	null	null	null	
2024/11/23 15:48:57.401	b135e9c82f3b5af8414a656ace8a78c8d45a7834	Windows 11  (10.0.22631) 64bit (Editor)	True	null	null	null	null	null	null	None	0	null	0	0	null	null	null	null	null	
2024/11/23 15:48:57.408	b135e9c82f3b5af8414a656ace8a78c8d45a7834	Windows 11  (10.0.22631) 64bit (Editor)	True	null	null	null	null	null	null	None	0	null	0	0	null	null	null	null	null	
2024/11/23 15:48:57.415	b135e9c82f3b5af8414a656ace8a78c8d45a7834	Windows 11  (10.0.22631) 64bit (Editor)	True	null	null	null	null	null	null	None	0	null	0	0	null	null	null	null	null	
2024/11/23 15:48:57.423	b135e9c82f3b5af8414a656ace8a78c8d45a7834	Windows 11  (10.0.22631) 64bit (Editor)	True	null	null	null	null	null	null	None	0	null	0	0	null	null	null	null	null	
2024/11/23 15:48:57.430	b135e9c82f3b5af8414a656ace8a78c8d45a7834	Windows 11  (10.0.22631) 64bit (Editor)	True	null	null	null	null	null	null	None	0	null	0	0	null	null	null	null	null	
2024/11/23 15:48:57.445	b135e9c82f3b5af8414a656ace8a78c8d45a7834	Windows 11  (10.0.22631) 64bit (Editor)	True	null	null	null	null	null	null	None	0	null	0	0	null	null	null	null	null	
2024/11/23 15:48:57.453	b135e9c82f3b5af8414a656ace8a78c8d45a7834	Windows 11  (10.0.22631) 64bit (Editor)	True	null	null	null	null	null	null	None	0	null	0	0	null	null	null	null	null	
2024/11/23 15:48:57.460	b135e9c82f3b5af8414a656ace8a78c8d45a7834	Windows 11  (10.0.22631) 64bit (Editor)	True	null	null	null	null	null	null	None	0	null	0	0	null	null	null	null	null	
2024/11/23 15:48:57.466	b135e9c82f3b5af8414a656ace8a78c8d45a7834	Windows 11  (10.0.22631) 64bit (Editor)	True	null	null	null	null	null	null	None	0	null	0	0	null	null	null	null	null	
2024/11/23 15:48:57.474	b135e9c82f3b5af8414a656ace8a78c8d45a7834	Windows 11  (10.0.22631) 64bit (Editor)	True	null	null	null	null	null	null	None	0	null	0	0	null	null	null	null	null	
2024/11/23 15:48:57.479	b135e9c82f3b5af8414a656ace8a78c8d45a7834	Windows 11  (10.0.22631) 64bit (Editor)	True	null	null	null	null	null	null	None	0	null	0	0	null	null	null	null	null	
2024/11/23 15:48:57.486	b135e9c82f3b5af8414a656ace8a78c8d45a7834	Windows 11  (10.0.22631) 64bit (Editor)	True	null	null	null	null	null	null	None	0	null	0	0	null	null	null	null	null	
2024/11/23 15:48:57.494	b135e9c82f3b5af8414a656ace8a78c8d45a7834	Windows 11  (10.0.22631) 64bit (Editor)	True	null	null	null	null	null	null	None	0	null	0	0	null	null	null	null	null	
2024/11/23 15:48:57.500	b135e9c82f3b5af8414a656ace8a78c8d45a7834	Windows 11  (10.0.22631) 64bit (Editor)	True	null	null	null	null	null	null	None	0	null	0	0	null	null	null	null	null	
2024/11/23 15:48:57.507	b135e9c82f3b5af8414a656ace8a78c8d45a7834	Windows 11  (10.0.22631) 64bit (Editor)	True	null	null	null	null	null	null	None	0	null	0	0	null	null	null	null	null	
2024/11/23 15:48:57.515	b135e9c82f3b5af8414a656ace8a78c8d45a7834	Windows 11  (10.0.22631) 64bit (Editor)	True	null	null	null	null	null	null	None	0	null	0	0	null	null	null	null	null	
2024/11/23 15:48:57.523	b135e9c82f3b5af8414a656ace8a78c8d45a7834	Windows 11  (10.0.22631) 64bit (Editor)	True	null	null	null	null	null	null	None	0	null	0	0	null	null	null	null	null	
2024/11/23 15:48:57.529	b135e9c82f3b5af8414a656ace8a78c8d45a7834	Windows 11  (10.0.22631) 64bit (Editor)	True	null	null	null	null	null	null	None	0	null	0	0	null	null	null	null	null	
2024/11/23 15:48:57.537	b135e9c82f3b5af8414a656ace8a78c8d45a7834	Windows 11  (10.0.22631) 64bit (Editor)	True	null	null	null	null	null	null	None	0	null	0	0	null	null	null	null	null	
2024/11/23 15:48:57.544	b135e9c82f3b5af8414a656ace8a78c8d45a7834	Windows 11  (10.0.22631) 64bit (Editor)	True	null	null	null	null	null	null	None	0	null	0	0	null	null	null	null	null	
2024/11/23 15:48:57.552	b135e9c82f3b5af8414a656ace8a78c8d45a7834	Windows 11  (10.0.22631) 64bit (Editor)	True	null	null	null	null	null	null	None	0	null	0	0	null	null	null	null	null	
2024/11/23 15:48:57.559	b135e9c82f3b5af8414a656ace8a78c8d45a7834	Windows 11  (10.0.22631) 64bit (Editor)	True	null	null	null	null	null	null	None	0	null	0	0	null	null	null	null	null	
2024/11/23 15:48:57.567	b135e9c82f3b5af8414a656ace8a78c8d45a7834	Windows 11  (10.0.22631) 64bit (Editor)	True	null	null	null	null	null	null	None	0	null	0	0	null	null	null	null	null	
2024/11/23 15:48:57.575	b135e9c82f3b5af8414a656ace8a78c8d45a7834	Windows 11  (10.0.22631) 64bit (Editor)	True	null	null	null	null	null	null	None	0	null	0	0	null	null	null	null	null	
2024/11/23 15:48:57.582	b135e9c82f3b5af8414a656ace8a78c8d45a7834	Windows 11  (10.0.22631) 64bit (Editor)	True	null	null	null	null	null	null	None	0	null	0	0	null	null	null	null	null	
2024/11/23 15:48:57.599	b135e9c82f3b5af8414a656ace8a78c8d45a7834	Windows 11  (10.0.22631) 64bit (Editor)	True	null	null	null	null	null	null	None	0	null	0	0	null	null	null	null	null	
2024/11/23 15:48:57.607	b135e9c82f3b5af8414a656ace8a78c8d45a7834	Windows 11  (10.0.22631) 64bit (Editor)	True	null	null	null	null	null	null	None	0	null	0	0	null	null	null	null	null	
2024/11/23 15:48:57.616	b135e9c82f3b5af8414a656ace8a78c8d45a7834	Windows 11  (10.0.22631) 64bit (Editor)	True	null	null	null	null	null	null	None	0	null	0	0	null	null	null	null	null	
2024/11/23 15:48:57.622	b135e9c82f3b5af8414a656ace8a78c8d45a7834	Windows 11  (10.0.22631) 64bit (Editor)	True	null	null	null	null	null	null	None	0	null	0	0	null	null	null	null	null	
2024/11/23 15:48:57.630	b135e9c82f3b5af8414a656ace8a78c8d45a7834	Windows 11  (10.0.22631) 64bit (Editor)	True	null	null	null	null	null	null	None	0	null	0	0	null	null	null	null	null	
2024/11/23 15:48:57.637	b135e9c82f3b5af8414a656ace8a78c8d45a7834	Windows 11  (10.0.22631) 64bit (Editor)	True	null	null	null	null	null	null	None	0	null	0	0	null	null	null	null	null	
2024/11/23 15:48:57.644	b135e9c82f3b5af8414a656ace8a78c8d45a7834	Windows 11  (10.0.22631) 64bit (Editor)	True	null	null	null	null	null	null	None	0	null	0	0	null	null	null	null	null	
2024/11/23 15:48:57.651	b135e9c82f3b5af8414a656ace8a78c8d45a7834	Windows 11  (10.0.22631) 64bit (Editor)	True	null	null	null	null	null	null	None	0	null	0	0	null	null	null	null	null	
2024/11/23 15:48:57.659	b135e9c82f3b5af8414a656ace8a78c8d45a7834	Windows 11  (10.0.22631) 64bit (Editor)	True	null	null	null	null	null	null	None	0	null	0	0	null	null	null	null	null	
2024/11/23 15:48:57.665	b135e9c82f3b5af8414a656ace8a78c8d45a7834	Windows 11  (10.0.22631) 64bit (Editor)	True	null	null	null	null	null	null	None	0	null	0	0	null	null	null	null	null	
2024/11/23 15:48:57.673	b135e9c82f3b5af8414a656ace8a78c8d45a7834	Windows 11  (10.0.22631) 64bit (Editor)	True	null	null	null	null	null	null	None	0	null	0	0	null	null	null	null	null	
2024/11/23 15:48:57.679	b135e9c82f3b5af8414a656ace8a78c8d45a7834	Windows 11  (10.0.22631) 64bit (Editor)	True	null	null	null	null	null	null	None	0	null	0	0	null	null	null	null	null	
2024/11/23 15:48:57.687	b135e9c82f3b5af8414a656ace8a78c8d45a7834	Windows 11  (10.0.22631) 64bit (Editor)	True	null	null	null	null	null	null	None	0	null	0	0	null	null	null	null	null	
2024/11/23 15:48:57.694	b135e9c82f3b5af8414a656ace8a78c8d45a7834	Windows 11  (10.0.22631) 64bit (Editor)	True	null	null	null	null	null	null	None	0	null	0	0	null	null	null	null	null	
2024/11/23 15:48:57.701	b135e9c82f3b5af8414a656ace8a78c8d45a7834	Windows 11  (10.0.22631) 64bit (Editor)	True	null	null	null	null	null	null	None	0	null	0	0	null	null	null	null	null	
2024/11/23 15:48:57.709	b135e9c82f3b5af8414a656ace8a78c8d45a7834	Windows 11  (10.0.22631) 64bit (Editor)	True	null	null	null	null	null	null	None	0	null	0	0	null	null	null	null	null	
2024/11/23 15:48:57.719	b135e9c82f3b5af8414a656ace8a78c8d45a7834	Windows 11  (10.0.22631) 64bit (Editor)	True	null	null	null	null	null	null	None	0	null	0	0	null	null	null	null	null	
2024/11/23 15:48:57.726	b135e9c82f3b5af8414a656ace8a78c8d45a7834	Windows 11  (10.0.22631) 64bit (Editor)	True	null	null	null	null	null	null	None	0	null	0	0	null	null	null	null	null	
2024/11/23 15:48:57.738	b135e9c82f3b5af8414a656ace8a78c8d45a7834	Windows 11  (10.0.22631) 64bit (Editor)	True	null	null	null	null	null	null	None	0	null	0	0	null	null	null	null	null	
2024/11/23 15:48:57.757	b135e9c82f3b5af8414a656ace8a78c8d45a7834	Windows 11  (10.0.22631) 64bit (Editor)	True	null	null	null	null	null	null	None	0	null	0	0	null	null	null	null	null	
2024/11/23 15:48:57.766	b135e9c82f3b5af8414a656ace8a78c8d45a7834	Windows 11  (10.0.22631) 64bit (Editor)	True	null	null	null	null	null	null	None	0	null	0	0	null	null	null	null	null	
2024/11/23 15:48:57.776	b135e9c82f3b5af8414a656ace8a78c8d45a7834	Windows 11  (10.0.22631) 64bit (Editor)	True	null	null	null	null	null	null	None	0	null	0	0	null	null	null	null	null	
2024/11/23 15:48:57.783	b135e9c82f3b5af8414a656ace8a78c8d45a7834	Windows 11  (10.0.22631) 64bit (Editor)	True	null	null	null	null	null	null	None	0	null	0	0	null	null	null	null	null	
2024/11/23 15:48:57.792	b135e9c82f3b5af8414a656ace8a78c8d45a7834	Windows 11  (10.0.22631) 64bit (Editor)	True	null	null	null	null	null	null	None	0	null	0	0	null	null	null	null	null	
2024/11/23 15:48:57.799	b135e9c82f3b5af8414a656ace8a78c8d45a7834	Windows 11  (10.0.22631) 64bit (Editor)	True	null	null	null	null	null	null	None	0	null	0	0	null	null	null	null	null	
2024/11/23 15:48:57.806	b135e9c82f3b5af8414a656ace8a78c8d45a7834	Windows 11  (10.0.22631) 64bit (Editor)	True	null	null	null	null	null	null	None	0	null	0	0	null	null	null	null	null	
2024/11/23 15:48:57.815	b135e9c82f3b5af8414a656ace8a78c8d45a7834	Windows 11  (10.0.22631) 64bit (Editor)	True	null	null	null	null	null	null	None	0	null	0	0	null	null	null	null	null	
2024/11/23 15:48:57.822	b135e9c82f3b5af8414a656ace8a78c8d45a7834	Windows 11  (10.0.22631) 64bit (Editor)	True	null	null	null	null	null	null	None	0	null	0	0	null	null	null	null	null	
2024/11/23 15:48:57.829	b135e9c82f3b5af8414a656ace8a78c8d45a7834	Windows 11  (10.0.22631) 64bit (Editor)	True	null	null	null	null	null	null	None	0	null	0	0	null	null	null	null	null	
2024/11/23 15:48:57.837	b135e9c82f3b5af8414a656ace8a78c8d45a7834	Windows 11  (10.0.22631) 64bit (Editor)	True	null	null	null	null	null	null	None	0	null	0	0	null	null	null	null	null	
2024/11/23 15:48:57.845	b135e9c82f3b5af8414a656ace8a78c8d45a7834	Windows 11  (10.0.22631) 64bit (Editor)	True	null	null	null	null	null	null	None	0	null	0	0	null	null	null	null	null	
2024/11/23 15:48:57.853	b135e9c82f3b5af8414a656ace8a78c8d45a7834	Windows 11  (10.0.22631) 64bit (Editor)	True	null	null	null	null	null	null	None	0	null	0	0	null	null	null	null	null	
2024/11/23 15:48:57.860	b135e9c82f3b5af8414a656ace8a78c8d45a7834	Windows 11  (10.0.22631) 64bit (Editor)	True	null	null	null	null	null	null	None	0	null	0	0	null	null	null	null	null	
2024/11/23 15:48:57.870	b135e9c82f3b5af8414a656ace8a78c8d45a7834	Windows 11  (10.0.22631) 64bit (Editor)	True	null	null	null	null	null	null	None	0	null	0	0	null	null	null	null	null	
2024/11/23 15:48:57.878	b135e9c82f3b5af8414a656ace8a78c8d45a7834	Windows 11  (10.0.22631) 64bit (Editor)	True	null	null	null	null	null	null	None	0	null	0	0	null	null	null	null	null	
2024/11/23 15:48:57.886	b135e9c82f3b5af8414a656ace8a78c8d45a7834	Windows 11  (10.0.22631) 64bit (Editor)	True	null	null	null	null	null	null	None	0	null	0	0	null	null	null	null	null	
2024/11/23 15:48:57.893	b135e9c82f3b5af8414a656ace8a78c8d45a7834	Windows 11  (10.0.22631) 64bit (Editor)	True	null	null	null	null	null	null	None	0	null	0	0	null	null	null	null	null	
2024/11/23 15:48:57.909	b135e9c82f3b5af8414a656ace8a78c8d45a7834	Windows 11  (10.0.22631) 64bit (Editor)	True	null	null	null	null	null	null	None	0	null	0	0	null	null	null	null	null	
2024/11/23 15:48:57.915	b135e9c82f3b5af8414a656ace8a78c8d45a7834	Windows 11  (10.0.22631) 64bit (Editor)	True	null	null	null	null	null	null	None	0	null	0	0	null	null	null	null	null	
2024/11/23 15:48:57.923	b135e9c82f3b5af8414a656ace8a78c8d45a7834	Windows 11  (10.0.22631) 64bit (Editor)	True	null	null	null	null	null	null	None	0	null	0	0	null	null	null	null	null	
2024/11/23 15:48:57.930	b135e9c82f3b5af8414a656ace8a78c8d45a7834	Windows 11  (10.0.22631) 64bit (Editor)	True	null	null	null	null	null	null	None	0	null	0	0	null	null	null	null	null	
2024/11/23 15:48:57.937	b135e9c82f3b5af8414a656ace8a78c8d45a7834	Windows 11  (10.0.22631) 64bit (Editor)	True	null	null	null	null	null	null	None	0	null	0	0	null	null	null	null	null	
2024/11/23 15:48:57.944	b135e9c82f3b5af8414a656ace8a78c8d45a7834	Windows 11  (10.0.22631) 64bit (Editor)	True	null	null	null	null	null	null	None	0	null	0	0	null	null	null	null	null	
2024/11/23 15:48:57.951	b135e9c82f3b5af8414a656ace8a78c8d45a7834	Windows 11  (10.0.22631) 64bit (Editor)	True	null	null	null	null	null	null	None	0	null	0	0	null	null	null	null	null	
2024/11/23 15:48:57.959	b135e9c82f3b5af8414a656ace8a78c8d45a7834	Windows 11  (10.0.22631) 64bit (Editor)	True	null	null	null	null	null	null	None	0	null	0	0	null	null	null	null	null	
2024/11/23 15:48:57.970	b135e9c82f3b5af8414a656ace8a78c8d45a7834	Windows 11  (10.0.22631) 64bit (Editor)	True	null	null	null	null	null	null	None	0	null	0	0	null	null	null	null	null	
2024/11/23 15:48:57.979	b135e9c82f3b5af8414a656ace8a78c8d45a7834	Windows 11  (10.0.22631) 64bit (Editor)	True	null	null	null	null	null	null	None	0	null	0	0	null	null	null	null	null	
2024/11/23 15:48:57.986	b135e9c82f3b5af8414a656ace8a78c8d45a7834	Windows 11  (10.0.22631) 64bit (Editor)	True	null	null	null	null	null	null	None	0	null	0	0	null	null	null	null	null	
2024/11/23 15:48:57.994	b135e9c82f3b5af8414a656ace8a78c8d45a7834	Windows 11  (10.0.22631) 64bit (Editor)	True	null	null	null	null	null	null	None	0	null	0	0	null	null	null	null	null	
2024/11/23 15:48:58.000	b135e9c82f3b5af8414a656ace8a78c8d45a7834	Windows 11  (10.0.22631) 64bit (Editor)	True	null	null	null	null	null	null	None	0	null	0	0	null	null	null	null	null	
2024/11/23 15:48:58.007	b135e9c82f3b5af8414a656ace8a78c8d45a7834	Windows 11  (10.0.22631) 64bit (Editor)	True	null	null	null	null	null	null	None	0	null	0	0	null	null	null	null	null	
2024/11/23 15:48:58.014	b135e9c82f3b5af8414a656ace8a78c8d45a7834	Windows 11  (10.0.22631) 64bit (Editor)	True	null	null	null	null	null	null	None	0	null	0	0	null	null	null	null	null	
2024/11/23 15:48:58.022	b135e9c82f3b5af8414a656ace8a78c8d45a7834	Windows 11  (10.0.22631) 64bit (Editor)	True	null	null	null	null	null	null	None	0	null	0	0	null	null	null	null	null	
2024/11/23 15:48:58.029	b135e9c82f3b5af8414a656ace8a78c8d45a7834	Windows 11  (10.0.22631) 64bit (Editor)	True	null	null	null	null	null	null	None	0	null	0	0	null	null	null	null	null	
2024/11/23 15:48:58.037	b135e9c82f3b5af8414a656ace8a78c8d45a7834	Windows 11  (10.0.22631) 64bit (Editor)	True	null	null	null	null	null	null	None	0	null	0	0	null	null	null	null	null	
2024/11/23 15:48:58.043	b135e9c82f3b5af8414a656ace8a78c8d45a7834	Windows 11  (10.0.22631) 64bit (Editor)	True	null	null	null	null	null	null	None	0	null	0	0	null	null	null	null	null	
2024/11/23 15:48:58.060	b135e9c82f3b5af8414a656ace8a78c8d45a7834	Windows 11  (10.0.22631) 64bit (Editor)	True	null	null	null	null	null	null	None	0	null	0	0	null	null	null	null	null	
2024/11/23 15:48:58.068	b135e9c82f3b5af8414a656ace8a78c8d45a7834	Windows 11  (10.0.22631) 64bit (Editor)	True	null	null	null	null	null	null	None	0	null	0	0	null	null	null	null	null	
2024/11/23 15:48:58.080	b135e9c82f3b5af8414a656ace8a78c8d45a7834	Windows 11  (10.0.22631) 64bit (Editor)	True	null	null	null	null	null	null	None	0	null	0	0	null	null	null	null	null	
2024/11/23 15:48:58.092	b135e9c82f3b5af8414a656ace8a78c8d45a7834	Windows 11  (10.0.22631) 64bit (Editor)	True	null	null	null	null	null	null	None	0	null	0	0	null	null	null	null	null	
2024/11/23 15:48:58.099	b135e9c82f3b5af8414a656ace8a78c8d45a7834	Windows 11  (10.0.22631) 64bit (Editor)	True	null	null	null	null	null	null	None	0	null	0	0	null	null	null	null	null	
2024/11/23 15:48:58.107	b135e9c82f3b5af8414a656ace8a78c8d45a7834	Windows 11  (10.0.22631) 64bit (Editor)	True	null	null	null	null	null	null	None	0	null	0	0	null	null	null	null	null	
2024/11/23 15:48:58.115	b135e9c82f3b5af8414a656ace8a78c8d45a7834	Windows 11  (10.0.22631) 64bit (Editor)	True	null	null	null	null	null	null	None	0	null	0	0	null	null	null	null	null	
2024/11/23 15:48:58.122	b135e9c82f3b5af8414a656ace8a78c8d45a7834	Windows 11  (10.0.22631) 64bit (Editor)	True	null	null	null	null	null	null	None	0	null	0	0	null	null	null	null	null	
2024/11/23 15:48:58.130	b135e9c82f3b5af8414a656ace8a78c8d45a7834	Windows 11  (10.0.22631) 64bit (Editor)	True	null	null	null	null	null	null	None	0	null	0	0	null	null	null	null	null	
2024/11/23 15:48:58.137	b135e9c82f3b5af8414a656ace8a78c8d45a7834	Windows 11  (10.0.22631) 64bit (Editor)	True	null	null	null	null	null	null	None	0	null	0	0	null	null	null	null	null	
2024/11/23 15:48:58.145	b135e9c82f3b5af8414a656ace8a78c8d45a7834	Windows 11  (10.0.22631) 64bit (Editor)	True	null	null	null	null	null	null	None	0	null	0	0	null	null	null	null	null	
2024/11/23 15:48:58.152	b135e9c82f3b5af8414a656ace8a78c8d45a7834	Windows 11  (10.0.22631) 64bit (Editor)	True	null	null	null	null	null	null	None	0	null	0	0	null	null	null	null	null	
2024/11/23 15:48:58.159	b135e9c82f3b5af8414a656ace8a78c8d45a7834	Windows 11  (10.0.22631) 64bit (Editor)	True	null	null	null	null	null	null	None	0	null	0	0	null	null	null	null	null	
2024/11/23 15:48:58.167	b135e9c82f3b5af8414a656ace8a78c8d45a7834	Windows 11  (10.0.22631) 64bit (Editor)	True	null	null	null	null	null	null	None	0	null	0	0	null	null	null	null	null	
2024/11/23 15:48:58.176	b135e9c82f3b5af8414a656ace8a78c8d45a7834	Windows 11  (10.0.22631) 64bit (Editor)	True	null	null	null	null	null	null	None	0	null	0	0	null	null	null	null	null	
2024/11/23 15:48:58.184	b135e9c82f3b5af8414a656ace8a78c8d45a7834	Windows 11  (10.0.22631) 64bit (Editor)	True	null	null	null	null	null	null	None	0	null	0	0	null	null	null	null	null	
2024/11/23 15:48:58.192	b135e9c82f3b5af8414a656ace8a78c8d45a7834	Windows 11  (10.0.22631) 64bit (Editor)	True	null	null	null	null	null	null	None	0	null	0	0	null	null	null	null	null	
2024/11/23 15:48:58.202	b135e9c82f3b5af8414a656ace8a78c8d45a7834	Windows 11  (10.0.22631) 64bit (Editor)	True	null	null	null	null	null	null	None	0	null	0	0	null	null	null	null	null	
2024/11/23 15:48:58.219	b135e9c82f3b5af8414a656ace8a78c8d45a7834	Windows 11  (10.0.22631) 64bit (Editor)	True	null	null	null	null	null	null	None	0	null	0	0	null	null	null	null	null	
2024/11/23 15:48:58.226	b135e9c82f3b5af8414a656ace8a78c8d45a7834	Windows 11  (10.0.22631) 64bit (Editor)	True	null	null	null	null	null	null	None	0	null	0	0	null	null	null	null	null	
2024/11/23 15:48:58.237	b135e9c82f3b5af8414a656ace8a78c8d45a7834	Windows 11  (10.0.22631) 64bit (Editor)	True	null	null	null	null	null	null	None	0	null	0	0	null	null	null	null	null	
2024/11/23 15:48:58.245	b135e9c82f3b5af8414a656ace8a78c8d45a7834	Windows 11  (10.0.22631) 64bit (Editor)	True	null	null	null	null	null	null	None	0	null	0	0	null	null	null	null	null	
2024/11/23 15:48:58.254	b135e9c82f3b5af8414a656ace8a78c8d45a7834	Windows 11  (10.0.22631) 64bit (Editor)	True	null	null	null	null	null	null	None	0	null	0	0	null	null	null	null	null	
2024/11/23 15:48:58.261	b135e9c82f3b5af8414a656ace8a78c8d45a7834	Windows 11  (10.0.22631) 64bit (Editor)	True	null	null	null	null	null	null	None	0	null	0	0	null	null	null	null	null	
2024/11/23 15:48:58.269	b135e9c82f3b5af8414a656ace8a78c8d45a7834	Windows 11  (10.0.22631) 64bit (Editor)	True	null	null	null	null	null	null	None	0	null	0	0	null	null	null	null	null	
2024/11/23 15:48:58.275	b135e9c82f3b5af8414a656ace8a78c8d45a7834	Windows 11  (10.0.22631) 64bit (Editor)	True	null	null	null	null	null	null	None	0	null	0	0	null	null	null	null	null	
2024/11/23 15:48:58.284	b135e9c82f3b5af8414a656ace8a78c8d45a7834	Windows 11  (10.0.22631) 64bit (Editor)	True	null	null	null	null	null	null	None	0	null	0	0	null	null	null	null	null	
2024/11/23 15:48:58.291	b135e9c82f3b5af8414a656ace8a78c8d45a7834	Windows 11  (10.0.22631) 64bit (Editor)	True	null	null	null	null	null	null	None	0	null	0	0	null	null	null	null	null	
2024/11/23 15:48:58.298	b135e9c82f3b5af8414a656ace8a78c8d45a7834	Windows 11  (10.0.22631) 64bit (Editor)	True	null	null	null	null	null	null	None	0	null	0	0	null	null	null	null	null	
2024/11/23 15:48:58.306	b135e9c82f3b5af8414a656ace8a78c8d45a7834	Windows 11  (10.0.22631) 64bit (Editor)	True	null	null	null	null	null	null	None	0	null	0	0	null	null	null	null	null	
2024/11/23 15:48:58.313	b135e9c82f3b5af8414a656ace8a78c8d45a7834	Windows 11  (10.0.22631) 64bit (Editor)	True	null	null	null	null	null	null	None	0	null	0	0	null	null	null	null	null	
2024/11/23 15:48:58.321	b135e9c82f3b5af8414a656ace8a78c8d45a7834	Windows 11  (10.0.22631) 64bit (Editor)	True	null	null	null	null	null	null	None	0	null	0	0	null	null	null	null	null	
2024/11/23 15:48:58.328	b135e9c82f3b5af8414a656ace8a78c8d45a7834	Windows 11  (10.0.22631) 64bit (Editor)	True	null	null	null	null	null	null	None	0	null	0	0	null	null	null	null	null	
2024/11/23 15:48:58.336	b135e9c82f3b5af8414a656ace8a78c8d45a7834	Windows 11  (10.0.22631) 64bit (Editor)	True	null	null	null	null	null	null	None	0	null	0	0	null	null	null	null	null	
2024/11/23 15:48:58.344	b135e9c82f3b5af8414a656ace8a78c8d45a7834	Windows 11  (10.0.22631) 64bit (Editor)	True	null	null	null	null	null	null	None	0	null	0	0	null	null	null	null	null	
2024/11/23 15:48:58.352	b135e9c82f3b5af8414a656ace8a78c8d45a7834	Windows 11  (10.0.22631) 64bit (Editor)	True	null	null	null	null	null	null	None	0	null	0	0	null	null	null	null	null	
2024/11/23 15:48:58.359	b135e9c82f3b5af8414a656ace8a78c8d45a7834	Windows 11  (10.0.22631) 64bit (Editor)	True	null	null	null	null	null	null	None	0	null	0	0	null	null	null	null	null	
2024/11/23 15:48:58.376	b135e9c82f3b5af8414a656ace8a78c8d45a7834	Windows 11  (10.0.22631) 64bit (Editor)	True	null	null	null	null	null	null	None	0	null	0	0	null	null	null	null	null	
2024/11/23 15:48:58.382	b135e9c82f3b5af8414a656ace8a78c8d45a7834	Windows 11  (10.0.22631) 64bit (Editor)	True	null	null	null	null	null	null	None	0	null	0	0	null	null	null	null	null	
2024/11/23 15:48:58.392	b135e9c82f3b5af8414a656ace8a78c8d45a7834	Windows 11  (10.0.22631) 64bit (Editor)	True	null	null	null	null	null	null	None	0	null	0	0	null	null	null	null	null	
2024/11/23 15:48:58.397	b135e9c82f3b5af8414a656ace8a78c8d45a7834	Windows 11  (10.0.22631) 64bit (Editor)	True	null	null	null	null	null	null	None	0	null	0	0	null	null	null	null	null	
2024/11/23 15:48:58.406	b135e9c82f3b5af8414a656ace8a78c8d45a7834	Windows 11  (10.0.22631) 64bit (Editor)	True	null	null	null	null	null	null	None	0	null	0	0	null	null	null	null	null	
2024/11/23 15:48:58.413	b135e9c82f3b5af8414a656ace8a78c8d45a7834	Windows 11  (10.0.22631) 64bit (Editor)	True	null	null	null	null	null	null	None	0	null	0	0	null	null	null	null	null	
2024/11/23 15:48:58.420	b135e9c82f3b5af8414a656ace8a78c8d45a7834	Windows 11  (10.0.22631) 64bit (Editor)	True	null	null	null	null	null	null	None	0	null	0	0	null	null	null	null	null	
2024/11/23 15:48:58.427	b135e9c82f3b5af8414a656ace8a78c8d45a7834	Windows 11  (10.0.22631) 64bit (Editor)	True	null	null	null	null	null	null	None	0	null	0	0	null	null	null	null	null	
2024/11/23 15:48:58.433	b135e9c82f3b5af8414a656ace8a78c8d45a7834	Windows 11  (10.0.22631) 64bit (Editor)	True	null	null	null	null	null	null	None	0	null	0	0	null	null	null	null	null	
2024/11/23 15:48:58.440	b135e9c82f3b5af8414a656ace8a78c8d45a7834	Windows 11  (10.0.22631) 64bit (Editor)	True	null	null	null	null	null	null	None	0	null	0	0	null	null	null	null	null	
2024/11/23 15:48:58.446	b135e9c82f3b5af8414a656ace8a78c8d45a7834	Windows 11  (10.0.22631) 64bit (Editor)	True	null	null	null	null	null	null	None	0	null	0	0	null	null	null	null	null	
2024/11/23 15:48:58.453	b135e9c82f3b5af8414a656ace8a78c8d45a7834	Windows 11  (10.0.22631) 64bit (Editor)	True	null	null	null	null	null	null	None	0	null	0	0	null	null	null	null	null	
2024/11/23 15:48:58.459	b135e9c82f3b5af8414a656ace8a78c8d45a7834	Windows 11  (10.0.22631) 64bit (Editor)	True	null	null	null	null	null	null	None	0	null	0	0	null	null	null	null	null	
2024/11/23 15:48:58.466	b135e9c82f3b5af8414a656ace8a78c8d45a7834	Windows 11  (10.0.22631) 64bit (Editor)	True	null	null	null	null	null	null	None	0	null	0	0	null	null	null	null	null	
2024/11/23 15:48:58.473	b135e9c82f3b5af8414a656ace8a78c8d45a7834	Windows 11  (10.0.22631) 64bit (Editor)	True	null	null	null	null	null	null	None	0	null	0	0	null	null	null	null	null	
2024/11/23 15:48:58.480	b135e9c82f3b5af8414a656ace8a78c8d45a7834	Windows 11  (10.0.22631) 64bit (Editor)	True	null	null	null	null	null	null	None	0	null	0	0	null	null	null	null	null	
2024/11/23 15:48:58.487	b135e9c82f3b5af8414a656ace8a78c8d45a7834	Windows 11  (10.0.22631) 64bit (Editor)	True	null	null	null	null	null	null	None	0	null	0	0	null	null	null	null	null	
2024/11/23 15:48:58.493	b135e9c82f3b5af8414a656ace8a78c8d45a7834	Windows 11  (10.0.22631) 64bit (Editor)	True	null	null	null	null	null	null	None	0	null	0	0	null	null	null	null	null	
2024/11/23 15:48:58.500	b135e9c82f3b5af8414a656ace8a78c8d45a7834	Windows 11  (10.0.22631) 64bit (Editor)	True	null	null	null	null	null	null	None	0	null	0	0	null	null	null	null	null	
2024/11/23 15:48:58.506	b135e9c82f3b5af8414a656ace8a78c8d45a7834	Windows 11  (10.0.22631) 64bit (Editor)	True	null	null	null	null	null	null	None	0	null	0	0	null	null	null	null	null	
2024/11/23 15:48:58.514	b135e9c82f3b5af8414a656ace8a78c8d45a7834	Windows 11  (10.0.22631) 64bit (Editor)	True	null	null	null	null	null	null	None	0	null	0	0	null	null	null	null	null	
2024/11/23 15:48:58.531	b135e9c82f3b5af8414a656ace8a78c8d45a7834	Windows 11  (10.0.22631) 64bit (Editor)	True	null	null	null	null	null	null	None	0	null	0	0	null	null	null	null	null	
2024/11/23 15:48:58.538	b135e9c82f3b5af8414a656ace8a78c8d45a7834	Windows 11  (10.0.22631) 64bit (Editor)	True	null	null	null	null	null	null	None	0	null	0	0	null	null	null	null	null	
2024/11/23 15:48:58.545	b135e9c82f3b5af8414a656ace8a78c8d45a7834	Windows 11  (10.0.22631) 64bit (Editor)	True	null	null	null	null	null	null	None	0	null	0	0	null	null	null	null	null	
2024/11/23 15:48:58.552	b135e9c82f3b5af8414a656ace8a78c8d45a7834	Windows 11  (10.0.22631) 64bit (Editor)	True	null	null	null	null	null	null	None	0	null	0	0	null	null	null	null	null	
2024/11/23 15:48:58.558	b135e9c82f3b5af8414a656ace8a78c8d45a7834	Windows 11  (10.0.22631) 64bit (Editor)	True	null	null	null	null	null	null	None	0	null	0	0	null	null	null	null	null	
2024/11/23 15:48:58.566	b135e9c82f3b5af8414a656ace8a78c8d45a7834	Windows 11  (10.0.22631) 64bit (Editor)	True	null	null	null	null	null	null	None	0	null	0	0	null	null	null	null	null	
2024/11/23 15:48:58.574	b135e9c82f3b5af8414a656ace8a78c8d45a7834	Windows 11  (10.0.22631) 64bit (Editor)	True	null	null	null	null	null	null	None	0	null	0	0	null	null	null	null	null	
2024/11/23 15:48:58.581	b135e9c82f3b5af8414a656ace8a78c8d45a7834	Windows 11  (10.0.22631) 64bit (Editor)	True	null	null	null	null	null	null	None	0	null	0	0	null	null	null	null	null	
2024/11/23 15:48:58.589	b135e9c82f3b5af8414a656ace8a78c8d45a7834	Windows 11  (10.0.22631) 64bit (Editor)	True	null	null	null	null	null	null	None	0	null	0	0	null	null	null	null	null	
2024/11/23 15:48:58.597	b135e9c82f3b5af8414a656ace8a78c8d45a7834	Windows 11  (10.0.22631) 64bit (Editor)	True	null	null	null	null	null	null	None	0	null	0	0	null	null	null	null	null	
2024/11/23 15:48:58.605	b135e9c82f3b5af8414a656ace8a78c8d45a7834	Windows 11  (10.0.22631) 64bit (Editor)	True	null	null	null	null	null	null	None	0	null	0	0	null	null	null	null	null	
2024/11/23 15:48:58.611	b135e9c82f3b5af8414a656ace8a78c8d45a7834	Windows 11  (10.0.22631) 64bit (Editor)	True	null	null	null	null	null	null	None	0	null	0	0	null	null	null	null	null	
2024/11/23 15:48:58.618	b135e9c82f3b5af8414a656ace8a78c8d45a7834	Windows 11  (10.0.22631) 64bit (Editor)	True	null	null	null	null	null	null	None	0	null	0	0	null	null	null	null	null	
2024/11/23 15:48:58.625	b135e9c82f3b5af8414a656ace8a78c8d45a7834	Windows 11  (10.0.22631) 64bit (Editor)	True	null	null	null	null	null	null	None	0	null	0	0	null	null	null	null	null	
2024/11/23 15:48:58.632	b135e9c82f3b5af8414a656ace8a78c8d45a7834	Windows 11  (10.0.22631) 64bit (Editor)	True	null	null	null	null	null	null	None	0	null	0	0	null	null	null	null	null	
2024/11/23 15:48:58.640	b135e9c82f3b5af8414a656ace8a78c8d45a7834	Windows 11  (10.0.22631) 64bit (Editor)	True	null	null	null	null	null	null	None	0	null	0	0	null	null	null	null	null	
2024/11/23 15:48:58.648	b135e9c82f3b5af8414a656ace8a78c8d45a7834	Windows 11  (10.0.22631) 64bit (Editor)	True	null	null	null	null	null	null	None	0	null	0	0	null	null	null	null	null	
2024/11/23 15:48:58.656	b135e9c82f3b5af8414a656ace8a78c8d45a7834	Windows 11  (10.0.22631) 64bit (Editor)	True	null	null	null	null	null	null	None	0	null	0	0	null	null	null	null	null	
2024/11/23 15:48:58.663	b135e9c82f3b5af8414a656ace8a78c8d45a7834	Windows 11  (10.0.22631) 64bit (Editor)	True	null	null	null	null	null	null	None	0	null	0	0	null	null	null	null	null	
2024/11/23 15:48:58.671	b135e9c82f3b5af8414a656ace8a78c8d45a7834	Windows 11  (10.0.22631) 64bit (Editor)	True	null	null	null	null	null	null	None	0	null	0	0	null	null	null	null	null	
2024/11/23 15:48:58.689	b135e9c82f3b5af8414a656ace8a78c8d45a7834	Windows 11  (10.0.22631) 64bit (Editor)	True	null	null	null	null	null	null	None	0	null	0	0	null	null	null	null	null	
2024/11/23 15:48:58.696	b135e9c82f3b5af8414a656ace8a78c8d45a7834	Windows 11  (10.0.22631) 64bit (Editor)	True	null	null	null	null	null	null	None	0	null	0	0	null	null	null	null	null	
2024/11/23 15:48:58.705	b135e9c82f3b5af8414a656ace8a78c8d45a7834	Windows 11  (10.0.22631) 64bit (Editor)	True	null	null	null	null	null	null	None	0	null	0	0	null	null	null	null	null	
2024/11/23 15:48:58.711	b135e9c82f3b5af8414a656ace8a78c8d45a7834	Windows 11  (10.0.22631) 64bit (Editor)	True	null	null	null	null	null	null	None	0	null	0	0	null	null	null	null	null	
2024/11/23 15:48:58.720	b135e9c82f3b5af8414a656ace8a78c8d45a7834	Windows 11  (10.0.22631) 64bit (Editor)	True	null	null	null	null	null	null	None	0	null	0	0	null	null	null	null	null	
2024/11/23 15:48:58.726	b135e9c82f3b5af8414a656ace8a78c8d45a7834	Windows 11  (10.0.22631) 64bit (Editor)	True	null	null	null	null	null	null	None	0	null	0	0	null	null	null	null	null	
2024/11/23 15:48:58.735	b135e9c82f3b5af8414a656ace8a78c8d45a7834	Windows 11  (10.0.22631) 64bit (Editor)	True	null	null	null	null	null	null	None	0	null	0	0	null	null	null	null	null	
2024/11/23 15:48:58.741	b135e9c82f3b5af8414a656ace8a78c8d45a7834	Windows 11  (10.0.22631) 64bit (Editor)	True	null	null	null	null	null	null	None	0	null	0	0	null	null	null	null	null	
2024/11/23 15:48:58.748	b135e9c82f3b5af8414a656ace8a78c8d45a7834	Windows 11  (10.0.22631) 64bit (Editor)	True	null	null	null	null	null	null	None	0	null	0	0	null	null	null	null	null	
2024/11/23 15:48:58.756	b135e9c82f3b5af8414a656ace8a78c8d45a7834	Windows 11  (10.0.22631) 64bit (Editor)	True	null	null	null	null	null	null	None	0	null	0	0	null	null	null	null	null	
2024/11/23 15:48:58.763	b135e9c82f3b5af8414a656ace8a78c8d45a7834	Windows 11  (10.0.22631) 64bit (Editor)	True	null	null	null	null	null	null	None	0	null	0	0	null	null	null	null	null	
2024/11/23 15:48:58.770	b135e9c82f3b5af8414a656ace8a78c8d45a7834	Windows 11  (10.0.22631) 64bit (Editor)	True	null	null	null	null	null	null	None	0	null	0	0	null	null	null	null	null	
2024/11/23 15:48:58.777	b135e9c82f3b5af8414a656ace8a78c8d45a7834	Windows 11  (10.0.22631) 64bit (Editor)	True	null	null	null	null	null	null	None	0	null	0	0	null	null	null	null	null	
2024/11/23 15:48:58.783	b135e9c82f3b5af8414a656ace8a78c8d45a7834	Windows 11  (10.0.22631) 64bit (Editor)	True	null	null	null	null	null	null	None	0	null	0	0	null	null	null	null	null	
2024/11/23 15:48:58.792	b135e9c82f3b5af8414a656ace8a78c8d45a7834	Windows 11  (10.0.22631) 64bit (Editor)	True	null	null	null	null	null	null	None	0	null	0	0	null	null	null	null	null	
2024/11/23 15:48:58.799	b135e9c82f3b5af8414a656ace8a78c8d45a7834	Windows 11  (10.0.22631) 64bit (Editor)	True	null	null	null	null	null	null	None	0	null	0	0	null	null	null	null	null	
2024/11/23 15:48:58.807	b135e9c82f3b5af8414a656ace8a78c8d45a7834	Windows 11  (10.0.22631) 64bit (Editor)	True	null	null	null	null	null	null	None	0	null	0	0	null	null	null	null	null	
2024/11/23 15:48:58.814	b135e9c82f3b5af8414a656ace8a78c8d45a7834	Windows 11  (10.0.22631) 64bit (Editor)	True	null	null	null	null	null	null	None	0	null	0	0	null	null	null	null	null	
2024/11/23 15:48:58.820	b135e9c82f3b5af8414a656ace8a78c8d45a7834	Windows 11  (10.0.22631) 64bit (Editor)	True	null	null	null	null	null	null	None	0	null	0	0	null	null	null	null	null	
2024/11/23 15:48:58.827	b135e9c82f3b5af8414a656ace8a78c8d45a7834	Windows 11  (10.0.22631) 64bit (Editor)	True	null	null	null	null	null	null	None	0	null	0	0	null	null	null	null	null	
2024/11/23 15:48:58.843	b135e9c82f3b5af8414a656ace8a78c8d45a7834	Windows 11  (10.0.22631) 64bit (Editor)	True	null	null	null	null	null	null	None	0	null	0	0	null	null	null	null	null	
2024/11/23 15:48:58.850	b135e9c82f3b5af8414a656ace8a78c8d45a7834	Windows 11  (10.0.22631) 64bit (Editor)	True	null	null	null	null	null	null	None	0	null	0	0	null	null	null	null	null	
2024/11/23 15:48:58.859	b135e9c82f3b5af8414a656ace8a78c8d45a7834	Windows 11  (10.0.22631) 64bit (Editor)	True	null	null	null	null	null	null	None	0	null	0	0	null	null	null	null	null	
2024/11/23 15:48:58.866	b135e9c82f3b5af8414a656ace8a78c8d45a7834	Windows 11  (10.0.22631) 64bit (Editor)	True	null	null	null	null	null	null	None	0	null	0	0	null	null	null	null	null	
2024/11/23 15:48:58.874	b135e9c82f3b5af8414a656ace8a78c8d45a7834	Windows 11  (10.0.22631) 64bit (Editor)	True	null	null	null	null	null	null	None	0	null	0	0	null	null	null	null	null	
2024/11/23 15:48:58.879	b135e9c82f3b5af8414a656ace8a78c8d45a7834	Windows 11  (10.0.22631) 64bit (Editor)	True	null	null	null	null	null	null	None	0	null	0	0	null	null	null	null	null	
2024/11/23 15:48:58.887	b135e9c82f3b5af8414a656ace8a78c8d45a7834	Windows 11  (10.0.22631) 64bit (Editor)	True	null	null	null	null	null	null	None	0	null	0	0	null	null	null	null	null	
2024/11/23 15:48:58.894	b135e9c82f3b5af8414a656ace8a78c8d45a7834	Windows 11  (10.0.22631) 64bit (Editor)	True	null	null	null	null	null	null	None	0	null	0	0	null	null	null	null	null	
2024/11/23 15:48:58.904	b135e9c82f3b5af8414a656ace8a78c8d45a7834	Windows 11  (10.0.22631) 64bit (Editor)	True	null	null	null	null	null	null	None	0	null	0	0	null	null	null	null	null	
2024/11/23 15:48:58.912	b135e9c82f3b5af8414a656ace8a78c8d45a7834	Windows 11  (10.0.22631) 64bit (Editor)	True	null	null	null	null	null	null	None	0	null	0	0	null	null	null	null	null	
2024/11/23 15:48:58.920	b135e9c82f3b5af8414a656ace8a78c8d45a7834	Windows 11  (10.0.22631) 64bit (Editor)	True	null	null	null	null	null	null	None	0	null	0	0	null	null	null	null	null	
2024/11/23 15:48:58.927	b135e9c82f3b5af8414a656ace8a78c8d45a7834	Windows 11  (10.0.22631) 64bit (Editor)	True	null	null	null	null	null	null	None	0	null	0	0	null	null	null	null	null	
2024/11/23 15:48:58.935	b135e9c82f3b5af8414a656ace8a78c8d45a7834	Windows 11  (10.0.22631) 64bit (Editor)	True	null	null	null	null	null	null	None	0	null	0	0	null	null	null	null	null	
2024/11/23 15:48:58.944	b135e9c82f3b5af8414a656ace8a78c8d45a7834	Windows 11  (10.0.22631) 64bit (Editor)	True	null	null	null	null	null	null	None	0	null	0	0	null	null	null	null	null	
2024/11/23 15:48:58.953	b135e9c82f3b5af8414a656ace8a78c8d45a7834	Windows 11  (10.0.22631) 64bit (Editor)	True	null	null	null	null	null	null	None	0	null	0	0	null	null	null	null	null	
2024/11/23 15:48:58.961	b135e9c82f3b5af8414a656ace8a78c8d45a7834	Windows 11  (10.0.22631) 64bit (Editor)	True	null	null	null	null	null	null	None	0	null	0	0	null	null	null	null	null	
2024/11/23 15:48:58.969	b135e9c82f3b5af8414a656ace8a78c8d45a7834	Windows 11  (10.0.22631) 64bit (Editor)	True	null	null	null	null	null	null	None	0	null	0	0	null	null	null	null	null	
2024/11/23 15:48:58.977	b135e9c82f3b5af8414a656ace8a78c8d45a7834	Windows 11  (10.0.22631) 64bit (Editor)	True	null	null	null	null	null	null	None	0	null	0	0	null	null	null	null	null	
2024/11/23 15:48:58.986	b135e9c82f3b5af8414a656ace8a78c8d45a7834	Windows 11  (10.0.22631) 64bit (Editor)	True	null	null	null	null	null	null	None	0	null	0	0	null	null	null	null	null	
2024/11/23 15:48:59.004	b135e9c82f3b5af8414a656ace8a78c8d45a7834	Windows 11  (10.0.22631) 64bit (Editor)	True	null	null	null	null	null	null	None	0	null	0	0	null	null	null	null	null	
2024/11/23 15:48:59.012	b135e9c82f3b5af8414a656ace8a78c8d45a7834	Windows 11  (10.0.22631) 64bit (Editor)	True	null	null	null	null	null	null	None	0	null	0	0	null	null	null	null	null	
2024/11/23 15:48:59.020	b135e9c82f3b5af8414a656ace8a78c8d45a7834	Windows 11  (10.0.22631) 64bit (Editor)	True	null	null	null	null	null	null	None	0	null	0	0	null	null	null	null	null	
2024/11/23 15:48:59.028	b135e9c82f3b5af8414a656ace8a78c8d45a7834	Windows 11  (10.0.22631) 64bit (Editor)	True	null	null	null	null	null	null	None	0	null	0	0	null	null	null	null	null	
2024/11/23 15:48:59.035	b135e9c82f3b5af8414a656ace8a78c8d45a7834	Windows 11  (10.0.22631) 64bit (Editor)	True	null	null	null	null	null	null	None	0	null	0	0	null	null	null	null	null	
2024/11/23 15:48:59.043	b135e9c82f3b5af8414a656ace8a78c8d45a7834	Windows 11  (10.0.22631) 64bit (Editor)	True	null	null	null	null	null	null	None	0	null	0	0	null	null	null	null	null	
2024/11/23 15:48:59.049	b135e9c82f3b5af8414a656ace8a78c8d45a7834	Windows 11  (10.0.22631) 64bit (Editor)	True	null	null	null	null	null	null	None	0	null	0	0	null	null	null	null	null	
2024/11/23 15:48:59.057	b135e9c82f3b5af8414a656ace8a78c8d45a7834	Windows 11  (10.0.22631) 64bit (Editor)	True	null	null	null	null	null	null	None	0	null	0	0	null	null	null	null	null	
2024/11/23 15:48:59.063	b135e9c82f3b5af8414a656ace8a78c8d45a7834	Windows 11  (10.0.22631) 64bit (Editor)	True	null	null	null	null	null	null	None	0	null	0	0	null	null	null	null	null	
2024/11/23 15:48:59.069	b135e9c82f3b5af8414a656ace8a78c8d45a7834	Windows 11  (10.0.22631) 64bit (Editor)	True	null	null	null	null	null	null	None	0	null	0	0	null	null	null	null	null	
2024/11/23 15:48:59.076	b135e9c82f3b5af8414a656ace8a78c8d45a7834	Windows 11  (10.0.22631) 64bit (Editor)	True	null	null	null	null	null	null	None	0	null	0	0	null	null	null	null	null	
2024/11/23 15:48:59.083	b135e9c82f3b5af8414a656ace8a78c8d45a7834	Windows 11  (10.0.22631) 64bit (Editor)	True	null	null	null	null	null	null	None	0	null	0	0	null	null	null	null	null	
2024/11/23 15:48:59.091	b135e9c82f3b5af8414a656ace8a78c8d45a7834	Windows 11  (10.0.22631) 64bit (Editor)	True	null	null	null	null	null	null	None	0	null	0	0	null	null	null	null	null	
2024/11/23 15:48:59.097	b135e9c82f3b5af8414a656ace8a78c8d45a7834	Windows 11  (10.0.22631) 64bit (Editor)	True	null	null	null	null	null	null	None	0	null	0	0	null	null	null	null	null	
2024/11/23 15:48:59.105	b135e9c82f3b5af8414a656ace8a78c8d45a7834	Windows 11  (10.0.22631) 64bit (Editor)	True	null	null	null	null	null	null	None	0	null	0	0	null	null	null	null	null	
2024/11/23 15:48:59.111	b135e9c82f3b5af8414a656ace8a78c8d45a7834	Windows 11  (10.0.22631) 64bit (Editor)	True	null	null	null	null	null	null	None	0	null	0	0	null	null	null	null	null	
2024/11/23 15:48:59.118	b135e9c82f3b5af8414a656ace8a78c8d45a7834	Windows 11  (10.0.22631) 64bit (Editor)	True	null	null	null	null	null	null	None	0	null	0	0	null	null	null	null	null	
2024/11/23 15:48:59.124	b135e9c82f3b5af8414a656ace8a78c8d45a7834	Windows 11  (10.0.22631) 64bit (Editor)	True	null	null	null	null	null	null	None	0	null	0	0	null	null	null	null	null	
2024/11/23 15:48:59.131	b135e9c82f3b5af8414a656ace8a78c8d45a7834	Windows 11  (10.0.22631) 64bit (Editor)	True	null	null	null	null	null	null	None	0	null	0	0	null	null	null	null	null	
2024/11/23 15:48:59.138	b135e9c82f3b5af8414a656ace8a78c8d45a7834	Windows 11  (10.0.22631) 64bit (Editor)	True	null	null	null	null	null	null	None	0	null	0	0	null	null	null	null	null	
2024/11/23 15:48:59.156	b135e9c82f3b5af8414a656ace8a78c8d45a7834	Windows 11  (10.0.22631) 64bit (Editor)	True	null	null	null	null	null	null	None	0	null	0	0	null	null	null	null	null	
2024/11/23 15:48:59.163	b135e9c82f3b5af8414a656ace8a78c8d45a7834	Windows 11  (10.0.22631) 64bit (Editor)	True	null	null	null	null	null	null	None	0	null	0	0	null	null	null	null	null	
2024/11/23 15:48:59.170	b135e9c82f3b5af8414a656ace8a78c8d45a7834	Windows 11  (10.0.22631) 64bit (Editor)	True	null	null	null	null	null	null	None	0	null	0	0	null	null	null	null	null	
2024/11/23 15:48:59.177	b135e9c82f3b5af8414a656ace8a78c8d45a7834	Windows 11  (10.0.22631) 64bit (Editor)	True	null	null	null	null	null	null	None	0	null	0	0	null	null	null	null	null	
2024/11/23 15:48:59.185	b135e9c82f3b5af8414a656ace8a78c8d45a7834	Windows 11  (10.0.22631) 64bit (Editor)	True	null	null	null	null	null	null	None	0	null	0	0	null	null	null	null	null	
2024/11/23 15:48:59.192	b135e9c82f3b5af8414a656ace8a78c8d45a7834	Windows 11  (10.0.22631) 64bit (Editor)	True	null	null	null	null	null	null	None	0	null	0	0	null	null	null	null	null	
2024/11/23 15:48:59.199	b135e9c82f3b5af8414a656ace8a78c8d45a7834	Windows 11  (10.0.22631) 64bit (Editor)	True	null	null	null	null	null	null	None	0	null	0	0	null	null	null	null	null	
2024/11/23 15:48:59.206	b135e9c82f3b5af8414a656ace8a78c8d45a7834	Windows 11  (10.0.22631) 64bit (Editor)	True	null	null	null	null	null	null	None	0	null	0	0	null	null	null	null	null	
2024/11/23 15:48:59.214	b135e9c82f3b5af8414a656ace8a78c8d45a7834	Windows 11  (10.0.22631) 64bit (Editor)	True	null	null	null	null	null	null	None	0	null	0	0	null	null	null	null	null	
2024/11/23 15:48:59.222	b135e9c82f3b5af8414a656ace8a78c8d45a7834	Windows 11  (10.0.22631) 64bit (Editor)	True	null	null	null	null	null	null	None	0	null	0	0	null	null	null	null	null	
2024/11/23 15:48:59.229	b135e9c82f3b5af8414a656ace8a78c8d45a7834	Windows 11  (10.0.22631) 64bit (Editor)	True	null	null	null	null	null	null	None	0	null	0	0	null	null	null	null	null	
2024/11/23 15:48:59.237	b135e9c82f3b5af8414a656ace8a78c8d45a7834	Windows 11  (10.0.22631) 64bit (Editor)	True	null	null	null	null	null	null	None	0	null	0	0	null	null	null	null	null	
2024/11/23 15:48:59.244	b135e9c82f3b5af8414a656ace8a78c8d45a7834	Windows 11  (10.0.22631) 64bit (Editor)	True	null	null	null	null	null	null	None	0	null	0	0	null	null	null	null	null	
2024/11/23 15:48:59.251	b135e9c82f3b5af8414a656ace8a78c8d45a7834	Windows 11  (10.0.22631) 64bit (Editor)	True	null	null	null	null	null	null	None	0	null	0	0	null	null	null	null	null	
2024/11/23 15:48:59.261	b135e9c82f3b5af8414a656ace8a78c8d45a7834	Windows 11  (10.0.22631) 64bit (Editor)	True	null	null	null	null	null	null	None	0	null	0	0	null	null	null	null	null	
2024/11/23 15:48:59.268	b135e9c82f3b5af8414a656ace8a78c8d45a7834	Windows 11  (10.0.22631) 64bit (Editor)	True	null	null	null	null	null	null	None	0	null	0	0	null	null	null	null	null	
2024/11/23 15:48:59.276	b135e9c82f3b5af8414a656ace8a78c8d45a7834	Windows 11  (10.0.22631) 64bit (Editor)	True	null	null	null	null	null	null	None	0	null	0	0	null	null	null	null	null	
2024/11/23 15:48:59.283	b135e9c82f3b5af8414a656ace8a78c8d45a7834	Windows 11  (10.0.22631) 64bit (Editor)	True	null	null	null	null	null	null	None	0	null	0	0	null	null	null	null	null	
2024/11/23 15:48:59.299	b135e9c82f3b5af8414a656ace8a78c8d45a7834	Windows 11  (10.0.22631) 64bit (Editor)	True	null	null	null	null	null	null	None	0	null	0	0	null	null	null	null	null	
2024/11/23 15:48:59.320	b135e9c82f3b5af8414a656ace8a78c8d45a7834	Windows 11  (10.0.22631) 64bit (Editor)	True	null	null	null	null	null	null	None	0	null	0	0	null	null	null	null	null	
2024/11/23 15:48:59.332	b135e9c82f3b5af8414a656ace8a78c8d45a7834	Windows 11  (10.0.22631) 64bit (Editor)	True	null	null	null	null	null	null	None	0	null	0	0	null	null	null	null	null	
2024/11/23 15:48:59.342	b135e9c82f3b5af8414a656ace8a78c8d45a7834	Windows 11  (10.0.22631) 64bit (Editor)	True	null	null	null	null	null	null	None	0	null	0	0	null	null	null	null	null	
2024/11/23 15:48:59.354	b135e9c82f3b5af8414a656ace8a78c8d45a7834	Windows 11  (10.0.22631) 64bit (Editor)	True	null	null	null	null	null	null	None	0	null	0	0	null	null	null	null	null	
2024/11/23 15:48:59.360	b135e9c82f3b5af8414a656ace8a78c8d45a7834	Windows 11  (10.0.22631) 64bit (Editor)	True	null	null	null	null	null	null	None	0	null	0	0	null	null	null	null	null	
2024/11/23 15:48:59.370	b135e9c82f3b5af8414a656ace8a78c8d45a7834	Windows 11  (10.0.22631) 64bit (Editor)	True	null	null	null	null	null	null	None	0	null	0	0	null	null	null	null	null	
2024/11/23 15:48:59.379	b135e9c82f3b5af8414a656ace8a78c8d45a7834	Windows 11  (10.0.22631) 64bit (Editor)	True	null	null	null	null	null	null	None	0	null	0	0	null	null	null	null	null	
2024/11/23 15:48:59.386	b135e9c82f3b5af8414a656ace8a78c8d45a7834	Windows 11  (10.0.22631) 64bit (Editor)	True	null	null	null	null	null	null	None	0	null	0	0	null	null	null	null	null	
2024/11/23 15:48:59.395	b135e9c82f3b5af8414a656ace8a78c8d45a7834	Windows 11  (10.0.22631) 64bit (Editor)	True	null	null	null	null	null	null	None	0	null	0	0	null	null	null	null	null	
2024/11/23 15:48:59.403	b135e9c82f3b5af8414a656ace8a78c8d45a7834	Windows 11  (10.0.22631) 64bit (Editor)	True	null	null	null	null	null	null	None	0	null	0	0	null	null	null	null	null	
2024/11/23 15:48:59.409	b135e9c82f3b5af8414a656ace8a78c8d45a7834	Windows 11  (10.0.22631) 64bit (Editor)	True	null	null	null	null	null	null	None	0	null	0	0	null	null	null	null	null	
2024/11/23 15:48:59.415	b135e9c82f3b5af8414a656ace8a78c8d45a7834	Windows 11  (10.0.22631) 64bit (Editor)	True	null	null	null	null	null	null	None	0	null	0	0	null	null	null	null	null	
2024/11/23 15:48:59.423	b135e9c82f3b5af8414a656ace8a78c8d45a7834	Windows 11  (10.0.22631) 64bit (Editor)	True	null	null	null	null	null	null	None	0	null	0	0	null	null	null	null	null	
2024/11/23 15:48:59.430	b135e9c82f3b5af8414a656ace8a78c8d45a7834	Windows 11  (10.0.22631) 64bit (Editor)	True	null	null	null	null	null	null	None	0	null	0	0	null	null	null	null	null	
2024/11/23 15:48:59.437	b135e9c82f3b5af8414a656ace8a78c8d45a7834	Windows 11  (10.0.22631) 64bit (Editor)	True	null	null	null	null	null	null	None	0	null	0	0	null	null	null	null	null	
2024/11/23 15:48:59.444	b135e9c82f3b5af8414a656ace8a78c8d45a7834	Windows 11  (10.0.22631) 64bit (Editor)	True	null	null	null	null	null	null	None	0	null	0	0	null	null	null	null	null	
2024/11/23 15:48:59.453	b135e9c82f3b5af8414a656ace8a78c8d45a7834	Windows 11  (10.0.22631) 64bit (Editor)	True	null	null	null	null	null	null	None	0	null	0	0	null	null	null	null	null	
2024/11/23 15:48:59.471	b135e9c82f3b5af8414a656ace8a78c8d45a7834	Windows 11  (10.0.22631) 64bit (Editor)	True	null	null	null	null	null	null	None	0	null	0	0	null	null	null	null	null	
2024/11/23 15:48:59.479	b135e9c82f3b5af8414a656ace8a78c8d45a7834	Windows 11  (10.0.22631) 64bit (Editor)	True	null	null	null	null	null	null	None	0	null	0	0	null	null	null	null	null	
2024/11/23 15:48:59.486	b135e9c82f3b5af8414a656ace8a78c8d45a7834	Windows 11  (10.0.22631) 64bit (Editor)	True	null	null	null	null	null	null	None	0	null	0	0	null	null	null	null	null	
2024/11/23 15:48:59.493	b135e9c82f3b5af8414a656ace8a78c8d45a7834	Windows 11  (10.0.22631) 64bit (Editor)	True	null	null	null	null	null	null	None	0	null	0	0	null	null	null	null	null	
2024/11/23 15:48:59.502	b135e9c82f3b5af8414a656ace8a78c8d45a7834	Windows 11  (10.0.22631) 64bit (Editor)	True	null	null	null	null	null	null	None	0	null	0	0	null	null	null	null	null	
2024/11/23 15:48:59.509	b135e9c82f3b5af8414a656ace8a78c8d45a7834	Windows 11  (10.0.22631) 64bit (Editor)	True	null	null	null	null	null	null	None	0	null	0	0	null	null	null	null	null	
2024/11/23 15:48:59.516	b135e9c82f3b5af8414a656ace8a78c8d45a7834	Windows 11  (10.0.22631) 64bit (Editor)	True	null	null	null	null	null	null	None	0	null	0	0	null	null	null	null	null	
2024/11/23 15:48:59.524	b135e9c82f3b5af8414a656ace8a78c8d45a7834	Windows 11  (10.0.22631) 64bit (Editor)	True	null	null	null	null	null	null	None	0	null	0	0	null	null	null	null	null	
2024/11/23 15:48:59.532	b135e9c82f3b5af8414a656ace8a78c8d45a7834	Windows 11  (10.0.22631) 64bit (Editor)	True	null	null	null	null	null	null	None	0	null	0	0	null	null	null	null	null	
2024/11/23 15:48:59.539	b135e9c82f3b5af8414a656ace8a78c8d45a7834	Windows 11  (10.0.22631) 64bit (Editor)	True	null	null	null	null	null	null	None	0	null	0	0	null	null	null	null	null	
2024/11/23 15:48:59.546	b135e9c82f3b5af8414a656ace8a78c8d45a7834	Windows 11  (10.0.22631) 64bit (Editor)	True	null	null	null	null	null	null	None	0	null	0	0	null	null	null	null	null	
2024/11/23 15:48:59.552	b135e9c82f3b5af8414a656ace8a78c8d45a7834	Windows 11  (10.0.22631) 64bit (Editor)	True	null	null	null	null	null	null	None	0	null	0	0	null	null	null	null	null	
2024/11/23 15:48:59.559	b135e9c82f3b5af8414a656ace8a78c8d45a7834	Windows 11  (10.0.22631) 64bit (Editor)	True	null	null	null	null	null	null	None	0	null	0	0	null	null	null	null	null	
2024/11/23 15:48:59.565	b135e9c82f3b5af8414a656ace8a78c8d45a7834	Windows 11  (10.0.22631) 64bit (Editor)	True	null	null	null	null	null	null	None	0	null	0	0	null	null	null	null	null	
2024/11/23 15:48:59.574	b135e9c82f3b5af8414a656ace8a78c8d45a7834	Windows 11  (10.0.22631) 64bit (Editor)	True	null	null	null	null	null	null	None	0	null	0	0	null	null	null	null	null	
2024/11/23 15:48:59.580	b135e9c82f3b5af8414a656ace8a78c8d45a7834	Windows 11  (10.0.22631) 64bit (Editor)	True	null	null	null	null	null	null	None	0	null	0	0	null	null	null	null	null	
2024/11/23 15:48:59.586	b135e9c82f3b5af8414a656ace8a78c8d45a7834	Windows 11  (10.0.22631) 64bit (Editor)	True	null	null	null	null	null	null	None	0	null	0	0	null	null	null	null	null	
2024/11/23 15:48:59.595	b135e9c82f3b5af8414a656ace8a78c8d45a7834	Windows 11  (10.0.22631) 64bit (Editor)	True	null	null	null	null	null	null	None	0	null	0	0	null	null	null	null	null	
2024/11/23 15:48:59.601	b135e9c82f3b5af8414a656ace8a78c8d45a7834	Windows 11  (10.0.22631) 64bit (Editor)	True	null	null	null	null	null	null	None	0	null	0	0	null	null	null	null	null	
2024/11/23 15:48:59.609	b135e9c82f3b5af8414a656ace8a78c8d45a7834	Windows 11  (10.0.22631) 64bit (Editor)	True	null	null	null	null	null	null	None	0	null	0	0	null	null	null	null	null	
2024/11/23 15:48:59.625	b135e9c82f3b5af8414a656ace8a78c8d45a7834	Windows 11  (10.0.22631) 64bit (Editor)	True	null	null	null	null	null	null	None	0	null	0	0	null	null	null	null	null	
2024/11/23 15:48:59.632	b135e9c82f3b5af8414a656ace8a78c8d45a7834	Windows 11  (10.0.22631) 64bit (Editor)	True	null	null	null	null	null	null	None	0	null	0	0	null	null	null	null	null	
2024/11/23 15:48:59.641	b135e9c82f3b5af8414a656ace8a78c8d45a7834	Windows 11  (10.0.22631) 64bit (Editor)	True	null	null	null	null	null	null	None	0	null	0	0	null	null	null	null	null	
2024/11/23 15:48:59.647	b135e9c82f3b5af8414a656ace8a78c8d45a7834	Windows 11  (10.0.22631) 64bit (Editor)	True	null	null	null	null	null	null	None	0	null	0	0	null	null	null	null	null	
2024/11/23 15:48:59.656	b135e9c82f3b5af8414a656ace8a78c8d45a7834	Windows 11  (10.0.22631) 64bit (Editor)	True	null	null	null	null	null	null	None	0	null	0	0	null	null	null	null	null	
2024/11/23 15:48:59.662	b135e9c82f3b5af8414a656ace8a78c8d45a7834	Windows 11  (10.0.22631) 64bit (Editor)	True	null	null	null	null	null	null	None	0	null	0	0	null	null	null	null	null	
2024/11/23 15:48:59.671	b135e9c82f3b5af8414a656ace8a78c8d45a7834	Windows 11  (10.0.22631) 64bit (Editor)	True	null	null	null	null	null	null	None	0	null	0	0	null	null	null	null	null	
2024/11/23 15:48:59.677	b135e9c82f3b5af8414a656ace8a78c8d45a7834	Windows 11  (10.0.22631) 64bit (Editor)	True	null	null	null	null	null	null	None	0	null	0	0	null	null	null	null	null	
2024/11/23 15:48:59.685	b135e9c82f3b5af8414a656ace8a78c8d45a7834	Windows 11  (10.0.22631) 64bit (Editor)	True	null	null	null	null	null	null	None	0	null	0	0	null	null	null	null	null	
2024/11/23 15:48:59.693	b135e9c82f3b5af8414a656ace8a78c8d45a7834	Windows 11  (10.0.22631) 64bit (Editor)	True	null	null	null	null	null	null	None	0	null	0	0	null	null	null	null	null	
2024/11/23 15:48:59.701	b135e9c82f3b5af8414a656ace8a78c8d45a7834	Windows 11  (10.0.22631) 64bit (Editor)	True	null	null	null	null	null	null	None	0	null	0	0	null	null	null	null	null	
2024/11/23 15:48:59.707	b135e9c82f3b5af8414a656ace8a78c8d45a7834	Windows 11  (10.0.22631) 64bit (Editor)	True	null	null	null	null	null	null	None	0	null	0	0	null	null	null	null	null	
2024/11/23 15:48:59.715	b135e9c82f3b5af8414a656ace8a78c8d45a7834	Windows 11  (10.0.22631) 64bit (Editor)	True	null	null	null	null	null	null	None	0	null	0	0	null	null	null	null	null	
2024/11/23 15:48:59.723	b135e9c82f3b5af8414a656ace8a78c8d45a7834	Windows 11  (10.0.22631) 64bit (Editor)	True	null	null	null	null	null	null	None	0	null	0	0	null	null	null	null	null	
2024/11/23 15:48:59.730	b135e9c82f3b5af8414a656ace8a78c8d45a7834	Windows 11  (10.0.22631) 64bit (Editor)	True	null	null	null	null	null	null	None	0	null	0	0	null	null	null	null	null	
2024/11/23 15:48:59.739	b135e9c82f3b5af8414a656ace8a78c8d45a7834	Windows 11  (10.0.22631) 64bit (Editor)	True	null	null	null	null	null	null	None	0	null	0	0	null	null	null	null	null	
2024/11/23 15:48:59.747	b135e9c82f3b5af8414a656ace8a78c8d45a7834	Windows 11  (10.0.22631) 64bit (Editor)	True	null	null	null	null	null	null	None	0	null	0	0	null	null	null	null	null	
2024/11/23 15:48:59.756	b135e9c82f3b5af8414a656ace8a78c8d45a7834	Windows 11  (10.0.22631) 64bit (Editor)	True	null	null	null	null	null	null	None	0	null	0	0	null	null	null	null	null	
2024/11/23 15:48:59.765	b135e9c82f3b5af8414a656ace8a78c8d45a7834	Windows 11  (10.0.22631) 64bit (Editor)	True	null	null	null	null	null	null	None	0	null	0	0	null	null	null	null	null	
2024/11/23 15:48:59.785	b135e9c82f3b5af8414a656ace8a78c8d45a7834	Windows 11  (10.0.22631) 64bit (Editor)	True	null	null	null	null	null	null	None	0	null	0	0	null	null	null	null	null	
2024/11/23 15:48:59.793	b135e9c82f3b5af8414a656ace8a78c8d45a7834	Windows 11  (10.0.22631) 64bit (Editor)	True	null	null	null	null	null	null	None	0	null	0	0	null	null	null	null	null	
2024/11/23 15:48:59.800	b135e9c82f3b5af8414a656ace8a78c8d45a7834	Windows 11  (10.0.22631) 64bit (Editor)	True	null	null	null	null	null	null	None	0	null	0	0	null	null	null	null	null	
2024/11/23 15:48:59.807	b135e9c82f3b5af8414a656ace8a78c8d45a7834	Windows 11  (10.0.22631) 64bit (Editor)	True	null	null	null	null	null	null	None	0	null	0	0	null	null	null	null	null	
2024/11/23 15:48:59.815	b135e9c82f3b5af8414a656ace8a78c8d45a7834	Windows 11  (10.0.22631) 64bit (Editor)	True	null	null	null	null	null	null	None	0	null	0	0	null	null	null	null	null	
2024/11/23 15:48:59.822	b135e9c82f3b5af8414a656ace8a78c8d45a7834	Windows 11  (10.0.22631) 64bit (Editor)	True	null	null	null	null	null	null	None	0	null	0	0	null	null	null	null	null	
2024/11/23 15:48:59.830	b135e9c82f3b5af8414a656ace8a78c8d45a7834	Windows 11  (10.0.22631) 64bit (Editor)	True	null	null	null	null	null	null	None	0	null	0	0	null	null	null	null	null	
2024/11/23 15:48:59.837	b135e9c82f3b5af8414a656ace8a78c8d45a7834	Windows 11  (10.0.22631) 64bit (Editor)	True	null	null	null	null	null	null	None	0	null	0	0	null	null	null	null	null	
2024/11/23 15:48:59.845	b135e9c82f3b5af8414a656ace8a78c8d45a7834	Windows 11  (10.0.22631) 64bit (Editor)	True	null	null	null	null	null	null	None	0	null	0	0	null	null	null	null	null	
2024/11/23 15:48:59.853	b135e9c82f3b5af8414a656ace8a78c8d45a7834	Windows 11  (10.0.22631) 64bit (Editor)	True	null	null	null	null	null	null	None	0	null	0	0	null	null	null	null	null	
2024/11/23 15:48:59.863	b135e9c82f3b5af8414a656ace8a78c8d45a7834	Windows 11  (10.0.22631) 64bit (Editor)	True	null	null	null	null	null	null	None	0	null	0	0	null	null	null	null	null	
2024/11/23 15:48:59.873	b135e9c82f3b5af8414a656ace8a78c8d45a7834	Windows 11  (10.0.22631) 64bit (Editor)	True	null	null	null	null	null	null	None	0	null	0	0	null	null	null	null	null	
2024/11/23 15:48:59.880	b135e9c82f3b5af8414a656ace8a78c8d45a7834	Windows 11  (10.0.22631) 64bit (Editor)	True	null	null	null	null	null	null	None	0	null	0	0	null	null	null	null	null	
2024/11/23 15:48:59.888	b135e9c82f3b5af8414a656ace8a78c8d45a7834	Windows 11  (10.0.22631) 64bit (Editor)	True	null	null	null	null	null	null	None	0	null	0	0	null	null	null	null	null	
2024/11/23 15:48:59.896	b135e9c82f3b5af8414a656ace8a78c8d45a7834	Windows 11  (10.0.22631) 64bit (Editor)	True	null	null	null	null	null	null	None	0	null	0	0	null	null	null	null	null	
2024/11/23 15:48:59.902	b135e9c82f3b5af8414a656ace8a78c8d45a7834	Windows 11  (10.0.22631) 64bit (Editor)	True	null	null	null	null	null	null	None	0	null	0	0	null	null	null	null	null	
2024/11/23 15:48:59.909	b135e9c82f3b5af8414a656ace8a78c8d45a7834	Windows 11  (10.0.22631) 64bit (Editor)	True	null	null	null	null	null	null	None	0	null	0	0	null	null	null	null	null	
2024/11/23 15:48:59.916	b135e9c82f3b5af8414a656ace8a78c8d45a7834	Windows 11  (10.0.22631) 64bit (Editor)	True	null	null	null	null	null	null	None	0	null	0	0	null	null	null	null	null	
2024/11/23 15:48:59.934	b135e9c82f3b5af8414a656ace8a78c8d45a7834	Windows 11  (10.0.22631) 64bit (Editor)	True	null	null	null	null	null	null	None	0	null	0	0	null	null	null	null	null	
2024/11/23 15:48:59.941	b135e9c82f3b5af8414a656ace8a78c8d45a7834	Windows 11  (10.0.22631) 64bit (Editor)	True	null	null	null	null	null	null	None	0	null	0	0	null	null	null	null	null	
2024/11/23 15:48:59.948	b135e9c82f3b5af8414a656ace8a78c8d45a7834	Windows 11  (10.0.22631) 64bit (Editor)	True	null	null	null	null	null	null	None	0	null	0	0	null	null	null	null	null	
2024/11/23 15:48:59.956	b135e9c82f3b5af8414a656ace8a78c8d45a7834	Windows 11  (10.0.22631) 64bit (Editor)	True	null	null	null	null	null	null	None	0	null	0	0	null	null	null	null	null	
2024/11/23 15:48:59.963	b135e9c82f3b5af8414a656ace8a78c8d45a7834	Windows 11  (10.0.22631) 64bit (Editor)	True	null	null	null	null	null	null	None	0	null	0	0	null	null	null	null	null	
2024/11/23 15:48:59.970	b135e9c82f3b5af8414a656ace8a78c8d45a7834	Windows 11  (10.0.22631) 64bit (Editor)	True	null	null	null	null	null	null	None	0	null	0	0	null	null	null	null	null	
2024/11/23 15:48:59.978	b135e9c82f3b5af8414a656ace8a78c8d45a7834	Windows 11  (10.0.22631) 64bit (Editor)	True	null	null	null	null	null	null	None	0	null	0	0	null	null	null	null	null	
2024/11/23 15:48:59.984	b135e9c82f3b5af8414a656ace8a78c8d45a7834	Windows 11  (10.0.22631) 64bit (Editor)	True	null	null	null	null	null	null	None	0	null	0	0	null	null	null	null	null	
2024/11/23 15:48:59.992	b135e9c82f3b5af8414a656ace8a78c8d45a7834	Windows 11  (10.0.22631) 64bit (Editor)	True	null	null	null	null	null	null	None	0	null	0	0	null	null	null	null	null	
2024/11/23 15:49:00.000	b135e9c82f3b5af8414a656ace8a78c8d45a7834	Windows 11  (10.0.22631) 64bit (Editor)	True	null	null	null	null	null	null	None	0	null	0	0	null	null	null	null	null	
2024/11/23 15:49:00.009	b135e9c82f3b5af8414a656ace8a78c8d45a7834	Windows 11  (10.0.22631) 64bit (Editor)	True	null	null	null	null	null	null	None	0	null	0	0	null	null	null	null	null	
2024/11/23 15:49:00.027	b135e9c82f3b5af8414a656ace8a78c8d45a7834	Windows 11  (10.0.22631) 64bit (Editor)	True	null	null	null	null	null	null	None	0	null	0	0	null	null	null	null	null	
2024/11/23 15:49:00.037	b135e9c82f3b5af8414a656ace8a78c8d45a7834	Windows 11  (10.0.22631) 64bit (Editor)	True	null	null	null	null	null	null	None	0	null	0	0	null	null	null	null	null	
2024/11/23 15:49:00.045	b135e9c82f3b5af8414a656ace8a78c8d45a7834	Windows 11  (10.0.22631) 64bit (Editor)	True	null	null	null	null	null	null	None	0	null	0	0	null	null	null	null	null	
2024/11/23 15:49:00.056	b135e9c82f3b5af8414a656ace8a78c8d45a7834	Windows 11  (10.0.22631) 64bit (Editor)	True	null	null	null	null	null	null	None	0	null	0	0	null	null	null	null	null	
2024/11/23 15:49:00.063	b135e9c82f3b5af8414a656ace8a78c8d45a7834	Windows 11  (10.0.22631) 64bit (Editor)	True	null	null	null	null	null	null	None	0	null	0	0	null	null	null	null	null	
2024/11/23 15:49:00.071	b135e9c82f3b5af8414a656ace8a78c8d45a7834	Windows 11  (10.0.22631) 64bit (Editor)	True	null	null	null	null	null	null	None	0	null	0	0	null	null	null	null	null	
2024/11/23 15:49:00.089	b135e9c82f3b5af8414a656ace8a78c8d45a7834	Windows 11  (10.0.22631) 64bit (Editor)	True	null	null	null	null	null	null	None	0	null	0	0	null	null	null	null	null	
2024/11/23 15:49:00.096	b135e9c82f3b5af8414a656ace8a78c8d45a7834	Windows 11  (10.0.22631) 64bit (Editor)	True	null	null	null	null	null	null	None	0	null	0	0	null	null	null	null	null	
2024/11/23 15:49:00.105	b135e9c82f3b5af8414a656ace8a78c8d45a7834	Windows 11  (10.0.22631) 64bit (Editor)	True	null	null	null	null	null	null	None	0	null	0	0	null	null	null	null	null	
2024/11/23 15:49:00.111	b135e9c82f3b5af8414a656ace8a78c8d45a7834	Windows 11  (10.0.22631) 64bit (Editor)	True	null	null	null	null	null	null	None	0	null	0	0	null	null	null	null	null	
2024/11/23 15:49:00.120	b135e9c82f3b5af8414a656ace8a78c8d45a7834	Windows 11  (10.0.22631) 64bit (Editor)	True	null	null	null	null	null	null	None	0	null	0	0	null	null	null	null	null	
2024/11/23 15:49:00.126	b135e9c82f3b5af8414a656ace8a78c8d45a7834	Windows 11  (10.0.22631) 64bit (Editor)	True	null	null	null	null	null	null	None	0	null	0	0	null	null	null	null	null	
2024/11/23 15:49:00.132	b135e9c82f3b5af8414a656ace8a78c8d45a7834	Windows 11  (10.0.22631) 64bit (Editor)	True	null	null	null	null	null	null	None	0	null	0	0	null	null	null	null	null	
2024/11/23 15:49:00.141	b135e9c82f3b5af8414a656ace8a78c8d45a7834	Windows 11  (10.0.22631) 64bit (Editor)	True	null	null	null	null	null	null	None	0	null	0	0	null	null	null	null	null	
2024/11/23 15:49:00.148	b135e9c82f3b5af8414a656ace8a78c8d45a7834	Windows 11  (10.0.22631) 64bit (Editor)	True	null	null	null	null	null	null	None	0	null	0	0	null	null	null	null	null	
2024/11/23 15:49:00.155	b135e9c82f3b5af8414a656ace8a78c8d45a7834	Windows 11  (10.0.22631) 64bit (Editor)	True	null	null	null	null	null	null	None	0	null	0	0	null	null	null	null	null	
2024/11/23 15:49:00.161	b135e9c82f3b5af8414a656ace8a78c8d45a7834	Windows 11  (10.0.22631) 64bit (Editor)	True	null	null	null	null	null	null	None	0	null	0	0	null	null	null	null	null	
2024/11/23 15:49:00.170	b135e9c82f3b5af8414a656ace8a78c8d45a7834	Windows 11  (10.0.22631) 64bit (Editor)	True	null	null	null	null	null	null	None	0	null	0	0	null	null	null	null	null	
2024/11/23 15:49:00.177	b135e9c82f3b5af8414a656ace8a78c8d45a7834	Windows 11  (10.0.22631) 64bit (Editor)	True	null	null	null	null	null	null	None	0	null	0	0	null	null	null	null	null	
2024/11/23 15:49:00.184	b135e9c82f3b5af8414a656ace8a78c8d45a7834	Windows 11  (10.0.22631) 64bit (Editor)	True	null	null	null	null	null	null	None	0	null	0	0	null	null	null	null	null	
2024/11/23 15:49:00.191	b135e9c82f3b5af8414a656ace8a78c8d45a7834	Windows 11  (10.0.22631) 64bit (Editor)	True	null	null	null	null	null	null	None	0	null	0	0	null	null	null	null	null	
2024/11/23 15:49:00.198	b135e9c82f3b5af8414a656ace8a78c8d45a7834	Windows 11  (10.0.22631) 64bit (Editor)	True	null	null	null	null	null	null	None	0	null	0	0	null	null	null	null	null	
2024/11/23 15:49:00.205	b135e9c82f3b5af8414a656ace8a78c8d45a7834	Windows 11  (10.0.22631) 64bit (Editor)	True	null	null	null	null	null	null	None	0	null	0	0	null	null	null	null	null	
2024/11/23 15:49:00.213	b135e9c82f3b5af8414a656ace8a78c8d45a7834	Windows 11  (10.0.22631) 64bit (Editor)	True	null	null	null	null	null	null	None	0	null	0	0	null	null	null	null	null	
2024/11/23 15:49:00.219	b135e9c82f3b5af8414a656ace8a78c8d45a7834	Windows 11  (10.0.22631) 64bit (Editor)	True	null	null	null	null	null	null	None	0	null	0	0	null	null	null	null	null	
2024/11/23 15:49:00.226	b135e9c82f3b5af8414a656ace8a78c8d45a7834	Windows 11  (10.0.22631) 64bit (Editor)	True	null	null	null	null	null	null	None	0	null	0	0	null	null	null	null	null	
2024/11/23 15:49:00.245	b135e9c82f3b5af8414a656ace8a78c8d45a7834	Windows 11  (10.0.22631) 64bit (Editor)	True	null	null	null	null	null	null	None	0	null	0	0	null	null	null	null	null	
2024/11/23 15:49:00.253	b135e9c82f3b5af8414a656ace8a78c8d45a7834	Windows 11  (10.0.22631) 64bit (Editor)	True	null	null	null	null	null	null	None	0	null	0	0	null	null	null	null	null	
2024/11/23 15:49:00.266	b135e9c82f3b5af8414a656ace8a78c8d45a7834	Windows 11  (10.0.22631) 64bit (Editor)	True	null	null	null	null	null	null	None	0	null	0	0	null	null	null	null	null	
2024/11/23 15:49:00.275	b135e9c82f3b5af8414a656ace8a78c8d45a7834	Windows 11  (10.0.22631) 64bit (Editor)	True	null	null	null	null	null	null	None	0	null	0	0	null	null	null	null	null	
2024/11/23 15:49:00.283	b135e9c82f3b5af8414a656ace8a78c8d45a7834	Windows 11  (10.0.22631) 64bit (Editor)	True	null	null	null	null	null	null	None	0	null	0	0	null	null	null	null	null	
2024/11/23 15:49:00.291	b135e9c82f3b5af8414a656ace8a78c8d45a7834	Windows 11  (10.0.22631) 64bit (Editor)	True	null	null	null	null	null	null	None	0	null	0	0	null	null	null	null	null	
2024/11/23 15:49:00.298	b135e9c82f3b5af8414a656ace8a78c8d45a7834	Windows 11  (10.0.22631) 64bit (Editor)	True	null	null	null	null	null	null	None	0	null	0	0	null	null	null	null	null	
2024/11/23 15:49:00.307	b135e9c82f3b5af8414a656ace8a78c8d45a7834	Windows 11  (10.0.22631) 64bit (Editor)	True	null	null	null	null	null	null	None	0	null	0	0	null	null	null	null	null	
2024/11/23 15:49:00.314	b135e9c82f3b5af8414a656ace8a78c8d45a7834	Windows 11  (10.0.22631) 64bit (Editor)	True	null	null	null	null	null	null	None	0	null	0	0	null	null	null	null	null	
2024/11/23 15:49:00.321	b135e9c82f3b5af8414a656ace8a78c8d45a7834	Windows 11  (10.0.22631) 64bit (Editor)	True	null	null	null	null	null	null	None	0	null	0	0	null	null	null	null	null	
2024/11/23 15:49:00.329	b135e9c82f3b5af8414a656ace8a78c8d45a7834	Windows 11  (10.0.22631) 64bit (Editor)	True	null	null	null	null	null	null	None	0	null	0	0	null	null	null	null	null	
2024/11/23 15:49:00.339	b135e9c82f3b5af8414a656ace8a78c8d45a7834	Windows 11  (10.0.22631) 64bit (Editor)	True	null	null	null	null	null	null	None	0	null	0	0	null	null	null	null	null	
2024/11/23 15:49:00.346	b135e9c82f3b5af8414a656ace8a78c8d45a7834	Windows 11  (10.0.22631) 64bit (Editor)	True	null	null	null	null	null	null	None	0	null	0	0	null	null	null	null	null	
2024/11/23 15:49:00.354	b135e9c82f3b5af8414a656ace8a78c8d45a7834	Windows 11  (10.0.22631) 64bit (Editor)	True	null	null	null	null	null	null	None	0	null	0	0	null	null	null	null	null	
2024/11/23 15:49:00.361	b135e9c82f3b5af8414a656ace8a78c8d45a7834	Windows 11  (10.0.22631) 64bit (Editor)	True	null	null	null	null	null	null	None	0	null	0	0	null	null	null	null	null	
2024/11/23 15:49:00.369	b135e9c82f3b5af8414a656ace8a78c8d45a7834	Windows 11  (10.0.22631) 64bit (Editor)	True	null	null	null	null	null	null	None	0	null	0	0	null	null	null	null	null	
2024/11/23 15:49:00.376	b135e9c82f3b5af8414a656ace8a78c8d45a7834	Windows 11  (10.0.22631) 64bit (Editor)	True	null	null	null	null	null	null	None	0	null	0	0	null	null	null	null	null	
2024/11/23 15:49:00.385	b135e9c82f3b5af8414a656ace8a78c8d45a7834	Windows 11  (10.0.22631) 64bit (Editor)	True	null	null	null	null	null	null	None	0	null	0	0	null	null	null	null	null	
2024/11/23 15:49:00.404	b135e9c82f3b5af8414a656ace8a78c8d45a7834	Windows 11  (10.0.22631) 64bit (Editor)	True	null	null	null	null	null	null	None	0	null	0	0	null	null	null	null	null	
2024/11/23 15:49:00.412	b135e9c82f3b5af8414a656ace8a78c8d45a7834	Windows 11  (10.0.22631) 64bit (Editor)	True	null	null	null	null	null	null	None	0	null	0	0	null	null	null	null	null	
2024/11/23 15:49:00.419	b135e9c82f3b5af8414a656ace8a78c8d45a7834	Windows 11  (10.0.22631) 64bit (Editor)	True	null	null	null	null	null	null	None	0	null	0	0	null	null	null	null	null	
2024/11/23 15:49:00.427	b135e9c82f3b5af8414a656ace8a78c8d45a7834	Windows 11  (10.0.22631) 64bit (Editor)	True	null	null	null	null	null	null	None	0	null	0	0	null	null	null	null	null	
2024/11/23 15:49:00.436	b135e9c82f3b5af8414a656ace8a78c8d45a7834	Windows 11  (10.0.22631) 64bit (Editor)	True	null	null	null	null	null	null	None	0	null	0	0	null	null	null	null	null	
2024/11/23 15:49:00.444	b135e9c82f3b5af8414a656ace8a78c8d45a7834	Windows 11  (10.0.22631) 64bit (Editor)	True	null	null	null	null	null	null	None	0	null	0	0	null	null	null	null	null	
2024/11/23 15:49:00.452	b135e9c82f3b5af8414a656ace8a78c8d45a7834	Windows 11  (10.0.22631) 64bit (Editor)	True	null	null	null	null	null	null	None	0	null	0	0	null	null	null	null	null	
2024/11/23 15:49:00.461	b135e9c82f3b5af8414a656ace8a78c8d45a7834	Windows 11  (10.0.22631) 64bit (Editor)	True	null	null	null	null	null	null	None	0	null	0	0	null	null	null	null	null	
2024/11/23 15:49:00.468	b135e9c82f3b5af8414a656ace8a78c8d45a7834	Windows 11  (10.0.22631) 64bit (Editor)	True	null	null	null	null	null	null	None	0	null	0	0	null	null	null	null	null	
2024/11/23 15:49:00.479	b135e9c82f3b5af8414a656ace8a78c8d45a7834	Windows 11  (10.0.22631) 64bit (Editor)	True	null	null	null	null	null	null	None	0	null	0	0	null	null	null	null	null	
2024/11/23 15:49:00.486	b135e9c82f3b5af8414a656ace8a78c8d45a7834	Windows 11  (10.0.22631) 64bit (Editor)	True	null	null	null	null	null	null	None	0	null	0	0	null	null	null	null	null	
2024/11/23 15:49:00.505	b135e9c82f3b5af8414a656ace8a78c8d45a7834	Windows 11  (10.0.22631) 64bit (Editor)	True	null	null	null	null	null	null	None	0	null	0	0	null	null	null	null	null	
2024/11/23 15:49:00.515	b135e9c82f3b5af8414a656ace8a78c8d45a7834	Windows 11  (10.0.22631) 64bit (Editor)	True	null	null	null	null	null	null	None	0	null	0	0	null	null	null	null	null	
2024/11/23 15:49:00.525	b135e9c82f3b5af8414a656ace8a78c8d45a7834	Windows 11  (10.0.22631) 64bit (Editor)	True	null	null	null	null	null	null	None	0	null	0	0	null	null	null	null	null	
2024/11/23 15:49:00.532	b135e9c82f3b5af8414a656ace8a78c8d45a7834	Windows 11  (10.0.22631) 64bit (Editor)	True	null	null	null	null	null	null	None	0	null	0	0	null	null	null	null	null	
2024/11/23 15:49:00.540	b135e9c82f3b5af8414a656ace8a78c8d45a7834	Windows 11  (10.0.22631) 64bit (Editor)	True	null	null	null	null	null	null	None	0	null	0	0	null	null	null	null	null	
2024/11/23 15:49:00.557	b135e9c82f3b5af8414a656ace8a78c8d45a7834	Windows 11  (10.0.22631) 64bit (Editor)	True	null	null	null	null	null	null	None	0	null	0	0	null	null	null	null	null	
2024/11/23 15:49:00.564	b135e9c82f3b5af8414a656ace8a78c8d45a7834	Windows 11  (10.0.22631) 64bit (Editor)	True	null	null	null	null	null	null	None	0	null	0	0	null	null	null	null	null	
2024/11/23 15:49:00.572	b135e9c82f3b5af8414a656ace8a78c8d45a7834	Windows 11  (10.0.22631) 64bit (Editor)	True	null	null	null	null	null	null	None	0	null	0	0	null	null	null	null	null	
2024/11/23 15:49:00.579	b135e9c82f3b5af8414a656ace8a78c8d45a7834	Windows 11  (10.0.22631) 64bit (Editor)	True	null	null	null	null	null	null	None	0	null	0	0	null	null	null	null	null	
2024/11/23 15:49:00.586	b135e9c82f3b5af8414a656ace8a78c8d45a7834	Windows 11  (10.0.22631) 64bit (Editor)	True	null	null	null	null	null	null	None	0	null	0	0	null	null	null	null	null	
2024/11/23 15:49:00.594	b135e9c82f3b5af8414a656ace8a78c8d45a7834	Windows 11  (10.0.22631) 64bit (Editor)	True	null	null	null	null	null	null	None	0	null	0	0	null	null	null	null	null	
2024/11/23 15:49:00.602	b135e9c82f3b5af8414a656ace8a78c8d45a7834	Windows 11  (10.0.22631) 64bit (Editor)	True	null	null	null	null	null	null	None	0	null	0	0	null	null	null	null	null	
2024/11/23 15:49:00.617	b135e9c82f3b5af8414a656ace8a78c8d45a7834	Windows 11  (10.0.22631) 64bit (Editor)	True	null	null	null	null	null	null	None	0	null	0	0	null	null	null	null	null	
