2024/11/23 15:54:53.510	b135e9c82f3b5af8414a656ace8a78c8d45a7834	Windows 11  (10.0.22631) 64bit (Editor)	True	null	null	null	null	null	null	None	0	null	0	0	null	null	null	null	null	
2024/11/23 15:54:53.621	b135e9c82f3b5af8414a656ace8a78c8d45a7834	Windows 11  (10.0.22631) 64bit (Editor)	True	null	null	null	null	null	null	None	0	null	0	0	null	null	null	null	null	
2024/11/23 15:54:54.332	b135e9c82f3b5af8414a656ace8a78c8d45a7834	Windows 11  (10.0.22631) 64bit (Editor)	True	null	null	null	null	null	null	None	0	null	0	0	null	null	null	null	null	
2024/11/23 15:54:54.380	b135e9c82f3b5af8414a656ace8a78c8d45a7834	Windows 11  (10.0.22631) 64bit (Editor)	True	null	null	null	null	null	null	None	0	null	0	0	null	null	null	null	null	
2024/11/23 15:54:54.394	b135e9c82f3b5af8414a656ace8a78c8d45a7834	Windows 11  (10.0.22631) 64bit (Editor)	True	null	null	null	null	null	null	None	0	null	0	0	null	null	null	null	null	
2024/11/23 15:54:54.403	b135e9c82f3b5af8414a656ace8a78c8d45a7834	Windows 11  (10.0.22631) 64bit (Editor)	True	null	null	null	null	null	null	None	0	null	0	0	null	null	null	null	null	
2024/11/23 15:54:54.410	b135e9c82f3b5af8414a656ace8a78c8d45a7834	Windows 11  (10.0.22631) 64bit (Editor)	True	null	null	null	null	null	null	None	0	null	0	0	null	null	null	null	null	
2024/11/23 15:54:54.420	b135e9c82f3b5af8414a656ace8a78c8d45a7834	Windows 11  (10.0.22631) 64bit (Editor)	True	null	null	null	null	null	null	None	0	null	0	0	null	null	null	null	null	
2024/11/23 15:54:54.426	b135e9c82f3b5af8414a656ace8a78c8d45a7834	Windows 11  (10.0.22631) 64bit (Editor)	True	null	null	null	null	null	null	None	0	null	0	0	null	null	null	null	null	
2024/11/23 15:54:54.434	b135e9c82f3b5af8414a656ace8a78c8d45a7834	Windows 11  (10.0.22631) 64bit (Editor)	True	null	null	null	null	null	null	None	0	null	0	0	null	null	null	null	null	
2024/11/23 15:54:54.441	b135e9c82f3b5af8414a656ace8a78c8d45a7834	Windows 11  (10.0.22631) 64bit (Editor)	True	null	null	null	null	null	null	None	0	null	0	0	null	null	null	null	null	
2024/11/23 15:54:54.449	b135e9c82f3b5af8414a656ace8a78c8d45a7834	Windows 11  (10.0.22631) 64bit (Editor)	True	null	null	null	null	null	null	None	0	null	0	0	null	null	null	null	null	
2024/11/23 15:54:54.456	b135e9c82f3b5af8414a656ace8a78c8d45a7834	Windows 11  (10.0.22631) 64bit (Editor)	True	null	null	null	null	null	null	None	0	null	0	0	null	null	null	null	null	
2024/11/23 15:54:54.463	b135e9c82f3b5af8414a656ace8a78c8d45a7834	Windows 11  (10.0.22631) 64bit (Editor)	True	null	null	null	null	null	null	None	0	null	0	0	null	null	null	null	null	
2024/11/23 15:54:54.472	b135e9c82f3b5af8414a656ace8a78c8d45a7834	Windows 11  (10.0.22631) 64bit (Editor)	True	null	null	null	null	null	null	None	0	null	0	0	null	null	null	null	null	
2024/11/23 15:54:54.497	b135e9c82f3b5af8414a656ace8a78c8d45a7834	Windows 11  (10.0.22631) 64bit (Editor)	True	null	null	null	null	null	null	None	0	null	0	0	null	null	null	null	null	
2024/11/23 15:54:54.504	b135e9c82f3b5af8414a656ace8a78c8d45a7834	Windows 11  (10.0.22631) 64bit (Editor)	True	null	null	null	null	null	null	None	0	null	0	0	null	null	null	null	null	
2024/11/23 15:54:54.511	b135e9c82f3b5af8414a656ace8a78c8d45a7834	Windows 11  (10.0.22631) 64bit (Editor)	True	null	null	null	null	null	null	None	0	null	0	0	null	null	null	null	null	
2024/11/23 15:54:54.519	b135e9c82f3b5af8414a656ace8a78c8d45a7834	Windows 11  (10.0.22631) 64bit (Editor)	True	null	null	null	null	null	null	None	0	null	0	0	null	null	null	null	null	
2024/11/23 15:54:54.527	b135e9c82f3b5af8414a656ace8a78c8d45a7834	Windows 11  (10.0.22631) 64bit (Editor)	True	null	null	null	null	null	null	None	0	null	0	0	null	null	null	null	null	
2024/11/23 15:54:54.535	b135e9c82f3b5af8414a656ace8a78c8d45a7834	Windows 11  (10.0.22631) 64bit (Editor)	True	null	null	null	null	null	null	None	0	null	0	0	null	null	null	null	null	
2024/11/23 15:54:54.543	b135e9c82f3b5af8414a656ace8a78c8d45a7834	Windows 11  (10.0.22631) 64bit (Editor)	True	null	null	null	null	null	null	None	0	null	0	0	null	null	null	null	null	
2024/11/23 15:54:54.551	b135e9c82f3b5af8414a656ace8a78c8d45a7834	Windows 11  (10.0.22631) 64bit (Editor)	True	null	null	null	null	null	null	None	0	null	0	0	null	null	null	null	null	
2024/11/23 15:54:54.558	b135e9c82f3b5af8414a656ace8a78c8d45a7834	Windows 11  (10.0.22631) 64bit (Editor)	True	null	null	null	null	null	null	None	0	null	0	0	null	null	null	null	null	
2024/11/23 15:54:54.565	b135e9c82f3b5af8414a656ace8a78c8d45a7834	Windows 11  (10.0.22631) 64bit (Editor)	True	null	null	null	null	null	null	None	0	null	0	0	null	null	null	null	null	
2024/11/23 15:54:54.574	b135e9c82f3b5af8414a656ace8a78c8d45a7834	Windows 11  (10.0.22631) 64bit (Editor)	True	null	null	null	null	null	null	None	0	null	0	0	null	null	null	null	null	
2024/11/23 15:54:54.580	b135e9c82f3b5af8414a656ace8a78c8d45a7834	Windows 11  (10.0.22631) 64bit (Editor)	True	null	null	null	null	null	null	None	0	null	0	0	null	null	null	null	null	
2024/11/23 15:54:54.589	b135e9c82f3b5af8414a656ace8a78c8d45a7834	Windows 11  (10.0.22631) 64bit (Editor)	True	null	null	null	null	null	null	None	0	null	0	0	null	null	null	null	null	
2024/11/23 15:54:54.597	b135e9c82f3b5af8414a656ace8a78c8d45a7834	Windows 11  (10.0.22631) 64bit (Editor)	True	null	null	null	null	null	null	None	0	null	0	0	null	null	null	null	null	
2024/11/23 15:54:54.604	b135e9c82f3b5af8414a656ace8a78c8d45a7834	Windows 11  (10.0.22631) 64bit (Editor)	True	null	null	null	null	null	null	None	0	null	0	0	null	null	null	null	null	
2024/11/23 15:54:54.611	b135e9c82f3b5af8414a656ace8a78c8d45a7834	Windows 11  (10.0.22631) 64bit (Editor)	True	null	null	null	null	null	null	None	0	null	0	0	null	null	null	null	null	
2024/11/23 15:54:54.618	b135e9c82f3b5af8414a656ace8a78c8d45a7834	Windows 11  (10.0.22631) 64bit (Editor)	True	null	null	null	null	null	null	None	0	null	0	0	null	null	null	null	null	
2024/11/23 15:54:54.625	b135e9c82f3b5af8414a656ace8a78c8d45a7834	Windows 11  (10.0.22631) 64bit (Editor)	True	null	null	null	null	null	null	None	0	null	0	0	null	null	null	null	null	
2024/11/23 15:54:54.642	b135e9c82f3b5af8414a656ace8a78c8d45a7834	Windows 11  (10.0.22631) 64bit (Editor)	True	null	null	null	null	null	null	None	0	null	0	0	null	null	null	null	null	
2024/11/23 15:54:54.651	b135e9c82f3b5af8414a656ace8a78c8d45a7834	Windows 11  (10.0.22631) 64bit (Editor)	True	null	null	null	null	null	null	None	0	null	0	0	null	null	null	null	null	
2024/11/23 15:54:54.659	b135e9c82f3b5af8414a656ace8a78c8d45a7834	Windows 11  (10.0.22631) 64bit (Editor)	True	null	null	null	null	null	null	None	0	null	0	0	null	null	null	null	null	
2024/11/23 15:54:54.668	b135e9c82f3b5af8414a656ace8a78c8d45a7834	Windows 11  (10.0.22631) 64bit (Editor)	True	null	null	null	null	null	null	None	0	null	0	0	null	null	null	null	null	
2024/11/23 15:54:54.675	b135e9c82f3b5af8414a656ace8a78c8d45a7834	Windows 11  (10.0.22631) 64bit (Editor)	True	null	null	null	null	null	null	None	0	null	0	0	null	null	null	null	null	
2024/11/23 15:54:54.682	b135e9c82f3b5af8414a656ace8a78c8d45a7834	Windows 11  (10.0.22631) 64bit (Editor)	True	null	null	null	null	null	null	None	0	null	0	0	null	null	null	null	null	
2024/11/23 15:54:54.690	b135e9c82f3b5af8414a656ace8a78c8d45a7834	Windows 11  (10.0.22631) 64bit (Editor)	True	null	null	null	null	null	null	None	0	null	0	0	null	null	null	null	null	
2024/11/23 15:54:54.697	b135e9c82f3b5af8414a656ace8a78c8d45a7834	Windows 11  (10.0.22631) 64bit (Editor)	True	null	null	null	null	null	null	None	0	null	0	0	null	null	null	null	null	
2024/11/23 15:54:54.705	b135e9c82f3b5af8414a656ace8a78c8d45a7834	Windows 11  (10.0.22631) 64bit (Editor)	True	null	null	null	null	null	null	None	0	null	0	0	null	null	null	null	null	
2024/11/23 15:54:54.712	b135e9c82f3b5af8414a656ace8a78c8d45a7834	Windows 11  (10.0.22631) 64bit (Editor)	True	null	null	null	null	null	null	None	0	null	0	0	null	null	null	null	null	
2024/11/23 15:54:54.719	b135e9c82f3b5af8414a656ace8a78c8d45a7834	Windows 11  (10.0.22631) 64bit (Editor)	True	null	null	null	null	null	null	None	0	null	0	0	null	null	null	null	null	
2024/11/23 15:54:54.727	b135e9c82f3b5af8414a656ace8a78c8d45a7834	Windows 11  (10.0.22631) 64bit (Editor)	True	null	null	null	null	null	null	None	0	null	0	0	null	null	null	null	null	
2024/11/23 15:54:54.735	b135e9c82f3b5af8414a656ace8a78c8d45a7834	Windows 11  (10.0.22631) 64bit (Editor)	True	null	null	null	null	null	null	None	0	null	0	0	null	null	null	null	null	
2024/11/23 15:54:54.741	b135e9c82f3b5af8414a656ace8a78c8d45a7834	Windows 11  (10.0.22631) 64bit (Editor)	True	null	null	null	null	null	null	None	0	null	0	0	null	null	null	null	null	
2024/11/23 15:54:54.749	b135e9c82f3b5af8414a656ace8a78c8d45a7834	Windows 11  (10.0.22631) 64bit (Editor)	True	null	null	null	null	null	null	None	0	null	0	0	null	null	null	null	null	
2024/11/23 15:54:54.756	b135e9c82f3b5af8414a656ace8a78c8d45a7834	Windows 11  (10.0.22631) 64bit (Editor)	True	null	null	null	null	null	null	None	0	null	0	0	null	null	null	null	null	
2024/11/23 15:54:54.762	b135e9c82f3b5af8414a656ace8a78c8d45a7834	Windows 11  (10.0.22631) 64bit (Editor)	True	null	null	null	null	null	null	None	0	null	0	0	null	null	null	null	null	
2024/11/23 15:54:54.769	b135e9c82f3b5af8414a656ace8a78c8d45a7834	Windows 11  (10.0.22631) 64bit (Editor)	True	null	null	null	null	null	null	None	0	null	0	0	null	null	null	null	null	
2024/11/23 15:54:54.776	b135e9c82f3b5af8414a656ace8a78c8d45a7834	Windows 11  (10.0.22631) 64bit (Editor)	True	null	null	null	null	null	null	None	0	null	0	0	null	null	null	null	null	
2024/11/23 15:54:54.795	b135e9c82f3b5af8414a656ace8a78c8d45a7834	Windows 11  (10.0.22631) 64bit (Editor)	True	null	null	null	null	null	null	None	0	null	0	0	null	null	null	null	null	
2024/11/23 15:54:54.802	b135e9c82f3b5af8414a656ace8a78c8d45a7834	Windows 11  (10.0.22631) 64bit (Editor)	True	null	null	null	null	null	null	None	0	null	0	0	null	null	null	null	null	
2024/11/23 15:54:54.810	b135e9c82f3b5af8414a656ace8a78c8d45a7834	Windows 11  (10.0.22631) 64bit (Editor)	True	null	null	null	null	null	null	None	0	null	0	0	null	null	null	null	null	
2024/11/23 15:54:54.817	b135e9c82f3b5af8414a656ace8a78c8d45a7834	Windows 11  (10.0.22631) 64bit (Editor)	True	null	null	null	null	null	null	None	0	null	0	0	null	null	null	null	null	
2024/11/23 15:54:54.824	b135e9c82f3b5af8414a656ace8a78c8d45a7834	Windows 11  (10.0.22631) 64bit (Editor)	True	null	null	null	null	null	null	None	0	null	0	0	null	null	null	null	null	
2024/11/23 15:54:54.832	b135e9c82f3b5af8414a656ace8a78c8d45a7834	Windows 11  (10.0.22631) 64bit (Editor)	True	null	null	null	null	null	null	None	0	null	0	0	null	null	null	null	null	
2024/11/23 15:54:54.840	b135e9c82f3b5af8414a656ace8a78c8d45a7834	Windows 11  (10.0.22631) 64bit (Editor)	True	null	null	null	null	null	null	None	0	null	0	0	null	null	null	null	null	
2024/11/23 15:54:54.847	b135e9c82f3b5af8414a656ace8a78c8d45a7834	Windows 11  (10.0.22631) 64bit (Editor)	True	null	null	null	null	null	null	None	0	null	0	0	null	null	null	null	null	
2024/11/23 15:54:54.855	b135e9c82f3b5af8414a656ace8a78c8d45a7834	Windows 11  (10.0.22631) 64bit (Editor)	True	null	null	null	null	null	null	None	0	null	0	0	null	null	null	null	null	
2024/11/23 15:54:54.864	b135e9c82f3b5af8414a656ace8a78c8d45a7834	Windows 11  (10.0.22631) 64bit (Editor)	True	null	null	null	null	null	null	None	0	null	0	0	null	null	null	null	null	
2024/11/23 15:54:54.871	b135e9c82f3b5af8414a656ace8a78c8d45a7834	Windows 11  (10.0.22631) 64bit (Editor)	True	null	null	null	null	null	null	None	0	null	0	0	null	null	null	null	null	
2024/11/23 15:54:54.879	b135e9c82f3b5af8414a656ace8a78c8d45a7834	Windows 11  (10.0.22631) 64bit (Editor)	True	null	null	null	null	null	null	None	0	null	0	0	null	null	null	null	null	
2024/11/23 15:54:54.886	b135e9c82f3b5af8414a656ace8a78c8d45a7834	Windows 11  (10.0.22631) 64bit (Editor)	True	null	null	null	null	null	null	None	0	null	0	0	null	null	null	null	null	
2024/11/23 15:54:54.894	b135e9c82f3b5af8414a656ace8a78c8d45a7834	Windows 11  (10.0.22631) 64bit (Editor)	True	null	null	null	null	null	null	None	0	null	0	0	null	null	null	null	null	
2024/11/23 15:54:54.901	b135e9c82f3b5af8414a656ace8a78c8d45a7834	Windows 11  (10.0.22631) 64bit (Editor)	True	null	null	null	null	null	null	None	0	null	0	0	null	null	null	null	null	
2024/11/23 15:54:54.908	b135e9c82f3b5af8414a656ace8a78c8d45a7834	Windows 11  (10.0.22631) 64bit (Editor)	True	null	null	null	null	null	null	None	0	null	0	0	null	null	null	null	null	
2024/11/23 15:54:54.916	b135e9c82f3b5af8414a656ace8a78c8d45a7834	Windows 11  (10.0.22631) 64bit (Editor)	True	null	null	null	null	null	null	None	0	null	0	0	null	null	null	null	null	
2024/11/23 15:54:54.923	b135e9c82f3b5af8414a656ace8a78c8d45a7834	Windows 11  (10.0.22631) 64bit (Editor)	True	null	null	null	null	null	null	None	0	null	0	0	null	null	null	null	null	
2024/11/23 15:54:54.930	b135e9c82f3b5af8414a656ace8a78c8d45a7834	Windows 11  (10.0.22631) 64bit (Editor)	True	null	null	null	null	null	null	None	0	null	0	0	null	null	null	null	null	
2024/11/23 15:54:54.947	b135e9c82f3b5af8414a656ace8a78c8d45a7834	Windows 11  (10.0.22631) 64bit (Editor)	True	null	null	null	null	null	null	None	0	null	0	0	null	null	null	null	null	
2024/11/23 15:54:54.956	b135e9c82f3b5af8414a656ace8a78c8d45a7834	Windows 11  (10.0.22631) 64bit (Editor)	True	null	null	null	null	null	null	None	0	null	0	0	null	null	null	null	null	
2024/11/23 15:54:54.963	b135e9c82f3b5af8414a656ace8a78c8d45a7834	Windows 11  (10.0.22631) 64bit (Editor)	True	null	null	null	null	null	null	None	0	null	0	0	null	null	null	null	null	
2024/11/23 15:54:54.972	b135e9c82f3b5af8414a656ace8a78c8d45a7834	Windows 11  (10.0.22631) 64bit (Editor)	True	null	null	null	null	null	null	None	0	null	0	0	null	null	null	null	null	
2024/11/23 15:54:54.978	b135e9c82f3b5af8414a656ace8a78c8d45a7834	Windows 11  (10.0.22631) 64bit (Editor)	True	null	null	null	null	null	null	None	0	null	0	0	null	null	null	null	null	
2024/11/23 15:54:54.987	b135e9c82f3b5af8414a656ace8a78c8d45a7834	Windows 11  (10.0.22631) 64bit (Editor)	True	null	null	null	null	null	null	None	0	null	0	0	null	null	null	null	null	
2024/11/23 15:54:54.994	b135e9c82f3b5af8414a656ace8a78c8d45a7834	Windows 11  (10.0.22631) 64bit (Editor)	True	null	null	null	null	null	null	None	0	null	0	0	null	null	null	null	null	
2024/11/23 15:54:55.002	b135e9c82f3b5af8414a656ace8a78c8d45a7834	Windows 11  (10.0.22631) 64bit (Editor)	True	null	null	null	null	null	null	None	0	null	0	0	null	null	null	null	null	
2024/11/23 15:54:55.010	b135e9c82f3b5af8414a656ace8a78c8d45a7834	Windows 11  (10.0.22631) 64bit (Editor)	True	null	null	null	null	null	null	None	0	null	0	0	null	null	null	null	null	
2024/11/23 15:54:55.017	b135e9c82f3b5af8414a656ace8a78c8d45a7834	Windows 11  (10.0.22631) 64bit (Editor)	True	null	null	null	null	null	null	None	0	null	0	0	null	null	null	null	null	
2024/11/23 15:54:55.024	b135e9c82f3b5af8414a656ace8a78c8d45a7834	Windows 11  (10.0.22631) 64bit (Editor)	True	null	null	null	null	null	null	None	0	null	0	0	null	null	null	null	null	
2024/11/23 15:54:55.031	b135e9c82f3b5af8414a656ace8a78c8d45a7834	Windows 11  (10.0.22631) 64bit (Editor)	True	null	null	null	null	null	null	None	0	null	0	0	null	null	null	null	null	
2024/11/23 15:54:55.039	b135e9c82f3b5af8414a656ace8a78c8d45a7834	Windows 11  (10.0.22631) 64bit (Editor)	True	null	null	null	null	null	null	None	0	null	0	0	null	null	null	null	null	
2024/11/23 15:54:55.046	b135e9c82f3b5af8414a656ace8a78c8d45a7834	Windows 11  (10.0.22631) 64bit (Editor)	True	null	null	null	null	null	null	None	0	null	0	0	null	null	null	null	null	
2024/11/23 15:54:55.054	b135e9c82f3b5af8414a656ace8a78c8d45a7834	Windows 11  (10.0.22631) 64bit (Editor)	True	null	null	null	null	null	null	None	0	null	0	0	null	null	null	null	null	
2024/11/23 15:54:55.061	b135e9c82f3b5af8414a656ace8a78c8d45a7834	Windows 11  (10.0.22631) 64bit (Editor)	True	null	null	null	null	null	null	None	0	null	0	0	null	null	null	null	null	
2024/11/23 15:54:55.068	b135e9c82f3b5af8414a656ace8a78c8d45a7834	Windows 11  (10.0.22631) 64bit (Editor)	True	null	null	null	null	null	null	None	0	null	0	0	null	null	null	null	null	
2024/11/23 15:54:55.075	b135e9c82f3b5af8414a656ace8a78c8d45a7834	Windows 11  (10.0.22631) 64bit (Editor)	True	null	null	null	null	null	null	None	0	null	0	0	null	null	null	null	null	
2024/11/23 15:54:55.083	b135e9c82f3b5af8414a656ace8a78c8d45a7834	Windows 11  (10.0.22631) 64bit (Editor)	True	null	null	null	null	null	null	None	0	null	0	0	null	null	null	null	null	
2024/11/23 15:54:55.101	b135e9c82f3b5af8414a656ace8a78c8d45a7834	Windows 11  (10.0.22631) 64bit (Editor)	True	null	null	null	null	null	null	None	0	null	0	0	null	null	null	null	null	
2024/11/23 15:54:55.115	b135e9c82f3b5af8414a656ace8a78c8d45a7834	Windows 11  (10.0.22631) 64bit (Editor)	True	null	null	null	null	null	null	None	0	null	0	0	null	null	null	null	null	
2024/11/23 15:54:55.123	b135e9c82f3b5af8414a656ace8a78c8d45a7834	Windows 11  (10.0.22631) 64bit (Editor)	True	null	null	null	null	null	null	None	0	null	0	0	null	null	null	null	null	
2024/11/23 15:54:55.131	b135e9c82f3b5af8414a656ace8a78c8d45a7834	Windows 11  (10.0.22631) 64bit (Editor)	True	null	null	null	null	null	null	None	0	null	0	0	null	null	null	null	null	
2024/11/23 15:54:55.144	b135e9c82f3b5af8414a656ace8a78c8d45a7834	Windows 11  (10.0.22631) 64bit (Editor)	True	null	null	null	null	null	null	None	0	null	0	0	null	null	null	null	null	
2024/11/23 15:54:55.151	b135e9c82f3b5af8414a656ace8a78c8d45a7834	Windows 11  (10.0.22631) 64bit (Editor)	True	null	null	null	null	null	null	None	0	null	0	0	null	null	null	null	null	
2024/11/23 15:54:55.159	b135e9c82f3b5af8414a656ace8a78c8d45a7834	Windows 11  (10.0.22631) 64bit (Editor)	True	null	null	null	null	null	null	None	0	null	0	0	null	null	null	null	null	
2024/11/23 15:54:55.166	b135e9c82f3b5af8414a656ace8a78c8d45a7834	Windows 11  (10.0.22631) 64bit (Editor)	True	null	null	null	null	null	null	None	0	null	0	0	null	null	null	null	null	
2024/11/23 15:54:55.173	b135e9c82f3b5af8414a656ace8a78c8d45a7834	Windows 11  (10.0.22631) 64bit (Editor)	True	null	null	null	null	null	null	None	0	null	0	0	null	null	null	null	null	
2024/11/23 15:54:55.181	b135e9c82f3b5af8414a656ace8a78c8d45a7834	Windows 11  (10.0.22631) 64bit (Editor)	True	null	null	null	null	null	null	None	0	null	0	0	null	null	null	null	null	
2024/11/23 15:54:55.190	b135e9c82f3b5af8414a656ace8a78c8d45a7834	Windows 11  (10.0.22631) 64bit (Editor)	True	null	null	null	null	null	null	None	0	null	0	0	null	null	null	null	null	
2024/11/23 15:54:55.197	b135e9c82f3b5af8414a656ace8a78c8d45a7834	Windows 11  (10.0.22631) 64bit (Editor)	True	null	null	null	null	null	null	None	0	null	0	0	null	null	null	null	null	
2024/11/23 15:54:55.204	b135e9c82f3b5af8414a656ace8a78c8d45a7834	Windows 11  (10.0.22631) 64bit (Editor)	True	null	null	null	null	null	null	None	0	null	0	0	null	null	null	null	null	
2024/11/23 15:54:55.212	b135e9c82f3b5af8414a656ace8a78c8d45a7834	Windows 11  (10.0.22631) 64bit (Editor)	True	null	null	null	null	null	null	None	0	null	0	0	null	null	null	null	null	
2024/11/23 15:54:55.219	b135e9c82f3b5af8414a656ace8a78c8d45a7834	Windows 11  (10.0.22631) 64bit (Editor)	True	null	null	null	null	null	null	None	0	null	0	0	null	null	null	null	null	
2024/11/23 15:54:55.226	b135e9c82f3b5af8414a656ace8a78c8d45a7834	Windows 11  (10.0.22631) 64bit (Editor)	True	null	null	null	null	null	null	None	0	null	0	0	null	null	null	null	null	
2024/11/23 15:54:55.236	b135e9c82f3b5af8414a656ace8a78c8d45a7834	Windows 11  (10.0.22631) 64bit (Editor)	True	null	null	null	null	null	null	None	0	null	0	0	null	null	null	null	null	
2024/11/23 15:54:55.255	b135e9c82f3b5af8414a656ace8a78c8d45a7834	Windows 11  (10.0.22631) 64bit (Editor)	True	null	null	null	null	null	null	None	0	null	0	0	null	null	null	null	null	
2024/11/23 15:54:55.263	b135e9c82f3b5af8414a656ace8a78c8d45a7834	Windows 11  (10.0.22631) 64bit (Editor)	True	null	null	null	null	null	null	None	0	null	0	0	null	null	null	null	null	
2024/11/23 15:54:55.271	b135e9c82f3b5af8414a656ace8a78c8d45a7834	Windows 11  (10.0.22631) 64bit (Editor)	True	null	null	null	null	null	null	None	0	null	0	0	null	null	null	null	null	
2024/11/23 15:54:55.279	b135e9c82f3b5af8414a656ace8a78c8d45a7834	Windows 11  (10.0.22631) 64bit (Editor)	True	null	null	null	null	null	null	None	0	null	0	0	null	null	null	null	null	
2024/11/23 15:54:55.288	b135e9c82f3b5af8414a656ace8a78c8d45a7834	Windows 11  (10.0.22631) 64bit (Editor)	True	null	null	null	null	null	null	None	0	null	0	0	null	null	null	null	null	
2024/11/23 15:54:55.296	b135e9c82f3b5af8414a656ace8a78c8d45a7834	Windows 11  (10.0.22631) 64bit (Editor)	True	null	null	null	null	null	null	None	0	null	0	0	null	null	null	null	null	
2024/11/23 15:54:55.303	b135e9c82f3b5af8414a656ace8a78c8d45a7834	Windows 11  (10.0.22631) 64bit (Editor)	True	null	null	null	null	null	null	None	0	null	0	0	null	null	null	null	null	
2024/11/23 15:54:55.311	b135e9c82f3b5af8414a656ace8a78c8d45a7834	Windows 11  (10.0.22631) 64bit (Editor)	True	null	null	null	null	null	null	None	0	null	0	0	null	null	null	null	null	
2024/11/23 15:54:55.318	b135e9c82f3b5af8414a656ace8a78c8d45a7834	Windows 11  (10.0.22631) 64bit (Editor)	True	null	null	null	null	null	null	None	0	null	0	0	null	null	null	null	null	
2024/11/23 15:54:55.326	b135e9c82f3b5af8414a656ace8a78c8d45a7834	Windows 11  (10.0.22631) 64bit (Editor)	True	null	null	null	null	null	null	None	0	null	0	0	null	null	null	null	null	
2024/11/23 15:54:55.333	b135e9c82f3b5af8414a656ace8a78c8d45a7834	Windows 11  (10.0.22631) 64bit (Editor)	True	null	null	null	null	null	null	None	0	null	0	0	null	null	null	null	null	
2024/11/23 15:54:55.341	b135e9c82f3b5af8414a656ace8a78c8d45a7834	Windows 11  (10.0.22631) 64bit (Editor)	True	null	null	null	null	null	null	None	0	null	0	0	null	null	null	null	null	
2024/11/23 15:54:55.349	b135e9c82f3b5af8414a656ace8a78c8d45a7834	Windows 11  (10.0.22631) 64bit (Editor)	True	null	null	null	null	null	null	None	0	null	0	0	null	null	null	null	null	
2024/11/23 15:54:55.358	b135e9c82f3b5af8414a656ace8a78c8d45a7834	Windows 11  (10.0.22631) 64bit (Editor)	True	null	null	null	null	null	null	None	0	null	0	0	null	null	null	null	null	
2024/11/23 15:54:55.366	b135e9c82f3b5af8414a656ace8a78c8d45a7834	Windows 11  (10.0.22631) 64bit (Editor)	True	null	null	null	null	null	null	None	0	null	0	0	null	null	null	null	null	
2024/11/23 15:54:55.374	b135e9c82f3b5af8414a656ace8a78c8d45a7834	Windows 11  (10.0.22631) 64bit (Editor)	True	null	null	null	null	null	null	None	0	null	0	0	null	null	null	null	null	
2024/11/23 15:54:55.381	b135e9c82f3b5af8414a656ace8a78c8d45a7834	Windows 11  (10.0.22631) 64bit (Editor)	True	null	null	null	null	null	null	None	0	null	0	0	null	null	null	null	null	
2024/11/23 15:54:55.389	b135e9c82f3b5af8414a656ace8a78c8d45a7834	Windows 11  (10.0.22631) 64bit (Editor)	True	null	null	null	null	null	null	None	0	null	0	0	null	null	null	null	null	
2024/11/23 15:54:55.408	b135e9c82f3b5af8414a656ace8a78c8d45a7834	Windows 11  (10.0.22631) 64bit (Editor)	True	null	null	null	null	null	null	None	0	null	0	0	null	null	null	null	null	
2024/11/23 15:54:55.416	b135e9c82f3b5af8414a656ace8a78c8d45a7834	Windows 11  (10.0.22631) 64bit (Editor)	True	null	null	null	null	null	null	None	0	null	0	0	null	null	null	null	null	
2024/11/23 15:54:55.425	b135e9c82f3b5af8414a656ace8a78c8d45a7834	Windows 11  (10.0.22631) 64bit (Editor)	True	null	null	null	null	null	null	None	0	null	0	0	null	null	null	null	null	
2024/11/23 15:54:55.431	b135e9c82f3b5af8414a656ace8a78c8d45a7834	Windows 11  (10.0.22631) 64bit (Editor)	True	null	null	null	null	null	null	None	0	null	0	0	null	null	null	null	null	
2024/11/23 15:54:55.440	b135e9c82f3b5af8414a656ace8a78c8d45a7834	Windows 11  (10.0.22631) 64bit (Editor)	True	null	null	null	null	null	null	None	0	null	0	0	null	null	null	null	null	
2024/11/23 15:54:55.448	b135e9c82f3b5af8414a656ace8a78c8d45a7834	Windows 11  (10.0.22631) 64bit (Editor)	True	null	null	null	null	null	null	None	0	null	0	0	null	null	null	null	null	
2024/11/23 15:54:55.456	b135e9c82f3b5af8414a656ace8a78c8d45a7834	Windows 11  (10.0.22631) 64bit (Editor)	True	null	null	null	null	null	null	None	0	null	0	0	null	null	null	null	null	
2024/11/23 15:54:55.464	b135e9c82f3b5af8414a656ace8a78c8d45a7834	Windows 11  (10.0.22631) 64bit (Editor)	True	null	null	null	null	null	null	None	0	null	0	0	null	null	null	null	null	
2024/11/23 15:54:55.472	b135e9c82f3b5af8414a656ace8a78c8d45a7834	Windows 11  (10.0.22631) 64bit (Editor)	True	null	null	null	null	null	null	None	0	null	0	0	null	null	null	null	null	
2024/11/23 15:54:55.480	b135e9c82f3b5af8414a656ace8a78c8d45a7834	Windows 11  (10.0.22631) 64bit (Editor)	True	null	null	null	null	null	null	None	0	null	0	0	null	null	null	null	null	
2024/11/23 15:54:55.487	b135e9c82f3b5af8414a656ace8a78c8d45a7834	Windows 11  (10.0.22631) 64bit (Editor)	True	null	null	null	null	null	null	None	0	null	0	0	null	null	null	null	null	
2024/11/23 15:54:55.496	b135e9c82f3b5af8414a656ace8a78c8d45a7834	Windows 11  (10.0.22631) 64bit (Editor)	True	null	null	null	null	null	null	None	0	null	0	0	null	null	null	null	null	
2024/11/23 15:54:55.503	b135e9c82f3b5af8414a656ace8a78c8d45a7834	Windows 11  (10.0.22631) 64bit (Editor)	True	null	null	null	null	null	null	None	0	null	0	0	null	null	null	null	null	
2024/11/23 15:54:55.511	b135e9c82f3b5af8414a656ace8a78c8d45a7834	Windows 11  (10.0.22631) 64bit (Editor)	True	null	null	null	null	null	null	None	0	null	0	0	null	null	null	null	null	
2024/11/23 15:54:55.517	b135e9c82f3b5af8414a656ace8a78c8d45a7834	Windows 11  (10.0.22631) 64bit (Editor)	True	null	null	null	null	null	null	None	0	null	0	0	null	null	null	null	null	
2024/11/23 15:54:55.525	b135e9c82f3b5af8414a656ace8a78c8d45a7834	Windows 11  (10.0.22631) 64bit (Editor)	True	null	null	null	null	null	null	None	0	null	0	0	null	null	null	null	null	
2024/11/23 15:54:55.534	b135e9c82f3b5af8414a656ace8a78c8d45a7834	Windows 11  (10.0.22631) 64bit (Editor)	True	null	null	null	null	null	null	None	0	null	0	0	null	null	null	null	null	
2024/11/23 15:54:55.541	b135e9c82f3b5af8414a656ace8a78c8d45a7834	Windows 11  (10.0.22631) 64bit (Editor)	True	null	null	null	null	null	null	None	0	null	0	0	null	null	null	null	null	
2024/11/23 15:54:55.559	b135e9c82f3b5af8414a656ace8a78c8d45a7834	Windows 11  (10.0.22631) 64bit (Editor)	True	null	null	null	null	null	null	None	0	null	0	0	null	null	null	null	null	
2024/11/23 15:54:55.567	b135e9c82f3b5af8414a656ace8a78c8d45a7834	Windows 11  (10.0.22631) 64bit (Editor)	True	null	null	null	null	null	null	None	0	null	0	0	null	null	null	null	null	
2024/11/23 15:54:55.576	b135e9c82f3b5af8414a656ace8a78c8d45a7834	Windows 11  (10.0.22631) 64bit (Editor)	True	null	null	null	null	null	null	None	0	null	0	0	null	null	null	null	null	
2024/11/23 15:54:55.583	b135e9c82f3b5af8414a656ace8a78c8d45a7834	Windows 11  (10.0.22631) 64bit (Editor)	True	null	null	null	null	null	null	None	0	null	0	0	null	null	null	null	null	
2024/11/23 15:54:55.591	b135e9c82f3b5af8414a656ace8a78c8d45a7834	Windows 11  (10.0.22631) 64bit (Editor)	True	null	null	null	null	null	null	None	0	null	0	0	null	null	null	null	null	
2024/11/23 15:54:55.599	b135e9c82f3b5af8414a656ace8a78c8d45a7834	Windows 11  (10.0.22631) 64bit (Editor)	True	null	null	null	null	null	null	None	0	null	0	0	null	null	null	null	null	
2024/11/23 15:54:55.608	b135e9c82f3b5af8414a656ace8a78c8d45a7834	Windows 11  (10.0.22631) 64bit (Editor)	True	null	null	null	null	null	null	None	0	null	0	0	null	null	null	null	null	
2024/11/23 15:54:55.616	b135e9c82f3b5af8414a656ace8a78c8d45a7834	Windows 11  (10.0.22631) 64bit (Editor)	True	null	null	null	null	null	null	None	0	null	0	0	null	null	null	null	null	
2024/11/23 15:54:55.624	b135e9c82f3b5af8414a656ace8a78c8d45a7834	Windows 11  (10.0.22631) 64bit (Editor)	True	null	null	null	null	null	null	None	0	null	0	0	null	null	null	null	null	
2024/11/23 15:54:55.631	b135e9c82f3b5af8414a656ace8a78c8d45a7834	Windows 11  (10.0.22631) 64bit (Editor)	True	null	null	null	null	null	null	None	0	null	0	0	null	null	null	null	null	
2024/11/23 15:54:55.644	b135e9c82f3b5af8414a656ace8a78c8d45a7834	Windows 11  (10.0.22631) 64bit (Editor)	True	null	null	null	null	null	null	None	0	null	0	0	null	null	null	null	null	
2024/11/23 15:54:55.652	b135e9c82f3b5af8414a656ace8a78c8d45a7834	Windows 11  (10.0.22631) 64bit (Editor)	True	null	null	null	null	null	null	None	0	null	0	0	null	null	null	null	null	
2024/11/23 15:54:55.659	b135e9c82f3b5af8414a656ace8a78c8d45a7834	Windows 11  (10.0.22631) 64bit (Editor)	True	null	null	null	null	null	null	None	0	null	0	0	null	null	null	null	null	
2024/11/23 15:54:55.666	b135e9c82f3b5af8414a656ace8a78c8d45a7834	Windows 11  (10.0.22631) 64bit (Editor)	True	null	null	null	null	null	null	None	0	null	0	0	null	null	null	null	null	
2024/11/23 15:54:55.674	b135e9c82f3b5af8414a656ace8a78c8d45a7834	Windows 11  (10.0.22631) 64bit (Editor)	True	null	null	null	null	null	null	None	0	null	0	0	null	null	null	null	null	
2024/11/23 15:54:55.681	b135e9c82f3b5af8414a656ace8a78c8d45a7834	Windows 11  (10.0.22631) 64bit (Editor)	True	null	null	null	null	null	null	None	0	null	0	0	null	null	null	null	null	
2024/11/23 15:54:55.689	b135e9c82f3b5af8414a656ace8a78c8d45a7834	Windows 11  (10.0.22631) 64bit (Editor)	True	null	null	null	null	null	null	None	0	null	0	0	null	null	null	null	null	
2024/11/23 15:54:55.695	b135e9c82f3b5af8414a656ace8a78c8d45a7834	Windows 11  (10.0.22631) 64bit (Editor)	True	null	null	null	null	null	null	None	0	null	0	0	null	null	null	null	null	
2024/11/23 15:54:55.712	b135e9c82f3b5af8414a656ace8a78c8d45a7834	Windows 11  (10.0.22631) 64bit (Editor)	True	null	null	null	null	null	null	None	0	null	0	0	null	null	null	null	null	
2024/11/23 15:54:55.721	b135e9c82f3b5af8414a656ace8a78c8d45a7834	Windows 11  (10.0.22631) 64bit (Editor)	True	null	null	null	null	null	null	None	0	null	0	0	null	null	null	null	null	
2024/11/23 15:54:55.728	b135e9c82f3b5af8414a656ace8a78c8d45a7834	Windows 11  (10.0.22631) 64bit (Editor)	True	null	null	null	null	null	null	None	0	null	0	0	null	null	null	null	null	
2024/11/23 15:54:55.736	b135e9c82f3b5af8414a656ace8a78c8d45a7834	Windows 11  (10.0.22631) 64bit (Editor)	True	null	null	null	null	null	null	None	0	null	0	0	null	null	null	null	null	
2024/11/23 15:54:55.745	b135e9c82f3b5af8414a656ace8a78c8d45a7834	Windows 11  (10.0.22631) 64bit (Editor)	True	null	null	null	null	null	null	None	0	null	0	0	null	null	null	null	null	
2024/11/23 15:54:55.752	b135e9c82f3b5af8414a656ace8a78c8d45a7834	Windows 11  (10.0.22631) 64bit (Editor)	True	null	null	null	null	null	null	None	0	null	0	0	null	null	null	null	null	
2024/11/23 15:54:55.761	b135e9c82f3b5af8414a656ace8a78c8d45a7834	Windows 11  (10.0.22631) 64bit (Editor)	True	null	null	null	null	null	null	None	0	null	0	0	null	null	null	null	null	
2024/11/23 15:54:55.768	b135e9c82f3b5af8414a656ace8a78c8d45a7834	Windows 11  (10.0.22631) 64bit (Editor)	True	null	null	null	null	null	null	None	0	null	0	0	null	null	null	null	null	
2024/11/23 15:54:55.776	b135e9c82f3b5af8414a656ace8a78c8d45a7834	Windows 11  (10.0.22631) 64bit (Editor)	True	null	null	null	null	null	null	None	0	null	0	0	null	null	null	null	null	
2024/11/23 15:54:55.783	b135e9c82f3b5af8414a656ace8a78c8d45a7834	Windows 11  (10.0.22631) 64bit (Editor)	True	null	null	null	null	null	null	None	0	null	0	0	null	null	null	null	null	
2024/11/23 15:54:55.791	b135e9c82f3b5af8414a656ace8a78c8d45a7834	Windows 11  (10.0.22631) 64bit (Editor)	True	null	null	null	null	null	null	None	0	null	0	0	null	null	null	null	null	
2024/11/23 15:54:55.798	b135e9c82f3b5af8414a656ace8a78c8d45a7834	Windows 11  (10.0.22631) 64bit (Editor)	True	null	null	null	null	null	null	None	0	null	0	0	null	null	null	null	null	
2024/11/23 15:54:55.807	b135e9c82f3b5af8414a656ace8a78c8d45a7834	Windows 11  (10.0.22631) 64bit (Editor)	True	null	null	null	null	null	null	None	0	null	0	0	null	null	null	null	null	
2024/11/23 15:54:55.814	b135e9c82f3b5af8414a656ace8a78c8d45a7834	Windows 11  (10.0.22631) 64bit (Editor)	True	null	null	null	null	null	null	None	0	null	0	0	null	null	null	null	null	
2024/11/23 15:54:55.822	b135e9c82f3b5af8414a656ace8a78c8d45a7834	Windows 11  (10.0.22631) 64bit (Editor)	True	null	null	null	null	null	null	None	0	null	0	0	null	null	null	null	null	
2024/11/23 15:54:55.828	b135e9c82f3b5af8414a656ace8a78c8d45a7834	Windows 11  (10.0.22631) 64bit (Editor)	True	null	null	null	null	null	null	None	0	null	0	0	null	null	null	null	null	
2024/11/23 15:54:55.836	b135e9c82f3b5af8414a656ace8a78c8d45a7834	Windows 11  (10.0.22631) 64bit (Editor)	True	null	null	null	null	null	null	None	0	null	0	0	null	null	null	null	null	
2024/11/23 15:54:55.843	b135e9c82f3b5af8414a656ace8a78c8d45a7834	Windows 11  (10.0.22631) 64bit (Editor)	True	null	null	null	null	null	null	None	0	null	0	0	null	null	null	null	null	
2024/11/23 15:54:55.851	b135e9c82f3b5af8414a656ace8a78c8d45a7834	Windows 11  (10.0.22631) 64bit (Editor)	True	null	null	null	null	null	null	None	0	null	0	0	null	null	null	null	null	
2024/11/23 15:54:55.869	b135e9c82f3b5af8414a656ace8a78c8d45a7834	Windows 11  (10.0.22631) 64bit (Editor)	True	null	null	null	null	null	null	None	0	null	0	0	null	null	null	null	null	
2024/11/23 15:54:55.876	b135e9c82f3b5af8414a656ace8a78c8d45a7834	Windows 11  (10.0.22631) 64bit (Editor)	True	null	null	null	null	null	null	None	0	null	0	0	null	null	null	null	null	
2024/11/23 15:54:55.884	b135e9c82f3b5af8414a656ace8a78c8d45a7834	Windows 11  (10.0.22631) 64bit (Editor)	True	null	null	null	null	null	null	None	0	null	0	0	null	null	null	null	null	
2024/11/23 15:54:55.891	b135e9c82f3b5af8414a656ace8a78c8d45a7834	Windows 11  (10.0.22631) 64bit (Editor)	True	null	null	null	null	null	null	None	0	null	0	0	null	null	null	null	null	
2024/11/23 15:54:55.900	b135e9c82f3b5af8414a656ace8a78c8d45a7834	Windows 11  (10.0.22631) 64bit (Editor)	True	null	null	null	null	null	null	None	0	null	0	0	null	null	null	null	null	
2024/11/23 15:54:55.906	b135e9c82f3b5af8414a656ace8a78c8d45a7834	Windows 11  (10.0.22631) 64bit (Editor)	True	null	null	null	null	null	null	None	0	null	0	0	null	null	null	null	null	
2024/11/23 15:54:55.914	b135e9c82f3b5af8414a656ace8a78c8d45a7834	Windows 11  (10.0.22631) 64bit (Editor)	True	null	null	null	null	null	null	None	0	null	0	0	null	null	null	null	null	
2024/11/23 15:54:55.921	b135e9c82f3b5af8414a656ace8a78c8d45a7834	Windows 11  (10.0.22631) 64bit (Editor)	True	null	null	null	null	null	null	None	0	null	0	0	null	null	null	null	null	
2024/11/23 15:54:55.929	b135e9c82f3b5af8414a656ace8a78c8d45a7834	Windows 11  (10.0.22631) 64bit (Editor)	True	null	null	null	null	null	null	None	0	null	0	0	null	null	null	null	null	
2024/11/23 15:54:55.937	b135e9c82f3b5af8414a656ace8a78c8d45a7834	Windows 11  (10.0.22631) 64bit (Editor)	True	null	null	null	null	null	null	None	0	null	0	0	null	null	null	null	null	
2024/11/23 15:54:55.944	b135e9c82f3b5af8414a656ace8a78c8d45a7834	Windows 11  (10.0.22631) 64bit (Editor)	True	null	null	null	null	null	null	None	0	null	0	0	null	null	null	null	null	
2024/11/23 15:54:55.951	b135e9c82f3b5af8414a656ace8a78c8d45a7834	Windows 11  (10.0.22631) 64bit (Editor)	True	null	null	null	null	null	null	None	0	null	0	0	null	null	null	null	null	
2024/11/23 15:54:55.957	b135e9c82f3b5af8414a656ace8a78c8d45a7834	Windows 11  (10.0.22631) 64bit (Editor)	True	null	null	null	null	null	null	None	0	null	0	0	null	null	null	null	null	
2024/11/23 15:54:55.965	b135e9c82f3b5af8414a656ace8a78c8d45a7834	Windows 11  (10.0.22631) 64bit (Editor)	True	null	null	null	null	null	null	None	0	null	0	0	null	null	null	null	null	
2024/11/23 15:54:55.973	b135e9c82f3b5af8414a656ace8a78c8d45a7834	Windows 11  (10.0.22631) 64bit (Editor)	True	null	null	null	null	null	null	None	0	null	0	0	null	null	null	null	null	
2024/11/23 15:54:55.983	b135e9c82f3b5af8414a656ace8a78c8d45a7834	Windows 11  (10.0.22631) 64bit (Editor)	True	null	null	null	null	null	null	None	0	null	0	0	null	null	null	null	null	
2024/11/23 15:54:55.989	b135e9c82f3b5af8414a656ace8a78c8d45a7834	Windows 11  (10.0.22631) 64bit (Editor)	True	null	null	null	null	null	null	None	0	null	0	0	null	null	null	null	null	
2024/11/23 15:54:55.996	b135e9c82f3b5af8414a656ace8a78c8d45a7834	Windows 11  (10.0.22631) 64bit (Editor)	True	null	null	null	null	null	null	None	0	null	0	0	null	null	null	null	null	
2024/11/23 15:54:56.003	b135e9c82f3b5af8414a656ace8a78c8d45a7834	Windows 11  (10.0.22631) 64bit (Editor)	True	null	null	null	null	null	null	None	0	null	0	0	null	null	null	null	null	
2024/11/23 15:54:56.021	b135e9c82f3b5af8414a656ace8a78c8d45a7834	Windows 11  (10.0.22631) 64bit (Editor)	True	null	null	null	null	null	null	None	0	null	0	0	null	null	null	null	null	
2024/11/23 15:54:56.029	b135e9c82f3b5af8414a656ace8a78c8d45a7834	Windows 11  (10.0.22631) 64bit (Editor)	True	null	null	null	null	null	null	None	0	null	0	0	null	null	null	null	null	
2024/11/23 15:54:56.038	b135e9c82f3b5af8414a656ace8a78c8d45a7834	Windows 11  (10.0.22631) 64bit (Editor)	True	null	null	null	null	null	null	None	0	null	0	0	null	null	null	null	null	
2024/11/23 15:54:56.046	b135e9c82f3b5af8414a656ace8a78c8d45a7834	Windows 11  (10.0.22631) 64bit (Editor)	True	null	null	null	null	null	null	None	0	null	0	0	null	null	null	null	null	
2024/11/23 15:54:56.054	b135e9c82f3b5af8414a656ace8a78c8d45a7834	Windows 11  (10.0.22631) 64bit (Editor)	True	null	null	null	null	null	null	None	0	null	0	0	null	null	null	null	null	
2024/11/23 15:54:56.062	b135e9c82f3b5af8414a656ace8a78c8d45a7834	Windows 11  (10.0.22631) 64bit (Editor)	True	null	null	null	null	null	null	None	0	null	0	0	null	null	null	null	null	
2024/11/23 15:54:56.068	b135e9c82f3b5af8414a656ace8a78c8d45a7834	Windows 11  (10.0.22631) 64bit (Editor)	True	null	null	null	null	null	null	None	0	null	0	0	null	null	null	null	null	
2024/11/23 15:54:56.076	b135e9c82f3b5af8414a656ace8a78c8d45a7834	Windows 11  (10.0.22631) 64bit (Editor)	True	null	null	null	null	null	null	None	0	null	0	0	null	null	null	null	null	
2024/11/23 15:54:56.083	b135e9c82f3b5af8414a656ace8a78c8d45a7834	Windows 11  (10.0.22631) 64bit (Editor)	True	null	null	null	null	null	null	None	0	null	0	0	null	null	null	null	null	
2024/11/23 15:54:56.091	b135e9c82f3b5af8414a656ace8a78c8d45a7834	Windows 11  (10.0.22631) 64bit (Editor)	True	null	null	null	null	null	null	None	0	null	0	0	null	null	null	null	null	
2024/11/23 15:54:56.098	b135e9c82f3b5af8414a656ace8a78c8d45a7834	Windows 11  (10.0.22631) 64bit (Editor)	True	null	null	null	null	null	null	None	0	null	0	0	null	null	null	null	null	
2024/11/23 15:54:56.105	b135e9c82f3b5af8414a656ace8a78c8d45a7834	Windows 11  (10.0.22631) 64bit (Editor)	True	null	null	null	null	null	null	None	0	null	0	0	null	null	null	null	null	
2024/11/23 15:54:56.112	b135e9c82f3b5af8414a656ace8a78c8d45a7834	Windows 11  (10.0.22631) 64bit (Editor)	True	null	null	null	null	null	null	None	0	null	0	0	null	null	null	null	null	
2024/11/23 15:54:56.122	b135e9c82f3b5af8414a656ace8a78c8d45a7834	Windows 11  (10.0.22631) 64bit (Editor)	True	null	null	null	null	null	null	None	0	null	0	0	null	null	null	null	null	
2024/11/23 15:54:56.128	b135e9c82f3b5af8414a656ace8a78c8d45a7834	Windows 11  (10.0.22631) 64bit (Editor)	True	null	null	null	null	null	null	None	0	null	0	0	null	null	null	null	null	
2024/11/23 15:54:56.136	b135e9c82f3b5af8414a656ace8a78c8d45a7834	Windows 11  (10.0.22631) 64bit (Editor)	True	null	null	null	null	null	null	None	0	null	0	0	null	null	null	null	null	
2024/11/23 15:54:56.142	b135e9c82f3b5af8414a656ace8a78c8d45a7834	Windows 11  (10.0.22631) 64bit (Editor)	True	null	null	null	null	null	null	None	0	null	0	0	null	null	null	null	null	
2024/11/23 15:54:56.153	b135e9c82f3b5af8414a656ace8a78c8d45a7834	Windows 11  (10.0.22631) 64bit (Editor)	True	null	null	null	null	null	null	None	0	null	0	0	null	null	null	null	null	
2024/11/23 15:54:56.171	b135e9c82f3b5af8414a656ace8a78c8d45a7834	Windows 11  (10.0.22631) 64bit (Editor)	True	null	null	null	null	null	null	None	0	null	0	0	null	null	null	null	null	
2024/11/23 15:54:56.177	b135e9c82f3b5af8414a656ace8a78c8d45a7834	Windows 11  (10.0.22631) 64bit (Editor)	True	null	null	null	null	null	null	None	0	null	0	0	null	null	null	null	null	
2024/11/23 15:54:56.185	b135e9c82f3b5af8414a656ace8a78c8d45a7834	Windows 11  (10.0.22631) 64bit (Editor)	True	null	null	null	null	null	null	None	0	null	0	0	null	null	null	null	null	
2024/11/23 15:54:56.194	b135e9c82f3b5af8414a656ace8a78c8d45a7834	Windows 11  (10.0.22631) 64bit (Editor)	True	null	null	null	null	null	null	None	0	null	0	0	null	null	null	null	null	
2024/11/23 15:54:56.202	b135e9c82f3b5af8414a656ace8a78c8d45a7834	Windows 11  (10.0.22631) 64bit (Editor)	True	null	null	null	null	null	null	None	0	null	0	0	null	null	null	null	null	
2024/11/23 15:54:56.209	b135e9c82f3b5af8414a656ace8a78c8d45a7834	Windows 11  (10.0.22631) 64bit (Editor)	True	null	null	null	null	null	null	None	0	null	0	0	null	null	null	null	null	
2024/11/23 15:54:56.217	b135e9c82f3b5af8414a656ace8a78c8d45a7834	Windows 11  (10.0.22631) 64bit (Editor)	True	null	null	null	null	null	null	None	0	null	0	0	null	null	null	null	null	
2024/11/23 15:54:56.224	b135e9c82f3b5af8414a656ace8a78c8d45a7834	Windows 11  (10.0.22631) 64bit (Editor)	True	null	null	null	null	null	null	None	0	null	0	0	null	null	null	null	null	
2024/11/23 15:54:56.232	b135e9c82f3b5af8414a656ace8a78c8d45a7834	Windows 11  (10.0.22631) 64bit (Editor)	True	null	null	null	null	null	null	None	0	null	0	0	null	null	null	null	null	
2024/11/23 15:54:56.240	b135e9c82f3b5af8414a656ace8a78c8d45a7834	Windows 11  (10.0.22631) 64bit (Editor)	True	null	null	null	null	null	null	None	0	null	0	0	null	null	null	null	null	
2024/11/23 15:54:56.248	b135e9c82f3b5af8414a656ace8a78c8d45a7834	Windows 11  (10.0.22631) 64bit (Editor)	True	null	null	null	null	null	null	None	0	null	0	0	null	null	null	null	null	
2024/11/23 15:54:56.256	b135e9c82f3b5af8414a656ace8a78c8d45a7834	Windows 11  (10.0.22631) 64bit (Editor)	True	null	null	null	null	null	null	None	0	null	0	0	null	null	null	null	null	
2024/11/23 15:54:56.264	b135e9c82f3b5af8414a656ace8a78c8d45a7834	Windows 11  (10.0.22631) 64bit (Editor)	True	null	null	null	null	null	null	None	0	null	0	0	null	null	null	null	null	
2024/11/23 15:54:56.272	b135e9c82f3b5af8414a656ace8a78c8d45a7834	Windows 11  (10.0.22631) 64bit (Editor)	True	null	null	null	null	null	null	None	0	null	0	0	null	null	null	null	null	
2024/11/23 15:54:56.280	b135e9c82f3b5af8414a656ace8a78c8d45a7834	Windows 11  (10.0.22631) 64bit (Editor)	True	null	null	null	null	null	null	None	0	null	0	0	null	null	null	null	null	
2024/11/23 15:54:56.288	b135e9c82f3b5af8414a656ace8a78c8d45a7834	Windows 11  (10.0.22631) 64bit (Editor)	True	null	null	null	null	null	null	None	0	null	0	0	null	null	null	null	null	
2024/11/23 15:54:56.296	b135e9c82f3b5af8414a656ace8a78c8d45a7834	Windows 11  (10.0.22631) 64bit (Editor)	True	null	null	null	null	null	null	None	0	null	0	0	null	null	null	null	null	
2024/11/23 15:54:56.306	b135e9c82f3b5af8414a656ace8a78c8d45a7834	Windows 11  (10.0.22631) 64bit (Editor)	True	null	null	null	null	null	null	None	0	null	0	0	null	null	null	null	null	
2024/11/23 15:54:56.323	b135e9c82f3b5af8414a656ace8a78c8d45a7834	Windows 11  (10.0.22631) 64bit (Editor)	True	null	null	null	null	null	null	None	0	null	0	0	null	null	null	null	null	
2024/11/23 15:54:56.331	b135e9c82f3b5af8414a656ace8a78c8d45a7834	Windows 11  (10.0.22631) 64bit (Editor)	True	null	null	null	null	null	null	None	0	null	0	0	null	null	null	null	null	
2024/11/23 15:54:56.341	b135e9c82f3b5af8414a656ace8a78c8d45a7834	Windows 11  (10.0.22631) 64bit (Editor)	True	null	null	null	null	null	null	None	0	null	0	0	null	null	null	null	null	
2024/11/23 15:54:56.347	b135e9c82f3b5af8414a656ace8a78c8d45a7834	Windows 11  (10.0.22631) 64bit (Editor)	True	null	null	null	null	null	null	None	0	null	0	0	null	null	null	null	null	
2024/11/23 15:54:56.356	b135e9c82f3b5af8414a656ace8a78c8d45a7834	Windows 11  (10.0.22631) 64bit (Editor)	True	null	null	null	null	null	null	None	0	null	0	0	null	null	null	null	null	
2024/11/23 15:54:56.362	b135e9c82f3b5af8414a656ace8a78c8d45a7834	Windows 11  (10.0.22631) 64bit (Editor)	True	null	null	null	null	null	null	None	0	null	0	0	null	null	null	null	null	
2024/11/23 15:54:56.371	b135e9c82f3b5af8414a656ace8a78c8d45a7834	Windows 11  (10.0.22631) 64bit (Editor)	True	null	null	null	null	null	null	None	0	null	0	0	null	null	null	null	null	
2024/11/23 15:54:56.377	b135e9c82f3b5af8414a656ace8a78c8d45a7834	Windows 11  (10.0.22631) 64bit (Editor)	True	null	null	null	null	null	null	None	0	null	0	0	null	null	null	null	null	
2024/11/23 15:54:56.385	b135e9c82f3b5af8414a656ace8a78c8d45a7834	Windows 11  (10.0.22631) 64bit (Editor)	True	null	null	null	null	null	null	None	0	null	0	0	null	null	null	null	null	
2024/11/23 15:54:56.393	b135e9c82f3b5af8414a656ace8a78c8d45a7834	Windows 11  (10.0.22631) 64bit (Editor)	True	null	null	null	null	null	null	None	0	null	0	0	null	null	null	null	null	
2024/11/23 15:54:56.401	b135e9c82f3b5af8414a656ace8a78c8d45a7834	Windows 11  (10.0.22631) 64bit (Editor)	True	null	null	null	null	null	null	None	0	null	0	0	null	null	null	null	null	
2024/11/23 15:54:56.407	b135e9c82f3b5af8414a656ace8a78c8d45a7834	Windows 11  (10.0.22631) 64bit (Editor)	True	null	null	null	null	null	null	None	0	null	0	0	null	null	null	null	null	
2024/11/23 15:54:56.415	b135e9c82f3b5af8414a656ace8a78c8d45a7834	Windows 11  (10.0.22631) 64bit (Editor)	True	null	null	null	null	null	null	None	0	null	0	0	null	null	null	null	null	
2024/11/23 15:54:56.422	b135e9c82f3b5af8414a656ace8a78c8d45a7834	Windows 11  (10.0.22631) 64bit (Editor)	True	null	null	null	null	null	null	None	0	null	0	0	null	null	null	null	null	
2024/11/23 15:54:56.430	b135e9c82f3b5af8414a656ace8a78c8d45a7834	Windows 11  (10.0.22631) 64bit (Editor)	True	null	null	null	null	null	null	None	0	null	0	0	null	null	null	null	null	
2024/11/23 15:54:56.437	b135e9c82f3b5af8414a656ace8a78c8d45a7834	Windows 11  (10.0.22631) 64bit (Editor)	True	null	null	null	null	null	null	None	0	null	0	0	null	null	null	null	null	
2024/11/23 15:54:56.445	b135e9c82f3b5af8414a656ace8a78c8d45a7834	Windows 11  (10.0.22631) 64bit (Editor)	True	null	null	null	null	null	null	None	0	null	0	0	null	null	null	null	null	
2024/11/23 15:54:56.452	b135e9c82f3b5af8414a656ace8a78c8d45a7834	Windows 11  (10.0.22631) 64bit (Editor)	True	null	null	null	null	null	null	None	0	null	0	0	null	null	null	null	null	
2024/11/23 15:54:56.459	b135e9c82f3b5af8414a656ace8a78c8d45a7834	Windows 11  (10.0.22631) 64bit (Editor)	True	null	null	null	null	null	null	None	0	null	0	0	null	null	null	null	null	
2024/11/23 15:54:56.476	b135e9c82f3b5af8414a656ace8a78c8d45a7834	Windows 11  (10.0.22631) 64bit (Editor)	True	null	null	null	null	null	null	None	0	null	0	0	null	null	null	null	null	
2024/11/23 15:54:56.484	b135e9c82f3b5af8414a656ace8a78c8d45a7834	Windows 11  (10.0.22631) 64bit (Editor)	True	null	null	null	null	null	null	None	0	null	0	0	null	null	null	null	null	
2024/11/23 15:54:56.493	b135e9c82f3b5af8414a656ace8a78c8d45a7834	Windows 11  (10.0.22631) 64bit (Editor)	True	null	null	null	null	null	null	None	0	null	0	0	null	null	null	null	null	
2024/11/23 15:54:56.500	b135e9c82f3b5af8414a656ace8a78c8d45a7834	Windows 11  (10.0.22631) 64bit (Editor)	True	null	null	null	null	null	null	None	0	null	0	0	null	null	null	null	null	
2024/11/23 15:54:56.507	b135e9c82f3b5af8414a656ace8a78c8d45a7834	Windows 11  (10.0.22631) 64bit (Editor)	True	null	null	null	null	null	null	None	0	null	0	0	null	null	null	null	null	
2024/11/23 15:54:56.514	b135e9c82f3b5af8414a656ace8a78c8d45a7834	Windows 11  (10.0.22631) 64bit (Editor)	True	null	null	null	null	null	null	None	0	null	0	0	null	null	null	null	null	
2024/11/23 15:54:56.523	b135e9c82f3b5af8414a656ace8a78c8d45a7834	Windows 11  (10.0.22631) 64bit (Editor)	True	null	null	null	null	null	null	None	0	null	0	0	null	null	null	null	null	
2024/11/23 15:54:56.530	b135e9c82f3b5af8414a656ace8a78c8d45a7834	Windows 11  (10.0.22631) 64bit (Editor)	True	null	null	null	null	null	null	None	0	null	0	0	null	null	null	null	null	
2024/11/23 15:54:56.538	b135e9c82f3b5af8414a656ace8a78c8d45a7834	Windows 11  (10.0.22631) 64bit (Editor)	True	null	null	null	null	null	null	None	0	null	0	0	null	null	null	null	null	
2024/11/23 15:54:56.544	b135e9c82f3b5af8414a656ace8a78c8d45a7834	Windows 11  (10.0.22631) 64bit (Editor)	True	null	null	null	null	null	null	None	0	null	0	0	null	null	null	null	null	
2024/11/23 15:54:56.553	b135e9c82f3b5af8414a656ace8a78c8d45a7834	Windows 11  (10.0.22631) 64bit (Editor)	True	null	null	null	null	null	null	None	0	null	0	0	null	null	null	null	null	
2024/11/23 15:54:56.560	b135e9c82f3b5af8414a656ace8a78c8d45a7834	Windows 11  (10.0.22631) 64bit (Editor)	True	null	null	null	null	null	null	None	0	null	0	0	null	null	null	null	null	
2024/11/23 15:54:56.566	b135e9c82f3b5af8414a656ace8a78c8d45a7834	Windows 11  (10.0.22631) 64bit (Editor)	True	null	null	null	null	null	null	None	0	null	0	0	null	null	null	null	null	
2024/11/23 15:54:56.575	b135e9c82f3b5af8414a656ace8a78c8d45a7834	Windows 11  (10.0.22631) 64bit (Editor)	True	null	null	null	null	null	null	None	0	null	0	0	null	null	null	null	null	
2024/11/23 15:54:56.582	b135e9c82f3b5af8414a656ace8a78c8d45a7834	Windows 11  (10.0.22631) 64bit (Editor)	True	null	null	null	null	null	null	None	0	null	0	0	null	null	null	null	null	
2024/11/23 15:54:56.589	b135e9c82f3b5af8414a656ace8a78c8d45a7834	Windows 11  (10.0.22631) 64bit (Editor)	True	null	null	null	null	null	null	None	0	null	0	0	null	null	null	null	null	
2024/11/23 15:54:56.596	b135e9c82f3b5af8414a656ace8a78c8d45a7834	Windows 11  (10.0.22631) 64bit (Editor)	True	null	null	null	null	null	null	None	0	null	0	0	null	null	null	null	null	
2024/11/23 15:54:56.604	b135e9c82f3b5af8414a656ace8a78c8d45a7834	Windows 11  (10.0.22631) 64bit (Editor)	True	null	null	null	null	null	null	None	0	null	0	0	null	null	null	null	null	
2024/11/23 15:54:56.611	b135e9c82f3b5af8414a656ace8a78c8d45a7834	Windows 11  (10.0.22631) 64bit (Editor)	True	null	null	null	null	null	null	None	0	null	0	0	null	null	null	null	null	
2024/11/23 15:54:56.627	b135e9c82f3b5af8414a656ace8a78c8d45a7834	Windows 11  (10.0.22631) 64bit (Editor)	True	null	null	null	null	null	null	None	0	null	0	0	null	null	null	null	null	
2024/11/23 15:54:56.636	b135e9c82f3b5af8414a656ace8a78c8d45a7834	Windows 11  (10.0.22631) 64bit (Editor)	True	null	null	null	null	null	null	None	0	null	0	0	null	null	null	null	null	
2024/11/23 15:54:56.642	b135e9c82f3b5af8414a656ace8a78c8d45a7834	Windows 11  (10.0.22631) 64bit (Editor)	True	null	null	null	null	null	null	None	0	null	0	0	null	null	null	null	null	
2024/11/23 15:54:56.651	b135e9c82f3b5af8414a656ace8a78c8d45a7834	Windows 11  (10.0.22631) 64bit (Editor)	True	null	null	null	null	null	null	None	0	null	0	0	null	null	null	null	null	
2024/11/23 15:54:56.659	b135e9c82f3b5af8414a656ace8a78c8d45a7834	Windows 11  (10.0.22631) 64bit (Editor)	True	null	null	null	null	null	null	None	0	null	0	0	null	null	null	null	null	
2024/11/23 15:54:56.667	b135e9c82f3b5af8414a656ace8a78c8d45a7834	Windows 11  (10.0.22631) 64bit (Editor)	True	null	null	null	null	null	null	None	0	null	0	0	null	null	null	null	null	
2024/11/23 15:54:56.675	b135e9c82f3b5af8414a656ace8a78c8d45a7834	Windows 11  (10.0.22631) 64bit (Editor)	True	null	null	null	null	null	null	None	0	null	0	0	null	null	null	null	null	
2024/11/23 15:54:56.684	b135e9c82f3b5af8414a656ace8a78c8d45a7834	Windows 11  (10.0.22631) 64bit (Editor)	True	null	null	null	null	null	null	None	0	null	0	0	null	null	null	null	null	
2024/11/23 15:54:56.691	b135e9c82f3b5af8414a656ace8a78c8d45a7834	Windows 11  (10.0.22631) 64bit (Editor)	True	null	null	null	null	null	null	None	0	null	0	0	null	null	null	null	null	
2024/11/23 15:54:56.699	b135e9c82f3b5af8414a656ace8a78c8d45a7834	Windows 11  (10.0.22631) 64bit (Editor)	True	null	null	null	null	null	null	None	0	null	0	0	null	null	null	null	null	
2024/11/23 15:54:56.706	b135e9c82f3b5af8414a656ace8a78c8d45a7834	Windows 11  (10.0.22631) 64bit (Editor)	True	null	null	null	null	null	null	None	0	null	0	0	null	null	null	null	null	
2024/11/23 15:54:56.714	b135e9c82f3b5af8414a656ace8a78c8d45a7834	Windows 11  (10.0.22631) 64bit (Editor)	True	null	null	null	null	null	null	None	0	null	0	0	null	null	null	null	null	
2024/11/23 15:54:56.722	b135e9c82f3b5af8414a656ace8a78c8d45a7834	Windows 11  (10.0.22631) 64bit (Editor)	True	null	null	null	null	null	null	None	0	null	0	0	null	null	null	null	null	
2024/11/23 15:54:56.729	b135e9c82f3b5af8414a656ace8a78c8d45a7834	Windows 11  (10.0.22631) 64bit (Editor)	True	null	null	null	null	null	null	None	0	null	0	0	null	null	null	null	null	
2024/11/23 15:54:56.736	b135e9c82f3b5af8414a656ace8a78c8d45a7834	Windows 11  (10.0.22631) 64bit (Editor)	True	null	null	null	null	null	null	None	0	null	0	0	null	null	null	null	null	
2024/11/23 15:54:56.748	b135e9c82f3b5af8414a656ace8a78c8d45a7834	Windows 11  (10.0.22631) 64bit (Editor)	True	null	null	null	null	null	null	None	0	null	0	0	null	null	null	null	null	
2024/11/23 15:54:56.758	b135e9c82f3b5af8414a656ace8a78c8d45a7834	Windows 11  (10.0.22631) 64bit (Editor)	True	null	null	null	null	null	null	None	0	null	0	0	null	null	null	null	null	
2024/11/23 15:54:56.766	b135e9c82f3b5af8414a656ace8a78c8d45a7834	Windows 11  (10.0.22631) 64bit (Editor)	True	null	null	null	null	null	null	None	0	null	0	0	null	null	null	null	null	
2024/11/23 15:54:56.784	b135e9c82f3b5af8414a656ace8a78c8d45a7834	Windows 11  (10.0.22631) 64bit (Editor)	True	null	null	null	null	null	null	None	0	null	0	0	null	null	null	null	null	
2024/11/23 15:54:56.793	b135e9c82f3b5af8414a656ace8a78c8d45a7834	Windows 11  (10.0.22631) 64bit (Editor)	True	null	null	null	null	null	null	None	0	null	0	0	null	null	null	null	null	
2024/11/23 15:54:56.800	b135e9c82f3b5af8414a656ace8a78c8d45a7834	Windows 11  (10.0.22631) 64bit (Editor)	True	null	null	null	null	null	null	None	0	null	0	0	null	null	null	null	null	
2024/11/23 15:54:56.810	b135e9c82f3b5af8414a656ace8a78c8d45a7834	Windows 11  (10.0.22631) 64bit (Editor)	True	null	null	null	null	null	null	None	0	null	0	0	null	null	null	null	null	
2024/11/23 15:54:56.817	b135e9c82f3b5af8414a656ace8a78c8d45a7834	Windows 11  (10.0.22631) 64bit (Editor)	True	null	null	null	null	null	null	None	0	null	0	0	null	null	null	null	null	
2024/11/23 15:54:56.824	b135e9c82f3b5af8414a656ace8a78c8d45a7834	Windows 11  (10.0.22631) 64bit (Editor)	True	null	null	null	null	null	null	None	0	null	0	0	null	null	null	null	null	
2024/11/23 15:54:56.832	b135e9c82f3b5af8414a656ace8a78c8d45a7834	Windows 11  (10.0.22631) 64bit (Editor)	True	null	null	null	null	null	null	None	0	null	0	0	null	null	null	null	null	
2024/11/23 15:54:56.840	b135e9c82f3b5af8414a656ace8a78c8d45a7834	Windows 11  (10.0.22631) 64bit (Editor)	True	null	null	null	null	null	null	None	0	null	0	0	null	null	null	null	null	
2024/11/23 15:54:56.846	b135e9c82f3b5af8414a656ace8a78c8d45a7834	Windows 11  (10.0.22631) 64bit (Editor)	True	null	null	null	null	null	null	None	0	null	0	0	null	null	null	null	null	
2024/11/23 15:54:56.855	b135e9c82f3b5af8414a656ace8a78c8d45a7834	Windows 11  (10.0.22631) 64bit (Editor)	True	null	null	null	null	null	null	None	0	null	0	0	null	null	null	null	null	
2024/11/23 15:54:56.861	b135e9c82f3b5af8414a656ace8a78c8d45a7834	Windows 11  (10.0.22631) 64bit (Editor)	True	null	null	null	null	null	null	None	0	null	0	0	null	null	null	null	null	
2024/11/23 15:54:56.870	b135e9c82f3b5af8414a656ace8a78c8d45a7834	Windows 11  (10.0.22631) 64bit (Editor)	True	null	null	null	null	null	null	None	0	null	0	0	null	null	null	null	null	
2024/11/23 15:54:56.876	b135e9c82f3b5af8414a656ace8a78c8d45a7834	Windows 11  (10.0.22631) 64bit (Editor)	True	null	null	null	null	null	null	None	0	null	0	0	null	null	null	null	null	
2024/11/23 15:54:56.884	b135e9c82f3b5af8414a656ace8a78c8d45a7834	Windows 11  (10.0.22631) 64bit (Editor)	True	null	null	null	null	null	null	None	0	null	0	0	null	null	null	null	null	
2024/11/23 15:54:56.892	b135e9c82f3b5af8414a656ace8a78c8d45a7834	Windows 11  (10.0.22631) 64bit (Editor)	True	null	null	null	null	null	null	None	0	null	0	0	null	null	null	null	null	
2024/11/23 15:54:56.900	b135e9c82f3b5af8414a656ace8a78c8d45a7834	Windows 11  (10.0.22631) 64bit (Editor)	True	null	null	null	null	null	null	None	0	null	0	0	null	null	null	null	null	
2024/11/23 15:54:56.907	b135e9c82f3b5af8414a656ace8a78c8d45a7834	Windows 11  (10.0.22631) 64bit (Editor)	True	null	null	null	null	null	null	None	0	null	0	0	null	null	null	null	null	
2024/11/23 15:54:56.915	b135e9c82f3b5af8414a656ace8a78c8d45a7834	Windows 11  (10.0.22631) 64bit (Editor)	True	null	null	null	null	null	null	None	0	null	0	0	null	null	null	null	null	
2024/11/23 15:54:56.923	b135e9c82f3b5af8414a656ace8a78c8d45a7834	Windows 11  (10.0.22631) 64bit (Editor)	True	null	null	null	null	null	null	None	0	null	0	0	null	null	null	null	null	
2024/11/23 15:54:56.939	b135e9c82f3b5af8414a656ace8a78c8d45a7834	Windows 11  (10.0.22631) 64bit (Editor)	True	null	null	null	null	null	null	None	0	null	0	0	null	null	null	null	null	
2024/11/23 15:54:56.947	b135e9c82f3b5af8414a656ace8a78c8d45a7834	Windows 11  (10.0.22631) 64bit (Editor)	True	null	null	null	null	null	null	None	0	null	0	0	null	null	null	null	null	
2024/11/23 15:54:56.955	b135e9c82f3b5af8414a656ace8a78c8d45a7834	Windows 11  (10.0.22631) 64bit (Editor)	True	null	null	null	null	null	null	None	0	null	0	0	null	null	null	null	null	
2024/11/23 15:54:56.964	b135e9c82f3b5af8414a656ace8a78c8d45a7834	Windows 11  (10.0.22631) 64bit (Editor)	True	null	null	null	null	null	null	None	0	null	0	0	null	null	null	null	null	
2024/11/23 15:54:56.972	b135e9c82f3b5af8414a656ace8a78c8d45a7834	Windows 11  (10.0.22631) 64bit (Editor)	True	null	null	null	null	null	null	None	0	null	0	0	null	null	null	null	null	
2024/11/23 15:54:56.979	b135e9c82f3b5af8414a656ace8a78c8d45a7834	Windows 11  (10.0.22631) 64bit (Editor)	True	null	null	null	null	null	null	None	0	null	0	0	null	null	null	null	null	
2024/11/23 15:54:56.987	b135e9c82f3b5af8414a656ace8a78c8d45a7834	Windows 11  (10.0.22631) 64bit (Editor)	True	null	null	null	null	null	null	None	0	null	0	0	null	null	null	null	null	
2024/11/23 15:54:56.995	b135e9c82f3b5af8414a656ace8a78c8d45a7834	Windows 11  (10.0.22631) 64bit (Editor)	True	null	null	null	null	null	null	None	0	null	0	0	null	null	null	null	null	
2024/11/23 15:54:57.003	b135e9c82f3b5af8414a656ace8a78c8d45a7834	Windows 11  (10.0.22631) 64bit (Editor)	True	null	null	null	null	null	null	None	0	null	0	0	null	null	null	null	null	
2024/11/23 15:54:57.012	b135e9c82f3b5af8414a656ace8a78c8d45a7834	Windows 11  (10.0.22631) 64bit (Editor)	True	null	null	null	null	null	null	None	0	null	0	0	null	null	null	null	null	
2024/11/23 15:54:57.019	b135e9c82f3b5af8414a656ace8a78c8d45a7834	Windows 11  (10.0.22631) 64bit (Editor)	True	null	null	null	null	null	null	None	0	null	0	0	null	null	null	null	null	
2024/11/23 15:54:57.027	b135e9c82f3b5af8414a656ace8a78c8d45a7834	Windows 11  (10.0.22631) 64bit (Editor)	True	null	null	null	null	null	null	None	0	null	0	0	null	null	null	null	null	
2024/11/23 15:54:57.035	b135e9c82f3b5af8414a656ace8a78c8d45a7834	Windows 11  (10.0.22631) 64bit (Editor)	True	null	null	null	null	null	null	None	0	null	0	0	null	null	null	null	null	
2024/11/23 15:54:57.043	b135e9c82f3b5af8414a656ace8a78c8d45a7834	Windows 11  (10.0.22631) 64bit (Editor)	True	null	null	null	null	null	null	None	0	null	0	0	null	null	null	null	null	
2024/11/23 15:54:57.050	b135e9c82f3b5af8414a656ace8a78c8d45a7834	Windows 11  (10.0.22631) 64bit (Editor)	True	null	null	null	null	null	null	None	0	null	0	0	null	null	null	null	null	
2024/11/23 15:54:57.057	b135e9c82f3b5af8414a656ace8a78c8d45a7834	Windows 11  (10.0.22631) 64bit (Editor)	True	null	null	null	null	null	null	None	0	null	0	0	null	null	null	null	null	
2024/11/23 15:54:57.064	b135e9c82f3b5af8414a656ace8a78c8d45a7834	Windows 11  (10.0.22631) 64bit (Editor)	True	null	null	null	null	null	null	None	0	null	0	0	null	null	null	null	null	
2024/11/23 15:54:57.071	b135e9c82f3b5af8414a656ace8a78c8d45a7834	Windows 11  (10.0.22631) 64bit (Editor)	True	null	null	null	null	null	null	None	0	null	0	0	null	null	null	null	null	
2024/11/23 15:54:57.078	b135e9c82f3b5af8414a656ace8a78c8d45a7834	Windows 11  (10.0.22631) 64bit (Editor)	True	null	null	null	null	null	null	None	0	null	0	0	null	null	null	null	null	
2024/11/23 15:54:57.095	b135e9c82f3b5af8414a656ace8a78c8d45a7834	Windows 11  (10.0.22631) 64bit (Editor)	True	null	null	null	null	null	null	None	0	null	0	0	null	null	null	null	null	
2024/11/23 15:54:57.104	b135e9c82f3b5af8414a656ace8a78c8d45a7834	Windows 11  (10.0.22631) 64bit (Editor)	True	null	null	null	null	null	null	None	0	null	0	0	null	null	null	null	null	
2024/11/23 15:54:57.112	b135e9c82f3b5af8414a656ace8a78c8d45a7834	Windows 11  (10.0.22631) 64bit (Editor)	True	null	null	null	null	null	null	None	0	null	0	0	null	null	null	null	null	
2024/11/23 15:54:57.120	b135e9c82f3b5af8414a656ace8a78c8d45a7834	Windows 11  (10.0.22631) 64bit (Editor)	True	null	null	null	null	null	null	None	0	null	0	0	null	null	null	null	null	
2024/11/23 15:54:57.127	b135e9c82f3b5af8414a656ace8a78c8d45a7834	Windows 11  (10.0.22631) 64bit (Editor)	True	null	null	null	null	null	null	None	0	null	0	0	null	null	null	null	null	
2024/11/23 15:54:57.135	b135e9c82f3b5af8414a656ace8a78c8d45a7834	Windows 11  (10.0.22631) 64bit (Editor)	True	null	null	null	null	null	null	None	0	null	0	0	null	null	null	null	null	
2024/11/23 15:54:57.143	b135e9c82f3b5af8414a656ace8a78c8d45a7834	Windows 11  (10.0.22631) 64bit (Editor)	True	null	null	null	null	null	null	None	0	null	0	0	null	null	null	null	null	
2024/11/23 15:54:57.151	b135e9c82f3b5af8414a656ace8a78c8d45a7834	Windows 11  (10.0.22631) 64bit (Editor)	True	null	null	null	null	null	null	None	0	null	0	0	null	null	null	null	null	
2024/11/23 15:54:57.158	b135e9c82f3b5af8414a656ace8a78c8d45a7834	Windows 11  (10.0.22631) 64bit (Editor)	True	null	null	null	null	null	null	None	0	null	0	0	null	null	null	null	null	
2024/11/23 15:54:57.174	b135e9c82f3b5af8414a656ace8a78c8d45a7834	Windows 11  (10.0.22631) 64bit (Editor)	True	null	null	null	null	null	null	None	0	null	0	0	null	null	null	null	null	
2024/11/23 15:54:57.183	b135e9c82f3b5af8414a656ace8a78c8d45a7834	Windows 11  (10.0.22631) 64bit (Editor)	True	null	null	null	null	null	null	None	0	null	0	0	null	null	null	null	null	
2024/11/23 15:54:57.192	b135e9c82f3b5af8414a656ace8a78c8d45a7834	Windows 11  (10.0.22631) 64bit (Editor)	True	null	null	null	null	null	null	None	0	null	0	0	null	null	null	null	null	
2024/11/23 15:54:57.200	b135e9c82f3b5af8414a656ace8a78c8d45a7834	Windows 11  (10.0.22631) 64bit (Editor)	True	null	null	null	null	null	null	None	0	null	0	0	null	null	null	null	null	
2024/11/23 15:54:57.211	b135e9c82f3b5af8414a656ace8a78c8d45a7834	Windows 11  (10.0.22631) 64bit (Editor)	True	null	null	null	null	null	null	None	0	null	0	0	null	null	null	null	null	
2024/11/23 15:54:57.219	b135e9c82f3b5af8414a656ace8a78c8d45a7834	Windows 11  (10.0.22631) 64bit (Editor)	True	null	null	null	null	null	null	None	0	null	0	0	null	null	null	null	null	
2024/11/23 15:54:57.228	b135e9c82f3b5af8414a656ace8a78c8d45a7834	Windows 11  (10.0.22631) 64bit (Editor)	True	null	null	null	null	null	null	None	0	null	0	0	null	null	null	null	null	
2024/11/23 15:54:57.236	b135e9c82f3b5af8414a656ace8a78c8d45a7834	Windows 11  (10.0.22631) 64bit (Editor)	True	null	null	null	null	null	null	None	0	null	0	0	null	null	null	null	null	
2024/11/23 15:54:57.258	b135e9c82f3b5af8414a656ace8a78c8d45a7834	Windows 11  (10.0.22631) 64bit (Editor)	True	null	null	null	null	null	null	None	0	null	0	0	null	null	null	null	null	
2024/11/23 15:54:57.269	b135e9c82f3b5af8414a656ace8a78c8d45a7834	Windows 11  (10.0.22631) 64bit (Editor)	True	null	null	null	null	null	null	None	0	null	0	0	null	null	null	null	null	
2024/11/23 15:54:57.279	b135e9c82f3b5af8414a656ace8a78c8d45a7834	Windows 11  (10.0.22631) 64bit (Editor)	True	null	null	null	null	null	null	None	0	null	0	0	null	null	null	null	null	
2024/11/23 15:54:57.289	b135e9c82f3b5af8414a656ace8a78c8d45a7834	Windows 11  (10.0.22631) 64bit (Editor)	True	null	null	null	null	null	null	None	0	null	0	0	null	null	null	null	null	
2024/11/23 15:54:57.297	b135e9c82f3b5af8414a656ace8a78c8d45a7834	Windows 11  (10.0.22631) 64bit (Editor)	True	null	null	null	null	null	null	None	0	null	0	0	null	null	null	null	null	
2024/11/23 15:54:57.306	b135e9c82f3b5af8414a656ace8a78c8d45a7834	Windows 11  (10.0.22631) 64bit (Editor)	True	null	null	null	null	null	null	None	0	null	0	0	null	null	null	null	null	
2024/11/23 15:54:57.315	b135e9c82f3b5af8414a656ace8a78c8d45a7834	Windows 11  (10.0.22631) 64bit (Editor)	True	null	null	null	null	null	null	None	0	null	0	0	null	null	null	null	null	
2024/11/23 15:54:57.323	b135e9c82f3b5af8414a656ace8a78c8d45a7834	Windows 11  (10.0.22631) 64bit (Editor)	True	null	null	null	null	null	null	None	0	null	0	0	null	null	null	null	null	
2024/11/23 15:54:57.331	b135e9c82f3b5af8414a656ace8a78c8d45a7834	Windows 11  (10.0.22631) 64bit (Editor)	True	null	null	null	null	null	null	None	0	null	0	0	null	null	null	null	null	
2024/11/23 15:54:57.338	b135e9c82f3b5af8414a656ace8a78c8d45a7834	Windows 11  (10.0.22631) 64bit (Editor)	True	null	null	null	null	null	null	None	0	null	0	0	null	null	null	null	null	
2024/11/23 15:54:57.349	b135e9c82f3b5af8414a656ace8a78c8d45a7834	Windows 11  (10.0.22631) 64bit (Editor)	True	null	null	null	null	null	null	None	0	null	0	0	null	null	null	null	null	
2024/11/23 15:54:57.356	b135e9c82f3b5af8414a656ace8a78c8d45a7834	Windows 11  (10.0.22631) 64bit (Editor)	True	null	null	null	null	null	null	None	0	null	0	0	null	null	null	null	null	
2024/11/23 15:54:57.363	b135e9c82f3b5af8414a656ace8a78c8d45a7834	Windows 11  (10.0.22631) 64bit (Editor)	True	null	null	null	null	null	null	None	0	null	0	0	null	null	null	null	null	
2024/11/23 15:54:57.371	b135e9c82f3b5af8414a656ace8a78c8d45a7834	Windows 11  (10.0.22631) 64bit (Editor)	True	null	null	null	null	null	null	None	0	null	0	0	null	null	null	null	null	
2024/11/23 15:54:57.378	b135e9c82f3b5af8414a656ace8a78c8d45a7834	Windows 11  (10.0.22631) 64bit (Editor)	True	null	null	null	null	null	null	None	0	null	0	0	null	null	null	null	null	
2024/11/23 15:54:57.384	b135e9c82f3b5af8414a656ace8a78c8d45a7834	Windows 11  (10.0.22631) 64bit (Editor)	True	null	null	null	null	null	null	None	0	null	0	0	null	null	null	null	null	
2024/11/23 15:54:57.390	b135e9c82f3b5af8414a656ace8a78c8d45a7834	Windows 11  (10.0.22631) 64bit (Editor)	True	null	null	null	null	null	null	None	0	null	0	0	null	null	null	null	null	
2024/11/23 15:54:57.407	b135e9c82f3b5af8414a656ace8a78c8d45a7834	Windows 11  (10.0.22631) 64bit (Editor)	True	null	null	null	null	null	null	None	0	null	0	0	null	null	null	null	null	
2024/11/23 15:54:57.417	b135e9c82f3b5af8414a656ace8a78c8d45a7834	Windows 11  (10.0.22631) 64bit (Editor)	True	null	null	null	null	null	null	None	0	null	0	0	null	null	null	null	null	
2024/11/23 15:54:57.424	b135e9c82f3b5af8414a656ace8a78c8d45a7834	Windows 11  (10.0.22631) 64bit (Editor)	True	null	null	null	null	null	null	None	0	null	0	0	null	null	null	null	null	
2024/11/23 15:54:57.432	b135e9c82f3b5af8414a656ace8a78c8d45a7834	Windows 11  (10.0.22631) 64bit (Editor)	True	null	null	null	null	null	null	None	0	null	0	0	null	null	null	null	null	
2024/11/23 15:54:57.439	b135e9c82f3b5af8414a656ace8a78c8d45a7834	Windows 11  (10.0.22631) 64bit (Editor)	True	null	null	null	null	null	null	None	0	null	0	0	null	null	null	null	null	
2024/11/23 15:54:57.446	b135e9c82f3b5af8414a656ace8a78c8d45a7834	Windows 11  (10.0.22631) 64bit (Editor)	True	null	null	null	null	null	null	None	0	null	0	0	null	null	null	null	null	
2024/11/23 15:54:57.455	b135e9c82f3b5af8414a656ace8a78c8d45a7834	Windows 11  (10.0.22631) 64bit (Editor)	True	null	null	null	null	null	null	None	0	null	0	0	null	null	null	null	null	
2024/11/23 15:54:57.463	b135e9c82f3b5af8414a656ace8a78c8d45a7834	Windows 11  (10.0.22631) 64bit (Editor)	True	null	null	null	null	null	null	None	0	null	0	0	null	null	null	null	null	
2024/11/23 15:54:57.471	b135e9c82f3b5af8414a656ace8a78c8d45a7834	Windows 11  (10.0.22631) 64bit (Editor)	True	null	null	null	null	null	null	None	0	null	0	0	null	null	null	null	null	
2024/11/23 15:54:57.479	b135e9c82f3b5af8414a656ace8a78c8d45a7834	Windows 11  (10.0.22631) 64bit (Editor)	True	null	null	null	null	null	null	None	0	null	0	0	null	null	null	null	null	
2024/11/23 15:54:57.488	b135e9c82f3b5af8414a656ace8a78c8d45a7834	Windows 11  (10.0.22631) 64bit (Editor)	True	null	null	null	null	null	null	None	0	null	0	0	null	null	null	null	null	
2024/11/23 15:54:57.496	b135e9c82f3b5af8414a656ace8a78c8d45a7834	Windows 11  (10.0.22631) 64bit (Editor)	True	null	null	null	null	null	null	None	0	null	0	0	null	null	null	null	null	
2024/11/23 15:54:57.503	b135e9c82f3b5af8414a656ace8a78c8d45a7834	Windows 11  (10.0.22631) 64bit (Editor)	True	null	null	null	null	null	null	None	0	null	0	0	null	null	null	null	null	
2024/11/23 15:54:57.511	b135e9c82f3b5af8414a656ace8a78c8d45a7834	Windows 11  (10.0.22631) 64bit (Editor)	True	null	null	null	null	null	null	None	0	null	0	0	null	null	null	null	null	
2024/11/23 15:54:57.520	b135e9c82f3b5af8414a656ace8a78c8d45a7834	Windows 11  (10.0.22631) 64bit (Editor)	True	null	null	null	null	null	null	None	0	null	0	0	null	null	null	null	null	
2024/11/23 15:54:57.527	b135e9c82f3b5af8414a656ace8a78c8d45a7834	Windows 11  (10.0.22631) 64bit (Editor)	True	null	null	null	null	null	null	None	0	null	0	0	null	null	null	null	null	
2024/11/23 15:54:57.536	b135e9c82f3b5af8414a656ace8a78c8d45a7834	Windows 11  (10.0.22631) 64bit (Editor)	True	null	null	null	null	null	null	None	0	null	0	0	null	null	null	null	null	
2024/11/23 15:54:57.543	b135e9c82f3b5af8414a656ace8a78c8d45a7834	Windows 11  (10.0.22631) 64bit (Editor)	True	null	null	null	null	null	null	None	0	null	0	0	null	null	null	null	null	
2024/11/23 15:54:57.562	b135e9c82f3b5af8414a656ace8a78c8d45a7834	Windows 11  (10.0.22631) 64bit (Editor)	True	null	null	null	null	null	null	None	0	null	0	0	null	null	null	null	null	
2024/11/23 15:54:57.572	b135e9c82f3b5af8414a656ace8a78c8d45a7834	Windows 11  (10.0.22631) 64bit (Editor)	True	null	null	null	null	null	null	None	0	null	0	0	null	null	null	null	null	
2024/11/23 15:54:57.580	b135e9c82f3b5af8414a656ace8a78c8d45a7834	Windows 11  (10.0.22631) 64bit (Editor)	True	null	null	null	null	null	null	None	0	null	0	0	null	null	null	null	null	
2024/11/23 15:54:57.588	b135e9c82f3b5af8414a656ace8a78c8d45a7834	Windows 11  (10.0.22631) 64bit (Editor)	True	null	null	null	null	null	null	None	0	null	0	0	null	null	null	null	null	
2024/11/23 15:54:57.595	b135e9c82f3b5af8414a656ace8a78c8d45a7834	Windows 11  (10.0.22631) 64bit (Editor)	True	null	null	null	null	null	null	None	0	null	0	0	null	null	null	null	null	
2024/11/23 15:54:57.605	b135e9c82f3b5af8414a656ace8a78c8d45a7834	Windows 11  (10.0.22631) 64bit (Editor)	True	null	null	null	null	null	null	None	0	null	0	0	null	null	null	null	null	
2024/11/23 15:54:57.615	b135e9c82f3b5af8414a656ace8a78c8d45a7834	Windows 11  (10.0.22631) 64bit (Editor)	True	null	null	null	null	null	null	None	0	null	0	0	null	null	null	null	null	
2024/11/23 15:54:57.623	b135e9c82f3b5af8414a656ace8a78c8d45a7834	Windows 11  (10.0.22631) 64bit (Editor)	True	null	null	null	null	null	null	None	0	null	0	0	null	null	null	null	null	
2024/11/23 15:54:57.631	b135e9c82f3b5af8414a656ace8a78c8d45a7834	Windows 11  (10.0.22631) 64bit (Editor)	True	null	null	null	null	null	null	None	0	null	0	0	null	null	null	null	null	
2024/11/23 15:54:57.639	b135e9c82f3b5af8414a656ace8a78c8d45a7834	Windows 11  (10.0.22631) 64bit (Editor)	True	null	null	null	null	null	null	None	0	null	0	0	null	null	null	null	null	
2024/11/23 15:54:57.647	b135e9c82f3b5af8414a656ace8a78c8d45a7834	Windows 11  (10.0.22631) 64bit (Editor)	True	null	null	null	null	null	null	None	0	null	0	0	null	null	null	null	null	
2024/11/23 15:54:57.657	b135e9c82f3b5af8414a656ace8a78c8d45a7834	Windows 11  (10.0.22631) 64bit (Editor)	True	null	null	null	null	null	null	None	0	null	0	0	null	null	null	null	null	
2024/11/23 15:54:57.666	b135e9c82f3b5af8414a656ace8a78c8d45a7834	Windows 11  (10.0.22631) 64bit (Editor)	True	null	null	null	null	null	null	None	0	null	0	0	null	null	null	null	null	
2024/11/23 15:54:57.676	b135e9c82f3b5af8414a656ace8a78c8d45a7834	Windows 11  (10.0.22631) 64bit (Editor)	True	null	null	null	null	null	null	None	0	null	0	0	null	null	null	null	null	
2024/11/23 15:54:57.683	b135e9c82f3b5af8414a656ace8a78c8d45a7834	Windows 11  (10.0.22631) 64bit (Editor)	True	null	null	null	null	null	null	None	0	null	0	0	null	null	null	null	null	
2024/11/23 15:54:57.692	b135e9c82f3b5af8414a656ace8a78c8d45a7834	Windows 11  (10.0.22631) 64bit (Editor)	True	null	null	null	null	null	null	None	0	null	0	0	null	null	null	null	null	
2024/11/23 15:54:57.699	b135e9c82f3b5af8414a656ace8a78c8d45a7834	Windows 11  (10.0.22631) 64bit (Editor)	True	null	null	null	null	null	null	None	0	null	0	0	null	null	null	null	null	
2024/11/23 15:54:57.722	b135e9c82f3b5af8414a656ace8a78c8d45a7834	Windows 11  (10.0.22631) 64bit (Editor)	True	null	null	null	null	null	null	None	0	null	0	0	null	null	null	null	null	
2024/11/23 15:54:57.730	b135e9c82f3b5af8414a656ace8a78c8d45a7834	Windows 11  (10.0.22631) 64bit (Editor)	True	null	null	null	null	null	null	None	0	null	0	0	null	null	null	null	null	
2024/11/23 15:54:57.737	b135e9c82f3b5af8414a656ace8a78c8d45a7834	Windows 11  (10.0.22631) 64bit (Editor)	True	null	null	null	null	null	null	None	0	null	0	0	null	null	null	null	null	
2024/11/23 15:54:57.744	b135e9c82f3b5af8414a656ace8a78c8d45a7834	Windows 11  (10.0.22631) 64bit (Editor)	True	null	null	null	null	null	null	None	0	null	0	0	null	null	null	null	null	
2024/11/23 15:54:57.751	b135e9c82f3b5af8414a656ace8a78c8d45a7834	Windows 11  (10.0.22631) 64bit (Editor)	True	null	null	null	null	null	null	None	0	null	0	0	null	null	null	null	null	
2024/11/23 15:54:57.760	b135e9c82f3b5af8414a656ace8a78c8d45a7834	Windows 11  (10.0.22631) 64bit (Editor)	True	null	null	null	null	null	null	None	0	null	0	0	null	null	null	null	null	
2024/11/23 15:54:57.768	b135e9c82f3b5af8414a656ace8a78c8d45a7834	Windows 11  (10.0.22631) 64bit (Editor)	True	null	null	null	null	null	null	None	0	null	0	0	null	null	null	null	null	
2024/11/23 15:54:57.776	b135e9c82f3b5af8414a656ace8a78c8d45a7834	Windows 11  (10.0.22631) 64bit (Editor)	True	null	null	null	null	null	null	None	0	null	0	0	null	null	null	null	null	
2024/11/23 15:54:57.784	b135e9c82f3b5af8414a656ace8a78c8d45a7834	Windows 11  (10.0.22631) 64bit (Editor)	True	null	null	null	null	null	null	None	0	null	0	0	null	null	null	null	null	
2024/11/23 15:54:57.792	b135e9c82f3b5af8414a656ace8a78c8d45a7834	Windows 11  (10.0.22631) 64bit (Editor)	True	null	null	null	null	null	null	None	0	null	0	0	null	null	null	null	null	
2024/11/23 15:54:57.800	b135e9c82f3b5af8414a656ace8a78c8d45a7834	Windows 11  (10.0.22631) 64bit (Editor)	True	null	null	null	null	null	null	None	0	null	0	0	null	null	null	null	null	
2024/11/23 15:54:57.806	b135e9c82f3b5af8414a656ace8a78c8d45a7834	Windows 11  (10.0.22631) 64bit (Editor)	True	null	null	null	null	null	null	None	0	null	0	0	null	null	null	null	null	
2024/11/23 15:54:57.813	b135e9c82f3b5af8414a656ace8a78c8d45a7834	Windows 11  (10.0.22631) 64bit (Editor)	True	null	null	null	null	null	null	None	0	null	0	0	null	null	null	null	null	
2024/11/23 15:54:57.820	b135e9c82f3b5af8414a656ace8a78c8d45a7834	Windows 11  (10.0.22631) 64bit (Editor)	True	null	null	null	null	null	null	None	0	null	0	0	null	null	null	null	null	
2024/11/23 15:54:57.826	b135e9c82f3b5af8414a656ace8a78c8d45a7834	Windows 11  (10.0.22631) 64bit (Editor)	True	null	null	null	null	null	null	None	0	null	0	0	null	null	null	null	null	
2024/11/23 15:54:57.836	b135e9c82f3b5af8414a656ace8a78c8d45a7834	Windows 11  (10.0.22631) 64bit (Editor)	True	null	null	null	null	null	null	None	0	null	0	0	null	null	null	null	null	
2024/11/23 15:54:57.842	b135e9c82f3b5af8414a656ace8a78c8d45a7834	Windows 11  (10.0.22631) 64bit (Editor)	True	null	null	null	null	null	null	None	0	null	0	0	null	null	null	null	null	
2024/11/23 15:54:57.848	b135e9c82f3b5af8414a656ace8a78c8d45a7834	Windows 11  (10.0.22631) 64bit (Editor)	True	null	null	null	null	null	null	None	0	null	0	0	null	null	null	null	null	
2024/11/23 15:54:57.855	b135e9c82f3b5af8414a656ace8a78c8d45a7834	Windows 11  (10.0.22631) 64bit (Editor)	True	null	null	null	null	null	null	None	0	null	0	0	null	null	null	null	null	
2024/11/23 15:54:57.872	b135e9c82f3b5af8414a656ace8a78c8d45a7834	Windows 11  (10.0.22631) 64bit (Editor)	True	null	null	null	null	null	null	None	0	null	0	0	null	null	null	null	null	
2024/11/23 15:54:57.879	b135e9c82f3b5af8414a656ace8a78c8d45a7834	Windows 11  (10.0.22631) 64bit (Editor)	True	null	null	null	null	null	null	None	0	null	0	0	null	null	null	null	null	
2024/11/23 15:54:57.887	b135e9c82f3b5af8414a656ace8a78c8d45a7834	Windows 11  (10.0.22631) 64bit (Editor)	True	null	null	null	null	null	null	None	0	null	0	0	null	null	null	null	null	
2024/11/23 15:54:57.895	b135e9c82f3b5af8414a656ace8a78c8d45a7834	Windows 11  (10.0.22631) 64bit (Editor)	True	null	null	null	null	null	null	None	0	null	0	0	null	null	null	null	null	
2024/11/23 15:54:57.903	b135e9c82f3b5af8414a656ace8a78c8d45a7834	Windows 11  (10.0.22631) 64bit (Editor)	True	null	null	null	null	null	null	None	0	null	0	0	null	null	null	null	null	
2024/11/23 15:54:57.909	b135e9c82f3b5af8414a656ace8a78c8d45a7834	Windows 11  (10.0.22631) 64bit (Editor)	True	null	null	null	null	null	null	None	0	null	0	0	null	null	null	null	null	
2024/11/23 15:54:57.917	b135e9c82f3b5af8414a656ace8a78c8d45a7834	Windows 11  (10.0.22631) 64bit (Editor)	True	null	null	null	null	null	null	None	0	null	0	0	null	null	null	null	null	
2024/11/23 15:54:57.925	b135e9c82f3b5af8414a656ace8a78c8d45a7834	Windows 11  (10.0.22631) 64bit (Editor)	True	null	null	null	null	null	null	None	0	null	0	0	null	null	null	null	null	
2024/11/23 15:54:57.937	b135e9c82f3b5af8414a656ace8a78c8d45a7834	Windows 11  (10.0.22631) 64bit (Editor)	True	null	null	null	null	null	null	None	0	null	0	0	null	null	null	null	null	
2024/11/23 15:54:57.946	b135e9c82f3b5af8414a656ace8a78c8d45a7834	Windows 11  (10.0.22631) 64bit (Editor)	True	null	null	null	null	null	null	None	0	null	0	0	null	null	null	null	null	
2024/11/23 15:54:57.953	b135e9c82f3b5af8414a656ace8a78c8d45a7834	Windows 11  (10.0.22631) 64bit (Editor)	True	null	null	null	null	null	null	None	0	null	0	0	null	null	null	null	null	
2024/11/23 15:54:57.961	b135e9c82f3b5af8414a656ace8a78c8d45a7834	Windows 11  (10.0.22631) 64bit (Editor)	True	null	null	null	null	null	null	None	0	null	0	0	null	null	null	null	null	
2024/11/23 15:54:57.968	b135e9c82f3b5af8414a656ace8a78c8d45a7834	Windows 11  (10.0.22631) 64bit (Editor)	True	null	null	null	null	null	null	None	0	null	0	0	null	null	null	null	null	
2024/11/23 15:54:57.979	b135e9c82f3b5af8414a656ace8a78c8d45a7834	Windows 11  (10.0.22631) 64bit (Editor)	True	null	null	null	null	null	null	None	0	null	0	0	null	null	null	null	null	
2024/11/23 15:54:57.987	b135e9c82f3b5af8414a656ace8a78c8d45a7834	Windows 11  (10.0.22631) 64bit (Editor)	True	null	null	null	null	null	null	None	0	null	0	0	null	null	null	null	null	
2024/11/23 15:54:57.995	b135e9c82f3b5af8414a656ace8a78c8d45a7834	Windows 11  (10.0.22631) 64bit (Editor)	True	null	null	null	null	null	null	None	0	null	0	0	null	null	null	null	null	
2024/11/23 15:54:58.005	b135e9c82f3b5af8414a656ace8a78c8d45a7834	Windows 11  (10.0.22631) 64bit (Editor)	True	null	null	null	null	null	null	None	0	null	0	0	null	null	null	null	null	
2024/11/23 15:54:58.014	b135e9c82f3b5af8414a656ace8a78c8d45a7834	Windows 11  (10.0.22631) 64bit (Editor)	True	null	null	null	null	null	null	None	0	null	0	0	null	null	null	null	null	
2024/11/23 15:54:58.039	b135e9c82f3b5af8414a656ace8a78c8d45a7834	Windows 11  (10.0.22631) 64bit (Editor)	True	null	null	null	null	null	null	None	0	null	0	0	null	null	null	null	null	
2024/11/23 15:54:58.047	b135e9c82f3b5af8414a656ace8a78c8d45a7834	Windows 11  (10.0.22631) 64bit (Editor)	True	null	null	null	null	null	null	None	0	null	0	0	null	null	null	null	null	
2024/11/23 15:54:58.057	b135e9c82f3b5af8414a656ace8a78c8d45a7834	Windows 11  (10.0.22631) 64bit (Editor)	True	null	null	null	null	null	null	None	0	null	0	0	null	null	null	null	null	
2024/11/23 15:54:58.065	b135e9c82f3b5af8414a656ace8a78c8d45a7834	Windows 11  (10.0.22631) 64bit (Editor)	True	null	null	null	null	null	null	None	0	null	0	0	null	null	null	null	null	
2024/11/23 15:54:58.074	b135e9c82f3b5af8414a656ace8a78c8d45a7834	Windows 11  (10.0.22631) 64bit (Editor)	True	null	null	null	null	null	null	None	0	null	0	0	null	null	null	null	null	
2024/11/23 15:54:58.083	b135e9c82f3b5af8414a656ace8a78c8d45a7834	Windows 11  (10.0.22631) 64bit (Editor)	True	null	null	null	null	null	null	None	0	null	0	0	null	null	null	null	null	
2024/11/23 15:54:58.092	b135e9c82f3b5af8414a656ace8a78c8d45a7834	Windows 11  (10.0.22631) 64bit (Editor)	True	null	null	null	null	null	null	None	0	null	0	0	null	null	null	null	null	
2024/11/23 15:54:58.100	b135e9c82f3b5af8414a656ace8a78c8d45a7834	Windows 11  (10.0.22631) 64bit (Editor)	True	null	null	null	null	null	null	None	0	null	0	0	null	null	null	null	null	
2024/11/23 15:54:58.107	b135e9c82f3b5af8414a656ace8a78c8d45a7834	Windows 11  (10.0.22631) 64bit (Editor)	True	null	null	null	null	null	null	None	0	null	0	0	null	null	null	null	null	
2024/11/23 15:54:58.117	b135e9c82f3b5af8414a656ace8a78c8d45a7834	Windows 11  (10.0.22631) 64bit (Editor)	True	null	null	null	null	null	null	None	0	null	0	0	null	null	null	null	null	
2024/11/23 15:54:58.126	b135e9c82f3b5af8414a656ace8a78c8d45a7834	Windows 11  (10.0.22631) 64bit (Editor)	True	null	null	null	null	null	null	None	0	null	0	0	null	null	null	null	null	
2024/11/23 15:54:58.133	b135e9c82f3b5af8414a656ace8a78c8d45a7834	Windows 11  (10.0.22631) 64bit (Editor)	True	null	null	null	null	null	null	None	0	null	0	0	null	null	null	null	null	
2024/11/23 15:54:58.140	b135e9c82f3b5af8414a656ace8a78c8d45a7834	Windows 11  (10.0.22631) 64bit (Editor)	True	null	null	null	null	null	null	None	0	null	0	0	null	null	null	null	null	
2024/11/23 15:54:58.147	b135e9c82f3b5af8414a656ace8a78c8d45a7834	Windows 11  (10.0.22631) 64bit (Editor)	True	null	null	null	null	null	null	None	0	null	0	0	null	null	null	null	null	
2024/11/23 15:54:58.155	b135e9c82f3b5af8414a656ace8a78c8d45a7834	Windows 11  (10.0.22631) 64bit (Editor)	True	null	null	null	null	null	null	None	0	null	0	0	null	null	null	null	null	
2024/11/23 15:54:58.163	b135e9c82f3b5af8414a656ace8a78c8d45a7834	Windows 11  (10.0.22631) 64bit (Editor)	True	null	null	null	null	null	null	None	0	null	0	0	null	null	null	null	null	
2024/11/23 15:54:58.170	b135e9c82f3b5af8414a656ace8a78c8d45a7834	Windows 11  (10.0.22631) 64bit (Editor)	True	null	null	null	null	null	null	None	0	null	0	0	null	null	null	null	null	
2024/11/23 15:54:58.188	b135e9c82f3b5af8414a656ace8a78c8d45a7834	Windows 11  (10.0.22631) 64bit (Editor)	True	null	null	null	null	null	null	None	0	null	0	0	null	null	null	null	null	
2024/11/23 15:54:58.199	b135e9c82f3b5af8414a656ace8a78c8d45a7834	Windows 11  (10.0.22631) 64bit (Editor)	True	null	null	null	null	null	null	None	0	null	0	0	null	null	null	null	null	
2024/11/23 15:54:58.206	b135e9c82f3b5af8414a656ace8a78c8d45a7834	Windows 11  (10.0.22631) 64bit (Editor)	True	null	null	null	null	null	null	None	0	null	0	0	null	null	null	null	null	
2024/11/23 15:54:58.214	b135e9c82f3b5af8414a656ace8a78c8d45a7834	Windows 11  (10.0.22631) 64bit (Editor)	True	null	null	null	null	null	null	None	0	null	0	0	null	null	null	null	null	
2024/11/23 15:54:58.221	b135e9c82f3b5af8414a656ace8a78c8d45a7834	Windows 11  (10.0.22631) 64bit (Editor)	True	null	null	null	null	null	null	None	0	null	0	0	null	null	null	null	null	
2024/11/23 15:54:58.227	b135e9c82f3b5af8414a656ace8a78c8d45a7834	Windows 11  (10.0.22631) 64bit (Editor)	True	null	null	null	null	null	null	None	0	null	0	0	null	null	null	null	null	
2024/11/23 15:54:58.236	b135e9c82f3b5af8414a656ace8a78c8d45a7834	Windows 11  (10.0.22631) 64bit (Editor)	True	null	null	null	null	null	null	None	0	null	0	0	null	null	null	null	null	
2024/11/23 15:54:58.244	b135e9c82f3b5af8414a656ace8a78c8d45a7834	Windows 11  (10.0.22631) 64bit (Editor)	True	null	null	null	null	null	null	None	0	null	0	0	null	null	null	null	null	
2024/11/23 15:54:58.251	b135e9c82f3b5af8414a656ace8a78c8d45a7834	Windows 11  (10.0.22631) 64bit (Editor)	True	null	null	null	null	null	null	None	0	null	0	0	null	null	null	null	null	
2024/11/23 15:54:58.257	b135e9c82f3b5af8414a656ace8a78c8d45a7834	Windows 11  (10.0.22631) 64bit (Editor)	True	null	null	null	null	null	null	None	0	null	0	0	null	null	null	null	null	
2024/11/23 15:54:58.264	b135e9c82f3b5af8414a656ace8a78c8d45a7834	Windows 11  (10.0.22631) 64bit (Editor)	True	null	null	null	null	null	null	None	0	null	0	0	null	null	null	null	null	
2024/11/23 15:54:58.272	b135e9c82f3b5af8414a656ace8a78c8d45a7834	Windows 11  (10.0.22631) 64bit (Editor)	True	null	null	null	null	null	null	None	0	null	0	0	null	null	null	null	null	
2024/11/23 15:54:58.279	b135e9c82f3b5af8414a656ace8a78c8d45a7834	Windows 11  (10.0.22631) 64bit (Editor)	True	null	null	null	null	null	null	None	0	null	0	0	null	null	null	null	null	
2024/11/23 15:54:58.287	b135e9c82f3b5af8414a656ace8a78c8d45a7834	Windows 11  (10.0.22631) 64bit (Editor)	True	null	null	null	null	null	null	None	0	null	0	0	null	null	null	null	null	
2024/11/23 15:54:58.295	b135e9c82f3b5af8414a656ace8a78c8d45a7834	Windows 11  (10.0.22631) 64bit (Editor)	True	null	null	null	null	null	null	None	0	null	0	0	null	null	null	null	null	
2024/11/23 15:54:58.304	b135e9c82f3b5af8414a656ace8a78c8d45a7834	Windows 11  (10.0.22631) 64bit (Editor)	True	null	null	null	null	null	null	None	0	null	0	0	null	null	null	null	null	
2024/11/23 15:54:58.312	b135e9c82f3b5af8414a656ace8a78c8d45a7834	Windows 11  (10.0.22631) 64bit (Editor)	True	null	null	null	null	null	null	None	0	null	0	0	null	null	null	null	null	
2024/11/23 15:54:58.320	b135e9c82f3b5af8414a656ace8a78c8d45a7834	Windows 11  (10.0.22631) 64bit (Editor)	True	null	null	null	null	null	null	None	0	null	0	0	null	null	null	null	null	
2024/11/23 15:54:58.327	b135e9c82f3b5af8414a656ace8a78c8d45a7834	Windows 11  (10.0.22631) 64bit (Editor)	True	null	null	null	null	null	null	None	0	null	0	0	null	null	null	null	null	
2024/11/23 15:54:58.345	b135e9c82f3b5af8414a656ace8a78c8d45a7834	Windows 11  (10.0.22631) 64bit (Editor)	True	null	null	null	null	null	null	None	0	null	0	0	null	null	null	null	null	
2024/11/23 15:54:58.354	b135e9c82f3b5af8414a656ace8a78c8d45a7834	Windows 11  (10.0.22631) 64bit (Editor)	True	null	null	null	null	null	null	None	0	null	0	0	null	null	null	null	null	
2024/11/23 15:54:58.362	b135e9c82f3b5af8414a656ace8a78c8d45a7834	Windows 11  (10.0.22631) 64bit (Editor)	True	null	null	null	null	null	null	None	0	null	0	0	null	null	null	null	null	
2024/11/23 15:54:58.372	b135e9c82f3b5af8414a656ace8a78c8d45a7834	Windows 11  (10.0.22631) 64bit (Editor)	True	null	null	null	null	null	null	None	0	null	0	0	null	null	null	null	null	
2024/11/23 15:54:58.380	b135e9c82f3b5af8414a656ace8a78c8d45a7834	Windows 11  (10.0.22631) 64bit (Editor)	True	null	null	null	null	null	null	None	0	null	0	0	null	null	null	null	null	
2024/11/23 15:54:58.392	b135e9c82f3b5af8414a656ace8a78c8d45a7834	Windows 11  (10.0.22631) 64bit (Editor)	True	null	null	null	null	null	null	None	0	null	0	0	null	null	null	null	null	
2024/11/23 15:54:58.399	b135e9c82f3b5af8414a656ace8a78c8d45a7834	Windows 11  (10.0.22631) 64bit (Editor)	True	null	null	null	null	null	null	None	0	null	0	0	null	null	null	null	null	
2024/11/23 15:54:58.407	b135e9c82f3b5af8414a656ace8a78c8d45a7834	Windows 11  (10.0.22631) 64bit (Editor)	True	null	null	null	null	null	null	None	0	null	0	0	null	null	null	null	null	
2024/11/23 15:54:58.414	b135e9c82f3b5af8414a656ace8a78c8d45a7834	Windows 11  (10.0.22631) 64bit (Editor)	True	null	null	null	null	null	null	None	0	null	0	0	null	null	null	null	null	
2024/11/23 15:54:58.422	b135e9c82f3b5af8414a656ace8a78c8d45a7834	Windows 11  (10.0.22631) 64bit (Editor)	True	null	null	null	null	null	null	None	0	null	0	0	null	null	null	null	null	
2024/11/23 15:54:58.429	b135e9c82f3b5af8414a656ace8a78c8d45a7834	Windows 11  (10.0.22631) 64bit (Editor)	True	null	null	null	null	null	null	None	0	null	0	0	null	null	null	null	null	
2024/11/23 15:54:58.437	b135e9c82f3b5af8414a656ace8a78c8d45a7834	Windows 11  (10.0.22631) 64bit (Editor)	True	null	null	null	null	null	null	None	0	null	0	0	null	null	null	null	null	
2024/11/23 15:54:58.445	b135e9c82f3b5af8414a656ace8a78c8d45a7834	Windows 11  (10.0.22631) 64bit (Editor)	True	null	null	null	null	null	null	None	0	null	0	0	null	null	null	null	null	
2024/11/23 15:54:58.453	b135e9c82f3b5af8414a656ace8a78c8d45a7834	Windows 11  (10.0.22631) 64bit (Editor)	True	null	null	null	null	null	null	None	0	null	0	0	null	null	null	null	null	
2024/11/23 15:54:58.460	b135e9c82f3b5af8414a656ace8a78c8d45a7834	Windows 11  (10.0.22631) 64bit (Editor)	True	null	null	null	null	null	null	None	0	null	0	0	null	null	null	null	null	
2024/11/23 15:54:58.468	b135e9c82f3b5af8414a656ace8a78c8d45a7834	Windows 11  (10.0.22631) 64bit (Editor)	True	null	null	null	null	null	null	None	0	null	0	0	null	null	null	null	null	
2024/11/23 15:54:58.477	b135e9c82f3b5af8414a656ace8a78c8d45a7834	Windows 11  (10.0.22631) 64bit (Editor)	True	null	null	null	null	null	null	None	0	null	0	0	null	null	null	null	null	
2024/11/23 15:54:58.484	b135e9c82f3b5af8414a656ace8a78c8d45a7834	Windows 11  (10.0.22631) 64bit (Editor)	True	null	null	null	null	null	null	None	0	null	0	0	null	null	null	null	null	
2024/11/23 15:54:58.502	b135e9c82f3b5af8414a656ace8a78c8d45a7834	Windows 11  (10.0.22631) 64bit (Editor)	True	null	null	null	null	null	null	None	0	null	0	0	null	null	null	null	null	
2024/11/23 15:54:58.511	b135e9c82f3b5af8414a656ace8a78c8d45a7834	Windows 11  (10.0.22631) 64bit (Editor)	True	null	null	null	null	null	null	None	0	null	0	0	null	null	null	null	null	
2024/11/23 15:54:58.518	b135e9c82f3b5af8414a656ace8a78c8d45a7834	Windows 11  (10.0.22631) 64bit (Editor)	True	null	null	null	null	null	null	None	0	null	0	0	null	null	null	null	null	
2024/11/23 15:54:58.526	b135e9c82f3b5af8414a656ace8a78c8d45a7834	Windows 11  (10.0.22631) 64bit (Editor)	True	null	null	null	null	null	null	None	0	null	0	0	null	null	null	null	null	
2024/11/23 15:54:58.533	b135e9c82f3b5af8414a656ace8a78c8d45a7834	Windows 11  (10.0.22631) 64bit (Editor)	True	null	null	null	null	null	null	None	0	null	0	0	null	null	null	null	null	
2024/11/23 15:54:58.543	b135e9c82f3b5af8414a656ace8a78c8d45a7834	Windows 11  (10.0.22631) 64bit (Editor)	True	null	null	null	null	null	null	None	0	null	0	0	null	null	null	null	null	
2024/11/23 15:54:58.553	b135e9c82f3b5af8414a656ace8a78c8d45a7834	Windows 11  (10.0.22631) 64bit (Editor)	True	null	null	null	null	null	null	None	0	null	0	0	null	null	null	null	null	
2024/11/23 15:54:58.561	b135e9c82f3b5af8414a656ace8a78c8d45a7834	Windows 11  (10.0.22631) 64bit (Editor)	True	null	null	null	null	null	null	None	0	null	0	0	null	null	null	null	null	
2024/11/23 15:54:58.568	b135e9c82f3b5af8414a656ace8a78c8d45a7834	Windows 11  (10.0.22631) 64bit (Editor)	True	null	null	null	null	null	null	None	0	null	0	0	null	null	null	null	null	
2024/11/23 15:54:58.575	b135e9c82f3b5af8414a656ace8a78c8d45a7834	Windows 11  (10.0.22631) 64bit (Editor)	True	null	null	null	null	null	null	None	0	null	0	0	null	null	null	null	null	
2024/11/23 15:54:58.582	b135e9c82f3b5af8414a656ace8a78c8d45a7834	Windows 11  (10.0.22631) 64bit (Editor)	True	null	null	null	null	null	null	None	0	null	0	0	null	null	null	null	null	
2024/11/23 15:54:58.589	b135e9c82f3b5af8414a656ace8a78c8d45a7834	Windows 11  (10.0.22631) 64bit (Editor)	True	null	null	null	null	null	null	None	0	null	0	0	null	null	null	null	null	
2024/11/23 15:54:58.597	b135e9c82f3b5af8414a656ace8a78c8d45a7834	Windows 11  (10.0.22631) 64bit (Editor)	True	null	null	null	null	null	null	None	0	null	0	0	null	null	null	null	null	
2024/11/23 15:54:58.605	b135e9c82f3b5af8414a656ace8a78c8d45a7834	Windows 11  (10.0.22631) 64bit (Editor)	True	null	null	null	null	null	null	None	0	null	0	0	null	null	null	null	null	
2024/11/23 15:54:58.613	b135e9c82f3b5af8414a656ace8a78c8d45a7834	Windows 11  (10.0.22631) 64bit (Editor)	True	null	null	null	null	null	null	None	0	null	0	0	null	null	null	null	null	
2024/11/23 15:54:58.621	b135e9c82f3b5af8414a656ace8a78c8d45a7834	Windows 11  (10.0.22631) 64bit (Editor)	True	null	null	null	null	null	null	None	0	null	0	0	null	null	null	null	null	
2024/11/23 15:54:58.628	b135e9c82f3b5af8414a656ace8a78c8d45a7834	Windows 11  (10.0.22631) 64bit (Editor)	True	null	null	null	null	null	null	None	0	null	0	0	null	null	null	null	null	
2024/11/23 15:54:58.636	b135e9c82f3b5af8414a656ace8a78c8d45a7834	Windows 11  (10.0.22631) 64bit (Editor)	True	null	null	null	null	null	null	None	0	null	0	0	null	null	null	null	null	
2024/11/23 15:54:58.655	b135e9c82f3b5af8414a656ace8a78c8d45a7834	Windows 11  (10.0.22631) 64bit (Editor)	True	null	null	null	null	null	null	None	0	null	0	0	null	null	null	null	null	
2024/11/23 15:54:58.664	b135e9c82f3b5af8414a656ace8a78c8d45a7834	Windows 11  (10.0.22631) 64bit (Editor)	True	null	null	null	null	null	null	None	0	null	0	0	null	null	null	null	null	
2024/11/23 15:54:58.671	b135e9c82f3b5af8414a656ace8a78c8d45a7834	Windows 11  (10.0.22631) 64bit (Editor)	True	null	null	null	null	null	null	None	0	null	0	0	null	null	null	null	null	
2024/11/23 15:54:58.679	b135e9c82f3b5af8414a656ace8a78c8d45a7834	Windows 11  (10.0.22631) 64bit (Editor)	True	null	null	null	null	null	null	None	0	null	0	0	null	null	null	null	null	
2024/11/23 15:54:58.689	b135e9c82f3b5af8414a656ace8a78c8d45a7834	Windows 11  (10.0.22631) 64bit (Editor)	True	null	null	null	null	null	null	None	0	null	0	0	null	null	null	null	null	
2024/11/23 15:54:58.698	b135e9c82f3b5af8414a656ace8a78c8d45a7834	Windows 11  (10.0.22631) 64bit (Editor)	True	null	null	null	null	null	null	None	0	null	0	0	null	null	null	null	null	
2024/11/23 15:54:58.705	b135e9c82f3b5af8414a656ace8a78c8d45a7834	Windows 11  (10.0.22631) 64bit (Editor)	True	null	null	null	null	null	null	None	0	null	0	0	null	null	null	null	null	
2024/11/23 15:54:58.713	b135e9c82f3b5af8414a656ace8a78c8d45a7834	Windows 11  (10.0.22631) 64bit (Editor)	True	null	null	null	null	null	null	None	0	null	0	0	null	null	null	null	null	
2024/11/23 15:54:58.721	b135e9c82f3b5af8414a656ace8a78c8d45a7834	Windows 11  (10.0.22631) 64bit (Editor)	True	null	null	null	null	null	null	None	0	null	0	0	null	null	null	null	null	
2024/11/23 15:54:58.729	b135e9c82f3b5af8414a656ace8a78c8d45a7834	Windows 11  (10.0.22631) 64bit (Editor)	True	null	null	null	null	null	null	None	0	null	0	0	null	null	null	null	null	
2024/11/23 15:54:58.737	b135e9c82f3b5af8414a656ace8a78c8d45a7834	Windows 11  (10.0.22631) 64bit (Editor)	True	null	null	null	null	null	null	None	0	null	0	0	null	null	null	null	null	
2024/11/23 15:54:58.745	b135e9c82f3b5af8414a656ace8a78c8d45a7834	Windows 11  (10.0.22631) 64bit (Editor)	True	null	null	null	null	null	null	None	0	null	0	0	null	null	null	null	null	
2024/11/23 15:54:58.752	b135e9c82f3b5af8414a656ace8a78c8d45a7834	Windows 11  (10.0.22631) 64bit (Editor)	True	null	null	null	null	null	null	None	0	null	0	0	null	null	null	null	null	
2024/11/23 15:54:58.764	b135e9c82f3b5af8414a656ace8a78c8d45a7834	Windows 11  (10.0.22631) 64bit (Editor)	True	null	null	null	null	null	null	None	0	null	0	0	null	null	null	null	null	
2024/11/23 15:54:58.772	b135e9c82f3b5af8414a656ace8a78c8d45a7834	Windows 11  (10.0.22631) 64bit (Editor)	True	null	null	null	null	null	null	None	0	null	0	0	null	null	null	null	null	
2024/11/23 15:54:58.780	b135e9c82f3b5af8414a656ace8a78c8d45a7834	Windows 11  (10.0.22631) 64bit (Editor)	True	null	null	null	null	null	null	None	0	null	0	0	null	null	null	null	null	
2024/11/23 15:54:58.788	b135e9c82f3b5af8414a656ace8a78c8d45a7834	Windows 11  (10.0.22631) 64bit (Editor)	True	null	null	null	null	null	null	None	0	null	0	0	null	null	null	null	null	
2024/11/23 15:54:58.804	b135e9c82f3b5af8414a656ace8a78c8d45a7834	Windows 11  (10.0.22631) 64bit (Editor)	True	null	null	null	null	null	null	None	0	null	0	0	null	null	null	null	null	
2024/11/23 15:54:58.812	b135e9c82f3b5af8414a656ace8a78c8d45a7834	Windows 11  (10.0.22631) 64bit (Editor)	True	null	null	null	null	null	null	None	0	null	0	0	null	null	null	null	null	
2024/11/23 15:54:58.820	b135e9c82f3b5af8414a656ace8a78c8d45a7834	Windows 11  (10.0.22631) 64bit (Editor)	True	null	null	null	null	null	null	None	0	null	0	0	null	null	null	null	null	
2024/11/23 15:54:58.827	b135e9c82f3b5af8414a656ace8a78c8d45a7834	Windows 11  (10.0.22631) 64bit (Editor)	True	null	null	null	null	null	null	None	0	null	0	0	null	null	null	null	null	
2024/11/23 15:54:58.835	b135e9c82f3b5af8414a656ace8a78c8d45a7834	Windows 11  (10.0.22631) 64bit (Editor)	True	null	null	null	null	null	null	None	0	null	0	0	null	null	null	null	null	
2024/11/23 15:54:58.847	b135e9c82f3b5af8414a656ace8a78c8d45a7834	Windows 11  (10.0.22631) 64bit (Editor)	True	null	null	null	null	null	null	None	0	null	0	0	null	null	null	null	null	
2024/11/23 15:54:58.855	b135e9c82f3b5af8414a656ace8a78c8d45a7834	Windows 11  (10.0.22631) 64bit (Editor)	True	null	null	null	null	null	null	None	0	null	0	0	null	null	null	null	null	
2024/11/23 15:54:58.862	b135e9c82f3b5af8414a656ace8a78c8d45a7834	Windows 11  (10.0.22631) 64bit (Editor)	True	null	null	null	null	null	null	None	0	null	0	0	null	null	null	null	null	
2024/11/23 15:54:58.870	b135e9c82f3b5af8414a656ace8a78c8d45a7834	Windows 11  (10.0.22631) 64bit (Editor)	True	null	null	null	null	null	null	None	0	null	0	0	null	null	null	null	null	
2024/11/23 15:54:58.877	b135e9c82f3b5af8414a656ace8a78c8d45a7834	Windows 11  (10.0.22631) 64bit (Editor)	True	null	null	null	null	null	null	None	0	null	0	0	null	null	null	null	null	
2024/11/23 15:54:58.884	b135e9c82f3b5af8414a656ace8a78c8d45a7834	Windows 11  (10.0.22631) 64bit (Editor)	True	null	null	null	null	null	null	None	0	null	0	0	null	null	null	null	null	
2024/11/23 15:54:58.892	b135e9c82f3b5af8414a656ace8a78c8d45a7834	Windows 11  (10.0.22631) 64bit (Editor)	True	null	null	null	null	null	null	None	0	null	0	0	null	null	null	null	null	
2024/11/23 15:54:58.899	b135e9c82f3b5af8414a656ace8a78c8d45a7834	Windows 11  (10.0.22631) 64bit (Editor)	True	null	null	null	null	null	null	None	0	null	0	0	null	null	null	null	null	
2024/11/23 15:54:58.906	b135e9c82f3b5af8414a656ace8a78c8d45a7834	Windows 11  (10.0.22631) 64bit (Editor)	True	null	null	null	null	null	null	None	0	null	0	0	null	null	null	null	null	
2024/11/23 15:54:58.913	b135e9c82f3b5af8414a656ace8a78c8d45a7834	Windows 11  (10.0.22631) 64bit (Editor)	True	null	null	null	null	null	null	None	0	null	0	0	null	null	null	null	null	
2024/11/23 15:54:58.921	b135e9c82f3b5af8414a656ace8a78c8d45a7834	Windows 11  (10.0.22631) 64bit (Editor)	True	null	null	null	null	null	null	None	0	null	0	0	null	null	null	null	null	
2024/11/23 15:54:58.927	b135e9c82f3b5af8414a656ace8a78c8d45a7834	Windows 11  (10.0.22631) 64bit (Editor)	True	null	null	null	null	null	null	None	0	null	0	0	null	null	null	null	null	
2024/11/23 15:54:58.935	b135e9c82f3b5af8414a656ace8a78c8d45a7834	Windows 11  (10.0.22631) 64bit (Editor)	True	null	null	null	null	null	null	None	0	null	0	0	null	null	null	null	null	
2024/11/23 15:54:58.941	b135e9c82f3b5af8414a656ace8a78c8d45a7834	Windows 11  (10.0.22631) 64bit (Editor)	True	null	null	null	null	null	null	None	0	null	0	0	null	null	null	null	null	
2024/11/23 15:54:58.959	b135e9c82f3b5af8414a656ace8a78c8d45a7834	Windows 11  (10.0.22631) 64bit (Editor)	True	null	null	null	null	null	null	None	0	null	0	0	null	null	null	null	null	
2024/11/23 15:54:58.967	b135e9c82f3b5af8414a656ace8a78c8d45a7834	Windows 11  (10.0.22631) 64bit (Editor)	True	null	null	null	null	null	null	None	0	null	0	0	null	null	null	null	null	
2024/11/23 15:54:58.983	b135e9c82f3b5af8414a656ace8a78c8d45a7834	Windows 11  (10.0.22631) 64bit (Editor)	True	null	null	null	null	null	null	None	0	null	0	0	null	null	null	null	null	
2024/11/23 15:54:58.991	b135e9c82f3b5af8414a656ace8a78c8d45a7834	Windows 11  (10.0.22631) 64bit (Editor)	True	null	null	null	null	null	null	None	0	null	0	0	null	null	null	null	null	
2024/11/23 15:54:58.999	b135e9c82f3b5af8414a656ace8a78c8d45a7834	Windows 11  (10.0.22631) 64bit (Editor)	True	null	null	null	null	null	null	None	0	null	0	0	null	null	null	null	null	
2024/11/23 15:54:59.006	b135e9c82f3b5af8414a656ace8a78c8d45a7834	Windows 11  (10.0.22631) 64bit (Editor)	True	null	null	null	null	null	null	None	0	null	0	0	null	null	null	null	null	
2024/11/23 15:54:59.024	b135e9c82f3b5af8414a656ace8a78c8d45a7834	Windows 11  (10.0.22631) 64bit (Editor)	True	null	null	null	null	null	null	None	0	null	0	0	null	null	null	null	null	
2024/11/23 15:54:59.032	b135e9c82f3b5af8414a656ace8a78c8d45a7834	Windows 11  (10.0.22631) 64bit (Editor)	True	null	null	null	null	null	null	None	0	null	0	0	null	null	null	null	null	
2024/11/23 15:54:59.040	b135e9c82f3b5af8414a656ace8a78c8d45a7834	Windows 11  (10.0.22631) 64bit (Editor)	True	null	null	null	null	null	null	None	0	null	0	0	null	null	null	null	null	
2024/11/23 15:54:59.047	b135e9c82f3b5af8414a656ace8a78c8d45a7834	Windows 11  (10.0.22631) 64bit (Editor)	True	null	null	null	null	null	null	None	0	null	0	0	null	null	null	null	null	
2024/11/23 15:54:59.055	b135e9c82f3b5af8414a656ace8a78c8d45a7834	Windows 11  (10.0.22631) 64bit (Editor)	True	null	null	null	null	null	null	None	0	null	0	0	null	null	null	null	null	
2024/11/23 15:54:59.061	b135e9c82f3b5af8414a656ace8a78c8d45a7834	Windows 11  (10.0.22631) 64bit (Editor)	True	null	null	null	null	null	null	None	0	null	0	0	null	null	null	null	null	
2024/11/23 15:54:59.069	b135e9c82f3b5af8414a656ace8a78c8d45a7834	Windows 11  (10.0.22631) 64bit (Editor)	True	null	null	null	null	null	null	None	0	null	0	0	null	null	null	null	null	
2024/11/23 15:54:59.076	b135e9c82f3b5af8414a656ace8a78c8d45a7834	Windows 11  (10.0.22631) 64bit (Editor)	True	null	null	null	null	null	null	None	0	null	0	0	null	null	null	null	null	
2024/11/23 15:54:59.083	b135e9c82f3b5af8414a656ace8a78c8d45a7834	Windows 11  (10.0.22631) 64bit (Editor)	True	null	null	null	null	null	null	None	0	null	0	0	null	null	null	null	null	
2024/11/23 15:54:59.091	b135e9c82f3b5af8414a656ace8a78c8d45a7834	Windows 11  (10.0.22631) 64bit (Editor)	True	null	null	null	null	null	null	None	0	null	0	0	null	null	null	null	null	
2024/11/23 15:54:59.098	b135e9c82f3b5af8414a656ace8a78c8d45a7834	Windows 11  (10.0.22631) 64bit (Editor)	True	null	null	null	null	null	null	None	0	null	0	0	null	null	null	null	null	
2024/11/23 15:54:59.116	b135e9c82f3b5af8414a656ace8a78c8d45a7834	Windows 11  (10.0.22631) 64bit (Editor)	True	null	null	null	null	null	null	None	0	null	0	0	null	null	null	null	null	
2024/11/23 15:54:59.123	b135e9c82f3b5af8414a656ace8a78c8d45a7834	Windows 11  (10.0.22631) 64bit (Editor)	True	null	null	null	null	null	null	None	0	null	0	0	null	null	null	null	null	
2024/11/23 15:54:59.130	b135e9c82f3b5af8414a656ace8a78c8d45a7834	Windows 11  (10.0.22631) 64bit (Editor)	True	null	null	null	null	null	null	None	0	null	0	0	null	null	null	null	null	
2024/11/23 15:54:59.139	b135e9c82f3b5af8414a656ace8a78c8d45a7834	Windows 11  (10.0.22631) 64bit (Editor)	True	null	null	null	null	null	null	None	0	null	0	0	null	null	null	null	null	
2024/11/23 15:54:59.147	b135e9c82f3b5af8414a656ace8a78c8d45a7834	Windows 11  (10.0.22631) 64bit (Editor)	True	null	null	null	null	null	null	None	0	null	0	0	null	null	null	null	null	
2024/11/23 15:54:59.155	b135e9c82f3b5af8414a656ace8a78c8d45a7834	Windows 11  (10.0.22631) 64bit (Editor)	True	null	null	null	null	null	null	None	0	null	0	0	null	null	null	null	null	
2024/11/23 15:54:59.163	b135e9c82f3b5af8414a656ace8a78c8d45a7834	Windows 11  (10.0.22631) 64bit (Editor)	True	null	null	null	null	null	null	None	0	null	0	0	null	null	null	null	null	
2024/11/23 15:54:59.170	b135e9c82f3b5af8414a656ace8a78c8d45a7834	Windows 11  (10.0.22631) 64bit (Editor)	True	null	null	null	null	null	null	None	0	null	0	0	null	null	null	null	null	
2024/11/23 15:54:59.177	b135e9c82f3b5af8414a656ace8a78c8d45a7834	Windows 11  (10.0.22631) 64bit (Editor)	True	null	null	null	null	null	null	None	0	null	0	0	null	null	null	null	null	
2024/11/23 15:54:59.184	b135e9c82f3b5af8414a656ace8a78c8d45a7834	Windows 11  (10.0.22631) 64bit (Editor)	True	null	null	null	null	null	null	None	0	null	0	0	null	null	null	null	null	
2024/11/23 15:54:59.192	b135e9c82f3b5af8414a656ace8a78c8d45a7834	Windows 11  (10.0.22631) 64bit (Editor)	True	null	null	null	null	null	null	None	0	null	0	0	null	null	null	null	null	
2024/11/23 15:54:59.199	b135e9c82f3b5af8414a656ace8a78c8d45a7834	Windows 11  (10.0.22631) 64bit (Editor)	True	null	null	null	null	null	null	None	0	null	0	0	null	null	null	null	null	
2024/11/23 15:54:59.206	b135e9c82f3b5af8414a656ace8a78c8d45a7834	Windows 11  (10.0.22631) 64bit (Editor)	True	null	null	null	null	null	null	None	0	null	0	0	null	null	null	null	null	
2024/11/23 15:54:59.213	b135e9c82f3b5af8414a656ace8a78c8d45a7834	Windows 11  (10.0.22631) 64bit (Editor)	True	null	null	null	null	null	null	None	0	null	0	0	null	null	null	null	null	
2024/11/23 15:54:59.221	b135e9c82f3b5af8414a656ace8a78c8d45a7834	Windows 11  (10.0.22631) 64bit (Editor)	True	null	null	null	null	null	null	None	0	null	0	0	null	null	null	null	null	
2024/11/23 15:54:59.228	b135e9c82f3b5af8414a656ace8a78c8d45a7834	Windows 11  (10.0.22631) 64bit (Editor)	True	null	null	null	null	null	null	None	0	null	0	0	null	null	null	null	null	
2024/11/23 15:54:59.236	b135e9c82f3b5af8414a656ace8a78c8d45a7834	Windows 11  (10.0.22631) 64bit (Editor)	True	null	null	null	null	null	null	None	0	null	0	0	null	null	null	null	null	
2024/11/23 15:54:59.242	b135e9c82f3b5af8414a656ace8a78c8d45a7834	Windows 11  (10.0.22631) 64bit (Editor)	True	null	null	null	null	null	null	None	0	null	0	0	null	null	null	null	null	
2024/11/23 15:54:59.249	b135e9c82f3b5af8414a656ace8a78c8d45a7834	Windows 11  (10.0.22631) 64bit (Editor)	True	null	null	null	null	null	null	None	0	null	0	0	null	null	null	null	null	
2024/11/23 15:54:59.267	b135e9c82f3b5af8414a656ace8a78c8d45a7834	Windows 11  (10.0.22631) 64bit (Editor)	True	null	null	null	null	null	null	None	0	null	0	0	null	null	null	null	null	
2024/11/23 15:54:59.274	b135e9c82f3b5af8414a656ace8a78c8d45a7834	Windows 11  (10.0.22631) 64bit (Editor)	True	null	null	null	null	null	null	None	0	null	0	0	null	null	null	null	null	
2024/11/23 15:54:59.282	b135e9c82f3b5af8414a656ace8a78c8d45a7834	Windows 11  (10.0.22631) 64bit (Editor)	True	null	null	null	null	null	null	None	0	null	0	0	null	null	null	null	null	
2024/11/23 15:54:59.290	b135e9c82f3b5af8414a656ace8a78c8d45a7834	Windows 11  (10.0.22631) 64bit (Editor)	True	null	null	null	null	null	null	None	0	null	0	0	null	null	null	null	null	
2024/11/23 15:54:59.298	b135e9c82f3b5af8414a656ace8a78c8d45a7834	Windows 11  (10.0.22631) 64bit (Editor)	True	null	null	null	null	null	null	None	0	null	0	0	null	null	null	null	null	
2024/11/23 15:54:59.306	b135e9c82f3b5af8414a656ace8a78c8d45a7834	Windows 11  (10.0.22631) 64bit (Editor)	True	null	null	null	null	null	null	None	0	null	0	0	null	null	null	null	null	
2024/11/23 15:54:59.313	b135e9c82f3b5af8414a656ace8a78c8d45a7834	Windows 11  (10.0.22631) 64bit (Editor)	True	null	null	null	null	null	null	None	0	null	0	0	null	null	null	null	null	
2024/11/23 15:54:59.321	b135e9c82f3b5af8414a656ace8a78c8d45a7834	Windows 11  (10.0.22631) 64bit (Editor)	True	null	null	null	null	null	null	None	0	null	0	0	null	null	null	null	null	
2024/11/23 15:54:59.328	b135e9c82f3b5af8414a656ace8a78c8d45a7834	Windows 11  (10.0.22631) 64bit (Editor)	True	null	null	null	null	null	null	None	0	null	0	0	null	null	null	null	null	
2024/11/23 15:54:59.335	b135e9c82f3b5af8414a656ace8a78c8d45a7834	Windows 11  (10.0.22631) 64bit (Editor)	True	null	null	null	null	null	null	None	0	null	0	0	null	null	null	null	null	
2024/11/23 15:54:59.343	b135e9c82f3b5af8414a656ace8a78c8d45a7834	Windows 11  (10.0.22631) 64bit (Editor)	True	null	null	null	null	null	null	None	0	null	0	0	null	null	null	null	null	
2024/11/23 15:54:59.350	b135e9c82f3b5af8414a656ace8a78c8d45a7834	Windows 11  (10.0.22631) 64bit (Editor)	True	null	null	null	null	null	null	None	0	null	0	0	null	null	null	null	null	
2024/11/23 15:54:59.358	b135e9c82f3b5af8414a656ace8a78c8d45a7834	Windows 11  (10.0.22631) 64bit (Editor)	True	null	null	null	null	null	null	None	0	null	0	0	null	null	null	null	null	
2024/11/23 15:54:59.365	b135e9c82f3b5af8414a656ace8a78c8d45a7834	Windows 11  (10.0.22631) 64bit (Editor)	True	null	null	null	null	null	null	None	0	null	0	0	null	null	null	null	null	
2024/11/23 15:54:59.373	b135e9c82f3b5af8414a656ace8a78c8d45a7834	Windows 11  (10.0.22631) 64bit (Editor)	True	null	null	null	null	null	null	None	0	null	0	0	null	null	null	null	null	
2024/11/23 15:54:59.380	b135e9c82f3b5af8414a656ace8a78c8d45a7834	Windows 11  (10.0.22631) 64bit (Editor)	True	null	null	null	null	null	null	None	0	null	0	0	null	null	null	null	null	
2024/11/23 15:54:59.387	b135e9c82f3b5af8414a656ace8a78c8d45a7834	Windows 11  (10.0.22631) 64bit (Editor)	True	null	null	null	null	null	null	None	0	null	0	0	null	null	null	null	null	
2024/11/23 15:54:59.395	b135e9c82f3b5af8414a656ace8a78c8d45a7834	Windows 11  (10.0.22631) 64bit (Editor)	True	null	null	null	null	null	null	None	0	null	0	0	null	null	null	null	null	
2024/11/23 15:54:59.402	b135e9c82f3b5af8414a656ace8a78c8d45a7834	Windows 11  (10.0.22631) 64bit (Editor)	True	null	null	null	null	null	null	None	0	null	0	0	null	null	null	null	null	
2024/11/23 15:54:59.420	b135e9c82f3b5af8414a656ace8a78c8d45a7834	Windows 11  (10.0.22631) 64bit (Editor)	True	null	null	null	null	null	null	None	0	null	0	0	null	null	null	null	null	
2024/11/23 15:54:59.428	b135e9c82f3b5af8414a656ace8a78c8d45a7834	Windows 11  (10.0.22631) 64bit (Editor)	True	null	null	null	null	null	null	None	0	null	0	0	null	null	null	null	null	
2024/11/23 15:54:59.436	b135e9c82f3b5af8414a656ace8a78c8d45a7834	Windows 11  (10.0.22631) 64bit (Editor)	True	null	null	null	null	null	null	None	0	null	0	0	null	null	null	null	null	
2024/11/23 15:54:59.444	b135e9c82f3b5af8414a656ace8a78c8d45a7834	Windows 11  (10.0.22631) 64bit (Editor)	True	null	null	null	null	null	null	None	0	null	0	0	null	null	null	null	null	
2024/11/23 15:54:59.451	b135e9c82f3b5af8414a656ace8a78c8d45a7834	Windows 11  (10.0.22631) 64bit (Editor)	True	null	null	null	null	null	null	None	0	null	0	0	null	null	null	null	null	
2024/11/23 15:54:59.459	b135e9c82f3b5af8414a656ace8a78c8d45a7834	Windows 11  (10.0.22631) 64bit (Editor)	True	null	null	null	null	null	null	None	0	null	0	0	null	null	null	null	null	
2024/11/23 15:54:59.468	b135e9c82f3b5af8414a656ace8a78c8d45a7834	Windows 11  (10.0.22631) 64bit (Editor)	True	null	null	null	null	null	null	None	0	null	0	0	null	null	null	null	null	
2024/11/23 15:54:59.475	b135e9c82f3b5af8414a656ace8a78c8d45a7834	Windows 11  (10.0.22631) 64bit (Editor)	True	null	null	null	null	null	null	None	0	null	0	0	null	null	null	null	null	
2024/11/23 15:54:59.484	b135e9c82f3b5af8414a656ace8a78c8d45a7834	Windows 11  (10.0.22631) 64bit (Editor)	True	null	null	null	null	null	null	None	0	null	0	0	null	null	null	null	null	
2024/11/23 15:54:59.491	b135e9c82f3b5af8414a656ace8a78c8d45a7834	Windows 11  (10.0.22631) 64bit (Editor)	True	null	null	null	null	null	null	None	0	null	0	0	null	null	null	null	null	
2024/11/23 15:54:59.498	b135e9c82f3b5af8414a656ace8a78c8d45a7834	Windows 11  (10.0.22631) 64bit (Editor)	True	null	null	null	null	null	null	None	0	null	0	0	null	null	null	null	null	
2024/11/23 15:54:59.506	b135e9c82f3b5af8414a656ace8a78c8d45a7834	Windows 11  (10.0.22631) 64bit (Editor)	True	null	null	null	null	null	null	None	0	null	0	0	null	null	null	null	null	
2024/11/23 15:54:59.516	b135e9c82f3b5af8414a656ace8a78c8d45a7834	Windows 11  (10.0.22631) 64bit (Editor)	True	null	null	null	null	null	null	None	0	null	0	0	null	null	null	null	null	
2024/11/23 15:54:59.523	b135e9c82f3b5af8414a656ace8a78c8d45a7834	Windows 11  (10.0.22631) 64bit (Editor)	True	null	null	null	null	null	null	None	0	null	0	0	null	null	null	null	null	
2024/11/23 15:54:59.532	b135e9c82f3b5af8414a656ace8a78c8d45a7834	Windows 11  (10.0.22631) 64bit (Editor)	True	null	null	null	null	null	null	None	0	null	0	0	null	null	null	null	null	
2024/11/23 15:54:59.539	b135e9c82f3b5af8414a656ace8a78c8d45a7834	Windows 11  (10.0.22631) 64bit (Editor)	True	null	null	null	null	null	null	None	0	null	0	0	null	null	null	null	null	
2024/11/23 15:54:59.547	b135e9c82f3b5af8414a656ace8a78c8d45a7834	Windows 11  (10.0.22631) 64bit (Editor)	True	null	null	null	null	null	null	None	0	null	0	0	null	null	null	null	null	
2024/11/23 15:54:59.556	b135e9c82f3b5af8414a656ace8a78c8d45a7834	Windows 11  (10.0.22631) 64bit (Editor)	True	null	null	null	null	null	null	None	0	null	0	0	null	null	null	null	null	
2024/11/23 15:54:59.575	b135e9c82f3b5af8414a656ace8a78c8d45a7834	Windows 11  (10.0.22631) 64bit (Editor)	True	null	null	null	null	null	null	None	0	null	0	0	null	null	null	null	null	
2024/11/23 15:54:59.583	b135e9c82f3b5af8414a656ace8a78c8d45a7834	Windows 11  (10.0.22631) 64bit (Editor)	True	null	null	null	null	null	null	None	0	null	0	0	null	null	null	null	null	
2024/11/23 15:54:59.591	b135e9c82f3b5af8414a656ace8a78c8d45a7834	Windows 11  (10.0.22631) 64bit (Editor)	True	null	null	null	null	null	null	None	0	null	0	0	null	null	null	null	null	
2024/11/23 15:54:59.599	b135e9c82f3b5af8414a656ace8a78c8d45a7834	Windows 11  (10.0.22631) 64bit (Editor)	True	null	null	null	null	null	null	None	0	null	0	0	null	null	null	null	null	
2024/11/23 15:54:59.607	b135e9c82f3b5af8414a656ace8a78c8d45a7834	Windows 11  (10.0.22631) 64bit (Editor)	True	null	null	null	null	null	null	None	0	null	0	0	null	null	null	null	null	
2024/11/23 15:54:59.614	b135e9c82f3b5af8414a656ace8a78c8d45a7834	Windows 11  (10.0.22631) 64bit (Editor)	True	null	null	null	null	null	null	None	0	null	0	0	null	null	null	null	null	
2024/11/23 15:54:59.622	b135e9c82f3b5af8414a656ace8a78c8d45a7834	Windows 11  (10.0.22631) 64bit (Editor)	True	null	null	null	null	null	null	None	0	null	0	0	null	null	null	null	null	
2024/11/23 15:54:59.631	b135e9c82f3b5af8414a656ace8a78c8d45a7834	Windows 11  (10.0.22631) 64bit (Editor)	True	null	null	null	null	null	null	None	0	null	0	0	null	null	null	null	null	
2024/11/23 15:54:59.638	b135e9c82f3b5af8414a656ace8a78c8d45a7834	Windows 11  (10.0.22631) 64bit (Editor)	True	null	null	null	null	null	null	None	0	null	0	0	null	null	null	null	null	
2024/11/23 15:54:59.646	b135e9c82f3b5af8414a656ace8a78c8d45a7834	Windows 11  (10.0.22631) 64bit (Editor)	True	null	null	null	null	null	null	None	0	null	0	0	null	null	null	null	null	
2024/11/23 15:54:59.654	b135e9c82f3b5af8414a656ace8a78c8d45a7834	Windows 11  (10.0.22631) 64bit (Editor)	True	null	null	null	null	null	null	None	0	null	0	0	null	null	null	null	null	
2024/11/23 15:54:59.662	b135e9c82f3b5af8414a656ace8a78c8d45a7834	Windows 11  (10.0.22631) 64bit (Editor)	True	null	null	null	null	null	null	None	0	null	0	0	null	null	null	null	null	
2024/11/23 15:54:59.669	b135e9c82f3b5af8414a656ace8a78c8d45a7834	Windows 11  (10.0.22631) 64bit (Editor)	True	null	null	null	null	null	null	None	0	null	0	0	null	null	null	null	null	
2024/11/23 15:54:59.676	b135e9c82f3b5af8414a656ace8a78c8d45a7834	Windows 11  (10.0.22631) 64bit (Editor)	True	null	null	null	null	null	null	None	0	null	0	0	null	null	null	null	null	
2024/11/23 15:54:59.684	b135e9c82f3b5af8414a656ace8a78c8d45a7834	Windows 11  (10.0.22631) 64bit (Editor)	True	null	null	null	null	null	null	None	0	null	0	0	null	null	null	null	null	
2024/11/23 15:54:59.693	b135e9c82f3b5af8414a656ace8a78c8d45a7834	Windows 11  (10.0.22631) 64bit (Editor)	True	null	null	null	null	null	null	None	0	null	0	0	null	null	null	null	null	
2024/11/23 15:54:59.703	b135e9c82f3b5af8414a656ace8a78c8d45a7834	Windows 11  (10.0.22631) 64bit (Editor)	True	null	null	null	null	null	null	None	0	null	0	0	null	null	null	null	null	
2024/11/23 15:54:59.711	b135e9c82f3b5af8414a656ace8a78c8d45a7834	Windows 11  (10.0.22631) 64bit (Editor)	True	null	null	null	null	null	null	None	0	null	0	0	null	null	null	null	null	
2024/11/23 15:54:59.729	b135e9c82f3b5af8414a656ace8a78c8d45a7834	Windows 11  (10.0.22631) 64bit (Editor)	True	null	null	null	null	null	null	None	0	null	0	0	null	null	null	null	null	
2024/11/23 15:54:59.738	b135e9c82f3b5af8414a656ace8a78c8d45a7834	Windows 11  (10.0.22631) 64bit (Editor)	True	null	null	null	null	null	null	None	0	null	0	0	null	null	null	null	null	
2024/11/23 15:54:59.746	b135e9c82f3b5af8414a656ace8a78c8d45a7834	Windows 11  (10.0.22631) 64bit (Editor)	True	null	null	null	null	null	null	None	0	null	0	0	null	null	null	null	null	
2024/11/23 15:54:59.754	b135e9c82f3b5af8414a656ace8a78c8d45a7834	Windows 11  (10.0.22631) 64bit (Editor)	True	null	null	null	null	null	null	None	0	null	0	0	null	null	null	null	null	
2024/11/23 15:54:59.761	b135e9c82f3b5af8414a656ace8a78c8d45a7834	Windows 11  (10.0.22631) 64bit (Editor)	True	null	null	null	null	null	null	None	0	null	0	0	null	null	null	null	null	
2024/11/23 15:54:59.770	b135e9c82f3b5af8414a656ace8a78c8d45a7834	Windows 11  (10.0.22631) 64bit (Editor)	True	null	null	null	null	null	null	None	0	null	0	0	null	null	null	null	null	
2024/11/23 15:54:59.778	b135e9c82f3b5af8414a656ace8a78c8d45a7834	Windows 11  (10.0.22631) 64bit (Editor)	True	null	null	null	null	null	null	None	0	null	0	0	null	null	null	null	null	
2024/11/23 15:54:59.785	b135e9c82f3b5af8414a656ace8a78c8d45a7834	Windows 11  (10.0.22631) 64bit (Editor)	True	null	null	null	null	null	null	None	0	null	0	0	null	null	null	null	null	
2024/11/23 15:54:59.793	b135e9c82f3b5af8414a656ace8a78c8d45a7834	Windows 11  (10.0.22631) 64bit (Editor)	True	null	null	null	null	null	null	None	0	null	0	0	null	null	null	null	null	
2024/11/23 15:54:59.801	b135e9c82f3b5af8414a656ace8a78c8d45a7834	Windows 11  (10.0.22631) 64bit (Editor)	True	null	null	null	null	null	null	None	0	null	0	0	null	null	null	null	null	
2024/11/23 15:54:59.811	b135e9c82f3b5af8414a656ace8a78c8d45a7834	Windows 11  (10.0.22631) 64bit (Editor)	True	null	null	null	null	null	null	None	0	null	0	0	null	null	null	null	null	
2024/11/23 15:54:59.820	b135e9c82f3b5af8414a656ace8a78c8d45a7834	Windows 11  (10.0.22631) 64bit (Editor)	True	null	null	null	null	null	null	None	0	null	0	0	null	null	null	null	null	
2024/11/23 15:54:59.830	b135e9c82f3b5af8414a656ace8a78c8d45a7834	Windows 11  (10.0.22631) 64bit (Editor)	True	null	null	null	null	null	null	None	0	null	0	0	null	null	null	null	null	
2024/11/23 15:54:59.841	b135e9c82f3b5af8414a656ace8a78c8d45a7834	Windows 11  (10.0.22631) 64bit (Editor)	True	null	null	null	null	null	null	None	0	null	0	0	null	null	null	null	null	
2024/11/23 15:54:59.850	b135e9c82f3b5af8414a656ace8a78c8d45a7834	Windows 11  (10.0.22631) 64bit (Editor)	True	null	null	null	null	null	null	None	0	null	0	0	null	null	null	null	null	
2024/11/23 15:54:59.860	b135e9c82f3b5af8414a656ace8a78c8d45a7834	Windows 11  (10.0.22631) 64bit (Editor)	True	null	null	null	null	null	null	None	0	null	0	0	null	null	null	null	null	
2024/11/23 15:54:59.872	b135e9c82f3b5af8414a656ace8a78c8d45a7834	Windows 11  (10.0.22631) 64bit (Editor)	True	null	null	null	null	null	null	None	0	null	0	0	null	null	null	null	null	
2024/11/23 15:54:59.893	b135e9c82f3b5af8414a656ace8a78c8d45a7834	Windows 11  (10.0.22631) 64bit (Editor)	True	null	null	null	null	null	null	None	0	null	0	0	null	null	null	null	null	
2024/11/23 15:54:59.903	b135e9c82f3b5af8414a656ace8a78c8d45a7834	Windows 11  (10.0.22631) 64bit (Editor)	True	null	null	null	null	null	null	None	0	null	0	0	null	null	null	null	null	
2024/11/23 15:54:59.912	b135e9c82f3b5af8414a656ace8a78c8d45a7834	Windows 11  (10.0.22631) 64bit (Editor)	True	null	null	null	null	null	null	None	0	null	0	0	null	null	null	null	null	
2024/11/23 15:54:59.921	b135e9c82f3b5af8414a656ace8a78c8d45a7834	Windows 11  (10.0.22631) 64bit (Editor)	True	null	null	null	null	null	null	None	0	null	0	0	null	null	null	null	null	
2024/11/23 15:54:59.929	b135e9c82f3b5af8414a656ace8a78c8d45a7834	Windows 11  (10.0.22631) 64bit (Editor)	True	null	null	null	null	null	null	None	0	null	0	0	null	null	null	null	null	
2024/11/23 15:54:59.938	b135e9c82f3b5af8414a656ace8a78c8d45a7834	Windows 11  (10.0.22631) 64bit (Editor)	True	null	null	null	null	null	null	None	0	null	0	0	null	null	null	null	null	
2024/11/23 15:54:59.946	b135e9c82f3b5af8414a656ace8a78c8d45a7834	Windows 11  (10.0.22631) 64bit (Editor)	True	null	null	null	null	null	null	None	0	null	0	0	null	null	null	null	null	
2024/11/23 15:54:59.955	b135e9c82f3b5af8414a656ace8a78c8d45a7834	Windows 11  (10.0.22631) 64bit (Editor)	True	null	null	null	null	null	null	None	0	null	0	0	null	null	null	null	null	
2024/11/23 15:54:59.962	b135e9c82f3b5af8414a656ace8a78c8d45a7834	Windows 11  (10.0.22631) 64bit (Editor)	True	null	null	null	null	null	null	None	0	null	0	0	null	null	null	null	null	
2024/11/23 15:54:59.972	b135e9c82f3b5af8414a656ace8a78c8d45a7834	Windows 11  (10.0.22631) 64bit (Editor)	True	null	null	null	null	null	null	None	0	null	0	0	null	null	null	null	null	
2024/11/23 15:54:59.979	b135e9c82f3b5af8414a656ace8a78c8d45a7834	Windows 11  (10.0.22631) 64bit (Editor)	True	null	null	null	null	null	null	None	0	null	0	0	null	null	null	null	null	
2024/11/23 15:54:59.987	b135e9c82f3b5af8414a656ace8a78c8d45a7834	Windows 11  (10.0.22631) 64bit (Editor)	True	null	null	null	null	null	null	None	0	null	0	0	null	null	null	null	null	
2024/11/23 15:54:59.994	b135e9c82f3b5af8414a656ace8a78c8d45a7834	Windows 11  (10.0.22631) 64bit (Editor)	True	null	null	null	null	null	null	None	0	null	0	0	null	null	null	null	null	
2024/11/23 15:55:00.003	b135e9c82f3b5af8414a656ace8a78c8d45a7834	Windows 11  (10.0.22631) 64bit (Editor)	True	null	null	null	null	null	null	None	0	null	0	0	null	null	null	null	null	
2024/11/23 15:55:00.010	b135e9c82f3b5af8414a656ace8a78c8d45a7834	Windows 11  (10.0.22631) 64bit (Editor)	True	null	null	null	null	null	null	None	0	null	0	0	null	null	null	null	null	
2024/11/23 15:55:00.020	b135e9c82f3b5af8414a656ace8a78c8d45a7834	Windows 11  (10.0.22631) 64bit (Editor)	True	null	null	null	null	null	null	None	0	null	0	0	null	null	null	null	null	
2024/11/23 15:55:00.028	b135e9c82f3b5af8414a656ace8a78c8d45a7834	Windows 11  (10.0.22631) 64bit (Editor)	True	null	null	null	null	null	null	None	0	null	0	0	null	null	null	null	null	
2024/11/23 15:55:00.052	b135e9c82f3b5af8414a656ace8a78c8d45a7834	Windows 11  (10.0.22631) 64bit (Editor)	True	null	null	null	null	null	null	None	0	null	0	0	null	null	null	null	null	
2024/11/23 15:55:00.062	b135e9c82f3b5af8414a656ace8a78c8d45a7834	Windows 11  (10.0.22631) 64bit (Editor)	True	null	null	null	null	null	null	None	0	null	0	0	null	null	null	null	null	
2024/11/23 15:55:00.072	b135e9c82f3b5af8414a656ace8a78c8d45a7834	Windows 11  (10.0.22631) 64bit (Editor)	True	null	null	null	null	null	null	None	0	null	0	0	null	null	null	null	null	
2024/11/23 15:55:00.079	b135e9c82f3b5af8414a656ace8a78c8d45a7834	Windows 11  (10.0.22631) 64bit (Editor)	True	null	null	null	null	null	null	None	0	null	0	0	null	null	null	null	null	
2024/11/23 15:55:00.086	b135e9c82f3b5af8414a656ace8a78c8d45a7834	Windows 11  (10.0.22631) 64bit (Editor)	True	null	null	null	null	null	null	None	0	null	0	0	null	null	null	null	null	
2024/11/23 15:55:00.096	b135e9c82f3b5af8414a656ace8a78c8d45a7834	Windows 11  (10.0.22631) 64bit (Editor)	True	null	null	null	null	null	null	None	0	null	0	0	null	null	null	null	null	
2024/11/23 15:55:00.104	b135e9c82f3b5af8414a656ace8a78c8d45a7834	Windows 11  (10.0.22631) 64bit (Editor)	True	null	null	null	null	null	null	None	0	null	0	0	null	null	null	null	null	
2024/11/23 15:55:00.111	b135e9c82f3b5af8414a656ace8a78c8d45a7834	Windows 11  (10.0.22631) 64bit (Editor)	True	null	null	null	null	null	null	None	0	null	0	0	null	null	null	null	null	
2024/11/23 15:55:00.120	b135e9c82f3b5af8414a656ace8a78c8d45a7834	Windows 11  (10.0.22631) 64bit (Editor)	True	null	null	null	null	null	null	None	0	null	0	0	null	null	null	null	null	
2024/11/23 15:55:00.126	b135e9c82f3b5af8414a656ace8a78c8d45a7834	Windows 11  (10.0.22631) 64bit (Editor)	True	null	null	null	null	null	null	None	0	null	0	0	null	null	null	null	null	
2024/11/23 15:55:00.134	b135e9c82f3b5af8414a656ace8a78c8d45a7834	Windows 11  (10.0.22631) 64bit (Editor)	True	null	null	null	null	null	null	None	0	null	0	0	null	null	null	null	null	
2024/11/23 15:55:00.141	b135e9c82f3b5af8414a656ace8a78c8d45a7834	Windows 11  (10.0.22631) 64bit (Editor)	True	null	null	null	null	null	null	None	0	null	0	0	null	null	null	null	null	
2024/11/23 15:55:00.149	b135e9c82f3b5af8414a656ace8a78c8d45a7834	Windows 11  (10.0.22631) 64bit (Editor)	True	null	null	null	null	null	null	None	0	null	0	0	null	null	null	null	null	
2024/11/23 15:55:00.156	b135e9c82f3b5af8414a656ace8a78c8d45a7834	Windows 11  (10.0.22631) 64bit (Editor)	True	null	null	null	null	null	null	None	0	null	0	0	null	null	null	null	null	
2024/11/23 15:55:00.163	b135e9c82f3b5af8414a656ace8a78c8d45a7834	Windows 11  (10.0.22631) 64bit (Editor)	True	null	null	null	null	null	null	None	0	null	0	0	null	null	null	null	null	
2024/11/23 15:55:00.172	b135e9c82f3b5af8414a656ace8a78c8d45a7834	Windows 11  (10.0.22631) 64bit (Editor)	True	null	null	null	null	null	null	None	0	null	0	0	null	null	null	null	null	
2024/11/23 15:55:00.178	b135e9c82f3b5af8414a656ace8a78c8d45a7834	Windows 11  (10.0.22631) 64bit (Editor)	True	null	null	null	null	null	null	None	0	null	0	0	null	null	null	null	null	
2024/11/23 15:55:00.196	b135e9c82f3b5af8414a656ace8a78c8d45a7834	Windows 11  (10.0.22631) 64bit (Editor)	True	null	null	null	null	null	null	None	0	null	0	0	null	null	null	null	null	
2024/11/23 15:55:00.204	b135e9c82f3b5af8414a656ace8a78c8d45a7834	Windows 11  (10.0.22631) 64bit (Editor)	True	null	null	null	null	null	null	None	0	null	0	0	null	null	null	null	null	
2024/11/23 15:55:00.212	b135e9c82f3b5af8414a656ace8a78c8d45a7834	Windows 11  (10.0.22631) 64bit (Editor)	True	null	null	null	null	null	null	None	0	null	0	0	null	null	null	null	null	
2024/11/23 15:55:00.221	b135e9c82f3b5af8414a656ace8a78c8d45a7834	Windows 11  (10.0.22631) 64bit (Editor)	True	null	null	null	null	null	null	None	0	null	0	0	null	null	null	null	null	
2024/11/23 15:55:00.229	b135e9c82f3b5af8414a656ace8a78c8d45a7834	Windows 11  (10.0.22631) 64bit (Editor)	True	null	null	null	null	null	null	None	0	null	0	0	null	null	null	null	null	
2024/11/23 15:55:00.237	b135e9c82f3b5af8414a656ace8a78c8d45a7834	Windows 11  (10.0.22631) 64bit (Editor)	True	null	null	null	null	null	null	None	0	null	0	0	null	null	null	null	null	
2024/11/23 15:55:00.252	b135e9c82f3b5af8414a656ace8a78c8d45a7834	Windows 11  (10.0.22631) 64bit (Editor)	True	null	null	null	null	null	null	None	0	null	0	0	null	null	null	null	null	
2024/11/23 15:55:00.258	b135e9c82f3b5af8414a656ace8a78c8d45a7834	Windows 11  (10.0.22631) 64bit (Editor)	True	null	null	null	null	null	null	None	0	null	0	0	null	null	null	null	null	
2024/11/23 15:55:00.265	b135e9c82f3b5af8414a656ace8a78c8d45a7834	Windows 11  (10.0.22631) 64bit (Editor)	True	null	null	null	null	null	null	None	0	null	0	0	null	null	null	null	null	
2024/11/23 15:55:00.273	b135e9c82f3b5af8414a656ace8a78c8d45a7834	Windows 11  (10.0.22631) 64bit (Editor)	True	null	null	null	null	null	null	None	0	null	0	0	null	null	null	null	null	
2024/11/23 15:55:00.280	b135e9c82f3b5af8414a656ace8a78c8d45a7834	Windows 11  (10.0.22631) 64bit (Editor)	True	null	null	null	null	null	null	None	0	null	0	0	null	null	null	null	null	
2024/11/23 15:55:00.288	b135e9c82f3b5af8414a656ace8a78c8d45a7834	Windows 11  (10.0.22631) 64bit (Editor)	True	null	null	null	null	null	null	None	0	null	0	0	null	null	null	null	null	
2024/11/23 15:55:00.296	b135e9c82f3b5af8414a656ace8a78c8d45a7834	Windows 11  (10.0.22631) 64bit (Editor)	True	null	null	null	null	null	null	None	0	null	0	0	null	null	null	null	null	
2024/11/23 15:55:00.303	b135e9c82f3b5af8414a656ace8a78c8d45a7834	Windows 11  (10.0.22631) 64bit (Editor)	True	null	null	null	null	null	null	None	0	null	0	0	null	null	null	null	null	
2024/11/23 15:55:00.312	b135e9c82f3b5af8414a656ace8a78c8d45a7834	Windows 11  (10.0.22631) 64bit (Editor)	True	null	null	null	null	null	null	None	0	null	0	0	null	null	null	null	null	
2024/11/23 15:55:00.318	b135e9c82f3b5af8414a656ace8a78c8d45a7834	Windows 11  (10.0.22631) 64bit (Editor)	True	null	null	null	null	null	null	None	0	null	0	0	null	null	null	null	null	
2024/11/23 15:55:00.327	b135e9c82f3b5af8414a656ace8a78c8d45a7834	Windows 11  (10.0.22631) 64bit (Editor)	True	null	null	null	null	null	null	None	0	null	0	0	null	null	null	null	null	
2024/11/23 15:55:00.335	b135e9c82f3b5af8414a656ace8a78c8d45a7834	Windows 11  (10.0.22631) 64bit (Editor)	True	null	null	null	null	null	null	None	0	null	0	0	null	null	null	null	null	
2024/11/23 15:55:00.352	b135e9c82f3b5af8414a656ace8a78c8d45a7834	Windows 11  (10.0.22631) 64bit (Editor)	True	null	null	null	null	null	null	None	0	null	0	0	null	null	null	null	null	
2024/11/23 15:55:00.361	b135e9c82f3b5af8414a656ace8a78c8d45a7834	Windows 11  (10.0.22631) 64bit (Editor)	True	null	null	null	null	null	null	None	0	null	0	0	null	null	null	null	null	
2024/11/23 15:55:00.369	b135e9c82f3b5af8414a656ace8a78c8d45a7834	Windows 11  (10.0.22631) 64bit (Editor)	True	null	null	null	null	null	null	None	0	null	0	0	null	null	null	null	null	
2024/11/23 15:55:00.377	b135e9c82f3b5af8414a656ace8a78c8d45a7834	Windows 11  (10.0.22631) 64bit (Editor)	True	null	null	null	null	null	null	None	0	null	0	0	null	null	null	null	null	
2024/11/23 15:55:00.385	b135e9c82f3b5af8414a656ace8a78c8d45a7834	Windows 11  (10.0.22631) 64bit (Editor)	True	null	null	null	null	null	null	None	0	null	0	0	null	null	null	null	null	
2024/11/23 15:55:00.393	b135e9c82f3b5af8414a656ace8a78c8d45a7834	Windows 11  (10.0.22631) 64bit (Editor)	True	null	null	null	null	null	null	None	0	null	0	0	null	null	null	null	null	
2024/11/23 15:55:00.403	b135e9c82f3b5af8414a656ace8a78c8d45a7834	Windows 11  (10.0.22631) 64bit (Editor)	True	null	null	null	null	null	null	None	0	null	0	0	null	null	null	null	null	
2024/11/23 15:55:00.411	b135e9c82f3b5af8414a656ace8a78c8d45a7834	Windows 11  (10.0.22631) 64bit (Editor)	True	null	null	null	null	null	null	None	0	null	0	0	null	null	null	null	null	
2024/11/23 15:55:00.423	b135e9c82f3b5af8414a656ace8a78c8d45a7834	Windows 11  (10.0.22631) 64bit (Editor)	True	null	null	null	null	null	null	None	0	null	0	0	null	null	null	null	null	
2024/11/23 15:55:00.432	b135e9c82f3b5af8414a656ace8a78c8d45a7834	Windows 11  (10.0.22631) 64bit (Editor)	True	null	null	null	null	null	null	None	0	null	0	0	null	null	null	null	null	
2024/11/23 15:55:00.440	b135e9c82f3b5af8414a656ace8a78c8d45a7834	Windows 11  (10.0.22631) 64bit (Editor)	True	null	null	null	null	null	null	None	0	null	0	0	null	null	null	null	null	
2024/11/23 15:55:00.449	b135e9c82f3b5af8414a656ace8a78c8d45a7834	Windows 11  (10.0.22631) 64bit (Editor)	True	null	null	null	null	null	null	None	0	null	0	0	null	null	null	null	null	
2024/11/23 15:55:00.457	b135e9c82f3b5af8414a656ace8a78c8d45a7834	Windows 11  (10.0.22631) 64bit (Editor)	True	null	null	null	null	null	null	None	0	null	0	0	null	null	null	null	null	
2024/11/23 15:55:00.466	b135e9c82f3b5af8414a656ace8a78c8d45a7834	Windows 11  (10.0.22631) 64bit (Editor)	True	null	null	null	null	null	null	None	0	null	0	0	null	null	null	null	null	
2024/11/23 15:55:00.476	b135e9c82f3b5af8414a656ace8a78c8d45a7834	Windows 11  (10.0.22631) 64bit (Editor)	True	null	null	null	null	null	null	None	0	null	0	0	null	null	null	null	null	
2024/11/23 15:55:00.484	b135e9c82f3b5af8414a656ace8a78c8d45a7834	Windows 11  (10.0.22631) 64bit (Editor)	True	null	null	null	null	null	null	None	0	null	0	0	null	null	null	null	null	
2024/11/23 15:55:00.492	b135e9c82f3b5af8414a656ace8a78c8d45a7834	Windows 11  (10.0.22631) 64bit (Editor)	True	null	null	null	null	null	null	None	0	null	0	0	null	null	null	null	null	
2024/11/23 15:55:00.512	b135e9c82f3b5af8414a656ace8a78c8d45a7834	Windows 11  (10.0.22631) 64bit (Editor)	True	null	null	null	null	null	null	None	0	null	0	0	null	null	null	null	null	
2024/11/23 15:55:00.521	b135e9c82f3b5af8414a656ace8a78c8d45a7834	Windows 11  (10.0.22631) 64bit (Editor)	True	null	null	null	null	null	null	None	0	null	0	0	null	null	null	null	null	
2024/11/23 15:55:00.531	b135e9c82f3b5af8414a656ace8a78c8d45a7834	Windows 11  (10.0.22631) 64bit (Editor)	True	null	null	null	null	null	null	None	0	null	0	0	null	null	null	null	null	
2024/11/23 15:55:00.539	b135e9c82f3b5af8414a656ace8a78c8d45a7834	Windows 11  (10.0.22631) 64bit (Editor)	True	null	null	null	null	null	null	None	0	null	0	0	null	null	null	null	null	
2024/11/23 15:55:00.547	b135e9c82f3b5af8414a656ace8a78c8d45a7834	Windows 11  (10.0.22631) 64bit (Editor)	True	null	null	null	null	null	null	None	0	null	0	0	null	null	null	null	null	
2024/11/23 15:55:00.556	b135e9c82f3b5af8414a656ace8a78c8d45a7834	Windows 11  (10.0.22631) 64bit (Editor)	True	null	null	null	null	null	null	None	0	null	0	0	null	null	null	null	null	
2024/11/23 15:55:00.564	b135e9c82f3b5af8414a656ace8a78c8d45a7834	Windows 11  (10.0.22631) 64bit (Editor)	True	null	null	null	null	null	null	None	0	null	0	0	null	null	null	null	null	
2024/11/23 15:55:00.571	b135e9c82f3b5af8414a656ace8a78c8d45a7834	Windows 11  (10.0.22631) 64bit (Editor)	True	null	null	null	null	null	null	None	0	null	0	0	null	null	null	null	null	
2024/11/23 15:55:00.580	b135e9c82f3b5af8414a656ace8a78c8d45a7834	Windows 11  (10.0.22631) 64bit (Editor)	True	null	null	null	null	null	null	None	0	null	0	0	null	null	null	null	null	
2024/11/23 15:55:00.588	b135e9c82f3b5af8414a656ace8a78c8d45a7834	Windows 11  (10.0.22631) 64bit (Editor)	True	null	null	null	null	null	null	None	0	null	0	0	null	null	null	null	null	
2024/11/23 15:55:00.595	b135e9c82f3b5af8414a656ace8a78c8d45a7834	Windows 11  (10.0.22631) 64bit (Editor)	True	null	null	null	null	null	null	None	0	null	0	0	null	null	null	null	null	
2024/11/23 15:55:00.603	b135e9c82f3b5af8414a656ace8a78c8d45a7834	Windows 11  (10.0.22631) 64bit (Editor)	True	null	null	null	null	null	null	None	0	null	0	0	null	null	null	null	null	
2024/11/23 15:55:00.611	b135e9c82f3b5af8414a656ace8a78c8d45a7834	Windows 11  (10.0.22631) 64bit (Editor)	True	null	null	null	null	null	null	None	0	null	0	0	null	null	null	null	null	
2024/11/23 15:55:00.619	b135e9c82f3b5af8414a656ace8a78c8d45a7834	Windows 11  (10.0.22631) 64bit (Editor)	True	null	null	null	null	null	null	None	0	null	0	0	null	null	null	null	null	
2024/11/23 15:55:00.627	b135e9c82f3b5af8414a656ace8a78c8d45a7834	Windows 11  (10.0.22631) 64bit (Editor)	True	null	null	null	null	null	null	None	0	null	0	0	null	null	null	null	null	
2024/11/23 15:55:00.635	b135e9c82f3b5af8414a656ace8a78c8d45a7834	Windows 11  (10.0.22631) 64bit (Editor)	True	null	null	null	null	null	null	None	0	null	0	0	null	null	null	null	null	
2024/11/23 15:55:00.641	b135e9c82f3b5af8414a656ace8a78c8d45a7834	Windows 11  (10.0.22631) 64bit (Editor)	True	null	null	null	null	null	null	None	0	null	0	0	null	null	null	null	null	
2024/11/23 15:55:00.662	b135e9c82f3b5af8414a656ace8a78c8d45a7834	Windows 11  (10.0.22631) 64bit (Editor)	True	null	null	null	null	null	null	None	0	null	0	0	null	null	null	null	null	
2024/11/23 15:55:00.671	b135e9c82f3b5af8414a656ace8a78c8d45a7834	Windows 11  (10.0.22631) 64bit (Editor)	True	null	null	null	null	null	null	None	0	null	0	0	null	null	null	null	null	
2024/11/23 15:55:00.679	b135e9c82f3b5af8414a656ace8a78c8d45a7834	Windows 11  (10.0.22631) 64bit (Editor)	True	null	null	null	null	null	null	None	0	null	0	0	null	null	null	null	null	
2024/11/23 15:55:00.688	b135e9c82f3b5af8414a656ace8a78c8d45a7834	Windows 11  (10.0.22631) 64bit (Editor)	True	null	null	null	null	null	null	None	0	null	0	0	null	null	null	null	null	
2024/11/23 15:55:00.695	b135e9c82f3b5af8414a656ace8a78c8d45a7834	Windows 11  (10.0.22631) 64bit (Editor)	True	null	null	null	null	null	null	None	0	null	0	0	null	null	null	null	null	
2024/11/23 15:55:00.703	b135e9c82f3b5af8414a656ace8a78c8d45a7834	Windows 11  (10.0.22631) 64bit (Editor)	True	null	null	null	null	null	null	None	0	null	0	0	null	null	null	null	null	
2024/11/23 15:55:00.711	b135e9c82f3b5af8414a656ace8a78c8d45a7834	Windows 11  (10.0.22631) 64bit (Editor)	True	null	null	null	null	null	null	None	0	null	0	0	null	null	null	null	null	
2024/11/23 15:55:00.718	b135e9c82f3b5af8414a656ace8a78c8d45a7834	Windows 11  (10.0.22631) 64bit (Editor)	True	null	null	null	null	null	null	None	0	null	0	0	null	null	null	null	null	
2024/11/23 15:55:00.727	b135e9c82f3b5af8414a656ace8a78c8d45a7834	Windows 11  (10.0.22631) 64bit (Editor)	True	null	null	null	null	null	null	None	0	null	0	0	null	null	null	null	null	
2024/11/23 15:55:00.736	b135e9c82f3b5af8414a656ace8a78c8d45a7834	Windows 11  (10.0.22631) 64bit (Editor)	True	null	null	null	null	null	null	None	0	null	0	0	null	null	null	null	null	
2024/11/23 15:55:00.743	b135e9c82f3b5af8414a656ace8a78c8d45a7834	Windows 11  (10.0.22631) 64bit (Editor)	True	null	null	null	null	null	null	None	0	null	0	0	null	null	null	null	null	
2024/11/23 15:55:00.752	b135e9c82f3b5af8414a656ace8a78c8d45a7834	Windows 11  (10.0.22631) 64bit (Editor)	True	null	null	null	null	null	null	None	0	null	0	0	null	null	null	null	null	
2024/11/23 15:55:00.759	b135e9c82f3b5af8414a656ace8a78c8d45a7834	Windows 11  (10.0.22631) 64bit (Editor)	True	null	null	null	null	null	null	None	0	null	0	0	null	null	null	null	null	
2024/11/23 15:55:00.766	b135e9c82f3b5af8414a656ace8a78c8d45a7834	Windows 11  (10.0.22631) 64bit (Editor)	True	null	null	null	null	null	null	None	0	null	0	0	null	null	null	null	null	
2024/11/23 15:55:00.774	b135e9c82f3b5af8414a656ace8a78c8d45a7834	Windows 11  (10.0.22631) 64bit (Editor)	True	null	null	null	null	null	null	None	0	null	0	0	null	null	null	null	null	
2024/11/23 15:55:00.781	b135e9c82f3b5af8414a656ace8a78c8d45a7834	Windows 11  (10.0.22631) 64bit (Editor)	True	null	null	null	null	null	null	None	0	null	0	0	null	null	null	null	null	
2024/11/23 15:55:00.787	b135e9c82f3b5af8414a656ace8a78c8d45a7834	Windows 11  (10.0.22631) 64bit (Editor)	True	null	null	null	null	null	null	None	0	null	0	0	null	null	null	null	null	
2024/11/23 15:55:00.796	b135e9c82f3b5af8414a656ace8a78c8d45a7834	Windows 11  (10.0.22631) 64bit (Editor)	True	null	null	null	null	null	null	None	0	null	0	0	null	null	null	null	null	
2024/11/23 15:55:00.815	b135e9c82f3b5af8414a656ace8a78c8d45a7834	Windows 11  (10.0.22631) 64bit (Editor)	True	null	null	null	null	null	null	None	0	null	0	0	null	null	null	null	null	
2024/11/23 15:55:00.824	b135e9c82f3b5af8414a656ace8a78c8d45a7834	Windows 11  (10.0.22631) 64bit (Editor)	True	null	null	null	null	null	null	None	0	null	0	0	null	null	null	null	null	
2024/11/23 15:55:00.831	b135e9c82f3b5af8414a656ace8a78c8d45a7834	Windows 11  (10.0.22631) 64bit (Editor)	True	null	null	null	null	null	null	None	0	null	0	0	null	null	null	null	null	
2024/11/23 15:55:00.840	b135e9c82f3b5af8414a656ace8a78c8d45a7834	Windows 11  (10.0.22631) 64bit (Editor)	True	null	null	null	null	null	null	None	0	null	0	0	null	null	null	null	null	
2024/11/23 15:55:00.846	b135e9c82f3b5af8414a656ace8a78c8d45a7834	Windows 11  (10.0.22631) 64bit (Editor)	True	null	null	null	null	null	null	None	0	null	0	0	null	null	null	null	null	
2024/11/23 15:55:00.855	b135e9c82f3b5af8414a656ace8a78c8d45a7834	Windows 11  (10.0.22631) 64bit (Editor)	True	null	null	null	null	null	null	None	0	null	0	0	null	null	null	null	null	
2024/11/23 15:55:00.862	b135e9c82f3b5af8414a656ace8a78c8d45a7834	Windows 11  (10.0.22631) 64bit (Editor)	True	null	null	null	null	null	null	None	0	null	0	0	null	null	null	null	null	
2024/11/23 15:55:00.869	b135e9c82f3b5af8414a656ace8a78c8d45a7834	Windows 11  (10.0.22631) 64bit (Editor)	True	null	null	null	null	null	null	None	0	null	0	0	null	null	null	null	null	
2024/11/23 15:55:00.877	b135e9c82f3b5af8414a656ace8a78c8d45a7834	Windows 11  (10.0.22631) 64bit (Editor)	True	null	null	null	null	null	null	None	0	null	0	0	null	null	null	null	null	
2024/11/23 15:55:00.884	b135e9c82f3b5af8414a656ace8a78c8d45a7834	Windows 11  (10.0.22631) 64bit (Editor)	True	null	null	null	null	null	null	None	0	null	0	0	null	null	null	null	null	
2024/11/23 15:55:00.892	b135e9c82f3b5af8414a656ace8a78c8d45a7834	Windows 11  (10.0.22631) 64bit (Editor)	True	null	null	null	null	null	null	None	0	null	0	0	null	null	null	null	null	
2024/11/23 15:55:00.898	b135e9c82f3b5af8414a656ace8a78c8d45a7834	Windows 11  (10.0.22631) 64bit (Editor)	True	null	null	null	null	null	null	None	0	null	0	0	null	null	null	null	null	
2024/11/23 15:55:00.905	b135e9c82f3b5af8414a656ace8a78c8d45a7834	Windows 11  (10.0.22631) 64bit (Editor)	True	null	null	null	null	null	null	None	0	null	0	0	null	null	null	null	null	
2024/11/23 15:55:00.912	b135e9c82f3b5af8414a656ace8a78c8d45a7834	Windows 11  (10.0.22631) 64bit (Editor)	True	null	null	null	null	null	null	None	0	null	0	0	null	null	null	null	null	
2024/11/23 15:55:00.920	b135e9c82f3b5af8414a656ace8a78c8d45a7834	Windows 11  (10.0.22631) 64bit (Editor)	True	null	null	null	null	null	null	None	0	null	0	0	null	null	null	null	null	
2024/11/23 15:55:00.926	b135e9c82f3b5af8414a656ace8a78c8d45a7834	Windows 11  (10.0.22631) 64bit (Editor)	True	null	null	null	null	null	null	None	0	null	0	0	null	null	null	null	null	
2024/11/23 15:55:00.935	b135e9c82f3b5af8414a656ace8a78c8d45a7834	Windows 11  (10.0.22631) 64bit (Editor)	True	null	null	null	null	null	null	None	0	null	0	0	null	null	null	null	null	
2024/11/23 15:55:00.942	b135e9c82f3b5af8414a656ace8a78c8d45a7834	Windows 11  (10.0.22631) 64bit (Editor)	True	null	null	null	null	null	null	None	0	null	0	0	null	null	null	null	null	
2024/11/23 15:55:00.950	b135e9c82f3b5af8414a656ace8a78c8d45a7834	Windows 11  (10.0.22631) 64bit (Editor)	True	null	null	null	null	null	null	None	0	null	0	0	null	null	null	null	null	
2024/11/23 15:55:00.969	b135e9c82f3b5af8414a656ace8a78c8d45a7834	Windows 11  (10.0.22631) 64bit (Editor)	True	null	null	null	null	null	null	None	0	null	0	0	null	null	null	null	null	
2024/11/23 15:55:00.976	b135e9c82f3b5af8414a656ace8a78c8d45a7834	Windows 11  (10.0.22631) 64bit (Editor)	True	null	null	null	null	null	null	None	0	null	0	0	null	null	null	null	null	
2024/11/23 15:55:00.985	b135e9c82f3b5af8414a656ace8a78c8d45a7834	Windows 11  (10.0.22631) 64bit (Editor)	True	null	null	null	null	null	null	None	0	null	0	0	null	null	null	null	null	
2024/11/23 15:55:00.994	b135e9c82f3b5af8414a656ace8a78c8d45a7834	Windows 11  (10.0.22631) 64bit (Editor)	True	null	null	null	null	null	null	None	0	null	0	0	null	null	null	null	null	
2024/11/23 15:55:01.004	b135e9c82f3b5af8414a656ace8a78c8d45a7834	Windows 11  (10.0.22631) 64bit (Editor)	True	null	null	null	null	null	null	None	0	null	0	0	null	null	null	null	null	
2024/11/23 15:55:01.012	b135e9c82f3b5af8414a656ace8a78c8d45a7834	Windows 11  (10.0.22631) 64bit (Editor)	True	null	null	null	null	null	null	None	0	null	0	0	null	null	null	null	null	
2024/11/23 15:55:01.022	b135e9c82f3b5af8414a656ace8a78c8d45a7834	Windows 11  (10.0.22631) 64bit (Editor)	True	null	null	null	null	null	null	None	0	null	0	0	null	null	null	null	null	
2024/11/23 15:55:01.032	b135e9c82f3b5af8414a656ace8a78c8d45a7834	Windows 11  (10.0.22631) 64bit (Editor)	True	null	null	null	null	null	null	None	0	null	0	0	null	null	null	null	null	
2024/11/23 15:55:01.040	b135e9c82f3b5af8414a656ace8a78c8d45a7834	Windows 11  (10.0.22631) 64bit (Editor)	True	null	null	null	null	null	null	None	0	null	0	0	null	null	null	null	null	
2024/11/23 15:55:01.050	b135e9c82f3b5af8414a656ace8a78c8d45a7834	Windows 11  (10.0.22631) 64bit (Editor)	True	null	null	null	null	null	null	None	0	null	0	0	null	null	null	null	null	
2024/11/23 15:55:01.058	b135e9c82f3b5af8414a656ace8a78c8d45a7834	Windows 11  (10.0.22631) 64bit (Editor)	True	null	null	null	null	null	null	None	0	null	0	0	null	null	null	null	null	
2024/11/23 15:55:01.067	b135e9c82f3b5af8414a656ace8a78c8d45a7834	Windows 11  (10.0.22631) 64bit (Editor)	True	null	null	null	null	null	null	None	0	null	0	0	null	null	null	null	null	
2024/11/23 15:55:01.077	b135e9c82f3b5af8414a656ace8a78c8d45a7834	Windows 11  (10.0.22631) 64bit (Editor)	True	null	null	null	null	null	null	None	0	null	0	0	null	null	null	null	null	
2024/11/23 15:55:01.092	b135e9c82f3b5af8414a656ace8a78c8d45a7834	Windows 11  (10.0.22631) 64bit (Editor)	True	null	null	null	null	null	null	None	0	null	0	0	null	null	null	null	null	
2024/11/23 15:55:01.100	b135e9c82f3b5af8414a656ace8a78c8d45a7834	Windows 11  (10.0.22631) 64bit (Editor)	True	null	null	null	null	null	null	None	0	null	0	0	null	null	null	null	null	
2024/11/23 15:55:01.109	b135e9c82f3b5af8414a656ace8a78c8d45a7834	Windows 11  (10.0.22631) 64bit (Editor)	True	null	null	null	null	null	null	None	0	null	0	0	null	null	null	null	null	
2024/11/23 15:55:01.128	b135e9c82f3b5af8414a656ace8a78c8d45a7834	Windows 11  (10.0.22631) 64bit (Editor)	True	null	null	null	null	null	null	None	0	null	0	0	null	null	null	null	null	
2024/11/23 15:55:01.136	b135e9c82f3b5af8414a656ace8a78c8d45a7834	Windows 11  (10.0.22631) 64bit (Editor)	True	null	null	null	null	null	null	None	0	null	0	0	null	null	null	null	null	
2024/11/23 15:55:01.143	b135e9c82f3b5af8414a656ace8a78c8d45a7834	Windows 11  (10.0.22631) 64bit (Editor)	True	null	null	null	null	null	null	None	0	null	0	0	null	null	null	null	null	
2024/11/23 15:55:01.151	b135e9c82f3b5af8414a656ace8a78c8d45a7834	Windows 11  (10.0.22631) 64bit (Editor)	True	null	null	null	null	null	null	None	0	null	0	0	null	null	null	null	null	
2024/11/23 15:55:01.158	b135e9c82f3b5af8414a656ace8a78c8d45a7834	Windows 11  (10.0.22631) 64bit (Editor)	True	null	null	null	null	null	null	None	0	null	0	0	null	null	null	null	null	
2024/11/23 15:55:01.165	b135e9c82f3b5af8414a656ace8a78c8d45a7834	Windows 11  (10.0.22631) 64bit (Editor)	True	null	null	null	null	null	null	None	0	null	0	0	null	null	null	null	null	
2024/11/23 15:55:01.173	b135e9c82f3b5af8414a656ace8a78c8d45a7834	Windows 11  (10.0.22631) 64bit (Editor)	True	null	null	null	null	null	null	None	0	null	0	0	null	null	null	null	null	
2024/11/23 15:55:01.180	b135e9c82f3b5af8414a656ace8a78c8d45a7834	Windows 11  (10.0.22631) 64bit (Editor)	True	null	null	null	null	null	null	None	0	null	0	0	null	null	null	null	null	
2024/11/23 15:55:01.189	b135e9c82f3b5af8414a656ace8a78c8d45a7834	Windows 11  (10.0.22631) 64bit (Editor)	True	null	null	null	null	null	null	None	0	null	0	0	null	null	null	null	null	
2024/11/23 15:55:01.195	b135e9c82f3b5af8414a656ace8a78c8d45a7834	Windows 11  (10.0.22631) 64bit (Editor)	True	null	null	null	null	null	null	None	0	null	0	0	null	null	null	null	null	
2024/11/23 15:55:01.202	b135e9c82f3b5af8414a656ace8a78c8d45a7834	Windows 11  (10.0.22631) 64bit (Editor)	True	null	null	null	null	null	null	None	0	null	0	0	null	null	null	null	null	
2024/11/23 15:55:01.211	b135e9c82f3b5af8414a656ace8a78c8d45a7834	Windows 11  (10.0.22631) 64bit (Editor)	True	null	null	null	null	null	null	None	0	null	0	0	null	null	null	null	null	
2024/11/23 15:55:01.220	b135e9c82f3b5af8414a656ace8a78c8d45a7834	Windows 11  (10.0.22631) 64bit (Editor)	True	null	null	null	null	null	null	None	0	null	0	0	null	null	null	null	null	
2024/11/23 15:55:01.226	b135e9c82f3b5af8414a656ace8a78c8d45a7834	Windows 11  (10.0.22631) 64bit (Editor)	True	null	null	null	null	null	null	None	0	null	0	0	null	null	null	null	null	
2024/11/23 15:55:01.234	b135e9c82f3b5af8414a656ace8a78c8d45a7834	Windows 11  (10.0.22631) 64bit (Editor)	True	null	null	null	null	null	null	None	0	null	0	0	null	null	null	null	null	
2024/11/23 15:55:01.243	b135e9c82f3b5af8414a656ace8a78c8d45a7834	Windows 11  (10.0.22631) 64bit (Editor)	True	null	null	null	null	null	null	None	0	null	0	0	null	null	null	null	null	
2024/11/23 15:55:01.252	b135e9c82f3b5af8414a656ace8a78c8d45a7834	Windows 11  (10.0.22631) 64bit (Editor)	True	null	null	null	null	null	null	None	0	null	0	0	null	null	null	null	null	
2024/11/23 15:55:01.258	b135e9c82f3b5af8414a656ace8a78c8d45a7834	Windows 11  (10.0.22631) 64bit (Editor)	True	null	null	null	null	null	null	None	0	null	0	0	null	null	null	null	null	
2024/11/23 15:55:01.266	b135e9c82f3b5af8414a656ace8a78c8d45a7834	Windows 11  (10.0.22631) 64bit (Editor)	True	null	null	null	null	null	null	None	0	null	0	0	null	null	null	null	null	
2024/11/23 15:55:01.287	b135e9c82f3b5af8414a656ace8a78c8d45a7834	Windows 11  (10.0.22631) 64bit (Editor)	True	null	null	null	null	null	null	None	0	null	0	0	null	null	null	null	null	
2024/11/23 15:55:01.296	b135e9c82f3b5af8414a656ace8a78c8d45a7834	Windows 11  (10.0.22631) 64bit (Editor)	True	null	null	null	null	null	null	None	0	null	0	0	null	null	null	null	null	
2024/11/23 15:55:01.305	b135e9c82f3b5af8414a656ace8a78c8d45a7834	Windows 11  (10.0.22631) 64bit (Editor)	True	null	null	null	null	null	null	None	0	null	0	0	null	null	null	null	null	
2024/11/23 15:55:01.312	b135e9c82f3b5af8414a656ace8a78c8d45a7834	Windows 11  (10.0.22631) 64bit (Editor)	True	null	null	null	null	null	null	None	0	null	0	0	null	null	null	null	null	
2024/11/23 15:55:01.322	b135e9c82f3b5af8414a656ace8a78c8d45a7834	Windows 11  (10.0.22631) 64bit (Editor)	True	null	null	null	null	null	null	None	0	null	0	0	null	null	null	null	null	
2024/11/23 15:55:01.328	b135e9c82f3b5af8414a656ace8a78c8d45a7834	Windows 11  (10.0.22631) 64bit (Editor)	True	null	null	null	null	null	null	None	0	null	0	0	null	null	null	null	null	
2024/11/23 15:55:01.337	b135e9c82f3b5af8414a656ace8a78c8d45a7834	Windows 11  (10.0.22631) 64bit (Editor)	True	null	null	null	null	null	null	None	0	null	0	0	null	null	null	null	null	
2024/11/23 15:55:01.347	b135e9c82f3b5af8414a656ace8a78c8d45a7834	Windows 11  (10.0.22631) 64bit (Editor)	True	null	null	null	null	null	null	None	0	null	0	0	null	null	null	null	null	
2024/11/23 15:55:01.356	b135e9c82f3b5af8414a656ace8a78c8d45a7834	Windows 11  (10.0.22631) 64bit (Editor)	True	null	null	null	null	null	null	None	0	null	0	0	null	null	null	null	null	
2024/11/23 15:55:01.364	b135e9c82f3b5af8414a656ace8a78c8d45a7834	Windows 11  (10.0.22631) 64bit (Editor)	True	null	null	null	null	null	null	None	0	null	0	0	null	null	null	null	null	
2024/11/23 15:55:01.372	b135e9c82f3b5af8414a656ace8a78c8d45a7834	Windows 11  (10.0.22631) 64bit (Editor)	True	null	null	null	null	null	null	None	0	null	0	0	null	null	null	null	null	
2024/11/23 15:55:01.381	b135e9c82f3b5af8414a656ace8a78c8d45a7834	Windows 11  (10.0.22631) 64bit (Editor)	True	null	null	null	null	null	null	None	0	null	0	0	null	null	null	null	null	
2024/11/23 15:55:01.388	b135e9c82f3b5af8414a656ace8a78c8d45a7834	Windows 11  (10.0.22631) 64bit (Editor)	True	null	null	null	null	null	null	None	0	null	0	0	null	null	null	null	null	
2024/11/23 15:55:01.394	b135e9c82f3b5af8414a656ace8a78c8d45a7834	Windows 11  (10.0.22631) 64bit (Editor)	True	null	null	null	null	null	null	None	0	null	0	0	null	null	null	null	null	
2024/11/23 15:55:01.403	b135e9c82f3b5af8414a656ace8a78c8d45a7834	Windows 11  (10.0.22631) 64bit (Editor)	True	null	null	null	null	null	null	None	0	null	0	0	null	null	null	null	null	
2024/11/23 15:55:01.410	b135e9c82f3b5af8414a656ace8a78c8d45a7834	Windows 11  (10.0.22631) 64bit (Editor)	True	null	null	null	null	null	null	None	0	null	0	0	null	null	null	null	null	
2024/11/23 15:55:01.418	b135e9c82f3b5af8414a656ace8a78c8d45a7834	Windows 11  (10.0.22631) 64bit (Editor)	True	null	null	null	null	null	null	None	0	null	0	0	null	null	null	null	null	
2024/11/23 15:55:01.437	b135e9c82f3b5af8414a656ace8a78c8d45a7834	Windows 11  (10.0.22631) 64bit (Editor)	True	null	null	null	null	null	null	None	0	null	0	0	null	null	null	null	null	
2024/11/23 15:55:01.445	b135e9c82f3b5af8414a656ace8a78c8d45a7834	Windows 11  (10.0.22631) 64bit (Editor)	True	null	null	null	null	null	null	None	0	null	0	0	null	null	null	null	null	
2024/11/23 15:55:01.453	b135e9c82f3b5af8414a656ace8a78c8d45a7834	Windows 11  (10.0.22631) 64bit (Editor)	True	null	null	null	null	null	null	None	0	null	0	0	null	null	null	null	null	
2024/11/23 15:55:01.461	b135e9c82f3b5af8414a656ace8a78c8d45a7834	Windows 11  (10.0.22631) 64bit (Editor)	True	null	null	null	null	null	null	None	0	null	0	0	null	null	null	null	null	
2024/11/23 15:55:01.474	b135e9c82f3b5af8414a656ace8a78c8d45a7834	Windows 11  (10.0.22631) 64bit (Editor)	True	null	null	null	null	null	null	None	0	null	0	0	null	null	null	null	null	
2024/11/23 15:55:01.485	b135e9c82f3b5af8414a656ace8a78c8d45a7834	Windows 11  (10.0.22631) 64bit (Editor)	True	null	null	null	null	null	null	None	0	null	0	0	null	null	null	null	null	
2024/11/23 15:55:01.491	b135e9c82f3b5af8414a656ace8a78c8d45a7834	Windows 11  (10.0.22631) 64bit (Editor)	True	null	null	null	null	null	null	None	0	null	0	0	null	null	null	null	null	
2024/11/23 15:55:01.501	b135e9c82f3b5af8414a656ace8a78c8d45a7834	Windows 11  (10.0.22631) 64bit (Editor)	True	null	null	null	null	null	null	None	0	null	0	0	null	null	null	null	null	
2024/11/23 15:55:01.507	b135e9c82f3b5af8414a656ace8a78c8d45a7834	Windows 11  (10.0.22631) 64bit (Editor)	True	null	null	null	null	null	null	None	0	null	0	0	null	null	null	null	null	
2024/11/23 15:55:01.514	b135e9c82f3b5af8414a656ace8a78c8d45a7834	Windows 11  (10.0.22631) 64bit (Editor)	True	null	null	null	null	null	null	None	0	null	0	0	null	null	null	null	null	
2024/11/23 15:55:01.522	b135e9c82f3b5af8414a656ace8a78c8d45a7834	Windows 11  (10.0.22631) 64bit (Editor)	True	null	null	null	null	null	null	None	0	null	0	0	null	null	null	null	null	
2024/11/23 15:55:01.530	b135e9c82f3b5af8414a656ace8a78c8d45a7834	Windows 11  (10.0.22631) 64bit (Editor)	True	null	null	null	null	null	null	None	0	null	0	0	null	null	null	null	null	
2024/11/23 15:55:01.536	b135e9c82f3b5af8414a656ace8a78c8d45a7834	Windows 11  (10.0.22631) 64bit (Editor)	True	null	null	null	null	null	null	None	0	null	0	0	null	null	null	null	null	
2024/11/23 15:55:01.545	b135e9c82f3b5af8414a656ace8a78c8d45a7834	Windows 11  (10.0.22631) 64bit (Editor)	True	null	null	null	null	null	null	None	0	null	0	0	null	null	null	null	null	
2024/11/23 15:55:01.551	b135e9c82f3b5af8414a656ace8a78c8d45a7834	Windows 11  (10.0.22631) 64bit (Editor)	True	null	null	null	null	null	null	None	0	null	0	0	null	null	null	null	null	
2024/11/23 15:55:01.559	b135e9c82f3b5af8414a656ace8a78c8d45a7834	Windows 11  (10.0.22631) 64bit (Editor)	True	null	null	null	null	null	null	None	0	null	0	0	null	null	null	null	null	
2024/11/23 15:55:01.566	b135e9c82f3b5af8414a656ace8a78c8d45a7834	Windows 11  (10.0.22631) 64bit (Editor)	True	null	null	null	null	null	null	None	0	null	0	0	null	null	null	null	null	
2024/11/23 15:55:01.573	b135e9c82f3b5af8414a656ace8a78c8d45a7834	Windows 11  (10.0.22631) 64bit (Editor)	True	null	null	null	null	null	null	None	0	null	0	0	null	null	null	null	null	
2024/11/23 15:55:01.593	b135e9c82f3b5af8414a656ace8a78c8d45a7834	Windows 11  (10.0.22631) 64bit (Editor)	True	null	null	null	null	null	null	None	0	null	0	0	null	null	null	null	null	
2024/11/23 15:55:01.601	b135e9c82f3b5af8414a656ace8a78c8d45a7834	Windows 11  (10.0.22631) 64bit (Editor)	True	null	null	null	null	null	null	None	0	null	0	0	null	null	null	null	null	
2024/11/23 15:55:01.609	b135e9c82f3b5af8414a656ace8a78c8d45a7834	Windows 11  (10.0.22631) 64bit (Editor)	True	null	null	null	null	null	null	None	0	null	0	0	null	null	null	null	null	
2024/11/23 15:55:01.616	b135e9c82f3b5af8414a656ace8a78c8d45a7834	Windows 11  (10.0.22631) 64bit (Editor)	True	null	null	null	null	null	null	None	0	null	0	0	null	null	null	null	null	
2024/11/23 15:55:01.624	b135e9c82f3b5af8414a656ace8a78c8d45a7834	Windows 11  (10.0.22631) 64bit (Editor)	True	null	null	null	null	null	null	None	0	null	0	0	null	null	null	null	null	
2024/11/23 15:55:01.632	b135e9c82f3b5af8414a656ace8a78c8d45a7834	Windows 11  (10.0.22631) 64bit (Editor)	True	null	null	null	null	null	null	None	0	null	0	0	null	null	null	null	null	
2024/11/23 15:55:01.639	b135e9c82f3b5af8414a656ace8a78c8d45a7834	Windows 11  (10.0.22631) 64bit (Editor)	True	null	null	null	null	null	null	None	0	null	0	0	null	null	null	null	null	
2024/11/23 15:55:01.645	b135e9c82f3b5af8414a656ace8a78c8d45a7834	Windows 11  (10.0.22631) 64bit (Editor)	True	null	null	null	null	null	null	None	0	null	0	0	null	null	null	null	null	
2024/11/23 15:55:01.654	b135e9c82f3b5af8414a656ace8a78c8d45a7834	Windows 11  (10.0.22631) 64bit (Editor)	True	null	null	null	null	null	null	None	0	null	0	0	null	null	null	null	null	
2024/11/23 15:55:01.662	b135e9c82f3b5af8414a656ace8a78c8d45a7834	Windows 11  (10.0.22631) 64bit (Editor)	True	null	null	null	null	null	null	None	0	null	0	0	null	null	null	null	null	
2024/11/23 15:55:01.670	b135e9c82f3b5af8414a656ace8a78c8d45a7834	Windows 11  (10.0.22631) 64bit (Editor)	True	null	null	null	null	null	null	None	0	null	0	0	null	null	null	null	null	
2024/11/23 15:55:01.677	b135e9c82f3b5af8414a656ace8a78c8d45a7834	Windows 11  (10.0.22631) 64bit (Editor)	True	null	null	null	null	null	null	None	0	null	0	0	null	null	null	null	null	
2024/11/23 15:55:01.684	b135e9c82f3b5af8414a656ace8a78c8d45a7834	Windows 11  (10.0.22631) 64bit (Editor)	True	null	null	null	null	null	null	None	0	null	0	0	null	null	null	null	null	
2024/11/23 15:55:01.691	b135e9c82f3b5af8414a656ace8a78c8d45a7834	Windows 11  (10.0.22631) 64bit (Editor)	True	null	null	null	null	null	null	None	0	null	0	0	null	null	null	null	null	
2024/11/23 15:55:01.699	b135e9c82f3b5af8414a656ace8a78c8d45a7834	Windows 11  (10.0.22631) 64bit (Editor)	True	null	null	null	null	null	null	None	0	null	0	0	null	null	null	null	null	
2024/11/23 15:55:01.706	b135e9c82f3b5af8414a656ace8a78c8d45a7834	Windows 11  (10.0.22631) 64bit (Editor)	True	null	null	null	null	null	null	None	0	null	0	0	null	null	null	null	null	
2024/11/23 15:55:01.713	b135e9c82f3b5af8414a656ace8a78c8d45a7834	Windows 11  (10.0.22631) 64bit (Editor)	True	null	null	null	null	null	null	None	0	null	0	0	null	null	null	null	null	
2024/11/23 15:55:01.721	b135e9c82f3b5af8414a656ace8a78c8d45a7834	Windows 11  (10.0.22631) 64bit (Editor)	True	null	null	null	null	null	null	None	0	null	0	0	null	null	null	null	null	
2024/11/23 15:55:01.728	b135e9c82f3b5af8414a656ace8a78c8d45a7834	Windows 11  (10.0.22631) 64bit (Editor)	True	null	null	null	null	null	null	None	0	null	0	0	null	null	null	null	null	
2024/11/23 15:55:01.748	b135e9c82f3b5af8414a656ace8a78c8d45a7834	Windows 11  (10.0.22631) 64bit (Editor)	True	null	null	null	null	null	null	None	0	null	0	0	null	null	null	null	null	
2024/11/23 15:55:01.756	b135e9c82f3b5af8414a656ace8a78c8d45a7834	Windows 11  (10.0.22631) 64bit (Editor)	True	null	null	null	null	null	null	None	0	null	0	0	null	null	null	null	null	
2024/11/23 15:55:01.764	b135e9c82f3b5af8414a656ace8a78c8d45a7834	Windows 11  (10.0.22631) 64bit (Editor)	True	null	null	null	null	null	null	None	0	null	0	0	null	null	null	null	null	
2024/11/23 15:55:01.774	b135e9c82f3b5af8414a656ace8a78c8d45a7834	Windows 11  (10.0.22631) 64bit (Editor)	True	null	null	null	null	null	null	None	0	null	0	0	null	null	null	null	null	
2024/11/23 15:55:01.782	b135e9c82f3b5af8414a656ace8a78c8d45a7834	Windows 11  (10.0.22631) 64bit (Editor)	True	null	null	null	null	null	null	None	0	null	0	0	null	null	null	null	null	
2024/11/23 15:55:01.789	b135e9c82f3b5af8414a656ace8a78c8d45a7834	Windows 11  (10.0.22631) 64bit (Editor)	True	null	null	null	null	null	null	None	0	null	0	0	null	null	null	null	null	
2024/11/23 15:55:01.796	b135e9c82f3b5af8414a656ace8a78c8d45a7834	Windows 11  (10.0.22631) 64bit (Editor)	True	null	null	null	null	null	null	None	0	null	0	0	null	null	null	null	null	
2024/11/23 15:55:01.805	b135e9c82f3b5af8414a656ace8a78c8d45a7834	Windows 11  (10.0.22631) 64bit (Editor)	True	null	null	null	null	null	null	None	0	null	0	0	null	null	null	null	null	
2024/11/23 15:55:01.813	b135e9c82f3b5af8414a656ace8a78c8d45a7834	Windows 11  (10.0.22631) 64bit (Editor)	True	null	null	null	null	null	null	None	0	null	0	0	null	null	null	null	null	
2024/11/23 15:55:01.822	b135e9c82f3b5af8414a656ace8a78c8d45a7834	Windows 11  (10.0.22631) 64bit (Editor)	True	null	null	null	null	null	null	None	0	null	0	0	null	null	null	null	null	
2024/11/23 15:55:01.829	b135e9c82f3b5af8414a656ace8a78c8d45a7834	Windows 11  (10.0.22631) 64bit (Editor)	True	null	null	null	null	null	null	None	0	null	0	0	null	null	null	null	null	
2024/11/23 15:55:01.837	b135e9c82f3b5af8414a656ace8a78c8d45a7834	Windows 11  (10.0.22631) 64bit (Editor)	True	null	null	null	null	null	null	None	0	null	0	0	null	null	null	null	null	
2024/11/23 15:55:01.846	b135e9c82f3b5af8414a656ace8a78c8d45a7834	Windows 11  (10.0.22631) 64bit (Editor)	True	null	null	null	null	null	null	None	0	null	0	0	null	null	null	null	null	
2024/11/23 15:55:01.855	b135e9c82f3b5af8414a656ace8a78c8d45a7834	Windows 11  (10.0.22631) 64bit (Editor)	True	null	null	null	null	null	null	None	0	null	0	0	null	null	null	null	null	
2024/11/23 15:55:01.862	b135e9c82f3b5af8414a656ace8a78c8d45a7834	Windows 11  (10.0.22631) 64bit (Editor)	True	null	null	null	null	null	null	None	0	null	0	0	null	null	null	null	null	
2024/11/23 15:55:01.870	b135e9c82f3b5af8414a656ace8a78c8d45a7834	Windows 11  (10.0.22631) 64bit (Editor)	True	null	null	null	null	null	null	None	0	null	0	0	null	null	null	null	null	
2024/11/23 15:55:01.877	b135e9c82f3b5af8414a656ace8a78c8d45a7834	Windows 11  (10.0.22631) 64bit (Editor)	True	null	null	null	null	null	null	None	0	null	0	0	null	null	null	null	null	
2024/11/23 15:55:01.885	b135e9c82f3b5af8414a656ace8a78c8d45a7834	Windows 11  (10.0.22631) 64bit (Editor)	True	null	null	null	null	null	null	None	0	null	0	0	null	null	null	null	null	
2024/11/23 15:55:01.902	b135e9c82f3b5af8414a656ace8a78c8d45a7834	Windows 11  (10.0.22631) 64bit (Editor)	True	null	null	null	null	null	null	None	0	null	0	0	null	null	null	null	null	
2024/11/23 15:55:01.910	b135e9c82f3b5af8414a656ace8a78c8d45a7834	Windows 11  (10.0.22631) 64bit (Editor)	True	null	null	null	null	null	null	None	0	null	0	0	null	null	null	null	null	
2024/11/23 15:55:01.919	b135e9c82f3b5af8414a656ace8a78c8d45a7834	Windows 11  (10.0.22631) 64bit (Editor)	True	null	null	null	null	null	null	None	0	null	0	0	null	null	null	null	null	
2024/11/23 15:55:01.927	b135e9c82f3b5af8414a656ace8a78c8d45a7834	Windows 11  (10.0.22631) 64bit (Editor)	True	null	null	null	null	null	null	None	0	null	0	0	null	null	null	null	null	
2024/11/23 15:55:01.937	b135e9c82f3b5af8414a656ace8a78c8d45a7834	Windows 11  (10.0.22631) 64bit (Editor)	True	null	null	null	null	null	null	None	0	null	0	0	null	null	null	null	null	
2024/11/23 15:55:01.945	b135e9c82f3b5af8414a656ace8a78c8d45a7834	Windows 11  (10.0.22631) 64bit (Editor)	True	null	null	null	null	null	null	None	0	null	0	0	null	null	null	null	null	
2024/11/23 15:55:01.954	b135e9c82f3b5af8414a656ace8a78c8d45a7834	Windows 11  (10.0.22631) 64bit (Editor)	True	null	null	null	null	null	null	None	0	null	0	0	null	null	null	null	null	
2024/11/23 15:55:01.962	b135e9c82f3b5af8414a656ace8a78c8d45a7834	Windows 11  (10.0.22631) 64bit (Editor)	True	null	null	null	null	null	null	None	0	null	0	0	null	null	null	null	null	
2024/11/23 15:55:01.970	b135e9c82f3b5af8414a656ace8a78c8d45a7834	Windows 11  (10.0.22631) 64bit (Editor)	True	null	null	null	null	null	null	None	0	null	0	0	null	null	null	null	null	
2024/11/23 15:55:01.978	b135e9c82f3b5af8414a656ace8a78c8d45a7834	Windows 11  (10.0.22631) 64bit (Editor)	True	null	null	null	null	null	null	None	0	null	0	0	null	null	null	null	null	
2024/11/23 15:55:01.988	b135e9c82f3b5af8414a656ace8a78c8d45a7834	Windows 11  (10.0.22631) 64bit (Editor)	True	null	null	null	null	null	null	None	0	null	0	0	null	null	null	null	null	
2024/11/23 15:55:01.996	b135e9c82f3b5af8414a656ace8a78c8d45a7834	Windows 11  (10.0.22631) 64bit (Editor)	True	null	null	null	null	null	null	None	0	null	0	0	null	null	null	null	null	
2024/11/23 15:55:02.005	b135e9c82f3b5af8414a656ace8a78c8d45a7834	Windows 11  (10.0.22631) 64bit (Editor)	True	null	null	null	null	null	null	None	0	null	0	0	null	null	null	null	null	
2024/11/23 15:55:02.013	b135e9c82f3b5af8414a656ace8a78c8d45a7834	Windows 11  (10.0.22631) 64bit (Editor)	True	null	null	null	null	null	null	None	0	null	0	0	null	null	null	null	null	
2024/11/23 15:55:02.023	b135e9c82f3b5af8414a656ace8a78c8d45a7834	Windows 11  (10.0.22631) 64bit (Editor)	True	null	null	null	null	null	null	None	0	null	0	0	null	null	null	null	null	
2024/11/23 15:55:02.033	b135e9c82f3b5af8414a656ace8a78c8d45a7834	Windows 11  (10.0.22631) 64bit (Editor)	True	null	null	null	null	null	null	None	0	null	0	0	null	null	null	null	null	
2024/11/23 15:55:02.041	b135e9c82f3b5af8414a656ace8a78c8d45a7834	Windows 11  (10.0.22631) 64bit (Editor)	True	null	null	null	null	null	null	None	0	null	0	0	null	null	null	null	null	
2024/11/23 15:55:02.060	b135e9c82f3b5af8414a656ace8a78c8d45a7834	Windows 11  (10.0.22631) 64bit (Editor)	True	null	null	null	null	null	null	None	0	null	0	0	null	null	null	null	null	
2024/11/23 15:55:02.069	b135e9c82f3b5af8414a656ace8a78c8d45a7834	Windows 11  (10.0.22631) 64bit (Editor)	True	null	null	null	null	null	null	None	0	null	0	0	null	null	null	null	null	
2024/11/23 15:55:02.076	b135e9c82f3b5af8414a656ace8a78c8d45a7834	Windows 11  (10.0.22631) 64bit (Editor)	True	null	null	null	null	null	null	None	0	null	0	0	null	null	null	null	null	
2024/11/23 15:55:02.085	b135e9c82f3b5af8414a656ace8a78c8d45a7834	Windows 11  (10.0.22631) 64bit (Editor)	True	null	null	null	null	null	null	None	0	null	0	0	null	null	null	null	null	
2024/11/23 15:55:02.093	b135e9c82f3b5af8414a656ace8a78c8d45a7834	Windows 11  (10.0.22631) 64bit (Editor)	True	null	null	null	null	null	null	None	0	null	0	0	null	null	null	null	null	
2024/11/23 15:55:02.101	b135e9c82f3b5af8414a656ace8a78c8d45a7834	Windows 11  (10.0.22631) 64bit (Editor)	True	null	null	null	null	null	null	None	0	null	0	0	null	null	null	null	null	
2024/11/23 15:55:02.109	b135e9c82f3b5af8414a656ace8a78c8d45a7834	Windows 11  (10.0.22631) 64bit (Editor)	True	null	null	null	null	null	null	None	0	null	0	0	null	null	null	null	null	
2024/11/23 15:55:02.120	b135e9c82f3b5af8414a656ace8a78c8d45a7834	Windows 11  (10.0.22631) 64bit (Editor)	True	null	null	null	null	null	null	None	0	null	0	0	null	null	null	null	null	
2024/11/23 15:55:02.127	b135e9c82f3b5af8414a656ace8a78c8d45a7834	Windows 11  (10.0.22631) 64bit (Editor)	True	null	null	null	null	null	null	None	0	null	0	0	null	null	null	null	null	
2024/11/23 15:55:02.135	b135e9c82f3b5af8414a656ace8a78c8d45a7834	Windows 11  (10.0.22631) 64bit (Editor)	True	null	null	null	null	null	null	None	0	null	0	0	null	null	null	null	null	
2024/11/23 15:55:02.142	b135e9c82f3b5af8414a656ace8a78c8d45a7834	Windows 11  (10.0.22631) 64bit (Editor)	True	null	null	null	null	null	null	None	0	null	0	0	null	null	null	null	null	
2024/11/23 15:55:02.150	b135e9c82f3b5af8414a656ace8a78c8d45a7834	Windows 11  (10.0.22631) 64bit (Editor)	True	null	null	null	null	null	null	None	0	null	0	0	null	null	null	null	null	
2024/11/23 15:55:02.157	b135e9c82f3b5af8414a656ace8a78c8d45a7834	Windows 11  (10.0.22631) 64bit (Editor)	True	null	null	null	null	null	null	None	0	null	0	0	null	null	null	null	null	
2024/11/23 15:55:02.166	b135e9c82f3b5af8414a656ace8a78c8d45a7834	Windows 11  (10.0.22631) 64bit (Editor)	True	null	null	null	null	null	null	None	0	null	0	0	null	null	null	null	null	
2024/11/23 15:55:02.173	b135e9c82f3b5af8414a656ace8a78c8d45a7834	Windows 11  (10.0.22631) 64bit (Editor)	True	null	null	null	null	null	null	None	0	null	0	0	null	null	null	null	null	
2024/11/23 15:55:02.181	b135e9c82f3b5af8414a656ace8a78c8d45a7834	Windows 11  (10.0.22631) 64bit (Editor)	True	null	null	null	null	null	null	None	0	null	0	0	null	null	null	null	null	
2024/11/23 15:55:02.187	b135e9c82f3b5af8414a656ace8a78c8d45a7834	Windows 11  (10.0.22631) 64bit (Editor)	True	null	null	null	null	null	null	None	0	null	0	0	null	null	null	null	null	
2024/11/23 15:55:02.196	b135e9c82f3b5af8414a656ace8a78c8d45a7834	Windows 11  (10.0.22631) 64bit (Editor)	True	null	null	null	null	null	null	None	0	null	0	0	null	null	null	null	null	
2024/11/23 15:55:02.214	b135e9c82f3b5af8414a656ace8a78c8d45a7834	Windows 11  (10.0.22631) 64bit (Editor)	True	null	null	null	null	null	null	None	0	null	0	0	null	null	null	null	null	
2024/11/23 15:55:02.222	b135e9c82f3b5af8414a656ace8a78c8d45a7834	Windows 11  (10.0.22631) 64bit (Editor)	True	null	null	null	null	null	null	None	0	null	0	0	null	null	null	null	null	
2024/11/23 15:55:02.232	b135e9c82f3b5af8414a656ace8a78c8d45a7834	Windows 11  (10.0.22631) 64bit (Editor)	True	null	null	null	null	null	null	None	0	null	0	0	null	null	null	null	null	
2024/11/23 15:55:02.243	b135e9c82f3b5af8414a656ace8a78c8d45a7834	Windows 11  (10.0.22631) 64bit (Editor)	True	null	null	null	null	null	null	None	0	null	0	0	null	null	null	null	null	
2024/11/23 15:55:02.250	b135e9c82f3b5af8414a656ace8a78c8d45a7834	Windows 11  (10.0.22631) 64bit (Editor)	True	null	null	null	null	null	null	None	0	null	0	0	null	null	null	null	null	
2024/11/23 15:55:02.257	b135e9c82f3b5af8414a656ace8a78c8d45a7834	Windows 11  (10.0.22631) 64bit (Editor)	True	null	null	null	null	null	null	None	0	null	0	0	null	null	null	null	null	
2024/11/23 15:55:02.264	b135e9c82f3b5af8414a656ace8a78c8d45a7834	Windows 11  (10.0.22631) 64bit (Editor)	True	null	null	null	null	null	null	None	0	null	0	0	null	null	null	null	null	
2024/11/23 15:55:02.272	b135e9c82f3b5af8414a656ace8a78c8d45a7834	Windows 11  (10.0.22631) 64bit (Editor)	True	null	null	null	null	null	null	None	0	null	0	0	null	null	null	null	null	
2024/11/23 15:55:02.280	b135e9c82f3b5af8414a656ace8a78c8d45a7834	Windows 11  (10.0.22631) 64bit (Editor)	True	null	null	null	null	null	null	None	0	null	0	0	null	null	null	null	null	
2024/11/23 15:55:02.287	b135e9c82f3b5af8414a656ace8a78c8d45a7834	Windows 11  (10.0.22631) 64bit (Editor)	True	null	null	null	null	null	null	None	0	null	0	0	null	null	null	null	null	
2024/11/23 15:55:02.296	b135e9c82f3b5af8414a656ace8a78c8d45a7834	Windows 11  (10.0.22631) 64bit (Editor)	True	null	null	null	null	null	null	None	0	null	0	0	null	null	null	null	null	
2024/11/23 15:55:02.306	b135e9c82f3b5af8414a656ace8a78c8d45a7834	Windows 11  (10.0.22631) 64bit (Editor)	True	null	null	null	null	null	null	None	0	null	0	0	null	null	null	null	null	
2024/11/23 15:55:02.314	b135e9c82f3b5af8414a656ace8a78c8d45a7834	Windows 11  (10.0.22631) 64bit (Editor)	True	null	null	null	null	null	null	None	0	null	0	0	null	null	null	null	null	
2024/11/23 15:55:02.320	b135e9c82f3b5af8414a656ace8a78c8d45a7834	Windows 11  (10.0.22631) 64bit (Editor)	True	null	null	null	null	null	null	None	0	null	0	0	null	null	null	null	null	
2024/11/23 15:55:02.327	b135e9c82f3b5af8414a656ace8a78c8d45a7834	Windows 11  (10.0.22631) 64bit (Editor)	True	null	null	null	null	null	null	None	0	null	0	0	null	null	null	null	null	
2024/11/23 15:55:02.336	b135e9c82f3b5af8414a656ace8a78c8d45a7834	Windows 11  (10.0.22631) 64bit (Editor)	True	null	null	null	null	null	null	None	0	null	0	0	null	null	null	null	null	
2024/11/23 15:55:02.343	b135e9c82f3b5af8414a656ace8a78c8d45a7834	Windows 11  (10.0.22631) 64bit (Editor)	True	null	null	null	null	null	null	None	0	null	0	0	null	null	null	null	null	
2024/11/23 15:55:02.351	b135e9c82f3b5af8414a656ace8a78c8d45a7834	Windows 11  (10.0.22631) 64bit (Editor)	True	null	null	null	null	null	null	None	0	null	0	0	null	null	null	null	null	
2024/11/23 15:55:02.369	b135e9c82f3b5af8414a656ace8a78c8d45a7834	Windows 11  (10.0.22631) 64bit (Editor)	True	null	null	null	null	null	null	None	0	null	0	0	null	null	null	null	null	
2024/11/23 15:55:02.377	b135e9c82f3b5af8414a656ace8a78c8d45a7834	Windows 11  (10.0.22631) 64bit (Editor)	True	null	null	null	null	null	null	None	0	null	0	0	null	null	null	null	null	
2024/11/23 15:55:02.385	b135e9c82f3b5af8414a656ace8a78c8d45a7834	Windows 11  (10.0.22631) 64bit (Editor)	True	null	null	null	null	null	null	None	0	null	0	0	null	null	null	null	null	
2024/11/23 15:55:02.392	b135e9c82f3b5af8414a656ace8a78c8d45a7834	Windows 11  (10.0.22631) 64bit (Editor)	True	null	null	null	null	null	null	None	0	null	0	0	null	null	null	null	null	
2024/11/23 15:55:02.400	b135e9c82f3b5af8414a656ace8a78c8d45a7834	Windows 11  (10.0.22631) 64bit (Editor)	True	null	null	null	null	null	null	None	0	null	0	0	null	null	null	null	null	
2024/11/23 15:55:02.407	b135e9c82f3b5af8414a656ace8a78c8d45a7834	Windows 11  (10.0.22631) 64bit (Editor)	True	null	null	null	null	null	null	None	0	null	0	0	null	null	null	null	null	
2024/11/23 15:55:02.416	b135e9c82f3b5af8414a656ace8a78c8d45a7834	Windows 11  (10.0.22631) 64bit (Editor)	True	null	null	null	null	null	null	None	0	null	0	0	null	null	null	null	null	
2024/11/23 15:55:02.423	b135e9c82f3b5af8414a656ace8a78c8d45a7834	Windows 11  (10.0.22631) 64bit (Editor)	True	null	null	null	null	null	null	None	0	null	0	0	null	null	null	null	null	
2024/11/23 15:55:02.431	b135e9c82f3b5af8414a656ace8a78c8d45a7834	Windows 11  (10.0.22631) 64bit (Editor)	True	null	null	null	null	null	null	None	0	null	0	0	null	null	null	null	null	
2024/11/23 15:55:02.437	b135e9c82f3b5af8414a656ace8a78c8d45a7834	Windows 11  (10.0.22631) 64bit (Editor)	True	null	null	null	null	null	null	None	0	null	0	0	null	null	null	null	null	
2024/11/23 15:55:02.445	b135e9c82f3b5af8414a656ace8a78c8d45a7834	Windows 11  (10.0.22631) 64bit (Editor)	True	null	null	null	null	null	null	None	0	null	0	0	null	null	null	null	null	
2024/11/23 15:55:02.453	b135e9c82f3b5af8414a656ace8a78c8d45a7834	Windows 11  (10.0.22631) 64bit (Editor)	True	null	null	null	null	null	null	None	0	null	0	0	null	null	null	null	null	
2024/11/23 15:55:02.460	b135e9c82f3b5af8414a656ace8a78c8d45a7834	Windows 11  (10.0.22631) 64bit (Editor)	True	null	null	null	null	null	null	None	0	null	0	0	null	null	null	null	null	
2024/11/23 15:55:02.467	b135e9c82f3b5af8414a656ace8a78c8d45a7834	Windows 11  (10.0.22631) 64bit (Editor)	True	null	null	null	null	null	null	None	0	null	0	0	null	null	null	null	null	
2024/11/23 15:55:02.475	b135e9c82f3b5af8414a656ace8a78c8d45a7834	Windows 11  (10.0.22631) 64bit (Editor)	True	null	null	null	null	null	null	None	0	null	0	0	null	null	null	null	null	
2024/11/23 15:55:02.483	b135e9c82f3b5af8414a656ace8a78c8d45a7834	Windows 11  (10.0.22631) 64bit (Editor)	True	null	null	null	null	null	null	None	0	null	0	0	null	null	null	null	null	
2024/11/23 15:55:02.490	b135e9c82f3b5af8414a656ace8a78c8d45a7834	Windows 11  (10.0.22631) 64bit (Editor)	True	null	null	null	null	null	null	None	0	null	0	0	null	null	null	null	null	
2024/11/23 15:55:02.498	b135e9c82f3b5af8414a656ace8a78c8d45a7834	Windows 11  (10.0.22631) 64bit (Editor)	True	null	null	null	null	null	null	None	0	null	0	0	null	null	null	null	null	
2024/11/23 15:55:02.505	b135e9c82f3b5af8414a656ace8a78c8d45a7834	Windows 11  (10.0.22631) 64bit (Editor)	True	null	null	null	null	null	null	None	0	null	0	0	null	null	null	null	null	
2024/11/23 15:55:02.524	b135e9c82f3b5af8414a656ace8a78c8d45a7834	Windows 11  (10.0.22631) 64bit (Editor)	True	null	null	null	null	null	null	None	0	null	0	0	null	null	null	null	null	
2024/11/23 15:55:02.531	b135e9c82f3b5af8414a656ace8a78c8d45a7834	Windows 11  (10.0.22631) 64bit (Editor)	True	null	null	null	null	null	null	None	0	null	0	0	null	null	null	null	null	
2024/11/23 15:55:02.540	b135e9c82f3b5af8414a656ace8a78c8d45a7834	Windows 11  (10.0.22631) 64bit (Editor)	True	null	null	null	null	null	null	None	0	null	0	0	null	null	null	null	null	
2024/11/23 15:55:02.547	b135e9c82f3b5af8414a656ace8a78c8d45a7834	Windows 11  (10.0.22631) 64bit (Editor)	True	null	null	null	null	null	null	None	0	null	0	0	null	null	null	null	null	
2024/11/23 15:55:02.555	b135e9c82f3b5af8414a656ace8a78c8d45a7834	Windows 11  (10.0.22631) 64bit (Editor)	True	null	null	null	null	null	null	None	0	null	0	0	null	null	null	null	null	
2024/11/23 15:55:02.563	b135e9c82f3b5af8414a656ace8a78c8d45a7834	Windows 11  (10.0.22631) 64bit (Editor)	True	null	null	null	null	null	null	None	0	null	0	0	null	null	null	null	null	
2024/11/23 15:55:02.571	b135e9c82f3b5af8414a656ace8a78c8d45a7834	Windows 11  (10.0.22631) 64bit (Editor)	True	null	null	null	null	null	null	None	0	null	0	0	null	null	null	null	null	
2024/11/23 15:55:02.579	b135e9c82f3b5af8414a656ace8a78c8d45a7834	Windows 11  (10.0.22631) 64bit (Editor)	True	null	null	null	null	null	null	None	0	null	0	0	null	null	null	null	null	
2024/11/23 15:55:02.587	b135e9c82f3b5af8414a656ace8a78c8d45a7834	Windows 11  (10.0.22631) 64bit (Editor)	True	null	null	null	null	null	null	None	0	null	0	0	null	null	null	null	null	
2024/11/23 15:55:02.594	b135e9c82f3b5af8414a656ace8a78c8d45a7834	Windows 11  (10.0.22631) 64bit (Editor)	True	null	null	null	null	null	null	None	0	null	0	0	null	null	null	null	null	
2024/11/23 15:55:02.603	b135e9c82f3b5af8414a656ace8a78c8d45a7834	Windows 11  (10.0.22631) 64bit (Editor)	True	null	null	null	null	null	null	None	0	null	0	0	null	null	null	null	null	
2024/11/23 15:55:02.610	b135e9c82f3b5af8414a656ace8a78c8d45a7834	Windows 11  (10.0.22631) 64bit (Editor)	True	null	null	null	null	null	null	None	0	null	0	0	null	null	null	null	null	
2024/11/23 15:55:02.618	b135e9c82f3b5af8414a656ace8a78c8d45a7834	Windows 11  (10.0.22631) 64bit (Editor)	True	null	null	null	null	null	null	None	0	null	0	0	null	null	null	null	null	
2024/11/23 15:55:02.625	b135e9c82f3b5af8414a656ace8a78c8d45a7834	Windows 11  (10.0.22631) 64bit (Editor)	True	null	null	null	null	null	null	None	0	null	0	0	null	null	null	null	null	
2024/11/23 15:55:02.632	b135e9c82f3b5af8414a656ace8a78c8d45a7834	Windows 11  (10.0.22631) 64bit (Editor)	True	null	null	null	null	null	null	None	0	null	0	0	null	null	null	null	null	
2024/11/23 15:55:02.639	b135e9c82f3b5af8414a656ace8a78c8d45a7834	Windows 11  (10.0.22631) 64bit (Editor)	True	null	null	null	null	null	null	None	0	null	0	0	null	null	null	null	null	
2024/11/23 15:55:02.646	b135e9c82f3b5af8414a656ace8a78c8d45a7834	Windows 11  (10.0.22631) 64bit (Editor)	True	null	null	null	null	null	null	None	0	null	0	0	null	null	null	null	null	
2024/11/23 15:55:02.655	b135e9c82f3b5af8414a656ace8a78c8d45a7834	Windows 11  (10.0.22631) 64bit (Editor)	True	null	null	null	null	null	null	None	0	null	0	0	null	null	null	null	null	
2024/11/23 15:55:02.672	b135e9c82f3b5af8414a656ace8a78c8d45a7834	Windows 11  (10.0.22631) 64bit (Editor)	True	null	null	null	null	null	null	None	0	null	0	0	null	null	null	null	null	
2024/11/23 15:55:02.679	b135e9c82f3b5af8414a656ace8a78c8d45a7834	Windows 11  (10.0.22631) 64bit (Editor)	True	null	null	null	null	null	null	None	0	null	0	0	null	null	null	null	null	
2024/11/23 15:55:02.688	b135e9c82f3b5af8414a656ace8a78c8d45a7834	Windows 11  (10.0.22631) 64bit (Editor)	True	null	null	null	null	null	null	None	0	null	0	0	null	null	null	null	null	
2024/11/23 15:55:02.695	b135e9c82f3b5af8414a656ace8a78c8d45a7834	Windows 11  (10.0.22631) 64bit (Editor)	True	null	null	null	null	null	null	None	0	null	0	0	null	null	null	null	null	
2024/11/23 15:55:02.703	b135e9c82f3b5af8414a656ace8a78c8d45a7834	Windows 11  (10.0.22631) 64bit (Editor)	True	null	null	null	null	null	null	None	0	null	0	0	null	null	null	null	null	
2024/11/23 15:55:02.711	b135e9c82f3b5af8414a656ace8a78c8d45a7834	Windows 11  (10.0.22631) 64bit (Editor)	True	null	null	null	null	null	null	None	0	null	0	0	null	null	null	null	null	
2024/11/23 15:55:02.719	b135e9c82f3b5af8414a656ace8a78c8d45a7834	Windows 11  (10.0.22631) 64bit (Editor)	True	null	null	null	null	null	null	None	0	null	0	0	null	null	null	null	null	
2024/11/23 15:55:02.733	b135e9c82f3b5af8414a656ace8a78c8d45a7834	Windows 11  (10.0.22631) 64bit (Editor)	True	null	null	null	null	null	null	None	0	null	0	0	null	null	null	null	null	
2024/11/23 15:55:02.743	b135e9c82f3b5af8414a656ace8a78c8d45a7834	Windows 11  (10.0.22631) 64bit (Editor)	True	null	null	null	null	null	null	None	0	null	0	0	null	null	null	null	null	
2024/11/23 15:55:02.755	b135e9c82f3b5af8414a656ace8a78c8d45a7834	Windows 11  (10.0.22631) 64bit (Editor)	True	null	null	null	null	null	null	None	0	null	0	0	null	null	null	null	null	
2024/11/23 15:55:02.763	b135e9c82f3b5af8414a656ace8a78c8d45a7834	Windows 11  (10.0.22631) 64bit (Editor)	True	null	null	null	null	null	null	None	0	null	0	0	null	null	null	null	null	
2024/11/23 15:55:02.771	b135e9c82f3b5af8414a656ace8a78c8d45a7834	Windows 11  (10.0.22631) 64bit (Editor)	True	null	null	null	null	null	null	None	0	null	0	0	null	null	null	null	null	
2024/11/23 15:55:02.778	b135e9c82f3b5af8414a656ace8a78c8d45a7834	Windows 11  (10.0.22631) 64bit (Editor)	True	null	null	null	null	null	null	None	0	null	0	0	null	null	null	null	null	
2024/11/23 15:55:02.785	b135e9c82f3b5af8414a656ace8a78c8d45a7834	Windows 11  (10.0.22631) 64bit (Editor)	True	null	null	null	null	null	null	None	0	null	0	0	null	null	null	null	null	
2024/11/23 15:55:02.793	b135e9c82f3b5af8414a656ace8a78c8d45a7834	Windows 11  (10.0.22631) 64bit (Editor)	True	null	null	null	null	null	null	None	0	null	0	0	null	null	null	null	null	
2024/11/23 15:55:02.799	b135e9c82f3b5af8414a656ace8a78c8d45a7834	Windows 11  (10.0.22631) 64bit (Editor)	True	null	null	null	null	null	null	None	0	null	0	0	null	null	null	null	null	
2024/11/23 15:55:02.808	b135e9c82f3b5af8414a656ace8a78c8d45a7834	Windows 11  (10.0.22631) 64bit (Editor)	True	null	null	null	null	null	null	None	0	null	0	0	null	null	null	null	null	
2024/11/23 15:55:02.826	b135e9c82f3b5af8414a656ace8a78c8d45a7834	Windows 11  (10.0.22631) 64bit (Editor)	True	null	null	null	null	null	null	None	0	null	0	0	null	null	null	null	null	
2024/11/23 15:55:02.835	b135e9c82f3b5af8414a656ace8a78c8d45a7834	Windows 11  (10.0.22631) 64bit (Editor)	True	null	null	null	null	null	null	None	0	null	0	0	null	null	null	null	null	
2024/11/23 15:55:02.843	b135e9c82f3b5af8414a656ace8a78c8d45a7834	Windows 11  (10.0.22631) 64bit (Editor)	True	null	null	null	null	null	null	None	0	null	0	0	null	null	null	null	null	
2024/11/23 15:55:02.852	b135e9c82f3b5af8414a656ace8a78c8d45a7834	Windows 11  (10.0.22631) 64bit (Editor)	True	null	null	null	null	null	null	None	0	null	0	0	null	null	null	null	null	
2024/11/23 15:55:02.860	b135e9c82f3b5af8414a656ace8a78c8d45a7834	Windows 11  (10.0.22631) 64bit (Editor)	True	null	null	null	null	null	null	None	0	null	0	0	null	null	null	null	null	
2024/11/23 15:55:02.867	b135e9c82f3b5af8414a656ace8a78c8d45a7834	Windows 11  (10.0.22631) 64bit (Editor)	True	null	null	null	null	null	null	None	0	null	0	0	null	null	null	null	null	
2024/11/23 15:55:02.874	b135e9c82f3b5af8414a656ace8a78c8d45a7834	Windows 11  (10.0.22631) 64bit (Editor)	True	null	null	null	null	null	null	None	0	null	0	0	null	null	null	null	null	
2024/11/23 15:55:02.882	b135e9c82f3b5af8414a656ace8a78c8d45a7834	Windows 11  (10.0.22631) 64bit (Editor)	True	null	null	null	null	null	null	None	0	null	0	0	null	null	null	null	null	
2024/11/23 15:55:02.889	b135e9c82f3b5af8414a656ace8a78c8d45a7834	Windows 11  (10.0.22631) 64bit (Editor)	True	null	null	null	null	null	null	None	0	null	0	0	null	null	null	null	null	
2024/11/23 15:55:02.896	b135e9c82f3b5af8414a656ace8a78c8d45a7834	Windows 11  (10.0.22631) 64bit (Editor)	True	null	null	null	null	null	null	None	0	null	0	0	null	null	null	null	null	
2024/11/23 15:55:02.904	b135e9c82f3b5af8414a656ace8a78c8d45a7834	Windows 11  (10.0.22631) 64bit (Editor)	True	null	null	null	null	null	null	None	0	null	0	0	null	null	null	null	null	
2024/11/23 15:55:02.911	b135e9c82f3b5af8414a656ace8a78c8d45a7834	Windows 11  (10.0.22631) 64bit (Editor)	True	null	null	null	null	null	null	None	0	null	0	0	null	null	null	null	null	
2024/11/23 15:55:02.919	b135e9c82f3b5af8414a656ace8a78c8d45a7834	Windows 11  (10.0.22631) 64bit (Editor)	True	null	null	null	null	null	null	None	0	null	0	0	null	null	null	null	null	
2024/11/23 15:55:02.925	b135e9c82f3b5af8414a656ace8a78c8d45a7834	Windows 11  (10.0.22631) 64bit (Editor)	True	null	null	null	null	null	null	None	0	null	0	0	null	null	null	null	null	
2024/11/23 15:55:02.933	b135e9c82f3b5af8414a656ace8a78c8d45a7834	Windows 11  (10.0.22631) 64bit (Editor)	True	null	null	null	null	null	null	None	0	null	0	0	null	null	null	null	null	
2024/11/23 15:55:02.940	b135e9c82f3b5af8414a656ace8a78c8d45a7834	Windows 11  (10.0.22631) 64bit (Editor)	True	null	null	null	null	null	null	None	0	null	0	0	null	null	null	null	null	
2024/11/23 15:55:02.946	b135e9c82f3b5af8414a656ace8a78c8d45a7834	Windows 11  (10.0.22631) 64bit (Editor)	True	null	null	null	null	null	null	None	0	null	0	0	null	null	null	null	null	
2024/11/23 15:55:02.953	b135e9c82f3b5af8414a656ace8a78c8d45a7834	Windows 11  (10.0.22631) 64bit (Editor)	True	null	null	null	null	null	null	None	0	null	0	0	null	null	null	null	null	
2024/11/23 15:55:02.961	b135e9c82f3b5af8414a656ace8a78c8d45a7834	Windows 11  (10.0.22631) 64bit (Editor)	True	null	null	null	null	null	null	None	0	null	0	0	null	null	null	null	null	
2024/11/23 15:55:02.981	b135e9c82f3b5af8414a656ace8a78c8d45a7834	Windows 11  (10.0.22631) 64bit (Editor)	True	null	null	null	null	null	null	None	0	null	0	0	null	null	null	null	null	
2024/11/23 15:55:02.990	b135e9c82f3b5af8414a656ace8a78c8d45a7834	Windows 11  (10.0.22631) 64bit (Editor)	True	null	null	null	null	null	null	None	0	null	0	0	null	null	null	null	null	
2024/11/23 15:55:02.997	b135e9c82f3b5af8414a656ace8a78c8d45a7834	Windows 11  (10.0.22631) 64bit (Editor)	True	null	null	null	null	null	null	None	0	null	0	0	null	null	null	null	null	
2024/11/23 15:55:03.006	b135e9c82f3b5af8414a656ace8a78c8d45a7834	Windows 11  (10.0.22631) 64bit (Editor)	True	null	null	null	null	null	null	None	0	null	0	0	null	null	null	null	null	
2024/11/23 15:55:03.014	b135e9c82f3b5af8414a656ace8a78c8d45a7834	Windows 11  (10.0.22631) 64bit (Editor)	True	null	null	null	null	null	null	None	0	null	0	0	null	null	null	null	null	
2024/11/23 15:55:03.022	b135e9c82f3b5af8414a656ace8a78c8d45a7834	Windows 11  (10.0.22631) 64bit (Editor)	True	null	null	null	null	null	null	None	0	null	0	0	null	null	null	null	null	
2024/11/23 15:55:03.029	b135e9c82f3b5af8414a656ace8a78c8d45a7834	Windows 11  (10.0.22631) 64bit (Editor)	True	null	null	null	null	null	null	None	0	null	0	0	null	null	null	null	null	
2024/11/23 15:55:03.037	b135e9c82f3b5af8414a656ace8a78c8d45a7834	Windows 11  (10.0.22631) 64bit (Editor)	True	null	null	null	null	null	null	None	0	null	0	0	null	null	null	null	null	
2024/11/23 15:55:03.045	b135e9c82f3b5af8414a656ace8a78c8d45a7834	Windows 11  (10.0.22631) 64bit (Editor)	True	null	null	null	null	null	null	None	0	null	0	0	null	null	null	null	null	
2024/11/23 15:55:03.054	b135e9c82f3b5af8414a656ace8a78c8d45a7834	Windows 11  (10.0.22631) 64bit (Editor)	True	null	null	null	null	null	null	None	0	null	0	0	null	null	null	null	null	
2024/11/23 15:55:03.061	b135e9c82f3b5af8414a656ace8a78c8d45a7834	Windows 11  (10.0.22631) 64bit (Editor)	True	null	null	null	null	null	null	None	0	null	0	0	null	null	null	null	null	
2024/11/23 15:55:03.068	b135e9c82f3b5af8414a656ace8a78c8d45a7834	Windows 11  (10.0.22631) 64bit (Editor)	True	null	null	null	null	null	null	None	0	null	0	0	null	null	null	null	null	
2024/11/23 15:55:03.076	b135e9c82f3b5af8414a656ace8a78c8d45a7834	Windows 11  (10.0.22631) 64bit (Editor)	True	null	null	null	null	null	null	None	0	null	0	0	null	null	null	null	null	
2024/11/23 15:55:03.083	b135e9c82f3b5af8414a656ace8a78c8d45a7834	Windows 11  (10.0.22631) 64bit (Editor)	True	null	null	null	null	null	null	None	0	null	0	0	null	null	null	null	null	
2024/11/23 15:55:03.091	b135e9c82f3b5af8414a656ace8a78c8d45a7834	Windows 11  (10.0.22631) 64bit (Editor)	True	null	null	null	null	null	null	None	0	null	0	0	null	null	null	null	null	
2024/11/23 15:55:03.097	b135e9c82f3b5af8414a656ace8a78c8d45a7834	Windows 11  (10.0.22631) 64bit (Editor)	True	null	null	null	null	null	null	None	0	null	0	0	null	null	null	null	null	
2024/11/23 15:55:03.104	b135e9c82f3b5af8414a656ace8a78c8d45a7834	Windows 11  (10.0.22631) 64bit (Editor)	True	null	null	null	null	null	null	None	0	null	0	0	null	null	null	null	null	
2024/11/23 15:55:03.112	b135e9c82f3b5af8414a656ace8a78c8d45a7834	Windows 11  (10.0.22631) 64bit (Editor)	True	null	null	null	null	null	null	None	0	null	0	0	null	null	null	null	null	
2024/11/23 15:55:03.128	b135e9c82f3b5af8414a656ace8a78c8d45a7834	Windows 11  (10.0.22631) 64bit (Editor)	True	null	null	null	null	null	null	None	0	null	0	0	null	null	null	null	null	
2024/11/23 15:55:03.138	b135e9c82f3b5af8414a656ace8a78c8d45a7834	Windows 11  (10.0.22631) 64bit (Editor)	True	null	null	null	null	null	null	None	0	null	0	0	null	null	null	null	null	
2024/11/23 15:55:03.151	b135e9c82f3b5af8414a656ace8a78c8d45a7834	Windows 11  (10.0.22631) 64bit (Editor)	True	null	null	null	null	null	null	None	0	null	0	0	null	null	null	null	null	
2024/11/23 15:55:03.158	b135e9c82f3b5af8414a656ace8a78c8d45a7834	Windows 11  (10.0.22631) 64bit (Editor)	True	null	null	null	null	null	null	None	0	null	0	0	null	null	null	null	null	
2024/11/23 15:55:03.166	b135e9c82f3b5af8414a656ace8a78c8d45a7834	Windows 11  (10.0.22631) 64bit (Editor)	True	null	null	null	null	null	null	None	0	null	0	0	null	null	null	null	null	
2024/11/23 15:55:03.173	b135e9c82f3b5af8414a656ace8a78c8d45a7834	Windows 11  (10.0.22631) 64bit (Editor)	True	null	null	null	null	null	null	None	0	null	0	0	null	null	null	null	null	
2024/11/23 15:55:03.181	b135e9c82f3b5af8414a656ace8a78c8d45a7834	Windows 11  (10.0.22631) 64bit (Editor)	True	null	null	null	null	null	null	None	0	null	0	0	null	null	null	null	null	
2024/11/23 15:55:03.188	b135e9c82f3b5af8414a656ace8a78c8d45a7834	Windows 11  (10.0.22631) 64bit (Editor)	True	null	null	null	null	null	null	None	0	null	0	0	null	null	null	null	null	
2024/11/23 15:55:03.196	b135e9c82f3b5af8414a656ace8a78c8d45a7834	Windows 11  (10.0.22631) 64bit (Editor)	True	null	null	null	null	null	null	None	0	null	0	0	null	null	null	null	null	
2024/11/23 15:55:03.203	b135e9c82f3b5af8414a656ace8a78c8d45a7834	Windows 11  (10.0.22631) 64bit (Editor)	True	null	null	null	null	null	null	None	0	null	0	0	null	null	null	null	null	
2024/11/23 15:55:03.212	b135e9c82f3b5af8414a656ace8a78c8d45a7834	Windows 11  (10.0.22631) 64bit (Editor)	True	null	null	null	null	null	null	None	0	null	0	0	null	null	null	null	null	
2024/11/23 15:55:03.222	b135e9c82f3b5af8414a656ace8a78c8d45a7834	Windows 11  (10.0.22631) 64bit (Editor)	True	null	null	null	null	null	null	None	0	null	0	0	null	null	null	null	null	
2024/11/23 15:55:03.230	b135e9c82f3b5af8414a656ace8a78c8d45a7834	Windows 11  (10.0.22631) 64bit (Editor)	True	null	null	null	null	null	null	None	0	null	0	0	null	null	null	null	null	
2024/11/23 15:55:03.238	b135e9c82f3b5af8414a656ace8a78c8d45a7834	Windows 11  (10.0.22631) 64bit (Editor)	True	null	null	null	null	null	null	None	0	null	0	0	null	null	null	null	null	
2024/11/23 15:55:03.246	b135e9c82f3b5af8414a656ace8a78c8d45a7834	Windows 11  (10.0.22631) 64bit (Editor)	True	null	null	null	null	null	null	None	0	null	0	0	null	null	null	null	null	
2024/11/23 15:55:03.254	b135e9c82f3b5af8414a656ace8a78c8d45a7834	Windows 11  (10.0.22631) 64bit (Editor)	True	null	null	null	null	null	null	None	0	null	0	0	null	null	null	null	null	
2024/11/23 15:55:03.261	b135e9c82f3b5af8414a656ace8a78c8d45a7834	Windows 11  (10.0.22631) 64bit (Editor)	True	null	null	null	null	null	null	None	0	null	0	0	null	null	null	null	null	
2024/11/23 15:55:03.270	b135e9c82f3b5af8414a656ace8a78c8d45a7834	Windows 11  (10.0.22631) 64bit (Editor)	True	null	null	null	null	null	null	None	0	null	0	0	null	null	null	null	null	
2024/11/23 15:55:03.288	b135e9c82f3b5af8414a656ace8a78c8d45a7834	Windows 11  (10.0.22631) 64bit (Editor)	True	null	null	null	null	null	null	None	0	null	0	0	null	null	null	null	null	
2024/11/23 15:55:03.296	b135e9c82f3b5af8414a656ace8a78c8d45a7834	Windows 11  (10.0.22631) 64bit (Editor)	True	null	null	null	null	null	null	None	0	null	0	0	null	null	null	null	null	
2024/11/23 15:55:03.305	b135e9c82f3b5af8414a656ace8a78c8d45a7834	Windows 11  (10.0.22631) 64bit (Editor)	True	null	null	null	null	null	null	None	0	null	0	0	null	null	null	null	null	
2024/11/23 15:55:03.313	b135e9c82f3b5af8414a656ace8a78c8d45a7834	Windows 11  (10.0.22631) 64bit (Editor)	True	null	null	null	null	null	null	None	0	null	0	0	null	null	null	null	null	
2024/11/23 15:55:03.322	b135e9c82f3b5af8414a656ace8a78c8d45a7834	Windows 11  (10.0.22631) 64bit (Editor)	True	null	null	null	null	null	null	None	0	null	0	0	null	null	null	null	null	
2024/11/23 15:55:03.328	b135e9c82f3b5af8414a656ace8a78c8d45a7834	Windows 11  (10.0.22631) 64bit (Editor)	True	null	null	null	null	null	null	None	0	null	0	0	null	null	null	null	null	
2024/11/23 15:55:03.336	b135e9c82f3b5af8414a656ace8a78c8d45a7834	Windows 11  (10.0.22631) 64bit (Editor)	True	null	null	null	null	null	null	None	0	null	0	0	null	null	null	null	null	
2024/11/23 15:55:03.344	b135e9c82f3b5af8414a656ace8a78c8d45a7834	Windows 11  (10.0.22631) 64bit (Editor)	True	null	null	null	null	null	null	None	0	null	0	0	null	null	null	null	null	
2024/11/23 15:55:03.352	b135e9c82f3b5af8414a656ace8a78c8d45a7834	Windows 11  (10.0.22631) 64bit (Editor)	True	null	null	null	null	null	null	None	0	null	0	0	null	null	null	null	null	
2024/11/23 15:55:03.358	b135e9c82f3b5af8414a656ace8a78c8d45a7834	Windows 11  (10.0.22631) 64bit (Editor)	True	null	null	null	null	null	null	None	0	null	0	0	null	null	null	null	null	
2024/11/23 15:55:03.365	b135e9c82f3b5af8414a656ace8a78c8d45a7834	Windows 11  (10.0.22631) 64bit (Editor)	True	null	null	null	null	null	null	None	0	null	0	0	null	null	null	null	null	
2024/11/23 15:55:03.373	b135e9c82f3b5af8414a656ace8a78c8d45a7834	Windows 11  (10.0.22631) 64bit (Editor)	True	null	null	null	null	null	null	None	0	null	0	0	null	null	null	null	null	
2024/11/23 15:55:03.380	b135e9c82f3b5af8414a656ace8a78c8d45a7834	Windows 11  (10.0.22631) 64bit (Editor)	True	null	null	null	null	null	null	None	0	null	0	0	null	null	null	null	null	
2024/11/23 15:55:03.388	b135e9c82f3b5af8414a656ace8a78c8d45a7834	Windows 11  (10.0.22631) 64bit (Editor)	True	null	null	null	null	null	null	None	0	null	0	0	null	null	null	null	null	
2024/11/23 15:55:03.396	b135e9c82f3b5af8414a656ace8a78c8d45a7834	Windows 11  (10.0.22631) 64bit (Editor)	True	null	null	null	null	null	null	None	0	null	0	0	null	null	null	null	null	
2024/11/23 15:55:03.402	b135e9c82f3b5af8414a656ace8a78c8d45a7834	Windows 11  (10.0.22631) 64bit (Editor)	True	null	null	null	null	null	null	None	0	null	0	0	null	null	null	null	null	
2024/11/23 15:55:03.411	b135e9c82f3b5af8414a656ace8a78c8d45a7834	Windows 11  (10.0.22631) 64bit (Editor)	True	null	null	null	null	null	null	None	0	null	0	0	null	null	null	null	null	
2024/11/23 15:55:03.418	b135e9c82f3b5af8414a656ace8a78c8d45a7834	Windows 11  (10.0.22631) 64bit (Editor)	True	null	null	null	null	null	null	None	0	null	0	0	null	null	null	null	null	
2024/11/23 15:55:03.426	b135e9c82f3b5af8414a656ace8a78c8d45a7834	Windows 11  (10.0.22631) 64bit (Editor)	True	null	null	null	null	null	null	None	0	null	0	0	null	null	null	null	null	
2024/11/23 15:55:03.443	b135e9c82f3b5af8414a656ace8a78c8d45a7834	Windows 11  (10.0.22631) 64bit (Editor)	True	null	null	null	null	null	null	None	0	null	0	0	null	null	null	null	null	
2024/11/23 15:55:03.452	b135e9c82f3b5af8414a656ace8a78c8d45a7834	Windows 11  (10.0.22631) 64bit (Editor)	True	null	null	null	null	null	null	None	0	null	0	0	null	null	null	null	null	
2024/11/23 15:55:03.461	b135e9c82f3b5af8414a656ace8a78c8d45a7834	Windows 11  (10.0.22631) 64bit (Editor)	True	null	null	null	null	null	null	None	0	null	0	0	null	null	null	null	null	
2024/11/23 15:55:03.467	b135e9c82f3b5af8414a656ace8a78c8d45a7834	Windows 11  (10.0.22631) 64bit (Editor)	True	null	null	null	null	null	null	None	0	null	0	0	null	null	null	null	null	
2024/11/23 15:55:03.475	b135e9c82f3b5af8414a656ace8a78c8d45a7834	Windows 11  (10.0.22631) 64bit (Editor)	True	null	null	null	null	null	null	None	0	null	0	0	null	null	null	null	null	
2024/11/23 15:55:03.483	b135e9c82f3b5af8414a656ace8a78c8d45a7834	Windows 11  (10.0.22631) 64bit (Editor)	True	null	null	null	null	null	null	None	0	null	0	0	null	null	null	null	null	
2024/11/23 15:55:03.490	b135e9c82f3b5af8414a656ace8a78c8d45a7834	Windows 11  (10.0.22631) 64bit (Editor)	True	null	null	null	null	null	null	None	0	null	0	0	null	null	null	null	null	
2024/11/23 15:55:03.498	b135e9c82f3b5af8414a656ace8a78c8d45a7834	Windows 11  (10.0.22631) 64bit (Editor)	True	null	null	null	null	null	null	None	0	null	0	0	null	null	null	null	null	
2024/11/23 15:55:03.506	b135e9c82f3b5af8414a656ace8a78c8d45a7834	Windows 11  (10.0.22631) 64bit (Editor)	True	null	null	null	null	null	null	None	0	null	0	0	null	null	null	null	null	
2024/11/23 15:55:03.513	b135e9c82f3b5af8414a656ace8a78c8d45a7834	Windows 11  (10.0.22631) 64bit (Editor)	True	null	null	null	null	null	null	None	0	null	0	0	null	null	null	null	null	
2024/11/23 15:55:03.522	b135e9c82f3b5af8414a656ace8a78c8d45a7834	Windows 11  (10.0.22631) 64bit (Editor)	True	null	null	null	null	null	null	None	0	null	0	0	null	null	null	null	null	
2024/11/23 15:55:03.530	b135e9c82f3b5af8414a656ace8a78c8d45a7834	Windows 11  (10.0.22631) 64bit (Editor)	True	null	null	null	null	null	null	None	0	null	0	0	null	null	null	null	null	
2024/11/23 15:55:03.537	b135e9c82f3b5af8414a656ace8a78c8d45a7834	Windows 11  (10.0.22631) 64bit (Editor)	True	null	null	null	null	null	null	None	0	null	0	0	null	null	null	null	null	
2024/11/23 15:55:03.543	b135e9c82f3b5af8414a656ace8a78c8d45a7834	Windows 11  (10.0.22631) 64bit (Editor)	True	null	null	null	null	null	null	None	0	null	0	0	null	null	null	null	null	
2024/11/23 15:55:03.551	b135e9c82f3b5af8414a656ace8a78c8d45a7834	Windows 11  (10.0.22631) 64bit (Editor)	True	null	null	null	null	null	null	None	0	null	0	0	null	null	null	null	null	
2024/11/23 15:55:03.557	b135e9c82f3b5af8414a656ace8a78c8d45a7834	Windows 11  (10.0.22631) 64bit (Editor)	True	null	null	null	null	null	null	None	0	null	0	0	null	null	null	null	null	
2024/11/23 15:55:03.566	b135e9c82f3b5af8414a656ace8a78c8d45a7834	Windows 11  (10.0.22631) 64bit (Editor)	True	null	null	null	null	null	null	None	0	null	0	0	null	null	null	null	null	
2024/11/23 15:55:03.572	b135e9c82f3b5af8414a656ace8a78c8d45a7834	Windows 11  (10.0.22631) 64bit (Editor)	True	null	null	null	null	null	null	None	0	null	0	0	null	null	null	null	null	
2024/11/23 15:55:03.579	b135e9c82f3b5af8414a656ace8a78c8d45a7834	Windows 11  (10.0.22631) 64bit (Editor)	True	null	null	null	null	null	null	None	0	null	0	0	null	null	null	null	null	
2024/11/23 15:55:03.597	b135e9c82f3b5af8414a656ace8a78c8d45a7834	Windows 11  (10.0.22631) 64bit (Editor)	True	null	null	null	null	null	null	None	0	null	0	0	null	null	null	null	null	
2024/11/23 15:55:03.607	b135e9c82f3b5af8414a656ace8a78c8d45a7834	Windows 11  (10.0.22631) 64bit (Editor)	True	null	null	null	null	null	null	None	0	null	0	0	null	null	null	null	null	
2024/11/23 15:55:03.614	b135e9c82f3b5af8414a656ace8a78c8d45a7834	Windows 11  (10.0.22631) 64bit (Editor)	True	null	null	null	null	null	null	None	0	null	0	0	null	null	null	null	null	
2024/11/23 15:55:03.622	b135e9c82f3b5af8414a656ace8a78c8d45a7834	Windows 11  (10.0.22631) 64bit (Editor)	True	null	null	null	null	null	null	None	0	null	0	0	null	null	null	null	null	
2024/11/23 15:55:03.630	b135e9c82f3b5af8414a656ace8a78c8d45a7834	Windows 11  (10.0.22631) 64bit (Editor)	True	null	null	null	null	null	null	None	0	null	0	0	null	null	null	null	null	
2024/11/23 15:55:03.637	b135e9c82f3b5af8414a656ace8a78c8d45a7834	Windows 11  (10.0.22631) 64bit (Editor)	True	null	null	null	null	null	null	None	0	null	0	0	null	null	null	null	null	
2024/11/23 15:55:03.645	b135e9c82f3b5af8414a656ace8a78c8d45a7834	Windows 11  (10.0.22631) 64bit (Editor)	True	null	null	null	null	null	null	None	0	null	0	0	null	null	null	null	null	
2024/11/23 15:55:03.653	b135e9c82f3b5af8414a656ace8a78c8d45a7834	Windows 11  (10.0.22631) 64bit (Editor)	True	null	null	null	null	null	null	None	0	null	0	0	null	null	null	null	null	
2024/11/23 15:55:03.660	b135e9c82f3b5af8414a656ace8a78c8d45a7834	Windows 11  (10.0.22631) 64bit (Editor)	True	null	null	null	null	null	null	None	0	null	0	0	null	null	null	null	null	
2024/11/23 15:55:03.668	b135e9c82f3b5af8414a656ace8a78c8d45a7834	Windows 11  (10.0.22631) 64bit (Editor)	True	null	null	null	null	null	null	None	0	null	0	0	null	null	null	null	null	
2024/11/23 15:55:03.676	b135e9c82f3b5af8414a656ace8a78c8d45a7834	Windows 11  (10.0.22631) 64bit (Editor)	True	null	null	null	null	null	null	None	0	null	0	0	null	null	null	null	null	
2024/11/23 15:55:03.684	b135e9c82f3b5af8414a656ace8a78c8d45a7834	Windows 11  (10.0.22631) 64bit (Editor)	True	null	null	null	null	null	null	None	0	null	0	0	null	null	null	null	null	
2024/11/23 15:55:03.691	b135e9c82f3b5af8414a656ace8a78c8d45a7834	Windows 11  (10.0.22631) 64bit (Editor)	True	null	null	null	null	null	null	None	0	null	0	0	null	null	null	null	null	
2024/11/23 15:55:03.697	b135e9c82f3b5af8414a656ace8a78c8d45a7834	Windows 11  (10.0.22631) 64bit (Editor)	True	null	null	null	null	null	null	None	0	null	0	0	null	null	null	null	null	
2024/11/23 15:55:03.705	b135e9c82f3b5af8414a656ace8a78c8d45a7834	Windows 11  (10.0.22631) 64bit (Editor)	True	null	null	null	null	null	null	None	0	null	0	0	null	null	null	null	null	
2024/11/23 15:55:03.712	b135e9c82f3b5af8414a656ace8a78c8d45a7834	Windows 11  (10.0.22631) 64bit (Editor)	True	null	null	null	null	null	null	None	0	null	0	0	null	null	null	null	null	
2024/11/23 15:55:03.718	b135e9c82f3b5af8414a656ace8a78c8d45a7834	Windows 11  (10.0.22631) 64bit (Editor)	True	null	null	null	null	null	null	None	0	null	0	0	null	null	null	null	null	
2024/11/23 15:55:03.726	b135e9c82f3b5af8414a656ace8a78c8d45a7834	Windows 11  (10.0.22631) 64bit (Editor)	True	null	null	null	null	null	null	None	0	null	0	0	null	null	null	null	null	
2024/11/23 15:55:03.734	b135e9c82f3b5af8414a656ace8a78c8d45a7834	Windows 11  (10.0.22631) 64bit (Editor)	True	null	null	null	null	null	null	None	0	null	0	0	null	null	null	null	null	
2024/11/23 15:55:03.755	b135e9c82f3b5af8414a656ace8a78c8d45a7834	Windows 11  (10.0.22631) 64bit (Editor)	True	null	null	null	null	null	null	None	0	null	0	0	null	null	null	null	null	
2024/11/23 15:55:03.762	b135e9c82f3b5af8414a656ace8a78c8d45a7834	Windows 11  (10.0.22631) 64bit (Editor)	True	null	null	null	null	null	null	None	0	null	0	0	null	null	null	null	null	
2024/11/23 15:55:03.770	b135e9c82f3b5af8414a656ace8a78c8d45a7834	Windows 11  (10.0.22631) 64bit (Editor)	True	null	null	null	null	null	null	None	0	null	0	0	null	null	null	null	null	
2024/11/23 15:55:03.777	b135e9c82f3b5af8414a656ace8a78c8d45a7834	Windows 11  (10.0.22631) 64bit (Editor)	True	null	null	null	null	null	null	None	0	null	0	0	null	null	null	null	null	
2024/11/23 15:55:03.785	b135e9c82f3b5af8414a656ace8a78c8d45a7834	Windows 11  (10.0.22631) 64bit (Editor)	True	null	null	null	null	null	null	None	0	null	0	0	null	null	null	null	null	
2024/11/23 15:55:03.791	b135e9c82f3b5af8414a656ace8a78c8d45a7834	Windows 11  (10.0.22631) 64bit (Editor)	True	null	null	null	null	null	null	None	0	null	0	0	null	null	null	null	null	
2024/11/23 15:55:03.798	b135e9c82f3b5af8414a656ace8a78c8d45a7834	Windows 11  (10.0.22631) 64bit (Editor)	True	null	null	null	null	null	null	None	0	null	0	0	null	null	null	null	null	
2024/11/23 15:55:03.814	b135e9c82f3b5af8414a656ace8a78c8d45a7834	Windows 11  (10.0.22631) 64bit (Editor)	True	null	null	null	null	null	null	None	0	null	0	0	null	null	null	null	null	
2024/11/23 15:55:03.822	b135e9c82f3b5af8414a656ace8a78c8d45a7834	Windows 11  (10.0.22631) 64bit (Editor)	True	null	null	null	null	null	null	None	0	null	0	0	null	null	null	null	null	
2024/11/23 15:55:03.830	b135e9c82f3b5af8414a656ace8a78c8d45a7834	Windows 11  (10.0.22631) 64bit (Editor)	True	null	null	null	null	null	null	None	0	null	0	0	null	null	null	null	null	
2024/11/23 15:55:03.837	b135e9c82f3b5af8414a656ace8a78c8d45a7834	Windows 11  (10.0.22631) 64bit (Editor)	True	null	null	null	null	null	null	None	0	null	0	0	null	null	null	null	null	
2024/11/23 15:55:03.845	b135e9c82f3b5af8414a656ace8a78c8d45a7834	Windows 11  (10.0.22631) 64bit (Editor)	True	null	null	null	null	null	null	None	0	null	0	0	null	null	null	null	null	
2024/11/23 15:55:03.853	b135e9c82f3b5af8414a656ace8a78c8d45a7834	Windows 11  (10.0.22631) 64bit (Editor)	True	null	null	null	null	null	null	None	0	null	0	0	null	null	null	null	null	
2024/11/23 15:55:03.860	b135e9c82f3b5af8414a656ace8a78c8d45a7834	Windows 11  (10.0.22631) 64bit (Editor)	True	null	null	null	null	null	null	None	0	null	0	0	null	null	null	null	null	
2024/11/23 15:55:03.867	b135e9c82f3b5af8414a656ace8a78c8d45a7834	Windows 11  (10.0.22631) 64bit (Editor)	True	null	null	null	null	null	null	None	0	null	0	0	null	null	null	null	null	
2024/11/23 15:55:03.874	b135e9c82f3b5af8414a656ace8a78c8d45a7834	Windows 11  (10.0.22631) 64bit (Editor)	True	null	null	null	null	null	null	None	0	null	0	0	null	null	null	null	null	
2024/11/23 15:55:03.882	b135e9c82f3b5af8414a656ace8a78c8d45a7834	Windows 11  (10.0.22631) 64bit (Editor)	True	null	null	null	null	null	null	None	0	null	0	0	null	null	null	null	null	
2024/11/23 15:55:03.890	b135e9c82f3b5af8414a656ace8a78c8d45a7834	Windows 11  (10.0.22631) 64bit (Editor)	True	null	null	null	null	null	null	None	0	null	0	0	null	null	null	null	null	
2024/11/23 15:55:03.906	b135e9c82f3b5af8414a656ace8a78c8d45a7834	Windows 11  (10.0.22631) 64bit (Editor)	True	null	null	null	null	null	null	None	0	null	0	0	null	null	null	null	null	
2024/11/23 15:55:03.917	b135e9c82f3b5af8414a656ace8a78c8d45a7834	Windows 11  (10.0.22631) 64bit (Editor)	True	null	null	null	null	null	null	None	0	null	0	0	null	null	null	null	null	
2024/11/23 15:55:03.924	b135e9c82f3b5af8414a656ace8a78c8d45a7834	Windows 11  (10.0.22631) 64bit (Editor)	True	null	null	null	null	null	null	None	0	null	0	0	null	null	null	null	null	
2024/11/23 15:55:03.932	b135e9c82f3b5af8414a656ace8a78c8d45a7834	Windows 11  (10.0.22631) 64bit (Editor)	True	null	null	null	null	null	null	None	0	null	0	0	null	null	null	null	null	
2024/11/23 15:55:03.940	b135e9c82f3b5af8414a656ace8a78c8d45a7834	Windows 11  (10.0.22631) 64bit (Editor)	True	null	null	null	null	null	null	None	0	null	0	0	null	null	null	null	null	
2024/11/23 15:55:03.949	b135e9c82f3b5af8414a656ace8a78c8d45a7834	Windows 11  (10.0.22631) 64bit (Editor)	True	null	null	null	null	null	null	None	0	null	0	0	null	null	null	null	null	
2024/11/23 15:55:03.956	b135e9c82f3b5af8414a656ace8a78c8d45a7834	Windows 11  (10.0.22631) 64bit (Editor)	True	null	null	null	null	null	null	None	0	null	0	0	null	null	null	null	null	
2024/11/23 15:55:03.963	b135e9c82f3b5af8414a656ace8a78c8d45a7834	Windows 11  (10.0.22631) 64bit (Editor)	True	null	null	null	null	null	null	None	0	null	0	0	null	null	null	null	null	
2024/11/23 15:55:03.972	b135e9c82f3b5af8414a656ace8a78c8d45a7834	Windows 11  (10.0.22631) 64bit (Editor)	True	null	null	null	null	null	null	None	0	null	0	0	null	null	null	null	null	
2024/11/23 15:55:03.981	b135e9c82f3b5af8414a656ace8a78c8d45a7834	Windows 11  (10.0.22631) 64bit (Editor)	True	null	null	null	null	null	null	None	0	null	0	0	null	null	null	null	null	
2024/11/23 15:55:03.990	b135e9c82f3b5af8414a656ace8a78c8d45a7834	Windows 11  (10.0.22631) 64bit (Editor)	True	null	null	null	null	null	null	None	0	null	0	0	null	null	null	null	null	
2024/11/23 15:55:03.997	b135e9c82f3b5af8414a656ace8a78c8d45a7834	Windows 11  (10.0.22631) 64bit (Editor)	True	null	null	null	null	null	null	None	0	null	0	0	null	null	null	null	null	
2024/11/23 15:55:04.005	b135e9c82f3b5af8414a656ace8a78c8d45a7834	Windows 11  (10.0.22631) 64bit (Editor)	True	null	null	null	null	null	null	None	0	null	0	0	null	null	null	null	null	
2024/11/23 15:55:04.012	b135e9c82f3b5af8414a656ace8a78c8d45a7834	Windows 11  (10.0.22631) 64bit (Editor)	True	null	null	null	null	null	null	None	0	null	0	0	null	null	null	null	null	
2024/11/23 15:55:04.021	b135e9c82f3b5af8414a656ace8a78c8d45a7834	Windows 11  (10.0.22631) 64bit (Editor)	True	null	null	null	null	null	null	None	0	null	0	0	null	null	null	null	null	
2024/11/23 15:55:04.027	b135e9c82f3b5af8414a656ace8a78c8d45a7834	Windows 11  (10.0.22631) 64bit (Editor)	True	null	null	null	null	null	null	None	0	null	0	0	null	null	null	null	null	
2024/11/23 15:55:04.035	b135e9c82f3b5af8414a656ace8a78c8d45a7834	Windows 11  (10.0.22631) 64bit (Editor)	True	null	null	null	null	null	null	None	0	null	0	0	null	null	null	null	null	
2024/11/23 15:55:04.042	b135e9c82f3b5af8414a656ace8a78c8d45a7834	Windows 11  (10.0.22631) 64bit (Editor)	True	null	null	null	null	null	null	None	0	null	0	0	null	null	null	null	null	
2024/11/23 15:55:04.060	b135e9c82f3b5af8414a656ace8a78c8d45a7834	Windows 11  (10.0.22631) 64bit (Editor)	True	null	null	null	null	null	null	None	0	null	0	0	null	null	null	null	null	
2024/11/23 15:55:04.069	b135e9c82f3b5af8414a656ace8a78c8d45a7834	Windows 11  (10.0.22631) 64bit (Editor)	True	null	null	null	null	null	null	None	0	null	0	0	null	null	null	null	null	
2024/11/23 15:55:04.077	b135e9c82f3b5af8414a656ace8a78c8d45a7834	Windows 11  (10.0.22631) 64bit (Editor)	True	null	null	null	null	null	null	None	0	null	0	0	null	null	null	null	null	
2024/11/23 15:55:04.085	b135e9c82f3b5af8414a656ace8a78c8d45a7834	Windows 11  (10.0.22631) 64bit (Editor)	True	null	null	null	null	null	null	None	0	null	0	0	null	null	null	null	null	
2024/11/23 15:55:04.092	b135e9c82f3b5af8414a656ace8a78c8d45a7834	Windows 11  (10.0.22631) 64bit (Editor)	True	null	null	null	null	null	null	None	0	null	0	0	null	null	null	null	null	
2024/11/23 15:55:04.100	b135e9c82f3b5af8414a656ace8a78c8d45a7834	Windows 11  (10.0.22631) 64bit (Editor)	True	null	null	null	null	null	null	None	0	null	0	0	null	null	null	null	null	
2024/11/23 15:55:04.106	b135e9c82f3b5af8414a656ace8a78c8d45a7834	Windows 11  (10.0.22631) 64bit (Editor)	True	null	null	null	null	null	null	None	0	null	0	0	null	null	null	null	null	
2024/11/23 15:55:04.115	b135e9c82f3b5af8414a656ace8a78c8d45a7834	Windows 11  (10.0.22631) 64bit (Editor)	True	null	null	null	null	null	null	None	0	null	0	0	null	null	null	null	null	
2024/11/23 15:55:04.123	b135e9c82f3b5af8414a656ace8a78c8d45a7834	Windows 11  (10.0.22631) 64bit (Editor)	True	null	null	null	null	null	null	None	0	null	0	0	null	null	null	null	null	
2024/11/23 15:55:04.130	b135e9c82f3b5af8414a656ace8a78c8d45a7834	Windows 11  (10.0.22631) 64bit (Editor)	True	null	null	null	null	null	null	None	0	null	0	0	null	null	null	null	null	
2024/11/23 15:55:04.140	b135e9c82f3b5af8414a656ace8a78c8d45a7834	Windows 11  (10.0.22631) 64bit (Editor)	True	null	null	null	null	null	null	None	0	null	0	0	null	null	null	null	null	
2024/11/23 15:55:04.148	b135e9c82f3b5af8414a656ace8a78c8d45a7834	Windows 11  (10.0.22631) 64bit (Editor)	True	null	null	null	null	null	null	None	0	null	0	0	null	null	null	null	null	
2024/11/23 15:55:04.156	b135e9c82f3b5af8414a656ace8a78c8d45a7834	Windows 11  (10.0.22631) 64bit (Editor)	True	null	null	null	null	null	null	None	0	null	0	0	null	null	null	null	null	
2024/11/23 15:55:04.164	b135e9c82f3b5af8414a656ace8a78c8d45a7834	Windows 11  (10.0.22631) 64bit (Editor)	True	null	null	null	null	null	null	None	0	null	0	0	null	null	null	null	null	
2024/11/23 15:55:04.175	b135e9c82f3b5af8414a656ace8a78c8d45a7834	Windows 11  (10.0.22631) 64bit (Editor)	True	null	null	null	null	null	null	None	0	null	0	0	null	null	null	null	null	
2024/11/23 15:55:04.183	b135e9c82f3b5af8414a656ace8a78c8d45a7834	Windows 11  (10.0.22631) 64bit (Editor)	True	null	null	null	null	null	null	None	0	null	0	0	null	null	null	null	null	
2024/11/23 15:55:04.191	b135e9c82f3b5af8414a656ace8a78c8d45a7834	Windows 11  (10.0.22631) 64bit (Editor)	True	null	null	null	null	null	null	None	0	null	0	0	null	null	null	null	null	
2024/11/23 15:55:04.200	b135e9c82f3b5af8414a656ace8a78c8d45a7834	Windows 11  (10.0.22631) 64bit (Editor)	True	null	null	null	null	null	null	None	0	null	0	0	null	null	null	null	null	
2024/11/23 15:55:04.218	b135e9c82f3b5af8414a656ace8a78c8d45a7834	Windows 11  (10.0.22631) 64bit (Editor)	True	null	null	null	null	null	null	None	0	null	0	0	null	null	null	null	null	
2024/11/23 15:55:04.227	b135e9c82f3b5af8414a656ace8a78c8d45a7834	Windows 11  (10.0.22631) 64bit (Editor)	True	null	null	null	null	null	null	None	0	null	0	0	null	null	null	null	null	
2024/11/23 15:55:04.236	b135e9c82f3b5af8414a656ace8a78c8d45a7834	Windows 11  (10.0.22631) 64bit (Editor)	True	null	null	null	null	null	null	None	0	null	0	0	null	null	null	null	null	
2024/11/23 15:55:04.244	b135e9c82f3b5af8414a656ace8a78c8d45a7834	Windows 11  (10.0.22631) 64bit (Editor)	True	null	null	null	null	null	null	None	0	null	0	0	null	null	null	null	null	
2024/11/23 15:55:04.252	b135e9c82f3b5af8414a656ace8a78c8d45a7834	Windows 11  (10.0.22631) 64bit (Editor)	True	null	null	null	null	null	null	None	0	null	0	0	null	null	null	null	null	
2024/11/23 15:55:04.260	b135e9c82f3b5af8414a656ace8a78c8d45a7834	Windows 11  (10.0.22631) 64bit (Editor)	True	null	null	null	null	null	null	None	0	null	0	0	null	null	null	null	null	
2024/11/23 15:55:04.269	b135e9c82f3b5af8414a656ace8a78c8d45a7834	Windows 11  (10.0.22631) 64bit (Editor)	True	null	null	null	null	null	null	None	0	null	0	0	null	null	null	null	null	
2024/11/23 15:55:04.277	b135e9c82f3b5af8414a656ace8a78c8d45a7834	Windows 11  (10.0.22631) 64bit (Editor)	True	null	null	null	null	null	null	None	0	null	0	0	null	null	null	null	null	
2024/11/23 15:55:04.284	b135e9c82f3b5af8414a656ace8a78c8d45a7834	Windows 11  (10.0.22631) 64bit (Editor)	True	null	null	null	null	null	null	None	0	null	0	0	null	null	null	null	null	
2024/11/23 15:55:04.293	b135e9c82f3b5af8414a656ace8a78c8d45a7834	Windows 11  (10.0.22631) 64bit (Editor)	True	null	null	null	null	null	null	None	0	null	0	0	null	null	null	null	null	
2024/11/23 15:55:04.302	b135e9c82f3b5af8414a656ace8a78c8d45a7834	Windows 11  (10.0.22631) 64bit (Editor)	True	null	null	null	null	null	null	None	0	null	0	0	null	null	null	null	null	
2024/11/23 15:55:04.310	b135e9c82f3b5af8414a656ace8a78c8d45a7834	Windows 11  (10.0.22631) 64bit (Editor)	True	null	null	null	null	null	null	None	0	null	0	0	null	null	null	null	null	
2024/11/23 15:55:04.320	b135e9c82f3b5af8414a656ace8a78c8d45a7834	Windows 11  (10.0.22631) 64bit (Editor)	True	null	null	null	null	null	null	None	0	null	0	0	null	null	null	null	null	
2024/11/23 15:55:04.327	b135e9c82f3b5af8414a656ace8a78c8d45a7834	Windows 11  (10.0.22631) 64bit (Editor)	True	null	null	null	null	null	null	None	0	null	0	0	null	null	null	null	null	
2024/11/23 15:55:04.335	b135e9c82f3b5af8414a656ace8a78c8d45a7834	Windows 11  (10.0.22631) 64bit (Editor)	True	null	null	null	null	null	null	None	0	null	0	0	null	null	null	null	null	
2024/11/23 15:55:04.342	b135e9c82f3b5af8414a656ace8a78c8d45a7834	Windows 11  (10.0.22631) 64bit (Editor)	True	null	null	null	null	null	null	None	0	null	0	0	null	null	null	null	null	
2024/11/23 15:55:04.349	b135e9c82f3b5af8414a656ace8a78c8d45a7834	Windows 11  (10.0.22631) 64bit (Editor)	True	null	null	null	null	null	null	None	0	null	0	0	null	null	null	null	null	
2024/11/23 15:55:04.356	b135e9c82f3b5af8414a656ace8a78c8d45a7834	Windows 11  (10.0.22631) 64bit (Editor)	True	null	null	null	null	null	null	None	0	null	0	0	null	null	null	null	null	
2024/11/23 15:55:04.375	b135e9c82f3b5af8414a656ace8a78c8d45a7834	Windows 11  (10.0.22631) 64bit (Editor)	True	null	null	null	null	null	null	None	0	null	0	0	null	null	null	null	null	
2024/11/23 15:55:04.381	b135e9c82f3b5af8414a656ace8a78c8d45a7834	Windows 11  (10.0.22631) 64bit (Editor)	True	null	null	null	null	null	null	None	0	null	0	0	null	null	null	null	null	
2024/11/23 15:55:04.389	b135e9c82f3b5af8414a656ace8a78c8d45a7834	Windows 11  (10.0.22631) 64bit (Editor)	True	null	null	null	null	null	null	None	0	null	0	0	null	null	null	null	null	
2024/11/23 15:55:04.397	b135e9c82f3b5af8414a656ace8a78c8d45a7834	Windows 11  (10.0.22631) 64bit (Editor)	True	null	null	null	null	null	null	None	0	null	0	0	null	null	null	null	null	
2024/11/23 15:55:04.406	b135e9c82f3b5af8414a656ace8a78c8d45a7834	Windows 11  (10.0.22631) 64bit (Editor)	True	null	null	null	null	null	null	None	0	null	0	0	null	null	null	null	null	
2024/11/23 15:55:04.414	b135e9c82f3b5af8414a656ace8a78c8d45a7834	Windows 11  (10.0.22631) 64bit (Editor)	True	null	null	null	null	null	null	None	0	null	0	0	null	null	null	null	null	
2024/11/23 15:55:04.422	b135e9c82f3b5af8414a656ace8a78c8d45a7834	Windows 11  (10.0.22631) 64bit (Editor)	True	null	null	null	null	null	null	None	0	null	0	0	null	null	null	null	null	
2024/11/23 15:55:04.429	b135e9c82f3b5af8414a656ace8a78c8d45a7834	Windows 11  (10.0.22631) 64bit (Editor)	True	null	null	null	null	null	null	None	0	null	0	0	null	null	null	null	null	
2024/11/23 15:55:04.436	b135e9c82f3b5af8414a656ace8a78c8d45a7834	Windows 11  (10.0.22631) 64bit (Editor)	True	null	null	null	null	null	null	None	0	null	0	0	null	null	null	null	null	
2024/11/23 15:55:04.444	b135e9c82f3b5af8414a656ace8a78c8d45a7834	Windows 11  (10.0.22631) 64bit (Editor)	True	null	null	null	null	null	null	None	0	null	0	0	null	null	null	null	null	
2024/11/23 15:55:04.452	b135e9c82f3b5af8414a656ace8a78c8d45a7834	Windows 11  (10.0.22631) 64bit (Editor)	True	null	null	null	null	null	null	None	0	null	0	0	null	null	null	null	null	
2024/11/23 15:55:04.459	b135e9c82f3b5af8414a656ace8a78c8d45a7834	Windows 11  (10.0.22631) 64bit (Editor)	True	null	null	null	null	null	null	None	0	null	0	0	null	null	null	null	null	
2024/11/23 15:55:04.466	b135e9c82f3b5af8414a656ace8a78c8d45a7834	Windows 11  (10.0.22631) 64bit (Editor)	True	null	null	null	null	null	null	None	0	null	0	0	null	null	null	null	null	
2024/11/23 15:55:04.475	b135e9c82f3b5af8414a656ace8a78c8d45a7834	Windows 11  (10.0.22631) 64bit (Editor)	True	null	null	null	null	null	null	None	0	null	0	0	null	null	null	null	null	
2024/11/23 15:55:04.482	b135e9c82f3b5af8414a656ace8a78c8d45a7834	Windows 11  (10.0.22631) 64bit (Editor)	True	null	null	null	null	null	null	None	0	null	0	0	null	null	null	null	null	
2024/11/23 15:55:04.490	b135e9c82f3b5af8414a656ace8a78c8d45a7834	Windows 11  (10.0.22631) 64bit (Editor)	True	null	null	null	null	null	null	None	0	null	0	0	null	null	null	null	null	
2024/11/23 15:55:04.496	b135e9c82f3b5af8414a656ace8a78c8d45a7834	Windows 11  (10.0.22631) 64bit (Editor)	True	null	null	null	null	null	null	None	0	null	0	0	null	null	null	null	null	
2024/11/23 15:55:04.504	b135e9c82f3b5af8414a656ace8a78c8d45a7834	Windows 11  (10.0.22631) 64bit (Editor)	True	null	null	null	null	null	null	None	0	null	0	0	null	null	null	null	null	
2024/11/23 15:55:04.511	b135e9c82f3b5af8414a656ace8a78c8d45a7834	Windows 11  (10.0.22631) 64bit (Editor)	True	null	null	null	null	null	null	None	0	null	0	0	null	null	null	null	null	
2024/11/23 15:55:04.531	b135e9c82f3b5af8414a656ace8a78c8d45a7834	Windows 11  (10.0.22631) 64bit (Editor)	True	null	null	null	null	null	null	None	0	null	0	0	null	null	null	null	null	
2024/11/23 15:55:04.539	b135e9c82f3b5af8414a656ace8a78c8d45a7834	Windows 11  (10.0.22631) 64bit (Editor)	True	null	null	null	null	null	null	None	0	null	0	0	null	null	null	null	null	
2024/11/23 15:55:04.548	b135e9c82f3b5af8414a656ace8a78c8d45a7834	Windows 11  (10.0.22631) 64bit (Editor)	True	null	null	null	null	null	null	None	0	null	0	0	null	null	null	null	null	
2024/11/23 15:55:04.556	b135e9c82f3b5af8414a656ace8a78c8d45a7834	Windows 11  (10.0.22631) 64bit (Editor)	True	null	null	null	null	null	null	None	0	null	0	0	null	null	null	null	null	
2024/11/23 15:55:04.563	b135e9c82f3b5af8414a656ace8a78c8d45a7834	Windows 11  (10.0.22631) 64bit (Editor)	True	null	null	null	null	null	null	None	0	null	0	0	null	null	null	null	null	
2024/11/23 15:55:04.571	b135e9c82f3b5af8414a656ace8a78c8d45a7834	Windows 11  (10.0.22631) 64bit (Editor)	True	null	null	null	null	null	null	None	0	null	0	0	null	null	null	null	null	
2024/11/23 15:55:04.577	b135e9c82f3b5af8414a656ace8a78c8d45a7834	Windows 11  (10.0.22631) 64bit (Editor)	True	null	null	null	null	null	null	None	0	null	0	0	null	null	null	null	null	
2024/11/23 15:55:04.584	b135e9c82f3b5af8414a656ace8a78c8d45a7834	Windows 11  (10.0.22631) 64bit (Editor)	True	null	null	null	null	null	null	None	0	null	0	0	null	null	null	null	null	
2024/11/23 15:55:04.592	b135e9c82f3b5af8414a656ace8a78c8d45a7834	Windows 11  (10.0.22631) 64bit (Editor)	True	null	null	null	null	null	null	None	0	null	0	0	null	null	null	null	null	
2024/11/23 15:55:04.598	b135e9c82f3b5af8414a656ace8a78c8d45a7834	Windows 11  (10.0.22631) 64bit (Editor)	True	null	null	null	null	null	null	None	0	null	0	0	null	null	null	null	null	
2024/11/23 15:55:04.605	b135e9c82f3b5af8414a656ace8a78c8d45a7834	Windows 11  (10.0.22631) 64bit (Editor)	True	null	null	null	null	null	null	None	0	null	0	0	null	null	null	null	null	
2024/11/23 15:55:04.613	b135e9c82f3b5af8414a656ace8a78c8d45a7834	Windows 11  (10.0.22631) 64bit (Editor)	True	null	null	null	null	null	null	None	0	null	0	0	null	null	null	null	null	
2024/11/23 15:55:04.619	b135e9c82f3b5af8414a656ace8a78c8d45a7834	Windows 11  (10.0.22631) 64bit (Editor)	True	null	null	null	null	null	null	None	0	null	0	0	null	null	null	null	null	
2024/11/23 15:55:04.627	b135e9c82f3b5af8414a656ace8a78c8d45a7834	Windows 11  (10.0.22631) 64bit (Editor)	True	null	null	null	null	null	null	None	0	null	0	0	null	null	null	null	null	
2024/11/23 15:55:04.634	b135e9c82f3b5af8414a656ace8a78c8d45a7834	Windows 11  (10.0.22631) 64bit (Editor)	True	null	null	null	null	null	null	None	0	null	0	0	null	null	null	null	null	
2024/11/23 15:55:04.641	b135e9c82f3b5af8414a656ace8a78c8d45a7834	Windows 11  (10.0.22631) 64bit (Editor)	True	null	null	null	null	null	null	None	0	null	0	0	null	null	null	null	null	
2024/11/23 15:55:04.649	b135e9c82f3b5af8414a656ace8a78c8d45a7834	Windows 11  (10.0.22631) 64bit (Editor)	True	null	null	null	null	null	null	None	0	null	0	0	null	null	null	null	null	
2024/11/23 15:55:04.656	b135e9c82f3b5af8414a656ace8a78c8d45a7834	Windows 11  (10.0.22631) 64bit (Editor)	True	null	null	null	null	null	null	None	0	null	0	0	null	null	null	null	null	
2024/11/23 15:55:04.663	b135e9c82f3b5af8414a656ace8a78c8d45a7834	Windows 11  (10.0.22631) 64bit (Editor)	True	null	null	null	null	null	null	None	0	null	0	0	null	null	null	null	null	
2024/11/23 15:55:04.681	b135e9c82f3b5af8414a656ace8a78c8d45a7834	Windows 11  (10.0.22631) 64bit (Editor)	True	null	null	null	null	null	null	None	0	null	0	0	null	null	null	null	null	
2024/11/23 15:55:04.691	b135e9c82f3b5af8414a656ace8a78c8d45a7834	Windows 11  (10.0.22631) 64bit (Editor)	True	null	null	null	null	null	null	None	0	null	0	0	null	null	null	null	null	
2024/11/23 15:55:04.699	b135e9c82f3b5af8414a656ace8a78c8d45a7834	Windows 11  (10.0.22631) 64bit (Editor)	True	null	null	null	null	null	null	None	0	null	0	0	null	null	null	null	null	
2024/11/23 15:55:04.707	b135e9c82f3b5af8414a656ace8a78c8d45a7834	Windows 11  (10.0.22631) 64bit (Editor)	True	null	null	null	null	null	null	None	0	null	0	0	null	null	null	null	null	
2024/11/23 15:55:04.713	b135e9c82f3b5af8414a656ace8a78c8d45a7834	Windows 11  (10.0.22631) 64bit (Editor)	True	null	null	null	null	null	null	None	0	null	0	0	null	null	null	null	null	
2024/11/23 15:55:04.722	b135e9c82f3b5af8414a656ace8a78c8d45a7834	Windows 11  (10.0.22631) 64bit (Editor)	True	null	null	null	null	null	null	None	0	null	0	0	null	null	null	null	null	
2024/11/23 15:55:04.729	b135e9c82f3b5af8414a656ace8a78c8d45a7834	Windows 11  (10.0.22631) 64bit (Editor)	True	null	null	null	null	null	null	None	0	null	0	0	null	null	null	null	null	
2024/11/23 15:55:04.737	b135e9c82f3b5af8414a656ace8a78c8d45a7834	Windows 11  (10.0.22631) 64bit (Editor)	True	null	null	null	null	null	null	None	0	null	0	0	null	null	null	null	null	
2024/11/23 15:55:04.744	b135e9c82f3b5af8414a656ace8a78c8d45a7834	Windows 11  (10.0.22631) 64bit (Editor)	True	null	null	null	null	null	null	None	0	null	0	0	null	null	null	null	null	
2024/11/23 15:55:04.752	b135e9c82f3b5af8414a656ace8a78c8d45a7834	Windows 11  (10.0.22631) 64bit (Editor)	True	null	null	null	null	null	null	None	0	null	0	0	null	null	null	null	null	
2024/11/23 15:55:04.759	b135e9c82f3b5af8414a656ace8a78c8d45a7834	Windows 11  (10.0.22631) 64bit (Editor)	True	null	null	null	null	null	null	None	0	null	0	0	null	null	null	null	null	
2024/11/23 15:55:04.766	b135e9c82f3b5af8414a656ace8a78c8d45a7834	Windows 11  (10.0.22631) 64bit (Editor)	True	null	null	null	null	null	null	None	0	null	0	0	null	null	null	null	null	
2024/11/23 15:55:04.773	b135e9c82f3b5af8414a656ace8a78c8d45a7834	Windows 11  (10.0.22631) 64bit (Editor)	True	null	null	null	null	null	null	None	0	null	0	0	null	null	null	null	null	
2024/11/23 15:55:04.780	b135e9c82f3b5af8414a656ace8a78c8d45a7834	Windows 11  (10.0.22631) 64bit (Editor)	True	null	null	null	null	null	null	None	0	null	0	0	null	null	null	null	null	
2024/11/23 15:55:04.787	b135e9c82f3b5af8414a656ace8a78c8d45a7834	Windows 11  (10.0.22631) 64bit (Editor)	True	null	null	null	null	null	null	None	0	null	0	0	null	null	null	null	null	
2024/11/23 15:55:04.795	b135e9c82f3b5af8414a656ace8a78c8d45a7834	Windows 11  (10.0.22631) 64bit (Editor)	True	null	null	null	null	null	null	None	0	null	0	0	null	null	null	null	null	
2024/11/23 15:55:04.803	b135e9c82f3b5af8414a656ace8a78c8d45a7834	Windows 11  (10.0.22631) 64bit (Editor)	True	null	null	null	null	null	null	None	0	null	0	0	null	null	null	null	null	
2024/11/23 15:55:04.818	b135e9c82f3b5af8414a656ace8a78c8d45a7834	Windows 11  (10.0.22631) 64bit (Editor)	True	null	null	null	null	null	null	None	0	null	0	0	null	null	null	null	null	
2024/11/23 15:55:04.836	b135e9c82f3b5af8414a656ace8a78c8d45a7834	Windows 11  (10.0.22631) 64bit (Editor)	True	null	null	null	null	null	null	None	0	null	0	0	null	null	null	null	null	
2024/11/23 15:55:04.844	b135e9c82f3b5af8414a656ace8a78c8d45a7834	Windows 11  (10.0.22631) 64bit (Editor)	True	null	null	null	null	null	null	None	0	null	0	0	null	null	null	null	null	
2024/11/23 15:55:04.852	b135e9c82f3b5af8414a656ace8a78c8d45a7834	Windows 11  (10.0.22631) 64bit (Editor)	True	null	null	null	null	null	null	None	0	null	0	0	null	null	null	null	null	
2024/11/23 15:55:04.859	b135e9c82f3b5af8414a656ace8a78c8d45a7834	Windows 11  (10.0.22631) 64bit (Editor)	True	null	null	null	null	null	null	None	0	null	0	0	null	null	null	null	null	
2024/11/23 15:55:04.866	b135e9c82f3b5af8414a656ace8a78c8d45a7834	Windows 11  (10.0.22631) 64bit (Editor)	True	null	null	null	null	null	null	None	0	null	0	0	null	null	null	null	null	
2024/11/23 15:55:04.874	b135e9c82f3b5af8414a656ace8a78c8d45a7834	Windows 11  (10.0.22631) 64bit (Editor)	True	null	null	null	null	null	null	None	0	null	0	0	null	null	null	null	null	
2024/11/23 15:55:04.881	b135e9c82f3b5af8414a656ace8a78c8d45a7834	Windows 11  (10.0.22631) 64bit (Editor)	True	null	null	null	null	null	null	None	0	null	0	0	null	null	null	null	null	
2024/11/23 15:55:04.889	b135e9c82f3b5af8414a656ace8a78c8d45a7834	Windows 11  (10.0.22631) 64bit (Editor)	True	null	null	null	null	null	null	None	0	null	0	0	null	null	null	null	null	
2024/11/23 15:55:04.897	b135e9c82f3b5af8414a656ace8a78c8d45a7834	Windows 11  (10.0.22631) 64bit (Editor)	True	null	null	null	null	null	null	None	0	null	0	0	null	null	null	null	null	
2024/11/23 15:55:04.904	b135e9c82f3b5af8414a656ace8a78c8d45a7834	Windows 11  (10.0.22631) 64bit (Editor)	True	null	null	null	null	null	null	None	0	null	0	0	null	null	null	null	null	
2024/11/23 15:55:04.912	b135e9c82f3b5af8414a656ace8a78c8d45a7834	Windows 11  (10.0.22631) 64bit (Editor)	True	null	null	null	null	null	null	None	0	null	0	0	null	null	null	null	null	
2024/11/23 15:55:04.918	b135e9c82f3b5af8414a656ace8a78c8d45a7834	Windows 11  (10.0.22631) 64bit (Editor)	True	null	null	null	null	null	null	None	0	null	0	0	null	null	null	null	null	
2024/11/23 15:55:04.926	b135e9c82f3b5af8414a656ace8a78c8d45a7834	Windows 11  (10.0.22631) 64bit (Editor)	True	null	null	null	null	null	null	None	0	null	0	0	null	null	null	null	null	
2024/11/23 15:55:04.932	b135e9c82f3b5af8414a656ace8a78c8d45a7834	Windows 11  (10.0.22631) 64bit (Editor)	True	null	null	null	null	null	null	None	0	null	0	0	null	null	null	null	null	
2024/11/23 15:55:04.940	b135e9c82f3b5af8414a656ace8a78c8d45a7834	Windows 11  (10.0.22631) 64bit (Editor)	True	null	null	null	null	null	null	None	0	null	0	0	null	null	null	null	null	
2024/11/23 15:55:04.946	b135e9c82f3b5af8414a656ace8a78c8d45a7834	Windows 11  (10.0.22631) 64bit (Editor)	True	null	null	null	null	null	null	None	0	null	0	0	null	null	null	null	null	
2024/11/23 15:55:04.955	b135e9c82f3b5af8414a656ace8a78c8d45a7834	Windows 11  (10.0.22631) 64bit (Editor)	True	null	null	null	null	null	null	None	0	null	0	0	null	null	null	null	null	
2024/11/23 15:55:04.961	b135e9c82f3b5af8414a656ace8a78c8d45a7834	Windows 11  (10.0.22631) 64bit (Editor)	True	null	null	null	null	null	null	None	0	null	0	0	null	null	null	null	null	
2024/11/23 15:55:04.969	b135e9c82f3b5af8414a656ace8a78c8d45a7834	Windows 11  (10.0.22631) 64bit (Editor)	True	null	null	null	null	null	null	None	0	null	0	0	null	null	null	null	null	
2024/11/23 15:55:04.987	b135e9c82f3b5af8414a656ace8a78c8d45a7834	Windows 11  (10.0.22631) 64bit (Editor)	True	null	null	null	null	null	null	None	0	null	0	0	null	null	null	null	null	
2024/11/23 15:55:04.995	b135e9c82f3b5af8414a656ace8a78c8d45a7834	Windows 11  (10.0.22631) 64bit (Editor)	True	null	null	null	null	null	null	None	0	null	0	0	null	null	null	null	null	
2024/11/23 15:55:05.004	b135e9c82f3b5af8414a656ace8a78c8d45a7834	Windows 11  (10.0.22631) 64bit (Editor)	True	null	null	null	null	null	null	None	0	null	0	0	null	null	null	null	null	
2024/11/23 15:55:05.011	b135e9c82f3b5af8414a656ace8a78c8d45a7834	Windows 11  (10.0.22631) 64bit (Editor)	True	null	null	null	null	null	null	None	0	null	0	0	null	null	null	null	null	
2024/11/23 15:55:05.019	b135e9c82f3b5af8414a656ace8a78c8d45a7834	Windows 11  (10.0.22631) 64bit (Editor)	True	null	null	null	null	null	null	None	0	null	0	0	null	null	null	null	null	
2024/11/23 15:55:05.026	b135e9c82f3b5af8414a656ace8a78c8d45a7834	Windows 11  (10.0.22631) 64bit (Editor)	True	null	null	null	null	null	null	None	0	null	0	0	null	null	null	null	null	
2024/11/23 15:55:05.035	b135e9c82f3b5af8414a656ace8a78c8d45a7834	Windows 11  (10.0.22631) 64bit (Editor)	True	null	null	null	null	null	null	None	0	null	0	0	null	null	null	null	null	
2024/11/23 15:55:05.042	b135e9c82f3b5af8414a656ace8a78c8d45a7834	Windows 11  (10.0.22631) 64bit (Editor)	True	null	null	null	null	null	null	None	0	null	0	0	null	null	null	null	null	
2024/11/23 15:55:05.052	b135e9c82f3b5af8414a656ace8a78c8d45a7834	Windows 11  (10.0.22631) 64bit (Editor)	True	null	null	null	null	null	null	None	0	null	0	0	null	null	null	null	null	
2024/11/23 15:55:05.058	b135e9c82f3b5af8414a656ace8a78c8d45a7834	Windows 11  (10.0.22631) 64bit (Editor)	True	null	null	null	null	null	null	None	0	null	0	0	null	null	null	null	null	
2024/11/23 15:55:05.066	b135e9c82f3b5af8414a656ace8a78c8d45a7834	Windows 11  (10.0.22631) 64bit (Editor)	True	null	null	null	null	null	null	None	0	null	0	0	null	null	null	null	null	
2024/11/23 15:55:05.074	b135e9c82f3b5af8414a656ace8a78c8d45a7834	Windows 11  (10.0.22631) 64bit (Editor)	True	null	null	null	null	null	null	None	0	null	0	0	null	null	null	null	null	
2024/11/23 15:55:05.082	b135e9c82f3b5af8414a656ace8a78c8d45a7834	Windows 11  (10.0.22631) 64bit (Editor)	True	null	null	null	null	null	null	None	0	null	0	0	null	null	null	null	null	
2024/11/23 15:55:05.089	b135e9c82f3b5af8414a656ace8a78c8d45a7834	Windows 11  (10.0.22631) 64bit (Editor)	True	null	null	null	null	null	null	None	0	null	0	0	null	null	null	null	null	
2024/11/23 15:55:05.097	b135e9c82f3b5af8414a656ace8a78c8d45a7834	Windows 11  (10.0.22631) 64bit (Editor)	True	null	null	null	null	null	null	None	0	null	0	0	null	null	null	null	null	
2024/11/23 15:55:05.105	b135e9c82f3b5af8414a656ace8a78c8d45a7834	Windows 11  (10.0.22631) 64bit (Editor)	True	null	null	null	null	null	null	None	0	null	0	0	null	null	null	null	null	
2024/11/23 15:55:05.112	b135e9c82f3b5af8414a656ace8a78c8d45a7834	Windows 11  (10.0.22631) 64bit (Editor)	True	null	null	null	null	null	null	None	0	null	0	0	null	null	null	null	null	
2024/11/23 15:55:05.120	b135e9c82f3b5af8414a656ace8a78c8d45a7834	Windows 11  (10.0.22631) 64bit (Editor)	True	null	null	null	null	null	null	None	0	null	0	0	null	null	null	null	null	
2024/11/23 15:55:05.137	b135e9c82f3b5af8414a656ace8a78c8d45a7834	Windows 11  (10.0.22631) 64bit (Editor)	True	null	null	null	null	null	null	None	0	null	0	0	null	null	null	null	null	
2024/11/23 15:55:05.145	b135e9c82f3b5af8414a656ace8a78c8d45a7834	Windows 11  (10.0.22631) 64bit (Editor)	True	null	null	null	null	null	null	None	0	null	0	0	null	null	null	null	null	
2024/11/23 15:55:05.156	b135e9c82f3b5af8414a656ace8a78c8d45a7834	Windows 11  (10.0.22631) 64bit (Editor)	True	null	null	null	null	null	null	None	0	null	0	0	null	null	null	null	null	
2024/11/23 15:55:05.162	b135e9c82f3b5af8414a656ace8a78c8d45a7834	Windows 11  (10.0.22631) 64bit (Editor)	True	null	null	null	null	null	null	None	0	null	0	0	null	null	null	null	null	
2024/11/23 15:55:05.171	b135e9c82f3b5af8414a656ace8a78c8d45a7834	Windows 11  (10.0.22631) 64bit (Editor)	True	null	null	null	null	null	null	None	0	null	0	0	null	null	null	null	null	
2024/11/23 15:55:05.177	b135e9c82f3b5af8414a656ace8a78c8d45a7834	Windows 11  (10.0.22631) 64bit (Editor)	True	null	null	null	null	null	null	None	0	null	0	0	null	null	null	null	null	
2024/11/23 15:55:05.185	b135e9c82f3b5af8414a656ace8a78c8d45a7834	Windows 11  (10.0.22631) 64bit (Editor)	True	null	null	null	null	null	null	None	0	null	0	0	null	null	null	null	null	
2024/11/23 15:55:05.193	b135e9c82f3b5af8414a656ace8a78c8d45a7834	Windows 11  (10.0.22631) 64bit (Editor)	True	null	null	null	null	null	null	None	0	null	0	0	null	null	null	null	null	
2024/11/23 15:55:05.203	b135e9c82f3b5af8414a656ace8a78c8d45a7834	Windows 11  (10.0.22631) 64bit (Editor)	True	null	null	null	null	null	null	None	0	null	0	0	null	null	null	null	null	
2024/11/23 15:55:05.211	b135e9c82f3b5af8414a656ace8a78c8d45a7834	Windows 11  (10.0.22631) 64bit (Editor)	True	null	null	null	null	null	null	None	0	null	0	0	null	null	null	null	null	
2024/11/23 15:55:05.219	b135e9c82f3b5af8414a656ace8a78c8d45a7834	Windows 11  (10.0.22631) 64bit (Editor)	True	null	null	null	null	null	null	None	0	null	0	0	null	null	null	null	null	
2024/11/23 15:55:05.226	b135e9c82f3b5af8414a656ace8a78c8d45a7834	Windows 11  (10.0.22631) 64bit (Editor)	True	null	null	null	null	null	null	None	0	null	0	0	null	null	null	null	null	
2024/11/23 15:55:05.235	b135e9c82f3b5af8414a656ace8a78c8d45a7834	Windows 11  (10.0.22631) 64bit (Editor)	True	null	null	null	null	null	null	None	0	null	0	0	null	null	null	null	null	
2024/11/23 15:55:05.242	b135e9c82f3b5af8414a656ace8a78c8d45a7834	Windows 11  (10.0.22631) 64bit (Editor)	True	null	null	null	null	null	null	None	0	null	0	0	null	null	null	null	null	
2024/11/23 15:55:05.250	b135e9c82f3b5af8414a656ace8a78c8d45a7834	Windows 11  (10.0.22631) 64bit (Editor)	True	null	null	null	null	null	null	None	0	null	0	0	null	null	null	null	null	
2024/11/23 15:55:05.257	b135e9c82f3b5af8414a656ace8a78c8d45a7834	Windows 11  (10.0.22631) 64bit (Editor)	True	null	null	null	null	null	null	None	0	null	0	0	null	null	null	null	null	
2024/11/23 15:55:05.265	b135e9c82f3b5af8414a656ace8a78c8d45a7834	Windows 11  (10.0.22631) 64bit (Editor)	True	null	null	null	null	null	null	None	0	null	0	0	null	null	null	null	null	
2024/11/23 15:55:05.272	b135e9c82f3b5af8414a656ace8a78c8d45a7834	Windows 11  (10.0.22631) 64bit (Editor)	True	null	null	null	null	null	null	None	0	null	0	0	null	null	null	null	null	
2024/11/23 15:55:05.289	b135e9c82f3b5af8414a656ace8a78c8d45a7834	Windows 11  (10.0.22631) 64bit (Editor)	True	null	null	null	null	null	null	None	0	null	0	0	null	null	null	null	null	
2024/11/23 15:55:05.298	b135e9c82f3b5af8414a656ace8a78c8d45a7834	Windows 11  (10.0.22631) 64bit (Editor)	True	null	null	null	null	null	null	None	0	null	0	0	null	null	null	null	null	
2024/11/23 15:55:05.305	b135e9c82f3b5af8414a656ace8a78c8d45a7834	Windows 11  (10.0.22631) 64bit (Editor)	True	null	null	null	null	null	null	None	0	null	0	0	null	null	null	null	null	
2024/11/23 15:55:05.314	b135e9c82f3b5af8414a656ace8a78c8d45a7834	Windows 11  (10.0.22631) 64bit (Editor)	True	null	null	null	null	null	null	None	0	null	0	0	null	null	null	null	null	
2024/11/23 15:55:05.321	b135e9c82f3b5af8414a656ace8a78c8d45a7834	Windows 11  (10.0.22631) 64bit (Editor)	True	null	null	null	null	null	null	None	0	null	0	0	null	null	null	null	null	
2024/11/23 15:55:05.330	b135e9c82f3b5af8414a656ace8a78c8d45a7834	Windows 11  (10.0.22631) 64bit (Editor)	True	null	null	null	null	null	null	None	0	null	0	0	null	null	null	null	null	
2024/11/23 15:55:05.338	b135e9c82f3b5af8414a656ace8a78c8d45a7834	Windows 11  (10.0.22631) 64bit (Editor)	True	null	null	null	null	null	null	None	0	null	0	0	null	null	null	null	null	
2024/11/23 15:55:05.344	b135e9c82f3b5af8414a656ace8a78c8d45a7834	Windows 11  (10.0.22631) 64bit (Editor)	True	null	null	null	null	null	null	None	0	null	0	0	null	null	null	null	null	
2024/11/23 15:55:05.353	b135e9c82f3b5af8414a656ace8a78c8d45a7834	Windows 11  (10.0.22631) 64bit (Editor)	True	null	null	null	null	null	null	None	0	null	0	0	null	null	null	null	null	
2024/11/23 15:55:05.360	b135e9c82f3b5af8414a656ace8a78c8d45a7834	Windows 11  (10.0.22631) 64bit (Editor)	True	null	null	null	null	null	null	None	0	null	0	0	null	null	null	null	null	
2024/11/23 15:55:05.367	b135e9c82f3b5af8414a656ace8a78c8d45a7834	Windows 11  (10.0.22631) 64bit (Editor)	True	null	null	null	null	null	null	None	0	null	0	0	null	null	null	null	null	
2024/11/23 15:55:05.375	b135e9c82f3b5af8414a656ace8a78c8d45a7834	Windows 11  (10.0.22631) 64bit (Editor)	True	null	null	null	null	null	null	None	0	null	0	0	null	null	null	null	null	
2024/11/23 15:55:05.382	b135e9c82f3b5af8414a656ace8a78c8d45a7834	Windows 11  (10.0.22631) 64bit (Editor)	True	null	null	null	null	null	null	None	0	null	0	0	null	null	null	null	null	
2024/11/23 15:55:05.390	b135e9c82f3b5af8414a656ace8a78c8d45a7834	Windows 11  (10.0.22631) 64bit (Editor)	True	null	null	null	null	null	null	None	0	null	0	0	null	null	null	null	null	
2024/11/23 15:55:05.397	b135e9c82f3b5af8414a656ace8a78c8d45a7834	Windows 11  (10.0.22631) 64bit (Editor)	True	null	null	null	null	null	null	None	0	null	0	0	null	null	null	null	null	
2024/11/23 15:55:05.405	b135e9c82f3b5af8414a656ace8a78c8d45a7834	Windows 11  (10.0.22631) 64bit (Editor)	True	null	null	null	null	null	null	None	0	null	0	0	null	null	null	null	null	
2024/11/23 15:55:05.412	b135e9c82f3b5af8414a656ace8a78c8d45a7834	Windows 11  (10.0.22631) 64bit (Editor)	True	null	null	null	null	null	null	None	0	null	0	0	null	null	null	null	null	
2024/11/23 15:55:05.419	b135e9c82f3b5af8414a656ace8a78c8d45a7834	Windows 11  (10.0.22631) 64bit (Editor)	True	null	null	null	null	null	null	None	0	null	0	0	null	null	null	null	null	
2024/11/23 15:55:05.426	b135e9c82f3b5af8414a656ace8a78c8d45a7834	Windows 11  (10.0.22631) 64bit (Editor)	True	null	null	null	null	null	null	None	0	null	0	0	null	null	null	null	null	
2024/11/23 15:55:05.443	b135e9c82f3b5af8414a656ace8a78c8d45a7834	Windows 11  (10.0.22631) 64bit (Editor)	True	null	null	null	null	null	null	None	0	null	0	0	null	null	null	null	null	
2024/11/23 15:55:05.451	b135e9c82f3b5af8414a656ace8a78c8d45a7834	Windows 11  (10.0.22631) 64bit (Editor)	True	null	null	null	null	null	null	None	0	null	0	0	null	null	null	null	null	
2024/11/23 15:55:05.458	b135e9c82f3b5af8414a656ace8a78c8d45a7834	Windows 11  (10.0.22631) 64bit (Editor)	True	null	null	null	null	null	null	None	0	null	0	0	null	null	null	null	null	
2024/11/23 15:55:05.465	b135e9c82f3b5af8414a656ace8a78c8d45a7834	Windows 11  (10.0.22631) 64bit (Editor)	True	null	null	null	null	null	null	None	0	null	0	0	null	null	null	null	null	
2024/11/23 15:55:05.474	b135e9c82f3b5af8414a656ace8a78c8d45a7834	Windows 11  (10.0.22631) 64bit (Editor)	True	null	null	null	null	null	null	None	0	null	0	0	null	null	null	null	null	
2024/11/23 15:55:05.481	b135e9c82f3b5af8414a656ace8a78c8d45a7834	Windows 11  (10.0.22631) 64bit (Editor)	True	null	null	null	null	null	null	None	0	null	0	0	null	null	null	null	null	
2024/11/23 15:55:05.489	b135e9c82f3b5af8414a656ace8a78c8d45a7834	Windows 11  (10.0.22631) 64bit (Editor)	True	null	null	null	null	null	null	None	0	null	0	0	null	null	null	null	null	
2024/11/23 15:55:05.495	b135e9c82f3b5af8414a656ace8a78c8d45a7834	Windows 11  (10.0.22631) 64bit (Editor)	True	null	null	null	null	null	null	None	0	null	0	0	null	null	null	null	null	
2024/11/23 15:55:05.504	b135e9c82f3b5af8414a656ace8a78c8d45a7834	Windows 11  (10.0.22631) 64bit (Editor)	True	null	null	null	null	null	null	None	0	null	0	0	null	null	null	null	null	
2024/11/23 15:55:05.511	b135e9c82f3b5af8414a656ace8a78c8d45a7834	Windows 11  (10.0.22631) 64bit (Editor)	True	null	null	null	null	null	null	None	0	null	0	0	null	null	null	null	null	
2024/11/23 15:55:05.520	b135e9c82f3b5af8414a656ace8a78c8d45a7834	Windows 11  (10.0.22631) 64bit (Editor)	True	null	null	null	null	null	null	None	0	null	0	0	null	null	null	null	null	
2024/11/23 15:55:05.526	b135e9c82f3b5af8414a656ace8a78c8d45a7834	Windows 11  (10.0.22631) 64bit (Editor)	True	null	null	null	null	null	null	None	0	null	0	0	null	null	null	null	null	
2024/11/23 15:55:05.534	b135e9c82f3b5af8414a656ace8a78c8d45a7834	Windows 11  (10.0.22631) 64bit (Editor)	True	null	null	null	null	null	null	None	0	null	0	0	null	null	null	null	null	
2024/11/23 15:55:05.541	b135e9c82f3b5af8414a656ace8a78c8d45a7834	Windows 11  (10.0.22631) 64bit (Editor)	True	null	null	null	null	null	null	None	0	null	0	0	null	null	null	null	null	
2024/11/23 15:55:05.549	b135e9c82f3b5af8414a656ace8a78c8d45a7834	Windows 11  (10.0.22631) 64bit (Editor)	True	null	null	null	null	null	null	None	0	null	0	0	null	null	null	null	null	
2024/11/23 15:55:05.556	b135e9c82f3b5af8414a656ace8a78c8d45a7834	Windows 11  (10.0.22631) 64bit (Editor)	True	null	null	null	null	null	null	None	0	null	0	0	null	null	null	null	null	
2024/11/23 15:55:05.562	b135e9c82f3b5af8414a656ace8a78c8d45a7834	Windows 11  (10.0.22631) 64bit (Editor)	True	null	null	null	null	null	null	None	0	null	0	0	null	null	null	null	null	
2024/11/23 15:55:05.571	b135e9c82f3b5af8414a656ace8a78c8d45a7834	Windows 11  (10.0.22631) 64bit (Editor)	True	null	null	null	null	null	null	None	0	null	0	0	null	null	null	null	null	
2024/11/23 15:55:05.577	b135e9c82f3b5af8414a656ace8a78c8d45a7834	Windows 11  (10.0.22631) 64bit (Editor)	True	null	null	null	null	null	null	None	0	null	0	0	null	null	null	null	null	
2024/11/23 15:55:05.595	b135e9c82f3b5af8414a656ace8a78c8d45a7834	Windows 11  (10.0.22631) 64bit (Editor)	True	null	null	null	null	null	null	None	0	null	0	0	null	null	null	null	null	
2024/11/23 15:55:05.602	b135e9c82f3b5af8414a656ace8a78c8d45a7834	Windows 11  (10.0.22631) 64bit (Editor)	True	null	null	null	null	null	null	None	0	null	0	0	null	null	null	null	null	
2024/11/23 15:55:05.611	b135e9c82f3b5af8414a656ace8a78c8d45a7834	Windows 11  (10.0.22631) 64bit (Editor)	True	null	null	null	null	null	null	None	0	null	0	0	null	null	null	null	null	
2024/11/23 15:55:05.618	b135e9c82f3b5af8414a656ace8a78c8d45a7834	Windows 11  (10.0.22631) 64bit (Editor)	True	null	null	null	null	null	null	None	0	null	0	0	null	null	null	null	null	
2024/11/23 15:55:05.625	b135e9c82f3b5af8414a656ace8a78c8d45a7834	Windows 11  (10.0.22631) 64bit (Editor)	True	null	null	null	null	null	null	None	0	null	0	0	null	null	null	null	null	
2024/11/23 15:55:05.633	b135e9c82f3b5af8414a656ace8a78c8d45a7834	Windows 11  (10.0.22631) 64bit (Editor)	True	null	null	null	null	null	null	None	0	null	0	0	null	null	null	null	null	
2024/11/23 15:55:05.641	b135e9c82f3b5af8414a656ace8a78c8d45a7834	Windows 11  (10.0.22631) 64bit (Editor)	True	null	null	null	null	null	null	None	0	null	0	0	null	null	null	null	null	
2024/11/23 15:55:05.648	b135e9c82f3b5af8414a656ace8a78c8d45a7834	Windows 11  (10.0.22631) 64bit (Editor)	True	null	null	null	null	null	null	None	0	null	0	0	null	null	null	null	null	
2024/11/23 15:55:05.656	b135e9c82f3b5af8414a656ace8a78c8d45a7834	Windows 11  (10.0.22631) 64bit (Editor)	True	null	null	null	null	null	null	None	0	null	0	0	null	null	null	null	null	
2024/11/23 15:55:05.663	b135e9c82f3b5af8414a656ace8a78c8d45a7834	Windows 11  (10.0.22631) 64bit (Editor)	True	null	null	null	null	null	null	None	0	null	0	0	null	null	null	null	null	
2024/11/23 15:55:05.671	b135e9c82f3b5af8414a656ace8a78c8d45a7834	Windows 11  (10.0.22631) 64bit (Editor)	True	null	null	null	null	null	null	None	0	null	0	0	null	null	null	null	null	
2024/11/23 15:55:05.678	b135e9c82f3b5af8414a656ace8a78c8d45a7834	Windows 11  (10.0.22631) 64bit (Editor)	True	null	null	null	null	null	null	None	0	null	0	0	null	null	null	null	null	
2024/11/23 15:55:05.686	b135e9c82f3b5af8414a656ace8a78c8d45a7834	Windows 11  (10.0.22631) 64bit (Editor)	True	null	null	null	null	null	null	None	0	null	0	0	null	null	null	null	null	
2024/11/23 15:55:05.693	b135e9c82f3b5af8414a656ace8a78c8d45a7834	Windows 11  (10.0.22631) 64bit (Editor)	True	null	null	null	null	null	null	None	0	null	0	0	null	null	null	null	null	
2024/11/23 15:55:05.701	b135e9c82f3b5af8414a656ace8a78c8d45a7834	Windows 11  (10.0.22631) 64bit (Editor)	True	null	null	null	null	null	null	None	0	null	0	0	null	null	null	null	null	
2024/11/23 15:55:05.707	b135e9c82f3b5af8414a656ace8a78c8d45a7834	Windows 11  (10.0.22631) 64bit (Editor)	True	null	null	null	null	null	null	None	0	null	0	0	null	null	null	null	null	
2024/11/23 15:55:05.714	b135e9c82f3b5af8414a656ace8a78c8d45a7834	Windows 11  (10.0.22631) 64bit (Editor)	True	null	null	null	null	null	null	None	0	null	0	0	null	null	null	null	null	
2024/11/23 15:55:05.722	b135e9c82f3b5af8414a656ace8a78c8d45a7834	Windows 11  (10.0.22631) 64bit (Editor)	True	null	null	null	null	null	null	None	0	null	0	0	null	null	null	null	null	
2024/11/23 15:55:05.730	b135e9c82f3b5af8414a656ace8a78c8d45a7834	Windows 11  (10.0.22631) 64bit (Editor)	True	null	null	null	null	null	null	None	0	null	0	0	null	null	null	null	null	
2024/11/23 15:55:05.746	b135e9c82f3b5af8414a656ace8a78c8d45a7834	Windows 11  (10.0.22631) 64bit (Editor)	True	null	null	null	null	null	null	None	0	null	0	0	null	null	null	null	null	
2024/11/23 15:55:05.757	b135e9c82f3b5af8414a656ace8a78c8d45a7834	Windows 11  (10.0.22631) 64bit (Editor)	True	null	null	null	null	null	null	None	0	null	0	0	null	null	null	null	null	
2024/11/23 15:55:05.763	b135e9c82f3b5af8414a656ace8a78c8d45a7834	Windows 11  (10.0.22631) 64bit (Editor)	True	null	null	null	null	null	null	None	0	null	0	0	null	null	null	null	null	
2024/11/23 15:55:05.772	b135e9c82f3b5af8414a656ace8a78c8d45a7834	Windows 11  (10.0.22631) 64bit (Editor)	True	null	null	null	null	null	null	None	0	null	0	0	null	null	null	null	null	
2024/11/23 15:55:05.779	b135e9c82f3b5af8414a656ace8a78c8d45a7834	Windows 11  (10.0.22631) 64bit (Editor)	True	null	null	null	null	null	null	None	0	null	0	0	null	null	null	null	null	
2024/11/23 15:55:05.786	b135e9c82f3b5af8414a656ace8a78c8d45a7834	Windows 11  (10.0.22631) 64bit (Editor)	True	null	null	null	null	null	null	None	0	null	0	0	null	null	null	null	null	
2024/11/23 15:55:05.794	b135e9c82f3b5af8414a656ace8a78c8d45a7834	Windows 11  (10.0.22631) 64bit (Editor)	True	null	null	null	null	null	null	None	0	null	0	0	null	null	null	null	null	
2024/11/23 15:55:05.801	b135e9c82f3b5af8414a656ace8a78c8d45a7834	Windows 11  (10.0.22631) 64bit (Editor)	True	null	null	null	null	null	null	None	0	null	0	0	null	null	null	null	null	
2024/11/23 15:55:05.808	b135e9c82f3b5af8414a656ace8a78c8d45a7834	Windows 11  (10.0.22631) 64bit (Editor)	True	null	null	null	null	null	null	None	0	null	0	0	null	null	null	null	null	
2024/11/23 15:55:05.816	b135e9c82f3b5af8414a656ace8a78c8d45a7834	Windows 11  (10.0.22631) 64bit (Editor)	True	null	null	null	null	null	null	None	0	null	0	0	null	null	null	null	null	
2024/11/23 15:55:05.823	b135e9c82f3b5af8414a656ace8a78c8d45a7834	Windows 11  (10.0.22631) 64bit (Editor)	True	null	null	null	null	null	null	None	0	null	0	0	null	null	null	null	null	
2024/11/23 15:55:05.832	b135e9c82f3b5af8414a656ace8a78c8d45a7834	Windows 11  (10.0.22631) 64bit (Editor)	True	null	null	null	null	null	null	None	0	null	0	0	null	null	null	null	null	
2024/11/23 15:55:05.838	b135e9c82f3b5af8414a656ace8a78c8d45a7834	Windows 11  (10.0.22631) 64bit (Editor)	True	null	null	null	null	null	null	None	0	null	0	0	null	null	null	null	null	
2024/11/23 15:55:05.846	b135e9c82f3b5af8414a656ace8a78c8d45a7834	Windows 11  (10.0.22631) 64bit (Editor)	True	null	null	null	null	null	null	None	0	null	0	0	null	null	null	null	null	
2024/11/23 15:55:05.854	b135e9c82f3b5af8414a656ace8a78c8d45a7834	Windows 11  (10.0.22631) 64bit (Editor)	True	null	null	null	null	null	null	None	0	null	0	0	null	null	null	null	null	
2024/11/23 15:55:05.861	b135e9c82f3b5af8414a656ace8a78c8d45a7834	Windows 11  (10.0.22631) 64bit (Editor)	True	null	null	null	null	null	null	None	0	null	0	0	null	null	null	null	null	
2024/11/23 15:55:05.869	b135e9c82f3b5af8414a656ace8a78c8d45a7834	Windows 11  (10.0.22631) 64bit (Editor)	True	null	null	null	null	null	null	None	0	null	0	0	null	null	null	null	null	
2024/11/23 15:55:05.876	b135e9c82f3b5af8414a656ace8a78c8d45a7834	Windows 11  (10.0.22631) 64bit (Editor)	True	null	null	null	null	null	null	None	0	null	0	0	null	null	null	null	null	
2024/11/23 15:55:05.883	b135e9c82f3b5af8414a656ace8a78c8d45a7834	Windows 11  (10.0.22631) 64bit (Editor)	True	null	null	null	null	null	null	None	0	null	0	0	null	null	null	null	null	
2024/11/23 15:55:05.901	b135e9c82f3b5af8414a656ace8a78c8d45a7834	Windows 11  (10.0.22631) 64bit (Editor)	True	null	null	null	null	null	null	None	0	null	0	0	null	null	null	null	null	
2024/11/23 15:55:05.916	b135e9c82f3b5af8414a656ace8a78c8d45a7834	Windows 11  (10.0.22631) 64bit (Editor)	True	null	null	null	null	null	null	None	0	null	0	0	null	null	null	null	null	
2024/11/23 15:55:05.926	b135e9c82f3b5af8414a656ace8a78c8d45a7834	Windows 11  (10.0.22631) 64bit (Editor)	True	null	null	null	null	null	null	None	0	null	0	0	null	null	null	null	null	
2024/11/23 15:55:05.934	b135e9c82f3b5af8414a656ace8a78c8d45a7834	Windows 11  (10.0.22631) 64bit (Editor)	True	null	null	null	null	null	null	None	0	null	0	0	null	null	null	null	null	
2024/11/23 15:55:05.941	b135e9c82f3b5af8414a656ace8a78c8d45a7834	Windows 11  (10.0.22631) 64bit (Editor)	True	null	null	null	null	null	null	None	0	null	0	0	null	null	null	null	null	
2024/11/23 15:55:05.947	b135e9c82f3b5af8414a656ace8a78c8d45a7834	Windows 11  (10.0.22631) 64bit (Editor)	True	null	null	null	null	null	null	None	0	null	0	0	null	null	null	null	null	
2024/11/23 15:55:05.956	b135e9c82f3b5af8414a656ace8a78c8d45a7834	Windows 11  (10.0.22631) 64bit (Editor)	True	null	null	null	null	null	null	None	0	null	0	0	null	null	null	null	null	
2024/11/23 15:55:05.963	b135e9c82f3b5af8414a656ace8a78c8d45a7834	Windows 11  (10.0.22631) 64bit (Editor)	True	null	null	null	null	null	null	None	0	null	0	0	null	null	null	null	null	
2024/11/23 15:55:05.971	b135e9c82f3b5af8414a656ace8a78c8d45a7834	Windows 11  (10.0.22631) 64bit (Editor)	True	null	null	null	null	null	null	None	0	null	0	0	null	null	null	null	null	
2024/11/23 15:55:05.978	b135e9c82f3b5af8414a656ace8a78c8d45a7834	Windows 11  (10.0.22631) 64bit (Editor)	True	null	null	null	null	null	null	None	0	null	0	0	null	null	null	null	null	
2024/11/23 15:55:05.986	b135e9c82f3b5af8414a656ace8a78c8d45a7834	Windows 11  (10.0.22631) 64bit (Editor)	True	null	null	null	null	null	null	None	0	null	0	0	null	null	null	null	null	
2024/11/23 15:55:05.993	b135e9c82f3b5af8414a656ace8a78c8d45a7834	Windows 11  (10.0.22631) 64bit (Editor)	True	null	null	null	null	null	null	None	0	null	0	0	null	null	null	null	null	
2024/11/23 15:55:06.001	b135e9c82f3b5af8414a656ace8a78c8d45a7834	Windows 11  (10.0.22631) 64bit (Editor)	True	null	null	null	null	null	null	None	0	null	0	0	null	null	null	null	null	
2024/11/23 15:55:06.007	b135e9c82f3b5af8414a656ace8a78c8d45a7834	Windows 11  (10.0.22631) 64bit (Editor)	True	null	null	null	null	null	null	None	0	null	0	0	null	null	null	null	null	
2024/11/23 15:55:06.016	b135e9c82f3b5af8414a656ace8a78c8d45a7834	Windows 11  (10.0.22631) 64bit (Editor)	True	null	null	null	null	null	null	None	0	null	0	0	null	null	null	null	null	
2024/11/23 15:55:06.026	b135e9c82f3b5af8414a656ace8a78c8d45a7834	Windows 11  (10.0.22631) 64bit (Editor)	True	null	null	null	null	null	null	None	0	null	0	0	null	null	null	null	null	
2024/11/23 15:55:06.035	b135e9c82f3b5af8414a656ace8a78c8d45a7834	Windows 11  (10.0.22631) 64bit (Editor)	True	null	null	null	null	null	null	None	0	null	0	0	null	null	null	null	null	
2024/11/23 15:55:06.052	b135e9c82f3b5af8414a656ace8a78c8d45a7834	Windows 11  (10.0.22631) 64bit (Editor)	True	null	null	null	null	null	null	None	0	null	0	0	null	null	null	null	null	
2024/11/23 15:55:06.060	b135e9c82f3b5af8414a656ace8a78c8d45a7834	Windows 11  (10.0.22631) 64bit (Editor)	True	null	null	null	null	null	null	None	0	null	0	0	null	null	null	null	null	
2024/11/23 15:55:06.069	b135e9c82f3b5af8414a656ace8a78c8d45a7834	Windows 11  (10.0.22631) 64bit (Editor)	True	null	null	null	null	null	null	None	0	null	0	0	null	null	null	null	null	
2024/11/23 15:55:06.076	b135e9c82f3b5af8414a656ace8a78c8d45a7834	Windows 11  (10.0.22631) 64bit (Editor)	True	null	null	null	null	null	null	None	0	null	0	0	null	null	null	null	null	
2024/11/23 15:55:06.084	b135e9c82f3b5af8414a656ace8a78c8d45a7834	Windows 11  (10.0.22631) 64bit (Editor)	True	null	null	null	null	null	null	None	0	null	0	0	null	null	null	null	null	
2024/11/23 15:55:06.092	b135e9c82f3b5af8414a656ace8a78c8d45a7834	Windows 11  (10.0.22631) 64bit (Editor)	True	null	null	null	null	null	null	None	0	null	0	0	null	null	null	null	null	
2024/11/23 15:55:06.099	b135e9c82f3b5af8414a656ace8a78c8d45a7834	Windows 11  (10.0.22631) 64bit (Editor)	True	null	null	null	null	null	null	None	0	null	0	0	null	null	null	null	null	
2024/11/23 15:55:06.107	b135e9c82f3b5af8414a656ace8a78c8d45a7834	Windows 11  (10.0.22631) 64bit (Editor)	True	null	null	null	null	null	null	None	0	null	0	0	null	null	null	null	null	
2024/11/23 15:55:06.114	b135e9c82f3b5af8414a656ace8a78c8d45a7834	Windows 11  (10.0.22631) 64bit (Editor)	True	null	null	null	null	null	null	None	0	null	0	0	null	null	null	null	null	
2024/11/23 15:55:06.123	b135e9c82f3b5af8414a656ace8a78c8d45a7834	Windows 11  (10.0.22631) 64bit (Editor)	True	null	null	null	null	null	null	None	0	null	0	0	null	null	null	null	null	
2024/11/23 15:55:06.129	b135e9c82f3b5af8414a656ace8a78c8d45a7834	Windows 11  (10.0.22631) 64bit (Editor)	True	null	null	null	null	null	null	None	0	null	0	0	null	null	null	null	null	
2024/11/23 15:55:06.137	b135e9c82f3b5af8414a656ace8a78c8d45a7834	Windows 11  (10.0.22631) 64bit (Editor)	True	null	null	null	null	null	null	None	0	null	0	0	null	null	null	null	null	
2024/11/23 15:55:06.144	b135e9c82f3b5af8414a656ace8a78c8d45a7834	Windows 11  (10.0.22631) 64bit (Editor)	True	null	null	null	null	null	null	None	0	null	0	0	null	null	null	null	null	
2024/11/23 15:55:06.152	b135e9c82f3b5af8414a656ace8a78c8d45a7834	Windows 11  (10.0.22631) 64bit (Editor)	True	null	null	null	null	null	null	None	0	null	0	0	null	null	null	null	null	
2024/11/23 15:55:06.158	b135e9c82f3b5af8414a656ace8a78c8d45a7834	Windows 11  (10.0.22631) 64bit (Editor)	True	null	null	null	null	null	null	None	0	null	0	0	null	null	null	null	null	
2024/11/23 15:55:06.165	b135e9c82f3b5af8414a656ace8a78c8d45a7834	Windows 11  (10.0.22631) 64bit (Editor)	True	null	null	null	null	null	null	None	0	null	0	0	null	null	null	null	null	
2024/11/23 15:55:06.172	b135e9c82f3b5af8414a656ace8a78c8d45a7834	Windows 11  (10.0.22631) 64bit (Editor)	True	null	null	null	null	null	null	None	0	null	0	0	null	null	null	null	null	
2024/11/23 15:55:06.179	b135e9c82f3b5af8414a656ace8a78c8d45a7834	Windows 11  (10.0.22631) 64bit (Editor)	True	null	null	null	null	null	null	None	0	null	0	0	null	null	null	null	null	
2024/11/23 15:55:06.187	b135e9c82f3b5af8414a656ace8a78c8d45a7834	Windows 11  (10.0.22631) 64bit (Editor)	True	null	null	null	null	null	null	None	0	null	0	0	null	null	null	null	null	
2024/11/23 15:55:06.206	b135e9c82f3b5af8414a656ace8a78c8d45a7834	Windows 11  (10.0.22631) 64bit (Editor)	True	null	null	null	null	null	null	None	0	null	0	0	null	null	null	null	null	
2024/11/23 15:55:06.214	b135e9c82f3b5af8414a656ace8a78c8d45a7834	Windows 11  (10.0.22631) 64bit (Editor)	True	null	null	null	null	null	null	None	0	null	0	0	null	null	null	null	null	
2024/11/23 15:55:06.222	b135e9c82f3b5af8414a656ace8a78c8d45a7834	Windows 11  (10.0.22631) 64bit (Editor)	True	null	null	null	null	null	null	None	0	null	0	0	null	null	null	null	null	
2024/11/23 15:55:06.232	b135e9c82f3b5af8414a656ace8a78c8d45a7834	Windows 11  (10.0.22631) 64bit (Editor)	True	null	null	null	null	null	null	None	0	null	0	0	null	null	null	null	null	
2024/11/23 15:55:06.239	b135e9c82f3b5af8414a656ace8a78c8d45a7834	Windows 11  (10.0.22631) 64bit (Editor)	True	null	null	null	null	null	null	None	0	null	0	0	null	null	null	null	null	
2024/11/23 15:55:06.248	b135e9c82f3b5af8414a656ace8a78c8d45a7834	Windows 11  (10.0.22631) 64bit (Editor)	True	null	null	null	null	null	null	None	0	null	0	0	null	null	null	null	null	
2024/11/23 15:55:06.255	b135e9c82f3b5af8414a656ace8a78c8d45a7834	Windows 11  (10.0.22631) 64bit (Editor)	True	null	null	null	null	null	null	None	0	null	0	0	null	null	null	null	null	
2024/11/23 15:55:06.262	b135e9c82f3b5af8414a656ace8a78c8d45a7834	Windows 11  (10.0.22631) 64bit (Editor)	True	null	null	null	null	null	null	None	0	null	0	0	null	null	null	null	null	
2024/11/23 15:55:06.270	b135e9c82f3b5af8414a656ace8a78c8d45a7834	Windows 11  (10.0.22631) 64bit (Editor)	True	null	null	null	null	null	null	None	0	null	0	0	null	null	null	null	null	
2024/11/23 15:55:06.276	b135e9c82f3b5af8414a656ace8a78c8d45a7834	Windows 11  (10.0.22631) 64bit (Editor)	True	null	null	null	null	null	null	None	0	null	0	0	null	null	null	null	null	
2024/11/23 15:55:06.284	b135e9c82f3b5af8414a656ace8a78c8d45a7834	Windows 11  (10.0.22631) 64bit (Editor)	True	null	null	null	null	null	null	None	0	null	0	0	null	null	null	null	null	
2024/11/23 15:55:06.300	b135e9c82f3b5af8414a656ace8a78c8d45a7834	Windows 11  (10.0.22631) 64bit (Editor)	True	null	null	null	null	null	null	None	0	null	0	0	null	null	null	null	null	
2024/11/23 15:55:06.330	b135e9c82f3b5af8414a656ace8a78c8d45a7834	Windows 11  (10.0.22631) 64bit (Editor)	True	null	null	null	null	null	null	None	0	null	0	0	null	null	null	null	null	
2024/11/23 15:55:06.341	b135e9c82f3b5af8414a656ace8a78c8d45a7834	Windows 11  (10.0.22631) 64bit (Editor)	True	null	null	null	null	null	null	None	0	null	0	0	null	null	null	null	null	
2024/11/23 15:55:06.364	b135e9c82f3b5af8414a656ace8a78c8d45a7834	Windows 11  (10.0.22631) 64bit (Editor)	True	null	null	null	null	null	null	None	0	null	0	0	null	null	null	null	null	
2024/11/23 15:55:06.376	b135e9c82f3b5af8414a656ace8a78c8d45a7834	Windows 11  (10.0.22631) 64bit (Editor)	True	null	null	null	null	null	null	None	0	null	0	0	null	null	null	null	null	
2024/11/23 15:55:06.386	b135e9c82f3b5af8414a656ace8a78c8d45a7834	Windows 11  (10.0.22631) 64bit (Editor)	True	null	null	null	null	null	null	None	0	null	0	0	null	null	null	null	null	
2024/11/23 15:55:06.395	b135e9c82f3b5af8414a656ace8a78c8d45a7834	Windows 11  (10.0.22631) 64bit (Editor)	True	null	null	null	null	null	null	None	0	null	0	0	null	null	null	null	null	
2024/11/23 15:55:06.403	b135e9c82f3b5af8414a656ace8a78c8d45a7834	Windows 11  (10.0.22631) 64bit (Editor)	True	null	null	null	null	null	null	None	0	null	0	0	null	null	null	null	null	
2024/11/23 15:55:06.411	b135e9c82f3b5af8414a656ace8a78c8d45a7834	Windows 11  (10.0.22631) 64bit (Editor)	True	null	null	null	null	null	null	None	0	null	0	0	null	null	null	null	null	
2024/11/23 15:55:06.420	b135e9c82f3b5af8414a656ace8a78c8d45a7834	Windows 11  (10.0.22631) 64bit (Editor)	True	null	null	null	null	null	null	None	0	null	0	0	null	null	null	null	null	
2024/11/23 15:55:06.429	b135e9c82f3b5af8414a656ace8a78c8d45a7834	Windows 11  (10.0.22631) 64bit (Editor)	True	null	null	null	null	null	null	None	0	null	0	0	null	null	null	null	null	
2024/11/23 15:55:06.440	b135e9c82f3b5af8414a656ace8a78c8d45a7834	Windows 11  (10.0.22631) 64bit (Editor)	True	null	null	null	null	null	null	None	0	null	0	0	null	null	null	null	null	
2024/11/23 15:55:06.453	b135e9c82f3b5af8414a656ace8a78c8d45a7834	Windows 11  (10.0.22631) 64bit (Editor)	True	null	null	null	null	null	null	None	0	null	0	0	null	null	null	null	null	
2024/11/23 15:55:06.460	b135e9c82f3b5af8414a656ace8a78c8d45a7834	Windows 11  (10.0.22631) 64bit (Editor)	True	null	null	null	null	null	null	None	0	null	0	0	null	null	null	null	null	
2024/11/23 15:55:06.470	b135e9c82f3b5af8414a656ace8a78c8d45a7834	Windows 11  (10.0.22631) 64bit (Editor)	True	null	null	null	null	null	null	None	0	null	0	0	null	null	null	null	null	
2024/11/23 15:55:06.480	b135e9c82f3b5af8414a656ace8a78c8d45a7834	Windows 11  (10.0.22631) 64bit (Editor)	True	null	null	null	null	null	null	None	0	null	0	0	null	null	null	null	null	
2024/11/23 15:55:06.488	b135e9c82f3b5af8414a656ace8a78c8d45a7834	Windows 11  (10.0.22631) 64bit (Editor)	True	null	null	null	null	null	null	None	0	null	0	0	null	null	null	null	null	
2024/11/23 15:55:06.497	b135e9c82f3b5af8414a656ace8a78c8d45a7834	Windows 11  (10.0.22631) 64bit (Editor)	True	null	null	null	null	null	null	None	0	null	0	0	null	null	null	null	null	
2024/11/23 15:55:06.516	b135e9c82f3b5af8414a656ace8a78c8d45a7834	Windows 11  (10.0.22631) 64bit (Editor)	True	null	null	null	null	null	null	None	0	null	0	0	null	null	null	null	null	
2024/11/23 15:55:06.525	b135e9c82f3b5af8414a656ace8a78c8d45a7834	Windows 11  (10.0.22631) 64bit (Editor)	True	null	null	null	null	null	null	None	0	null	0	0	null	null	null	null	null	
2024/11/23 15:55:06.533	b135e9c82f3b5af8414a656ace8a78c8d45a7834	Windows 11  (10.0.22631) 64bit (Editor)	True	null	null	null	null	null	null	None	0	null	0	0	null	null	null	null	null	
2024/11/23 15:55:06.542	b135e9c82f3b5af8414a656ace8a78c8d45a7834	Windows 11  (10.0.22631) 64bit (Editor)	True	null	null	null	null	null	null	None	0	null	0	0	null	null	null	null	null	
2024/11/23 15:55:06.549	b135e9c82f3b5af8414a656ace8a78c8d45a7834	Windows 11  (10.0.22631) 64bit (Editor)	True	null	null	null	null	null	null	None	0	null	0	0	null	null	null	null	null	
2024/11/23 15:55:06.558	b135e9c82f3b5af8414a656ace8a78c8d45a7834	Windows 11  (10.0.22631) 64bit (Editor)	True	null	null	null	null	null	null	None	0	null	0	0	null	null	null	null	null	
2024/11/23 15:55:06.566	b135e9c82f3b5af8414a656ace8a78c8d45a7834	Windows 11  (10.0.22631) 64bit (Editor)	True	null	null	null	null	null	null	None	0	null	0	0	null	null	null	null	null	
2024/11/23 15:55:06.574	b135e9c82f3b5af8414a656ace8a78c8d45a7834	Windows 11  (10.0.22631) 64bit (Editor)	True	null	null	null	null	null	null	None	0	null	0	0	null	null	null	null	null	
2024/11/23 15:55:06.583	b135e9c82f3b5af8414a656ace8a78c8d45a7834	Windows 11  (10.0.22631) 64bit (Editor)	True	null	null	null	null	null	null	None	0	null	0	0	null	null	null	null	null	
2024/11/23 15:55:06.591	b135e9c82f3b5af8414a656ace8a78c8d45a7834	Windows 11  (10.0.22631) 64bit (Editor)	True	null	null	null	null	null	null	None	0	null	0	0	null	null	null	null	null	
2024/11/23 15:55:06.598	b135e9c82f3b5af8414a656ace8a78c8d45a7834	Windows 11  (10.0.22631) 64bit (Editor)	True	null	null	null	null	null	null	None	0	null	0	0	null	null	null	null	null	
2024/11/23 15:55:06.606	b135e9c82f3b5af8414a656ace8a78c8d45a7834	Windows 11  (10.0.22631) 64bit (Editor)	True	null	null	null	null	null	null	None	0	null	0	0	null	null	null	null	null	
2024/11/23 15:55:06.613	b135e9c82f3b5af8414a656ace8a78c8d45a7834	Windows 11  (10.0.22631) 64bit (Editor)	True	null	null	null	null	null	null	None	0	null	0	0	null	null	null	null	null	
2024/11/23 15:55:06.621	b135e9c82f3b5af8414a656ace8a78c8d45a7834	Windows 11  (10.0.22631) 64bit (Editor)	True	null	null	null	null	null	null	None	0	null	0	0	null	null	null	null	null	
2024/11/23 15:55:06.627	b135e9c82f3b5af8414a656ace8a78c8d45a7834	Windows 11  (10.0.22631) 64bit (Editor)	True	null	null	null	null	null	null	None	0	null	0	0	null	null	null	null	null	
2024/11/23 15:55:06.636	b135e9c82f3b5af8414a656ace8a78c8d45a7834	Windows 11  (10.0.22631) 64bit (Editor)	True	null	null	null	null	null	null	None	0	null	0	0	null	null	null	null	null	
2024/11/23 15:55:06.643	b135e9c82f3b5af8414a656ace8a78c8d45a7834	Windows 11  (10.0.22631) 64bit (Editor)	True	null	null	null	null	null	null	None	0	null	0	0	null	null	null	null	null	
2024/11/23 15:55:06.651	b135e9c82f3b5af8414a656ace8a78c8d45a7834	Windows 11  (10.0.22631) 64bit (Editor)	True	null	null	null	null	null	null	None	0	null	0	0	null	null	null	null	null	
2024/11/23 15:55:06.671	b135e9c82f3b5af8414a656ace8a78c8d45a7834	Windows 11  (10.0.22631) 64bit (Editor)	True	null	null	null	null	null	null	None	0	null	0	0	null	null	null	null	null	
2024/11/23 15:55:06.679	b135e9c82f3b5af8414a656ace8a78c8d45a7834	Windows 11  (10.0.22631) 64bit (Editor)	True	null	null	null	null	null	null	None	0	null	0	0	null	null	null	null	null	
2024/11/23 15:55:06.687	b135e9c82f3b5af8414a656ace8a78c8d45a7834	Windows 11  (10.0.22631) 64bit (Editor)	True	null	null	null	null	null	null	None	0	null	0	0	null	null	null	null	null	
2024/11/23 15:55:06.695	b135e9c82f3b5af8414a656ace8a78c8d45a7834	Windows 11  (10.0.22631) 64bit (Editor)	True	null	null	null	null	null	null	None	0	null	0	0	null	null	null	null	null	
2024/11/23 15:55:06.704	b135e9c82f3b5af8414a656ace8a78c8d45a7834	Windows 11  (10.0.22631) 64bit (Editor)	True	null	null	null	null	null	null	None	0	null	0	0	null	null	null	null	null	
2024/11/23 15:55:06.713	b135e9c82f3b5af8414a656ace8a78c8d45a7834	Windows 11  (10.0.22631) 64bit (Editor)	True	null	null	null	null	null	null	None	0	null	0	0	null	null	null	null	null	
2024/11/23 15:55:06.721	b135e9c82f3b5af8414a656ace8a78c8d45a7834	Windows 11  (10.0.22631) 64bit (Editor)	True	null	null	null	null	null	null	None	0	null	0	0	null	null	null	null	null	
2024/11/23 15:55:06.728	b135e9c82f3b5af8414a656ace8a78c8d45a7834	Windows 11  (10.0.22631) 64bit (Editor)	True	null	null	null	null	null	null	None	0	null	0	0	null	null	null	null	null	
2024/11/23 15:55:06.737	b135e9c82f3b5af8414a656ace8a78c8d45a7834	Windows 11  (10.0.22631) 64bit (Editor)	True	null	null	null	null	null	null	None	0	null	0	0	null	null	null	null	null	
2024/11/23 15:55:06.745	b135e9c82f3b5af8414a656ace8a78c8d45a7834	Windows 11  (10.0.22631) 64bit (Editor)	True	null	null	null	null	null	null	None	0	null	0	0	null	null	null	null	null	
2024/11/23 15:55:06.754	b135e9c82f3b5af8414a656ace8a78c8d45a7834	Windows 11  (10.0.22631) 64bit (Editor)	True	null	null	null	null	null	null	None	0	null	0	0	null	null	null	null	null	
2024/11/23 15:55:06.762	b135e9c82f3b5af8414a656ace8a78c8d45a7834	Windows 11  (10.0.22631) 64bit (Editor)	True	null	null	null	null	null	null	None	0	null	0	0	null	null	null	null	null	
2024/11/23 15:55:06.770	b135e9c82f3b5af8414a656ace8a78c8d45a7834	Windows 11  (10.0.22631) 64bit (Editor)	True	null	null	null	null	null	null	None	0	null	0	0	null	null	null	null	null	
2024/11/23 15:55:06.777	b135e9c82f3b5af8414a656ace8a78c8d45a7834	Windows 11  (10.0.22631) 64bit (Editor)	True	null	null	null	null	null	null	None	0	null	0	0	null	null	null	null	null	
2024/11/23 15:55:06.786	b135e9c82f3b5af8414a656ace8a78c8d45a7834	Windows 11  (10.0.22631) 64bit (Editor)	True	null	null	null	null	null	null	None	0	null	0	0	null	null	null	null	null	
2024/11/23 15:55:06.795	b135e9c82f3b5af8414a656ace8a78c8d45a7834	Windows 11  (10.0.22631) 64bit (Editor)	True	null	null	null	null	null	null	None	0	null	0	0	null	null	null	null	null	
2024/11/23 15:55:06.803	b135e9c82f3b5af8414a656ace8a78c8d45a7834	Windows 11  (10.0.22631) 64bit (Editor)	True	null	null	null	null	null	null	None	0	null	0	0	null	null	null	null	null	
2024/11/23 15:55:06.822	b135e9c82f3b5af8414a656ace8a78c8d45a7834	Windows 11  (10.0.22631) 64bit (Editor)	True	null	null	null	null	null	null	None	0	null	0	0	null	null	null	null	null	
2024/11/23 15:55:06.832	b135e9c82f3b5af8414a656ace8a78c8d45a7834	Windows 11  (10.0.22631) 64bit (Editor)	True	null	null	null	null	null	null	None	0	null	0	0	null	null	null	null	null	
2024/11/23 15:55:06.840	b135e9c82f3b5af8414a656ace8a78c8d45a7834	Windows 11  (10.0.22631) 64bit (Editor)	True	null	null	null	null	null	null	None	0	null	0	0	null	null	null	null	null	
2024/11/23 15:55:06.847	b135e9c82f3b5af8414a656ace8a78c8d45a7834	Windows 11  (10.0.22631) 64bit (Editor)	True	null	null	null	null	null	null	None	0	null	0	0	null	null	null	null	null	
2024/11/23 15:55:06.856	b135e9c82f3b5af8414a656ace8a78c8d45a7834	Windows 11  (10.0.22631) 64bit (Editor)	True	null	null	null	null	null	null	None	0	null	0	0	null	null	null	null	null	
2024/11/23 15:55:06.864	b135e9c82f3b5af8414a656ace8a78c8d45a7834	Windows 11  (10.0.22631) 64bit (Editor)	True	null	null	null	null	null	null	None	0	null	0	0	null	null	null	null	null	
2024/11/23 15:55:06.872	b135e9c82f3b5af8414a656ace8a78c8d45a7834	Windows 11  (10.0.22631) 64bit (Editor)	True	null	null	null	null	null	null	None	0	null	0	0	null	null	null	null	null	
2024/11/23 15:55:06.880	b135e9c82f3b5af8414a656ace8a78c8d45a7834	Windows 11  (10.0.22631) 64bit (Editor)	True	null	null	null	null	null	null	None	0	null	0	0	null	null	null	null	null	
2024/11/23 15:55:06.889	b135e9c82f3b5af8414a656ace8a78c8d45a7834	Windows 11  (10.0.22631) 64bit (Editor)	True	null	null	null	null	null	null	None	0	null	0	0	null	null	null	null	null	
2024/11/23 15:55:06.898	b135e9c82f3b5af8414a656ace8a78c8d45a7834	Windows 11  (10.0.22631) 64bit (Editor)	True	null	null	null	null	null	null	None	0	null	0	0	null	null	null	null	null	
2024/11/23 15:55:06.906	b135e9c82f3b5af8414a656ace8a78c8d45a7834	Windows 11  (10.0.22631) 64bit (Editor)	True	null	null	null	null	null	null	None	0	null	0	0	null	null	null	null	null	
2024/11/23 15:55:06.913	b135e9c82f3b5af8414a656ace8a78c8d45a7834	Windows 11  (10.0.22631) 64bit (Editor)	True	null	null	null	null	null	null	None	0	null	0	0	null	null	null	null	null	
2024/11/23 15:55:06.922	b135e9c82f3b5af8414a656ace8a78c8d45a7834	Windows 11  (10.0.22631) 64bit (Editor)	True	null	null	null	null	null	null	None	0	null	0	0	null	null	null	null	null	
2024/11/23 15:55:06.929	b135e9c82f3b5af8414a656ace8a78c8d45a7834	Windows 11  (10.0.22631) 64bit (Editor)	True	null	null	null	null	null	null	None	0	null	0	0	null	null	null	null	null	
2024/11/23 15:55:06.937	b135e9c82f3b5af8414a656ace8a78c8d45a7834	Windows 11  (10.0.22631) 64bit (Editor)	True	null	null	null	null	null	null	None	0	null	0	0	null	null	null	null	null	
2024/11/23 15:55:06.945	b135e9c82f3b5af8414a656ace8a78c8d45a7834	Windows 11  (10.0.22631) 64bit (Editor)	True	null	null	null	null	null	null	None	0	null	0	0	null	null	null	null	null	
2024/11/23 15:55:06.953	b135e9c82f3b5af8414a656ace8a78c8d45a7834	Windows 11  (10.0.22631) 64bit (Editor)	True	null	null	null	null	null	null	None	0	null	0	0	null	null	null	null	null	
2024/11/23 15:55:06.972	b135e9c82f3b5af8414a656ace8a78c8d45a7834	Windows 11  (10.0.22631) 64bit (Editor)	True	null	null	null	null	null	null	None	0	null	0	0	null	null	null	null	null	
2024/11/23 15:55:06.981	b135e9c82f3b5af8414a656ace8a78c8d45a7834	Windows 11  (10.0.22631) 64bit (Editor)	True	null	null	null	null	null	null	None	0	null	0	0	null	null	null	null	null	
2024/11/23 15:55:06.990	b135e9c82f3b5af8414a656ace8a78c8d45a7834	Windows 11  (10.0.22631) 64bit (Editor)	True	null	null	null	null	null	null	None	0	null	0	0	null	null	null	null	null	
2024/11/23 15:55:06.998	b135e9c82f3b5af8414a656ace8a78c8d45a7834	Windows 11  (10.0.22631) 64bit (Editor)	True	null	null	null	null	null	null	None	0	null	0	0	null	null	null	null	null	
2024/11/23 15:55:07.006	b135e9c82f3b5af8414a656ace8a78c8d45a7834	Windows 11  (10.0.22631) 64bit (Editor)	True	null	null	null	null	null	null	None	0	null	0	0	null	null	null	null	null	
2024/11/23 15:55:07.014	b135e9c82f3b5af8414a656ace8a78c8d45a7834	Windows 11  (10.0.22631) 64bit (Editor)	True	null	null	null	null	null	null	None	0	null	0	0	null	null	null	null	null	
2024/11/23 15:55:07.023	b135e9c82f3b5af8414a656ace8a78c8d45a7834	Windows 11  (10.0.22631) 64bit (Editor)	True	null	null	null	null	null	null	None	0	null	0	0	null	null	null	null	null	
2024/11/23 15:55:07.036	b135e9c82f3b5af8414a656ace8a78c8d45a7834	Windows 11  (10.0.22631) 64bit (Editor)	True	null	null	null	null	null	null	None	0	null	0	0	null	null	null	null	null	
2024/11/23 15:55:07.045	b135e9c82f3b5af8414a656ace8a78c8d45a7834	Windows 11  (10.0.22631) 64bit (Editor)	True	null	null	null	null	null	null	None	0	null	0	0	null	null	null	null	null	
2024/11/23 15:55:07.056	b135e9c82f3b5af8414a656ace8a78c8d45a7834	Windows 11  (10.0.22631) 64bit (Editor)	True	null	null	null	null	null	null	None	0	null	0	0	null	null	null	null	null	
2024/11/23 15:55:07.063	b135e9c82f3b5af8414a656ace8a78c8d45a7834	Windows 11  (10.0.22631) 64bit (Editor)	True	null	null	null	null	null	null	None	0	null	0	0	null	null	null	null	null	
2024/11/23 15:55:07.073	b135e9c82f3b5af8414a656ace8a78c8d45a7834	Windows 11  (10.0.22631) 64bit (Editor)	True	null	null	null	null	null	null	None	0	null	0	0	null	null	null	null	null	
2024/11/23 15:55:07.080	b135e9c82f3b5af8414a656ace8a78c8d45a7834	Windows 11  (10.0.22631) 64bit (Editor)	True	null	null	null	null	null	null	None	0	null	0	0	null	null	null	null	null	
2024/11/23 15:55:07.089	b135e9c82f3b5af8414a656ace8a78c8d45a7834	Windows 11  (10.0.22631) 64bit (Editor)	True	null	null	null	null	null	null	None	0	null	0	0	null	null	null	null	null	
2024/11/23 15:55:07.096	b135e9c82f3b5af8414a656ace8a78c8d45a7834	Windows 11  (10.0.22631) 64bit (Editor)	True	null	null	null	null	null	null	None	0	null	0	0	null	null	null	null	null	
2024/11/23 15:55:07.103	b135e9c82f3b5af8414a656ace8a78c8d45a7834	Windows 11  (10.0.22631) 64bit (Editor)	True	null	null	null	null	null	null	None	0	null	0	0	null	null	null	null	null	
2024/11/23 15:55:07.122	b135e9c82f3b5af8414a656ace8a78c8d45a7834	Windows 11  (10.0.22631) 64bit (Editor)	True	null	null	null	null	null	null	None	0	null	0	0	null	null	null	null	null	
2024/11/23 15:55:07.131	b135e9c82f3b5af8414a656ace8a78c8d45a7834	Windows 11  (10.0.22631) 64bit (Editor)	True	null	null	null	null	null	null	None	0	null	0	0	null	null	null	null	null	
2024/11/23 15:55:07.140	b135e9c82f3b5af8414a656ace8a78c8d45a7834	Windows 11  (10.0.22631) 64bit (Editor)	True	null	null	null	null	null	null	None	0	null	0	0	null	null	null	null	null	
2024/11/23 15:55:07.147	b135e9c82f3b5af8414a656ace8a78c8d45a7834	Windows 11  (10.0.22631) 64bit (Editor)	True	null	null	null	null	null	null	None	0	null	0	0	null	null	null	null	null	
2024/11/23 15:55:07.156	b135e9c82f3b5af8414a656ace8a78c8d45a7834	Windows 11  (10.0.22631) 64bit (Editor)	True	null	null	null	null	null	null	None	0	null	0	0	null	null	null	null	null	
2024/11/23 15:55:07.164	b135e9c82f3b5af8414a656ace8a78c8d45a7834	Windows 11  (10.0.22631) 64bit (Editor)	True	null	null	null	null	null	null	None	0	null	0	0	null	null	null	null	null	
2024/11/23 15:55:07.173	b135e9c82f3b5af8414a656ace8a78c8d45a7834	Windows 11  (10.0.22631) 64bit (Editor)	True	null	null	null	null	null	null	None	0	null	0	0	null	null	null	null	null	
2024/11/23 15:55:07.180	b135e9c82f3b5af8414a656ace8a78c8d45a7834	Windows 11  (10.0.22631) 64bit (Editor)	True	null	null	null	null	null	null	None	0	null	0	0	null	null	null	null	null	
2024/11/23 15:55:07.188	b135e9c82f3b5af8414a656ace8a78c8d45a7834	Windows 11  (10.0.22631) 64bit (Editor)	True	null	null	null	null	null	null	None	0	null	0	0	null	null	null	null	null	
2024/11/23 15:55:07.195	b135e9c82f3b5af8414a656ace8a78c8d45a7834	Windows 11  (10.0.22631) 64bit (Editor)	True	null	null	null	null	null	null	None	0	null	0	0	null	null	null	null	null	
2024/11/23 15:55:07.204	b135e9c82f3b5af8414a656ace8a78c8d45a7834	Windows 11  (10.0.22631) 64bit (Editor)	True	null	null	null	null	null	null	None	0	null	0	0	null	null	null	null	null	
2024/11/23 15:55:07.212	b135e9c82f3b5af8414a656ace8a78c8d45a7834	Windows 11  (10.0.22631) 64bit (Editor)	True	null	null	null	null	null	null	None	0	null	0	0	null	null	null	null	null	
2024/11/23 15:55:07.221	b135e9c82f3b5af8414a656ace8a78c8d45a7834	Windows 11  (10.0.22631) 64bit (Editor)	True	null	null	null	null	null	null	None	0	null	0	0	null	null	null	null	null	
2024/11/23 15:55:07.229	b135e9c82f3b5af8414a656ace8a78c8d45a7834	Windows 11  (10.0.22631) 64bit (Editor)	True	null	null	null	null	null	null	None	0	null	0	0	null	null	null	null	null	
2024/11/23 15:55:07.236	b135e9c82f3b5af8414a656ace8a78c8d45a7834	Windows 11  (10.0.22631) 64bit (Editor)	True	null	null	null	null	null	null	None	0	null	0	0	null	null	null	null	null	
2024/11/23 15:55:07.244	b135e9c82f3b5af8414a656ace8a78c8d45a7834	Windows 11  (10.0.22631) 64bit (Editor)	True	null	null	null	null	null	null	None	0	null	0	0	null	null	null	null	null	
2024/11/23 15:55:07.252	b135e9c82f3b5af8414a656ace8a78c8d45a7834	Windows 11  (10.0.22631) 64bit (Editor)	True	null	null	null	null	null	null	None	0	null	0	0	null	null	null	null	null	
2024/11/23 15:55:07.259	b135e9c82f3b5af8414a656ace8a78c8d45a7834	Windows 11  (10.0.22631) 64bit (Editor)	True	null	null	null	null	null	null	None	0	null	0	0	null	null	null	null	null	
2024/11/23 15:55:07.277	b135e9c82f3b5af8414a656ace8a78c8d45a7834	Windows 11  (10.0.22631) 64bit (Editor)	True	null	null	null	null	null	null	None	0	null	0	0	null	null	null	null	null	
2024/11/23 15:55:07.286	b135e9c82f3b5af8414a656ace8a78c8d45a7834	Windows 11  (10.0.22631) 64bit (Editor)	True	null	null	null	null	null	null	None	0	null	0	0	null	null	null	null	null	
2024/11/23 15:55:07.295	b135e9c82f3b5af8414a656ace8a78c8d45a7834	Windows 11  (10.0.22631) 64bit (Editor)	True	null	null	null	null	null	null	None	0	null	0	0	null	null	null	null	null	
2024/11/23 15:55:07.304	b135e9c82f3b5af8414a656ace8a78c8d45a7834	Windows 11  (10.0.22631) 64bit (Editor)	True	null	null	null	null	null	null	None	0	null	0	0	null	null	null	null	null	
2024/11/23 15:55:07.311	b135e9c82f3b5af8414a656ace8a78c8d45a7834	Windows 11  (10.0.22631) 64bit (Editor)	True	null	null	null	null	null	null	None	0	null	0	0	null	null	null	null	null	
2024/11/23 15:55:07.319	b135e9c82f3b5af8414a656ace8a78c8d45a7834	Windows 11  (10.0.22631) 64bit (Editor)	True	null	null	null	null	null	null	None	0	null	0	0	null	null	null	null	null	
2024/11/23 15:55:07.328	b135e9c82f3b5af8414a656ace8a78c8d45a7834	Windows 11  (10.0.22631) 64bit (Editor)	True	null	null	null	null	null	null	None	0	null	0	0	null	null	null	null	null	
2024/11/23 15:55:07.337	b135e9c82f3b5af8414a656ace8a78c8d45a7834	Windows 11  (10.0.22631) 64bit (Editor)	True	null	null	null	null	null	null	None	0	null	0	0	null	null	null	null	null	
2024/11/23 15:55:07.345	b135e9c82f3b5af8414a656ace8a78c8d45a7834	Windows 11  (10.0.22631) 64bit (Editor)	True	null	null	null	null	null	null	None	0	null	0	0	null	null	null	null	null	
2024/11/23 15:55:07.355	b135e9c82f3b5af8414a656ace8a78c8d45a7834	Windows 11  (10.0.22631) 64bit (Editor)	True	null	null	null	null	null	null	None	0	null	0	0	null	null	null	null	null	
2024/11/23 15:55:07.364	b135e9c82f3b5af8414a656ace8a78c8d45a7834	Windows 11  (10.0.22631) 64bit (Editor)	True	null	null	null	null	null	null	None	0	null	0	0	null	null	null	null	null	
2024/11/23 15:55:07.372	b135e9c82f3b5af8414a656ace8a78c8d45a7834	Windows 11  (10.0.22631) 64bit (Editor)	True	null	null	null	null	null	null	None	0	null	0	0	null	null	null	null	null	
2024/11/23 15:55:07.381	b135e9c82f3b5af8414a656ace8a78c8d45a7834	Windows 11  (10.0.22631) 64bit (Editor)	True	null	null	null	null	null	null	None	0	null	0	0	null	null	null	null	null	
2024/11/23 15:55:07.390	b135e9c82f3b5af8414a656ace8a78c8d45a7834	Windows 11  (10.0.22631) 64bit (Editor)	True	null	null	null	null	null	null	None	0	null	0	0	null	null	null	null	null	
2024/11/23 15:55:07.399	b135e9c82f3b5af8414a656ace8a78c8d45a7834	Windows 11  (10.0.22631) 64bit (Editor)	True	null	null	null	null	null	null	None	0	null	0	0	null	null	null	null	null	
2024/11/23 15:55:07.408	b135e9c82f3b5af8414a656ace8a78c8d45a7834	Windows 11  (10.0.22631) 64bit (Editor)	True	null	null	null	null	null	null	None	0	null	0	0	null	null	null	null	null	
2024/11/23 15:55:07.417	b135e9c82f3b5af8414a656ace8a78c8d45a7834	Windows 11  (10.0.22631) 64bit (Editor)	True	null	null	null	null	null	null	None	0	null	0	0	null	null	null	null	null	
2024/11/23 15:55:07.438	b135e9c82f3b5af8414a656ace8a78c8d45a7834	Windows 11  (10.0.22631) 64bit (Editor)	True	null	null	null	null	null	null	None	0	null	0	0	null	null	null	null	null	
2024/11/23 15:55:07.447	b135e9c82f3b5af8414a656ace8a78c8d45a7834	Windows 11  (10.0.22631) 64bit (Editor)	True	null	null	null	null	null	null	None	0	null	0	0	null	null	null	null	null	
2024/11/23 15:55:07.456	b135e9c82f3b5af8414a656ace8a78c8d45a7834	Windows 11  (10.0.22631) 64bit (Editor)	True	null	null	null	null	null	null	None	0	null	0	0	null	null	null	null	null	
2024/11/23 15:55:07.468	b135e9c82f3b5af8414a656ace8a78c8d45a7834	Windows 11  (10.0.22631) 64bit (Editor)	True	null	null	null	null	null	null	None	0	null	0	0	null	null	null	null	null	
2024/11/23 15:55:07.476	b135e9c82f3b5af8414a656ace8a78c8d45a7834	Windows 11  (10.0.22631) 64bit (Editor)	True	null	null	null	null	null	null	None	0	null	0	0	null	null	null	null	null	
2024/11/23 15:55:07.485	b135e9c82f3b5af8414a656ace8a78c8d45a7834	Windows 11  (10.0.22631) 64bit (Editor)	True	null	null	null	null	null	null	None	0	null	0	0	null	null	null	null	null	
2024/11/23 15:55:07.493	b135e9c82f3b5af8414a656ace8a78c8d45a7834	Windows 11  (10.0.22631) 64bit (Editor)	True	null	null	null	null	null	null	None	0	null	0	0	null	null	null	null	null	
2024/11/23 15:55:07.501	b135e9c82f3b5af8414a656ace8a78c8d45a7834	Windows 11  (10.0.22631) 64bit (Editor)	True	null	null	null	null	null	null	None	0	null	0	0	null	null	null	null	null	
2024/11/23 15:55:07.509	b135e9c82f3b5af8414a656ace8a78c8d45a7834	Windows 11  (10.0.22631) 64bit (Editor)	True	null	null	null	null	null	null	None	0	null	0	0	null	null	null	null	null	
2024/11/23 15:55:07.517	b135e9c82f3b5af8414a656ace8a78c8d45a7834	Windows 11  (10.0.22631) 64bit (Editor)	True	null	null	null	null	null	null	None	0	null	0	0	null	null	null	null	null	
2024/11/23 15:55:07.525	b135e9c82f3b5af8414a656ace8a78c8d45a7834	Windows 11  (10.0.22631) 64bit (Editor)	True	null	null	null	null	null	null	None	0	null	0	0	null	null	null	null	null	
2024/11/23 15:55:07.534	b135e9c82f3b5af8414a656ace8a78c8d45a7834	Windows 11  (10.0.22631) 64bit (Editor)	True	null	null	null	null	null	null	None	0	null	0	0	null	null	null	null	null	
2024/11/23 15:55:07.540	b135e9c82f3b5af8414a656ace8a78c8d45a7834	Windows 11  (10.0.22631) 64bit (Editor)	True	null	null	null	null	null	null	None	0	null	0	0	null	null	null	null	null	
2024/11/23 15:55:07.549	b135e9c82f3b5af8414a656ace8a78c8d45a7834	Windows 11  (10.0.22631) 64bit (Editor)	True	null	null	null	null	null	null	None	0	null	0	0	null	null	null	null	null	
2024/11/23 15:55:07.557	b135e9c82f3b5af8414a656ace8a78c8d45a7834	Windows 11  (10.0.22631) 64bit (Editor)	True	null	null	null	null	null	null	None	0	null	0	0	null	null	null	null	null	
2024/11/23 15:55:07.565	b135e9c82f3b5af8414a656ace8a78c8d45a7834	Windows 11  (10.0.22631) 64bit (Editor)	True	null	null	null	null	null	null	None	0	null	0	0	null	null	null	null	null	
2024/11/23 15:55:07.572	b135e9c82f3b5af8414a656ace8a78c8d45a7834	Windows 11  (10.0.22631) 64bit (Editor)	True	null	null	null	null	null	null	None	0	null	0	0	null	null	null	null	null	
2024/11/23 15:55:07.591	b135e9c82f3b5af8414a656ace8a78c8d45a7834	Windows 11  (10.0.22631) 64bit (Editor)	True	null	null	null	null	null	null	None	0	null	0	0	null	null	null	null	null	
2024/11/23 15:55:07.600	b135e9c82f3b5af8414a656ace8a78c8d45a7834	Windows 11  (10.0.22631) 64bit (Editor)	True	null	null	null	null	null	null	None	0	null	0	0	null	null	null	null	null	
2024/11/23 15:55:07.607	b135e9c82f3b5af8414a656ace8a78c8d45a7834	Windows 11  (10.0.22631) 64bit (Editor)	True	null	null	null	null	null	null	None	0	null	0	0	null	null	null	null	null	
2024/11/23 15:55:07.615	b135e9c82f3b5af8414a656ace8a78c8d45a7834	Windows 11  (10.0.22631) 64bit (Editor)	True	null	null	null	null	null	null	None	0	null	0	0	null	null	null	null	null	
2024/11/23 15:55:07.624	b135e9c82f3b5af8414a656ace8a78c8d45a7834	Windows 11  (10.0.22631) 64bit (Editor)	True	null	null	null	null	null	null	None	0	null	0	0	null	null	null	null	null	
2024/11/23 15:55:07.631	b135e9c82f3b5af8414a656ace8a78c8d45a7834	Windows 11  (10.0.22631) 64bit (Editor)	True	null	null	null	null	null	null	None	0	null	0	0	null	null	null	null	null	
2024/11/23 15:55:07.638	b135e9c82f3b5af8414a656ace8a78c8d45a7834	Windows 11  (10.0.22631) 64bit (Editor)	True	null	null	null	null	null	null	None	0	null	0	0	null	null	null	null	null	
2024/11/23 15:55:07.645	b135e9c82f3b5af8414a656ace8a78c8d45a7834	Windows 11  (10.0.22631) 64bit (Editor)	True	null	null	null	null	null	null	None	0	null	0	0	null	null	null	null	null	
2024/11/23 15:55:07.654	b135e9c82f3b5af8414a656ace8a78c8d45a7834	Windows 11  (10.0.22631) 64bit (Editor)	True	null	null	null	null	null	null	None	0	null	0	0	null	null	null	null	null	
2024/11/23 15:55:07.661	b135e9c82f3b5af8414a656ace8a78c8d45a7834	Windows 11  (10.0.22631) 64bit (Editor)	True	null	null	null	null	null	null	None	0	null	0	0	null	null	null	null	null	
2024/11/23 15:55:07.668	b135e9c82f3b5af8414a656ace8a78c8d45a7834	Windows 11  (10.0.22631) 64bit (Editor)	True	null	null	null	null	null	null	None	0	null	0	0	null	null	null	null	null	
2024/11/23 15:55:07.676	b135e9c82f3b5af8414a656ace8a78c8d45a7834	Windows 11  (10.0.22631) 64bit (Editor)	True	null	null	null	null	null	null	None	0	null	0	0	null	null	null	null	null	
2024/11/23 15:55:07.684	b135e9c82f3b5af8414a656ace8a78c8d45a7834	Windows 11  (10.0.22631) 64bit (Editor)	True	null	null	null	null	null	null	None	0	null	0	0	null	null	null	null	null	
2024/11/23 15:55:07.691	b135e9c82f3b5af8414a656ace8a78c8d45a7834	Windows 11  (10.0.22631) 64bit (Editor)	True	null	null	null	null	null	null	None	0	null	0	0	null	null	null	null	null	
2024/11/23 15:55:07.699	b135e9c82f3b5af8414a656ace8a78c8d45a7834	Windows 11  (10.0.22631) 64bit (Editor)	True	null	null	null	null	null	null	None	0	null	0	0	null	null	null	null	null	
2024/11/23 15:55:07.706	b135e9c82f3b5af8414a656ace8a78c8d45a7834	Windows 11  (10.0.22631) 64bit (Editor)	True	null	null	null	null	null	null	None	0	null	0	0	null	null	null	null	null	
2024/11/23 15:55:07.713	b135e9c82f3b5af8414a656ace8a78c8d45a7834	Windows 11  (10.0.22631) 64bit (Editor)	True	null	null	null	null	null	null	None	0	null	0	0	null	null	null	null	null	
2024/11/23 15:55:07.722	b135e9c82f3b5af8414a656ace8a78c8d45a7834	Windows 11  (10.0.22631) 64bit (Editor)	True	null	null	null	null	null	null	None	0	null	0	0	null	null	null	null	null	
2024/11/23 15:55:07.728	b135e9c82f3b5af8414a656ace8a78c8d45a7834	Windows 11  (10.0.22631) 64bit (Editor)	True	null	null	null	null	null	null	None	0	null	0	0	null	null	null	null	null	
2024/11/23 15:55:07.745	b135e9c82f3b5af8414a656ace8a78c8d45a7834	Windows 11  (10.0.22631) 64bit (Editor)	True	null	null	null	null	null	null	None	0	null	0	0	null	null	null	null	null	
2024/11/23 15:55:07.755	b135e9c82f3b5af8414a656ace8a78c8d45a7834	Windows 11  (10.0.22631) 64bit (Editor)	True	null	null	null	null	null	null	None	0	null	0	0	null	null	null	null	null	
2024/11/23 15:55:07.763	b135e9c82f3b5af8414a656ace8a78c8d45a7834	Windows 11  (10.0.22631) 64bit (Editor)	True	null	null	null	null	null	null	None	0	null	0	0	null	null	null	null	null	
2024/11/23 15:55:07.772	b135e9c82f3b5af8414a656ace8a78c8d45a7834	Windows 11  (10.0.22631) 64bit (Editor)	True	null	null	null	null	null	null	None	0	null	0	0	null	null	null	null	null	
2024/11/23 15:55:07.780	b135e9c82f3b5af8414a656ace8a78c8d45a7834	Windows 11  (10.0.22631) 64bit (Editor)	True	null	null	null	null	null	null	None	0	null	0	0	null	null	null	null	null	
2024/11/23 15:55:07.787	b135e9c82f3b5af8414a656ace8a78c8d45a7834	Windows 11  (10.0.22631) 64bit (Editor)	True	null	null	null	null	null	null	None	0	null	0	0	null	null	null	null	null	
2024/11/23 15:55:07.795	b135e9c82f3b5af8414a656ace8a78c8d45a7834	Windows 11  (10.0.22631) 64bit (Editor)	True	null	null	null	null	null	null	None	0	null	0	0	null	null	null	null	null	
2024/11/23 15:55:07.803	b135e9c82f3b5af8414a656ace8a78c8d45a7834	Windows 11  (10.0.22631) 64bit (Editor)	True	null	null	null	null	null	null	None	0	null	0	0	null	null	null	null	null	
2024/11/23 15:55:07.811	b135e9c82f3b5af8414a656ace8a78c8d45a7834	Windows 11  (10.0.22631) 64bit (Editor)	True	null	null	null	null	null	null	None	0	null	0	0	null	null	null	null	null	
2024/11/23 15:55:07.819	b135e9c82f3b5af8414a656ace8a78c8d45a7834	Windows 11  (10.0.22631) 64bit (Editor)	True	null	null	null	null	null	null	None	0	null	0	0	null	null	null	null	null	
2024/11/23 15:55:07.826	b135e9c82f3b5af8414a656ace8a78c8d45a7834	Windows 11  (10.0.22631) 64bit (Editor)	True	null	null	null	null	null	null	None	0	null	0	0	null	null	null	null	null	
2024/11/23 15:55:07.833	b135e9c82f3b5af8414a656ace8a78c8d45a7834	Windows 11  (10.0.22631) 64bit (Editor)	True	null	null	null	null	null	null	None	0	null	0	0	null	null	null	null	null	
2024/11/23 15:55:07.841	b135e9c82f3b5af8414a656ace8a78c8d45a7834	Windows 11  (10.0.22631) 64bit (Editor)	True	null	null	null	null	null	null	None	0	null	0	0	null	null	null	null	null	
2024/11/23 15:55:07.848	b135e9c82f3b5af8414a656ace8a78c8d45a7834	Windows 11  (10.0.22631) 64bit (Editor)	True	null	null	null	null	null	null	None	0	null	0	0	null	null	null	null	null	
2024/11/23 15:55:07.855	b135e9c82f3b5af8414a656ace8a78c8d45a7834	Windows 11  (10.0.22631) 64bit (Editor)	True	null	null	null	null	null	null	None	0	null	0	0	null	null	null	null	null	
2024/11/23 15:55:07.863	b135e9c82f3b5af8414a656ace8a78c8d45a7834	Windows 11  (10.0.22631) 64bit (Editor)	True	null	null	null	null	null	null	None	0	null	0	0	null	null	null	null	null	
2024/11/23 15:55:07.870	b135e9c82f3b5af8414a656ace8a78c8d45a7834	Windows 11  (10.0.22631) 64bit (Editor)	True	null	null	null	null	null	null	None	0	null	0	0	null	null	null	null	null	
2024/11/23 15:55:07.877	b135e9c82f3b5af8414a656ace8a78c8d45a7834	Windows 11  (10.0.22631) 64bit (Editor)	True	null	null	null	null	null	null	None	0	null	0	0	null	null	null	null	null	
2024/11/23 15:55:07.896	b135e9c82f3b5af8414a656ace8a78c8d45a7834	Windows 11  (10.0.22631) 64bit (Editor)	True	null	null	null	null	null	null	None	0	null	0	0	null	null	null	null	null	
2024/11/23 15:55:07.904	b135e9c82f3b5af8414a656ace8a78c8d45a7834	Windows 11  (10.0.22631) 64bit (Editor)	True	null	null	null	null	null	null	None	0	null	0	0	null	null	null	null	null	
2024/11/23 15:55:07.912	b135e9c82f3b5af8414a656ace8a78c8d45a7834	Windows 11  (10.0.22631) 64bit (Editor)	True	null	null	null	null	null	null	None	0	null	0	0	null	null	null	null	null	
2024/11/23 15:55:07.920	b135e9c82f3b5af8414a656ace8a78c8d45a7834	Windows 11  (10.0.22631) 64bit (Editor)	True	null	null	null	null	null	null	None	0	null	0	0	null	null	null	null	null	
2024/11/23 15:55:07.927	b135e9c82f3b5af8414a656ace8a78c8d45a7834	Windows 11  (10.0.22631) 64bit (Editor)	True	null	null	null	null	null	null	None	0	null	0	0	null	null	null	null	null	
2024/11/23 15:55:07.935	b135e9c82f3b5af8414a656ace8a78c8d45a7834	Windows 11  (10.0.22631) 64bit (Editor)	True	null	null	null	null	null	null	None	0	null	0	0	null	null	null	null	null	
2024/11/23 15:55:07.943	b135e9c82f3b5af8414a656ace8a78c8d45a7834	Windows 11  (10.0.22631) 64bit (Editor)	True	null	null	null	null	null	null	None	0	null	0	0	null	null	null	null	null	
2024/11/23 15:55:07.952	b135e9c82f3b5af8414a656ace8a78c8d45a7834	Windows 11  (10.0.22631) 64bit (Editor)	True	null	null	null	null	null	null	None	0	null	0	0	null	null	null	null	null	
2024/11/23 15:55:07.959	b135e9c82f3b5af8414a656ace8a78c8d45a7834	Windows 11  (10.0.22631) 64bit (Editor)	True	null	null	null	null	null	null	None	0	null	0	0	null	null	null	null	null	
2024/11/23 15:55:07.966	b135e9c82f3b5af8414a656ace8a78c8d45a7834	Windows 11  (10.0.22631) 64bit (Editor)	True	null	null	null	null	null	null	None	0	null	0	0	null	null	null	null	null	
2024/11/23 15:55:07.975	b135e9c82f3b5af8414a656ace8a78c8d45a7834	Windows 11  (10.0.22631) 64bit (Editor)	True	null	null	null	null	null	null	None	0	null	0	0	null	null	null	null	null	
2024/11/23 15:55:07.984	b135e9c82f3b5af8414a656ace8a78c8d45a7834	Windows 11  (10.0.22631) 64bit (Editor)	True	null	null	null	null	null	null	None	0	null	0	0	null	null	null	null	null	
2024/11/23 15:55:07.992	b135e9c82f3b5af8414a656ace8a78c8d45a7834	Windows 11  (10.0.22631) 64bit (Editor)	True	null	null	null	null	null	null	None	0	null	0	0	null	null	null	null	null	
2024/11/23 15:55:08.001	b135e9c82f3b5af8414a656ace8a78c8d45a7834	Windows 11  (10.0.22631) 64bit (Editor)	True	null	null	null	null	null	null	None	0	null	0	0	null	null	null	null	null	
2024/11/23 15:55:08.009	b135e9c82f3b5af8414a656ace8a78c8d45a7834	Windows 11  (10.0.22631) 64bit (Editor)	True	null	null	null	null	null	null	None	0	null	0	0	null	null	null	null	null	
2024/11/23 15:55:08.018	b135e9c82f3b5af8414a656ace8a78c8d45a7834	Windows 11  (10.0.22631) 64bit (Editor)	True	null	null	null	null	null	null	None	0	null	0	0	null	null	null	null	null	
2024/11/23 15:55:08.026	b135e9c82f3b5af8414a656ace8a78c8d45a7834	Windows 11  (10.0.22631) 64bit (Editor)	True	null	null	null	null	null	null	None	0	null	0	0	null	null	null	null	null	
2024/11/23 15:55:08.035	b135e9c82f3b5af8414a656ace8a78c8d45a7834	Windows 11  (10.0.22631) 64bit (Editor)	True	null	null	null	null	null	null	None	0	null	0	0	null	null	null	null	null	
2024/11/23 15:55:08.054	b135e9c82f3b5af8414a656ace8a78c8d45a7834	Windows 11  (10.0.22631) 64bit (Editor)	True	null	null	null	null	null	null	None	0	null	0	0	null	null	null	null	null	
2024/11/23 15:55:08.062	b135e9c82f3b5af8414a656ace8a78c8d45a7834	Windows 11  (10.0.22631) 64bit (Editor)	True	null	null	null	null	null	null	None	0	null	0	0	null	null	null	null	null	
2024/11/23 15:55:08.069	b135e9c82f3b5af8414a656ace8a78c8d45a7834	Windows 11  (10.0.22631) 64bit (Editor)	True	null	null	null	null	null	null	None	0	null	0	0	null	null	null	null	null	
2024/11/23 15:55:08.080	b135e9c82f3b5af8414a656ace8a78c8d45a7834	Windows 11  (10.0.22631) 64bit (Editor)	True	null	null	null	null	null	null	None	0	null	0	0	null	null	null	null	null	
2024/11/23 15:55:08.088	b135e9c82f3b5af8414a656ace8a78c8d45a7834	Windows 11  (10.0.22631) 64bit (Editor)	True	null	null	null	null	null	null	None	0	null	0	0	null	null	null	null	null	
2024/11/23 15:55:08.095	b135e9c82f3b5af8414a656ace8a78c8d45a7834	Windows 11  (10.0.22631) 64bit (Editor)	True	null	null	null	null	null	null	None	0	null	0	0	null	null	null	null	null	
2024/11/23 15:55:08.103	b135e9c82f3b5af8414a656ace8a78c8d45a7834	Windows 11  (10.0.22631) 64bit (Editor)	True	null	null	null	null	null	null	None	0	null	0	0	null	null	null	null	null	
2024/11/23 15:55:08.111	b135e9c82f3b5af8414a656ace8a78c8d45a7834	Windows 11  (10.0.22631) 64bit (Editor)	True	null	null	null	null	null	null	None	0	null	0	0	null	null	null	null	null	
2024/11/23 15:55:08.119	b135e9c82f3b5af8414a656ace8a78c8d45a7834	Windows 11  (10.0.22631) 64bit (Editor)	True	null	null	null	null	null	null	None	0	null	0	0	null	null	null	null	null	
2024/11/23 15:55:08.126	b135e9c82f3b5af8414a656ace8a78c8d45a7834	Windows 11  (10.0.22631) 64bit (Editor)	True	null	null	null	null	null	null	None	0	null	0	0	null	null	null	null	null	
2024/11/23 15:55:08.133	b135e9c82f3b5af8414a656ace8a78c8d45a7834	Windows 11  (10.0.22631) 64bit (Editor)	True	null	null	null	null	null	null	None	0	null	0	0	null	null	null	null	null	
2024/11/23 15:55:08.141	b135e9c82f3b5af8414a656ace8a78c8d45a7834	Windows 11  (10.0.22631) 64bit (Editor)	True	null	null	null	null	null	null	None	0	null	0	0	null	null	null	null	null	
2024/11/23 15:55:08.148	b135e9c82f3b5af8414a656ace8a78c8d45a7834	Windows 11  (10.0.22631) 64bit (Editor)	True	null	null	null	null	null	null	None	0	null	0	0	null	null	null	null	null	
2024/11/23 15:55:08.156	b135e9c82f3b5af8414a656ace8a78c8d45a7834	Windows 11  (10.0.22631) 64bit (Editor)	True	null	null	null	null	null	null	None	0	null	0	0	null	null	null	null	null	
2024/11/23 15:55:08.163	b135e9c82f3b5af8414a656ace8a78c8d45a7834	Windows 11  (10.0.22631) 64bit (Editor)	True	null	null	null	null	null	null	None	0	null	0	0	null	null	null	null	null	
2024/11/23 15:55:08.177	b135e9c82f3b5af8414a656ace8a78c8d45a7834	Windows 11  (10.0.22631) 64bit (Editor)	True	null	null	null	null	null	null	None	0	null	0	0	null	null	null	null	null	
2024/11/23 15:55:08.185	b135e9c82f3b5af8414a656ace8a78c8d45a7834	Windows 11  (10.0.22631) 64bit (Editor)	True	null	null	null	null	null	null	None	0	null	0	0	null	null	null	null	null	
2024/11/23 15:55:08.204	b135e9c82f3b5af8414a656ace8a78c8d45a7834	Windows 11  (10.0.22631) 64bit (Editor)	True	null	null	null	null	null	null	None	0	null	0	0	null	null	null	null	null	
2024/11/23 15:55:08.212	b135e9c82f3b5af8414a656ace8a78c8d45a7834	Windows 11  (10.0.22631) 64bit (Editor)	True	null	null	null	null	null	null	None	0	null	0	0	null	null	null	null	null	
2024/11/23 15:55:08.222	b135e9c82f3b5af8414a656ace8a78c8d45a7834	Windows 11  (10.0.22631) 64bit (Editor)	True	null	null	null	null	null	null	None	0	null	0	0	null	null	null	null	null	
2024/11/23 15:55:08.231	b135e9c82f3b5af8414a656ace8a78c8d45a7834	Windows 11  (10.0.22631) 64bit (Editor)	True	null	null	null	null	null	null	None	0	null	0	0	null	null	null	null	null	
2024/11/23 15:55:08.239	b135e9c82f3b5af8414a656ace8a78c8d45a7834	Windows 11  (10.0.22631) 64bit (Editor)	True	null	null	null	null	null	null	None	0	null	0	0	null	null	null	null	null	
2024/11/23 15:55:08.246	b135e9c82f3b5af8414a656ace8a78c8d45a7834	Windows 11  (10.0.22631) 64bit (Editor)	True	null	null	null	null	null	null	None	0	null	0	0	null	null	null	null	null	
2024/11/23 15:55:08.254	b135e9c82f3b5af8414a656ace8a78c8d45a7834	Windows 11  (10.0.22631) 64bit (Editor)	True	null	null	null	null	null	null	None	0	null	0	0	null	null	null	null	null	
2024/11/23 15:55:08.261	b135e9c82f3b5af8414a656ace8a78c8d45a7834	Windows 11  (10.0.22631) 64bit (Editor)	True	null	null	null	null	null	null	None	0	null	0	0	null	null	null	null	null	
2024/11/23 15:55:08.269	b135e9c82f3b5af8414a656ace8a78c8d45a7834	Windows 11  (10.0.22631) 64bit (Editor)	True	null	null	null	null	null	null	None	0	null	0	0	null	null	null	null	null	
2024/11/23 15:55:08.277	b135e9c82f3b5af8414a656ace8a78c8d45a7834	Windows 11  (10.0.22631) 64bit (Editor)	True	null	null	null	null	null	null	None	0	null	0	0	null	null	null	null	null	
2024/11/23 15:55:08.284	b135e9c82f3b5af8414a656ace8a78c8d45a7834	Windows 11  (10.0.22631) 64bit (Editor)	True	null	null	null	null	null	null	None	0	null	0	0	null	null	null	null	null	
2024/11/23 15:55:08.292	b135e9c82f3b5af8414a656ace8a78c8d45a7834	Windows 11  (10.0.22631) 64bit (Editor)	True	null	null	null	null	null	null	None	0	null	0	0	null	null	null	null	null	
2024/11/23 15:55:08.300	b135e9c82f3b5af8414a656ace8a78c8d45a7834	Windows 11  (10.0.22631) 64bit (Editor)	True	null	null	null	null	null	null	None	0	null	0	0	null	null	null	null	null	
2024/11/23 15:55:08.308	b135e9c82f3b5af8414a656ace8a78c8d45a7834	Windows 11  (10.0.22631) 64bit (Editor)	True	null	null	null	null	null	null	None	0	null	0	0	null	null	null	null	null	
2024/11/23 15:55:08.316	b135e9c82f3b5af8414a656ace8a78c8d45a7834	Windows 11  (10.0.22631) 64bit (Editor)	True	null	null	null	null	null	null	None	0	null	0	0	null	null	null	null	null	
2024/11/23 15:55:08.327	b135e9c82f3b5af8414a656ace8a78c8d45a7834	Windows 11  (10.0.22631) 64bit (Editor)	True	null	null	null	null	null	null	None	0	null	0	0	null	null	null	null	null	
2024/11/23 15:55:08.335	b135e9c82f3b5af8414a656ace8a78c8d45a7834	Windows 11  (10.0.22631) 64bit (Editor)	True	null	null	null	null	null	null	None	0	null	0	0	null	null	null	null	null	
2024/11/23 15:55:08.344	b135e9c82f3b5af8414a656ace8a78c8d45a7834	Windows 11  (10.0.22631) 64bit (Editor)	True	null	null	null	null	null	null	None	0	null	0	0	null	null	null	null	null	
2024/11/23 15:55:08.363	b135e9c82f3b5af8414a656ace8a78c8d45a7834	Windows 11  (10.0.22631) 64bit (Editor)	True	null	null	null	null	null	null	None	0	null	0	0	null	null	null	null	null	
2024/11/23 15:55:08.372	b135e9c82f3b5af8414a656ace8a78c8d45a7834	Windows 11  (10.0.22631) 64bit (Editor)	True	null	null	null	null	null	null	None	0	null	0	0	null	null	null	null	null	
2024/11/23 15:55:08.380	b135e9c82f3b5af8414a656ace8a78c8d45a7834	Windows 11  (10.0.22631) 64bit (Editor)	True	null	null	null	null	null	null	None	0	null	0	0	null	null	null	null	null	
2024/11/23 15:55:08.390	b135e9c82f3b5af8414a656ace8a78c8d45a7834	Windows 11  (10.0.22631) 64bit (Editor)	True	null	null	null	null	null	null	None	0	null	0	0	null	null	null	null	null	
2024/11/23 15:55:08.399	b135e9c82f3b5af8414a656ace8a78c8d45a7834	Windows 11  (10.0.22631) 64bit (Editor)	True	null	null	null	null	null	null	None	0	null	0	0	null	null	null	null	null	
2024/11/23 15:55:08.407	b135e9c82f3b5af8414a656ace8a78c8d45a7834	Windows 11  (10.0.22631) 64bit (Editor)	True	null	null	null	null	null	null	None	0	null	0	0	null	null	null	null	null	
2024/11/23 15:55:08.415	b135e9c82f3b5af8414a656ace8a78c8d45a7834	Windows 11  (10.0.22631) 64bit (Editor)	True	null	null	null	null	null	null	None	0	null	0	0	null	null	null	null	null	
2024/11/23 15:55:08.425	b135e9c82f3b5af8414a656ace8a78c8d45a7834	Windows 11  (10.0.22631) 64bit (Editor)	True	null	null	null	null	null	null	None	0	null	0	0	null	null	null	null	null	
2024/11/23 15:55:08.434	b135e9c82f3b5af8414a656ace8a78c8d45a7834	Windows 11  (10.0.22631) 64bit (Editor)	True	null	null	null	null	null	null	None	0	null	0	0	null	null	null	null	null	
2024/11/23 15:55:08.443	b135e9c82f3b5af8414a656ace8a78c8d45a7834	Windows 11  (10.0.22631) 64bit (Editor)	True	null	null	null	null	null	null	None	0	null	0	0	null	null	null	null	null	
2024/11/23 15:55:08.453	b135e9c82f3b5af8414a656ace8a78c8d45a7834	Windows 11  (10.0.22631) 64bit (Editor)	True	null	null	null	null	null	null	None	0	null	0	0	null	null	null	null	null	
2024/11/23 15:55:08.462	b135e9c82f3b5af8414a656ace8a78c8d45a7834	Windows 11  (10.0.22631) 64bit (Editor)	True	null	null	null	null	null	null	None	0	null	0	0	null	null	null	null	null	
2024/11/23 15:55:08.471	b135e9c82f3b5af8414a656ace8a78c8d45a7834	Windows 11  (10.0.22631) 64bit (Editor)	True	null	null	null	null	null	null	None	0	null	0	0	null	null	null	null	null	
2024/11/23 15:55:08.480	b135e9c82f3b5af8414a656ace8a78c8d45a7834	Windows 11  (10.0.22631) 64bit (Editor)	True	null	null	null	null	null	null	None	0	null	0	0	null	null	null	null	null	
2024/11/23 15:55:08.490	b135e9c82f3b5af8414a656ace8a78c8d45a7834	Windows 11  (10.0.22631) 64bit (Editor)	True	null	null	null	null	null	null	None	0	null	0	0	null	null	null	null	null	
2024/11/23 15:55:08.500	b135e9c82f3b5af8414a656ace8a78c8d45a7834	Windows 11  (10.0.22631) 64bit (Editor)	True	null	null	null	null	null	null	None	0	null	0	0	null	null	null	null	null	
2024/11/23 15:55:08.520	b135e9c82f3b5af8414a656ace8a78c8d45a7834	Windows 11  (10.0.22631) 64bit (Editor)	True	null	null	null	null	null	null	None	0	null	0	0	null	null	null	null	null	
2024/11/23 15:55:08.529	b135e9c82f3b5af8414a656ace8a78c8d45a7834	Windows 11  (10.0.22631) 64bit (Editor)	True	null	null	null	null	null	null	None	0	null	0	0	null	null	null	null	null	
2024/11/23 15:55:08.539	b135e9c82f3b5af8414a656ace8a78c8d45a7834	Windows 11  (10.0.22631) 64bit (Editor)	True	null	null	null	null	null	null	None	0	null	0	0	null	null	null	null	null	
2024/11/23 15:55:08.549	b135e9c82f3b5af8414a656ace8a78c8d45a7834	Windows 11  (10.0.22631) 64bit (Editor)	True	null	null	null	null	null	null	None	0	null	0	0	null	null	null	null	null	
2024/11/23 15:55:08.559	b135e9c82f3b5af8414a656ace8a78c8d45a7834	Windows 11  (10.0.22631) 64bit (Editor)	True	null	null	null	null	null	null	None	0	null	0	0	null	null	null	null	null	
2024/11/23 15:55:08.567	b135e9c82f3b5af8414a656ace8a78c8d45a7834	Windows 11  (10.0.22631) 64bit (Editor)	True	null	null	null	null	null	null	None	0	null	0	0	null	null	null	null	null	
2024/11/23 15:55:08.576	b135e9c82f3b5af8414a656ace8a78c8d45a7834	Windows 11  (10.0.22631) 64bit (Editor)	True	null	null	null	null	null	null	None	0	null	0	0	null	null	null	null	null	
2024/11/23 15:55:08.586	b135e9c82f3b5af8414a656ace8a78c8d45a7834	Windows 11  (10.0.22631) 64bit (Editor)	True	null	null	null	null	null	null	None	0	null	0	0	null	null	null	null	null	
2024/11/23 15:55:08.595	b135e9c82f3b5af8414a656ace8a78c8d45a7834	Windows 11  (10.0.22631) 64bit (Editor)	True	null	null	null	null	null	null	None	0	null	0	0	null	null	null	null	null	
2024/11/23 15:55:08.606	b135e9c82f3b5af8414a656ace8a78c8d45a7834	Windows 11  (10.0.22631) 64bit (Editor)	True	null	null	null	null	null	null	None	0	null	0	0	null	null	null	null	null	
2024/11/23 15:55:08.617	b135e9c82f3b5af8414a656ace8a78c8d45a7834	Windows 11  (10.0.22631) 64bit (Editor)	True	null	null	null	null	null	null	None	0	null	0	0	null	null	null	null	null	
2024/11/23 15:55:08.628	b135e9c82f3b5af8414a656ace8a78c8d45a7834	Windows 11  (10.0.22631) 64bit (Editor)	True	null	null	null	null	null	null	None	0	null	0	0	null	null	null	null	null	
2024/11/23 15:55:08.637	b135e9c82f3b5af8414a656ace8a78c8d45a7834	Windows 11  (10.0.22631) 64bit (Editor)	True	null	null	null	null	null	null	None	0	null	0	0	null	null	null	null	null	
2024/11/23 15:55:08.647	b135e9c82f3b5af8414a656ace8a78c8d45a7834	Windows 11  (10.0.22631) 64bit (Editor)	True	null	null	null	null	null	null	None	0	null	0	0	null	null	null	null	null	
2024/11/23 15:55:08.656	b135e9c82f3b5af8414a656ace8a78c8d45a7834	Windows 11  (10.0.22631) 64bit (Editor)	True	null	null	null	null	null	null	None	0	null	0	0	null	null	null	null	null	
2024/11/23 15:55:08.677	b135e9c82f3b5af8414a656ace8a78c8d45a7834	Windows 11  (10.0.22631) 64bit (Editor)	True	null	null	null	null	null	null	None	0	null	0	0	null	null	null	null	null	
2024/11/23 15:55:08.689	b135e9c82f3b5af8414a656ace8a78c8d45a7834	Windows 11  (10.0.22631) 64bit (Editor)	True	null	null	null	null	null	null	None	0	null	0	0	null	null	null	null	null	
2024/11/23 15:55:08.699	b135e9c82f3b5af8414a656ace8a78c8d45a7834	Windows 11  (10.0.22631) 64bit (Editor)	True	null	null	null	null	null	null	None	0	null	0	0	null	null	null	null	null	
2024/11/23 15:55:08.711	b135e9c82f3b5af8414a656ace8a78c8d45a7834	Windows 11  (10.0.22631) 64bit (Editor)	True	null	null	null	null	null	null	None	0	null	0	0	null	null	null	null	null	
2024/11/23 15:55:08.721	b135e9c82f3b5af8414a656ace8a78c8d45a7834	Windows 11  (10.0.22631) 64bit (Editor)	True	null	null	null	null	null	null	None	0	null	0	0	null	null	null	null	null	
2024/11/23 15:55:08.731	b135e9c82f3b5af8414a656ace8a78c8d45a7834	Windows 11  (10.0.22631) 64bit (Editor)	True	null	null	null	null	null	null	None	0	null	0	0	null	null	null	null	null	
2024/11/23 15:55:08.741	b135e9c82f3b5af8414a656ace8a78c8d45a7834	Windows 11  (10.0.22631) 64bit (Editor)	True	null	null	null	null	null	null	None	0	null	0	0	null	null	null	null	null	
2024/11/23 15:55:08.751	b135e9c82f3b5af8414a656ace8a78c8d45a7834	Windows 11  (10.0.22631) 64bit (Editor)	True	null	null	null	null	null	null	None	0	null	0	0	null	null	null	null	null	
2024/11/23 15:55:08.759	b135e9c82f3b5af8414a656ace8a78c8d45a7834	Windows 11  (10.0.22631) 64bit (Editor)	True	null	null	null	null	null	null	None	0	null	0	0	null	null	null	null	null	
2024/11/23 15:55:08.768	b135e9c82f3b5af8414a656ace8a78c8d45a7834	Windows 11  (10.0.22631) 64bit (Editor)	True	null	null	null	null	null	null	None	0	null	0	0	null	null	null	null	null	
2024/11/23 15:55:08.778	b135e9c82f3b5af8414a656ace8a78c8d45a7834	Windows 11  (10.0.22631) 64bit (Editor)	True	null	null	null	null	null	null	None	0	null	0	0	null	null	null	null	null	
2024/11/23 15:55:08.788	b135e9c82f3b5af8414a656ace8a78c8d45a7834	Windows 11  (10.0.22631) 64bit (Editor)	True	null	null	null	null	null	null	None	0	null	0	0	null	null	null	null	null	
2024/11/23 15:55:08.798	b135e9c82f3b5af8414a656ace8a78c8d45a7834	Windows 11  (10.0.22631) 64bit (Editor)	True	null	null	null	null	null	null	None	0	null	0	0	null	null	null	null	null	
2024/11/23 15:55:08.807	b135e9c82f3b5af8414a656ace8a78c8d45a7834	Windows 11  (10.0.22631) 64bit (Editor)	True	null	null	null	null	null	null	None	0	null	0	0	null	null	null	null	null	
2024/11/23 15:55:08.826	b135e9c82f3b5af8414a656ace8a78c8d45a7834	Windows 11  (10.0.22631) 64bit (Editor)	True	null	null	null	null	null	null	None	0	null	0	0	null	null	null	null	null	
2024/11/23 15:55:08.836	b135e9c82f3b5af8414a656ace8a78c8d45a7834	Windows 11  (10.0.22631) 64bit (Editor)	True	null	null	null	null	null	null	None	0	null	0	0	null	null	null	null	null	
2024/11/23 15:55:08.845	b135e9c82f3b5af8414a656ace8a78c8d45a7834	Windows 11  (10.0.22631) 64bit (Editor)	True	null	null	null	null	null	null	None	0	null	0	0	null	null	null	null	null	
2024/11/23 15:55:08.855	b135e9c82f3b5af8414a656ace8a78c8d45a7834	Windows 11  (10.0.22631) 64bit (Editor)	True	null	null	null	null	null	null	None	0	null	0	0	null	null	null	null	null	
2024/11/23 15:55:08.863	b135e9c82f3b5af8414a656ace8a78c8d45a7834	Windows 11  (10.0.22631) 64bit (Editor)	True	null	null	null	null	null	null	None	0	null	0	0	null	null	null	null	null	
2024/11/23 15:55:08.871	b135e9c82f3b5af8414a656ace8a78c8d45a7834	Windows 11  (10.0.22631) 64bit (Editor)	True	null	null	null	null	null	null	None	0	null	0	0	null	null	null	null	null	
2024/11/23 15:55:08.878	b135e9c82f3b5af8414a656ace8a78c8d45a7834	Windows 11  (10.0.22631) 64bit (Editor)	True	null	null	null	null	null	null	None	0	null	0	0	null	null	null	null	null	
2024/11/23 15:55:08.887	b135e9c82f3b5af8414a656ace8a78c8d45a7834	Windows 11  (10.0.22631) 64bit (Editor)	True	null	null	null	null	null	null	None	0	null	0	0	null	null	null	null	null	
2024/11/23 15:55:08.894	b135e9c82f3b5af8414a656ace8a78c8d45a7834	Windows 11  (10.0.22631) 64bit (Editor)	True	null	null	null	null	null	null	None	0	null	0	0	null	null	null	null	null	
2024/11/23 15:55:08.903	b135e9c82f3b5af8414a656ace8a78c8d45a7834	Windows 11  (10.0.22631) 64bit (Editor)	True	null	null	null	null	null	null	None	0	null	0	0	null	null	null	null	null	
2024/11/23 15:55:08.910	b135e9c82f3b5af8414a656ace8a78c8d45a7834	Windows 11  (10.0.22631) 64bit (Editor)	True	null	null	null	null	null	null	None	0	null	0	0	null	null	null	null	null	
2024/11/23 15:55:08.919	b135e9c82f3b5af8414a656ace8a78c8d45a7834	Windows 11  (10.0.22631) 64bit (Editor)	True	null	null	null	null	null	null	None	0	null	0	0	null	null	null	null	null	
2024/11/23 15:55:08.926	b135e9c82f3b5af8414a656ace8a78c8d45a7834	Windows 11  (10.0.22631) 64bit (Editor)	True	null	null	null	null	null	null	None	0	null	0	0	null	null	null	null	null	
2024/11/23 15:55:08.933	b135e9c82f3b5af8414a656ace8a78c8d45a7834	Windows 11  (10.0.22631) 64bit (Editor)	True	null	null	null	null	null	null	None	0	null	0	0	null	null	null	null	null	
2024/11/23 15:55:08.940	b135e9c82f3b5af8414a656ace8a78c8d45a7834	Windows 11  (10.0.22631) 64bit (Editor)	True	null	null	null	null	null	null	None	0	null	0	0	null	null	null	null	null	
2024/11/23 15:55:08.947	b135e9c82f3b5af8414a656ace8a78c8d45a7834	Windows 11  (10.0.22631) 64bit (Editor)	True	null	null	null	null	null	null	None	0	null	0	0	null	null	null	null	null	
2024/11/23 15:55:08.955	b135e9c82f3b5af8414a656ace8a78c8d45a7834	Windows 11  (10.0.22631) 64bit (Editor)	True	null	null	null	null	null	null	None	0	null	0	0	null	null	null	null	null	
2024/11/23 15:55:08.962	b135e9c82f3b5af8414a656ace8a78c8d45a7834	Windows 11  (10.0.22631) 64bit (Editor)	True	null	null	null	null	null	null	None	0	null	0	0	null	null	null	null	null	
2024/11/23 15:55:08.985	b135e9c82f3b5af8414a656ace8a78c8d45a7834	Windows 11  (10.0.22631) 64bit (Editor)	True	null	null	null	null	null	null	None	0	null	0	0	null	null	null	null	null	
2024/11/23 15:55:08.992	b135e9c82f3b5af8414a656ace8a78c8d45a7834	Windows 11  (10.0.22631) 64bit (Editor)	True	null	null	null	null	null	null	None	0	null	0	0	null	null	null	null	null	
2024/11/23 15:55:09.001	b135e9c82f3b5af8414a656ace8a78c8d45a7834	Windows 11  (10.0.22631) 64bit (Editor)	True	null	null	null	null	null	null	None	0	null	0	0	null	null	null	null	null	
2024/11/23 15:55:09.008	b135e9c82f3b5af8414a656ace8a78c8d45a7834	Windows 11  (10.0.22631) 64bit (Editor)	True	null	null	null	null	null	null	None	0	null	0	0	null	null	null	null	null	
2024/11/23 15:55:09.017	b135e9c82f3b5af8414a656ace8a78c8d45a7834	Windows 11  (10.0.22631) 64bit (Editor)	True	null	null	null	null	null	null	None	0	null	0	0	null	null	null	null	null	
2024/11/23 15:55:09.026	b135e9c82f3b5af8414a656ace8a78c8d45a7834	Windows 11  (10.0.22631) 64bit (Editor)	True	null	null	null	null	null	null	None	0	null	0	0	null	null	null	null	null	
2024/11/23 15:55:09.035	b135e9c82f3b5af8414a656ace8a78c8d45a7834	Windows 11  (10.0.22631) 64bit (Editor)	True	null	null	null	null	null	null	None	0	null	0	0	null	null	null	null	null	
2024/11/23 15:55:09.043	b135e9c82f3b5af8414a656ace8a78c8d45a7834	Windows 11  (10.0.22631) 64bit (Editor)	True	null	null	null	null	null	null	None	0	null	0	0	null	null	null	null	null	
2024/11/23 15:55:09.052	b135e9c82f3b5af8414a656ace8a78c8d45a7834	Windows 11  (10.0.22631) 64bit (Editor)	True	null	null	null	null	null	null	None	0	null	0	0	null	null	null	null	null	
2024/11/23 15:55:09.058	b135e9c82f3b5af8414a656ace8a78c8d45a7834	Windows 11  (10.0.22631) 64bit (Editor)	True	null	null	null	null	null	null	None	0	null	0	0	null	null	null	null	null	
2024/11/23 15:55:09.067	b135e9c82f3b5af8414a656ace8a78c8d45a7834	Windows 11  (10.0.22631) 64bit (Editor)	True	null	null	null	null	null	null	None	0	null	0	0	null	null	null	null	null	
2024/11/23 15:55:09.077	b135e9c82f3b5af8414a656ace8a78c8d45a7834	Windows 11  (10.0.22631) 64bit (Editor)	True	null	null	null	null	null	null	None	0	null	0	0	null	null	null	null	null	
2024/11/23 15:55:09.085	b135e9c82f3b5af8414a656ace8a78c8d45a7834	Windows 11  (10.0.22631) 64bit (Editor)	True	null	null	null	null	null	null	None	0	null	0	0	null	null	null	null	null	
2024/11/23 15:55:09.094	b135e9c82f3b5af8414a656ace8a78c8d45a7834	Windows 11  (10.0.22631) 64bit (Editor)	True	null	null	null	null	null	null	None	0	null	0	0	null	null	null	null	null	
2024/11/23 15:55:09.102	b135e9c82f3b5af8414a656ace8a78c8d45a7834	Windows 11  (10.0.22631) 64bit (Editor)	True	null	null	null	null	null	null	None	0	null	0	0	null	null	null	null	null	
2024/11/23 15:55:09.113	b135e9c82f3b5af8414a656ace8a78c8d45a7834	Windows 11  (10.0.22631) 64bit (Editor)	True	null	null	null	null	null	null	None	0	null	0	0	null	null	null	null	null	
2024/11/23 15:55:09.131	b135e9c82f3b5af8414a656ace8a78c8d45a7834	Windows 11  (10.0.22631) 64bit (Editor)	True	null	null	null	null	null	null	None	0	null	0	0	null	null	null	null	null	
2024/11/23 15:55:09.140	b135e9c82f3b5af8414a656ace8a78c8d45a7834	Windows 11  (10.0.22631) 64bit (Editor)	True	null	null	null	null	null	null	None	0	null	0	0	null	null	null	null	null	
2024/11/23 15:55:09.148	b135e9c82f3b5af8414a656ace8a78c8d45a7834	Windows 11  (10.0.22631) 64bit (Editor)	True	null	null	null	null	null	null	None	0	null	0	0	null	null	null	null	null	
2024/11/23 15:55:09.155	b135e9c82f3b5af8414a656ace8a78c8d45a7834	Windows 11  (10.0.22631) 64bit (Editor)	True	null	null	null	null	null	null	None	0	null	0	0	null	null	null	null	null	
2024/11/23 15:55:09.163	b135e9c82f3b5af8414a656ace8a78c8d45a7834	Windows 11  (10.0.22631) 64bit (Editor)	True	null	null	null	null	null	null	None	0	null	0	0	null	null	null	null	null	
2024/11/23 15:55:09.172	b135e9c82f3b5af8414a656ace8a78c8d45a7834	Windows 11  (10.0.22631) 64bit (Editor)	True	null	null	null	null	null	null	None	0	null	0	0	null	null	null	null	null	
2024/11/23 15:55:09.179	b135e9c82f3b5af8414a656ace8a78c8d45a7834	Windows 11  (10.0.22631) 64bit (Editor)	True	null	null	null	null	null	null	None	0	null	0	0	null	null	null	null	null	
2024/11/23 15:55:09.187	b135e9c82f3b5af8414a656ace8a78c8d45a7834	Windows 11  (10.0.22631) 64bit (Editor)	True	null	null	null	null	null	null	None	0	null	0	0	null	null	null	null	null	
2024/11/23 15:55:09.194	b135e9c82f3b5af8414a656ace8a78c8d45a7834	Windows 11  (10.0.22631) 64bit (Editor)	True	null	null	null	null	null	null	None	0	null	0	0	null	null	null	null	null	
2024/11/23 15:55:09.202	b135e9c82f3b5af8414a656ace8a78c8d45a7834	Windows 11  (10.0.22631) 64bit (Editor)	True	null	null	null	null	null	null	None	0	null	0	0	null	null	null	null	null	
2024/11/23 15:55:09.209	b135e9c82f3b5af8414a656ace8a78c8d45a7834	Windows 11  (10.0.22631) 64bit (Editor)	True	null	null	null	null	null	null	None	0	null	0	0	null	null	null	null	null	
2024/11/23 15:55:09.217	b135e9c82f3b5af8414a656ace8a78c8d45a7834	Windows 11  (10.0.22631) 64bit (Editor)	True	null	null	null	null	null	null	None	0	null	0	0	null	null	null	null	null	
2024/11/23 15:55:09.225	b135e9c82f3b5af8414a656ace8a78c8d45a7834	Windows 11  (10.0.22631) 64bit (Editor)	True	null	null	null	null	null	null	None	0	null	0	0	null	null	null	null	null	
2024/11/23 15:55:09.235	b135e9c82f3b5af8414a656ace8a78c8d45a7834	Windows 11  (10.0.22631) 64bit (Editor)	True	null	null	null	null	null	null	None	0	null	0	0	null	null	null	null	null	
2024/11/23 15:55:09.242	b135e9c82f3b5af8414a656ace8a78c8d45a7834	Windows 11  (10.0.22631) 64bit (Editor)	True	null	null	null	null	null	null	None	0	null	0	0	null	null	null	null	null	
2024/11/23 15:55:09.251	b135e9c82f3b5af8414a656ace8a78c8d45a7834	Windows 11  (10.0.22631) 64bit (Editor)	True	null	null	null	null	null	null	None	0	null	0	0	null	null	null	null	null	
2024/11/23 15:55:09.259	b135e9c82f3b5af8414a656ace8a78c8d45a7834	Windows 11  (10.0.22631) 64bit (Editor)	True	null	null	null	null	null	null	None	0	null	0	0	null	null	null	null	null	
2024/11/23 15:55:09.268	b135e9c82f3b5af8414a656ace8a78c8d45a7834	Windows 11  (10.0.22631) 64bit (Editor)	True	null	null	null	null	null	null	None	0	null	0	0	null	null	null	null	null	
2024/11/23 15:55:09.285	b135e9c82f3b5af8414a656ace8a78c8d45a7834	Windows 11  (10.0.22631) 64bit (Editor)	True	null	null	null	null	null	null	None	0	null	0	0	null	null	null	null	null	
2024/11/23 15:55:09.296	b135e9c82f3b5af8414a656ace8a78c8d45a7834	Windows 11  (10.0.22631) 64bit (Editor)	True	null	null	null	null	null	null	None	0	null	0	0	null	null	null	null	null	
2024/11/23 15:55:09.304	b135e9c82f3b5af8414a656ace8a78c8d45a7834	Windows 11  (10.0.22631) 64bit (Editor)	True	null	null	null	null	null	null	None	0	null	0	0	null	null	null	null	null	
2024/11/23 15:55:09.319	b135e9c82f3b5af8414a656ace8a78c8d45a7834	Windows 11  (10.0.22631) 64bit (Editor)	True	null	null	null	null	null	null	None	0	null	0	0	null	null	null	null	null	
2024/11/23 15:55:09.327	b135e9c82f3b5af8414a656ace8a78c8d45a7834	Windows 11  (10.0.22631) 64bit (Editor)	True	null	null	null	null	null	null	None	0	null	0	0	null	null	null	null	null	
2024/11/23 15:55:09.336	b135e9c82f3b5af8414a656ace8a78c8d45a7834	Windows 11  (10.0.22631) 64bit (Editor)	True	null	null	null	null	null	null	None	0	null	0	0	null	null	null	null	null	
2024/11/23 15:55:09.344	b135e9c82f3b5af8414a656ace8a78c8d45a7834	Windows 11  (10.0.22631) 64bit (Editor)	True	null	null	null	null	null	null	None	0	null	0	0	null	null	null	null	null	
2024/11/23 15:55:09.350	b135e9c82f3b5af8414a656ace8a78c8d45a7834	Windows 11  (10.0.22631) 64bit (Editor)	True	null	null	null	null	null	null	None	0	null	0	0	null	null	null	null	null	
2024/11/23 15:55:09.360	b135e9c82f3b5af8414a656ace8a78c8d45a7834	Windows 11  (10.0.22631) 64bit (Editor)	True	null	null	null	null	null	null	None	0	null	0	0	null	null	null	null	null	
2024/11/23 15:55:09.371	b135e9c82f3b5af8414a656ace8a78c8d45a7834	Windows 11  (10.0.22631) 64bit (Editor)	True	null	null	null	null	null	null	None	0	null	0	0	null	null	null	null	null	
2024/11/23 15:55:09.378	b135e9c82f3b5af8414a656ace8a78c8d45a7834	Windows 11  (10.0.22631) 64bit (Editor)	True	null	null	null	null	null	null	None	0	null	0	0	null	null	null	null	null	
2024/11/23 15:55:09.386	b135e9c82f3b5af8414a656ace8a78c8d45a7834	Windows 11  (10.0.22631) 64bit (Editor)	True	null	null	null	null	null	null	None	0	null	0	0	null	null	null	null	null	
2024/11/23 15:55:09.393	b135e9c82f3b5af8414a656ace8a78c8d45a7834	Windows 11  (10.0.22631) 64bit (Editor)	True	null	null	null	null	null	null	None	0	null	0	0	null	null	null	null	null	
2024/11/23 15:55:09.401	b135e9c82f3b5af8414a656ace8a78c8d45a7834	Windows 11  (10.0.22631) 64bit (Editor)	True	null	null	null	null	null	null	None	0	null	0	0	null	null	null	null	null	
2024/11/23 15:55:09.408	b135e9c82f3b5af8414a656ace8a78c8d45a7834	Windows 11  (10.0.22631) 64bit (Editor)	True	null	null	null	null	null	null	None	0	null	0	0	null	null	null	null	null	
2024/11/23 15:55:09.415	b135e9c82f3b5af8414a656ace8a78c8d45a7834	Windows 11  (10.0.22631) 64bit (Editor)	True	null	null	null	null	null	null	None	0	null	0	0	null	null	null	null	null	
2024/11/23 15:55:09.423	b135e9c82f3b5af8414a656ace8a78c8d45a7834	Windows 11  (10.0.22631) 64bit (Editor)	True	null	null	null	null	null	null	None	0	null	0	0	null	null	null	null	null	
2024/11/23 15:55:09.446	b135e9c82f3b5af8414a656ace8a78c8d45a7834	Windows 11  (10.0.22631) 64bit (Editor)	True	null	null	null	null	null	null	None	0	null	0	0	null	null	null	null	null	
2024/11/23 15:55:09.459	b135e9c82f3b5af8414a656ace8a78c8d45a7834	Windows 11  (10.0.22631) 64bit (Editor)	True	null	null	null	null	null	null	None	0	null	0	0	null	null	null	null	null	
2024/11/23 15:55:09.468	b135e9c82f3b5af8414a656ace8a78c8d45a7834	Windows 11  (10.0.22631) 64bit (Editor)	True	null	null	null	null	null	null	None	0	null	0	0	null	null	null	null	null	
2024/11/23 15:55:09.475	b135e9c82f3b5af8414a656ace8a78c8d45a7834	Windows 11  (10.0.22631) 64bit (Editor)	True	null	null	null	null	null	null	None	0	null	0	0	null	null	null	null	null	
2024/11/23 15:55:09.484	b135e9c82f3b5af8414a656ace8a78c8d45a7834	Windows 11  (10.0.22631) 64bit (Editor)	True	null	null	null	null	null	null	None	0	null	0	0	null	null	null	null	null	
2024/11/23 15:55:09.490	b135e9c82f3b5af8414a656ace8a78c8d45a7834	Windows 11  (10.0.22631) 64bit (Editor)	True	null	null	null	null	null	null	None	0	null	0	0	null	null	null	null	null	
2024/11/23 15:55:09.498	b135e9c82f3b5af8414a656ace8a78c8d45a7834	Windows 11  (10.0.22631) 64bit (Editor)	True	null	null	null	null	null	null	None	0	null	0	0	null	null	null	null	null	
2024/11/23 15:55:09.505	b135e9c82f3b5af8414a656ace8a78c8d45a7834	Windows 11  (10.0.22631) 64bit (Editor)	True	null	null	null	null	null	null	None	0	null	0	0	null	null	null	null	null	
2024/11/23 15:55:09.512	b135e9c82f3b5af8414a656ace8a78c8d45a7834	Windows 11  (10.0.22631) 64bit (Editor)	True	null	null	null	null	null	null	None	0	null	0	0	null	null	null	null	null	
2024/11/23 15:55:09.519	b135e9c82f3b5af8414a656ace8a78c8d45a7834	Windows 11  (10.0.22631) 64bit (Editor)	True	null	null	null	null	null	null	None	0	null	0	0	null	null	null	null	null	
2024/11/23 15:55:09.526	b135e9c82f3b5af8414a656ace8a78c8d45a7834	Windows 11  (10.0.22631) 64bit (Editor)	True	null	null	null	null	null	null	None	0	null	0	0	null	null	null	null	null	
2024/11/23 15:55:09.534	b135e9c82f3b5af8414a656ace8a78c8d45a7834	Windows 11  (10.0.22631) 64bit (Editor)	True	null	null	null	null	null	null	None	0	null	0	0	null	null	null	null	null	
2024/11/23 15:55:09.543	b135e9c82f3b5af8414a656ace8a78c8d45a7834	Windows 11  (10.0.22631) 64bit (Editor)	True	null	null	null	null	null	null	None	0	null	0	0	null	null	null	null	null	
2024/11/23 15:55:09.550	b135e9c82f3b5af8414a656ace8a78c8d45a7834	Windows 11  (10.0.22631) 64bit (Editor)	True	null	null	null	null	null	null	None	0	null	0	0	null	null	null	null	null	
2024/11/23 15:55:09.557	b135e9c82f3b5af8414a656ace8a78c8d45a7834	Windows 11  (10.0.22631) 64bit (Editor)	True	null	null	null	null	null	null	None	0	null	0	0	null	null	null	null	null	
2024/11/23 15:55:09.563	b135e9c82f3b5af8414a656ace8a78c8d45a7834	Windows 11  (10.0.22631) 64bit (Editor)	True	null	null	null	null	null	null	None	0	null	0	0	null	null	null	null	null	
2024/11/23 15:55:09.571	b135e9c82f3b5af8414a656ace8a78c8d45a7834	Windows 11  (10.0.22631) 64bit (Editor)	True	null	null	null	null	null	null	None	0	null	0	0	null	null	null	null	null	
2024/11/23 15:55:09.579	b135e9c82f3b5af8414a656ace8a78c8d45a7834	Windows 11  (10.0.22631) 64bit (Editor)	True	null	null	null	null	null	null	None	0	null	0	0	null	null	null	null	null	
2024/11/23 15:55:09.596	b135e9c82f3b5af8414a656ace8a78c8d45a7834	Windows 11  (10.0.22631) 64bit (Editor)	True	null	null	null	null	null	null	None	0	null	0	0	null	null	null	null	null	
2024/11/23 15:55:09.605	b135e9c82f3b5af8414a656ace8a78c8d45a7834	Windows 11  (10.0.22631) 64bit (Editor)	True	null	null	null	null	null	null	None	0	null	0	0	null	null	null	null	null	
2024/11/23 15:55:09.612	b135e9c82f3b5af8414a656ace8a78c8d45a7834	Windows 11  (10.0.22631) 64bit (Editor)	True	null	null	null	null	null	null	None	0	null	0	0	null	null	null	null	null	
2024/11/23 15:55:09.620	b135e9c82f3b5af8414a656ace8a78c8d45a7834	Windows 11  (10.0.22631) 64bit (Editor)	True	null	null	null	null	null	null	None	0	null	0	0	null	null	null	null	null	
2024/11/23 15:55:09.627	b135e9c82f3b5af8414a656ace8a78c8d45a7834	Windows 11  (10.0.22631) 64bit (Editor)	True	null	null	null	null	null	null	None	0	null	0	0	null	null	null	null	null	
2024/11/23 15:55:09.635	b135e9c82f3b5af8414a656ace8a78c8d45a7834	Windows 11  (10.0.22631) 64bit (Editor)	True	null	null	null	null	null	null	None	0	null	0	0	null	null	null	null	null	
2024/11/23 15:55:09.641	b135e9c82f3b5af8414a656ace8a78c8d45a7834	Windows 11  (10.0.22631) 64bit (Editor)	True	null	null	null	null	null	null	None	0	null	0	0	null	null	null	null	null	
2024/11/23 15:55:09.647	b135e9c82f3b5af8414a656ace8a78c8d45a7834	Windows 11  (10.0.22631) 64bit (Editor)	True	null	null	null	null	null	null	None	0	null	0	0	null	null	null	null	null	
2024/11/23 15:55:09.655	b135e9c82f3b5af8414a656ace8a78c8d45a7834	Windows 11  (10.0.22631) 64bit (Editor)	True	null	null	null	null	null	null	None	0	null	0	0	null	null	null	null	null	
2024/11/23 15:55:09.662	b135e9c82f3b5af8414a656ace8a78c8d45a7834	Windows 11  (10.0.22631) 64bit (Editor)	True	null	null	null	null	null	null	None	0	null	0	0	null	null	null	null	null	
2024/11/23 15:55:09.671	b135e9c82f3b5af8414a656ace8a78c8d45a7834	Windows 11  (10.0.22631) 64bit (Editor)	True	null	null	null	null	null	null	None	0	null	0	0	null	null	null	null	null	
2024/11/23 15:55:09.679	b135e9c82f3b5af8414a656ace8a78c8d45a7834	Windows 11  (10.0.22631) 64bit (Editor)	True	null	null	null	null	null	null	None	0	null	0	0	null	null	null	null	null	
2024/11/23 15:55:09.686	b135e9c82f3b5af8414a656ace8a78c8d45a7834	Windows 11  (10.0.22631) 64bit (Editor)	True	null	null	null	null	null	null	None	0	null	0	0	null	null	null	null	null	
2024/11/23 15:55:09.693	b135e9c82f3b5af8414a656ace8a78c8d45a7834	Windows 11  (10.0.22631) 64bit (Editor)	True	null	null	null	null	null	null	None	0	null	0	0	null	null	null	null	null	
2024/11/23 15:55:09.702	b135e9c82f3b5af8414a656ace8a78c8d45a7834	Windows 11  (10.0.22631) 64bit (Editor)	True	null	null	null	null	null	null	None	0	null	0	0	null	null	null	null	null	
2024/11/23 15:55:09.708	b135e9c82f3b5af8414a656ace8a78c8d45a7834	Windows 11  (10.0.22631) 64bit (Editor)	True	null	null	null	null	null	null	None	0	null	0	0	null	null	null	null	null	
2024/11/23 15:55:09.716	b135e9c82f3b5af8414a656ace8a78c8d45a7834	Windows 11  (10.0.22631) 64bit (Editor)	True	null	null	null	null	null	null	None	0	null	0	0	null	null	null	null	null	
2024/11/23 15:55:09.724	b135e9c82f3b5af8414a656ace8a78c8d45a7834	Windows 11  (10.0.22631) 64bit (Editor)	True	null	null	null	null	null	null	None	0	null	0	0	null	null	null	null	null	
2024/11/23 15:55:09.732	b135e9c82f3b5af8414a656ace8a78c8d45a7834	Windows 11  (10.0.22631) 64bit (Editor)	True	null	null	null	null	null	null	None	0	null	0	0	null	null	null	null	null	
2024/11/23 15:55:09.752	b135e9c82f3b5af8414a656ace8a78c8d45a7834	Windows 11  (10.0.22631) 64bit (Editor)	True	null	null	null	null	null	null	None	0	null	0	0	null	null	null	null	null	
2024/11/23 15:55:09.760	b135e9c82f3b5af8414a656ace8a78c8d45a7834	Windows 11  (10.0.22631) 64bit (Editor)	True	null	null	null	null	null	null	None	0	null	0	0	null	null	null	null	null	
2024/11/23 15:55:09.769	b135e9c82f3b5af8414a656ace8a78c8d45a7834	Windows 11  (10.0.22631) 64bit (Editor)	True	null	null	null	null	null	null	None	0	null	0	0	null	null	null	null	null	
2024/11/23 15:55:09.778	b135e9c82f3b5af8414a656ace8a78c8d45a7834	Windows 11  (10.0.22631) 64bit (Editor)	True	null	null	null	null	null	null	None	0	null	0	0	null	null	null	null	null	
2024/11/23 15:55:09.786	b135e9c82f3b5af8414a656ace8a78c8d45a7834	Windows 11  (10.0.22631) 64bit (Editor)	True	null	null	null	null	null	null	None	0	null	0	0	null	null	null	null	null	
2024/11/23 15:55:09.793	b135e9c82f3b5af8414a656ace8a78c8d45a7834	Windows 11  (10.0.22631) 64bit (Editor)	True	null	null	null	null	null	null	None	0	null	0	0	null	null	null	null	null	
2024/11/23 15:55:09.800	b135e9c82f3b5af8414a656ace8a78c8d45a7834	Windows 11  (10.0.22631) 64bit (Editor)	True	null	null	null	null	null	null	None	0	null	0	0	null	null	null	null	null	
2024/11/23 15:55:09.806	b135e9c82f3b5af8414a656ace8a78c8d45a7834	Windows 11  (10.0.22631) 64bit (Editor)	True	null	null	null	null	null	null	None	0	null	0	0	null	null	null	null	null	
2024/11/23 15:55:09.815	b135e9c82f3b5af8414a656ace8a78c8d45a7834	Windows 11  (10.0.22631) 64bit (Editor)	True	null	null	null	null	null	null	None	0	null	0	0	null	null	null	null	null	
2024/11/23 15:55:09.821	b135e9c82f3b5af8414a656ace8a78c8d45a7834	Windows 11  (10.0.22631) 64bit (Editor)	True	null	null	null	null	null	null	None	0	null	0	0	null	null	null	null	null	
2024/11/23 15:55:09.827	b135e9c82f3b5af8414a656ace8a78c8d45a7834	Windows 11  (10.0.22631) 64bit (Editor)	True	null	null	null	null	null	null	None	0	null	0	0	null	null	null	null	null	
2024/11/23 15:55:09.835	b135e9c82f3b5af8414a656ace8a78c8d45a7834	Windows 11  (10.0.22631) 64bit (Editor)	True	null	null	null	null	null	null	None	0	null	0	0	null	null	null	null	null	
2024/11/23 15:55:09.842	b135e9c82f3b5af8414a656ace8a78c8d45a7834	Windows 11  (10.0.22631) 64bit (Editor)	True	null	null	null	null	null	null	None	0	null	0	0	null	null	null	null	null	
2024/11/23 15:55:09.849	b135e9c82f3b5af8414a656ace8a78c8d45a7834	Windows 11  (10.0.22631) 64bit (Editor)	True	null	null	null	null	null	null	None	0	null	0	0	null	null	null	null	null	
2024/11/23 15:55:09.859	b135e9c82f3b5af8414a656ace8a78c8d45a7834	Windows 11  (10.0.22631) 64bit (Editor)	True	null	null	null	null	null	null	None	0	null	0	0	null	null	null	null	null	
2024/11/23 15:55:09.871	b135e9c82f3b5af8414a656ace8a78c8d45a7834	Windows 11  (10.0.22631) 64bit (Editor)	True	null	null	null	null	null	null	None	0	null	0	0	null	null	null	null	null	
2024/11/23 15:55:09.879	b135e9c82f3b5af8414a656ace8a78c8d45a7834	Windows 11  (10.0.22631) 64bit (Editor)	True	null	null	null	null	null	null	None	0	null	0	0	null	null	null	null	null	
2024/11/23 15:55:09.887	b135e9c82f3b5af8414a656ace8a78c8d45a7834	Windows 11  (10.0.22631) 64bit (Editor)	True	null	null	null	null	null	null	None	0	null	0	0	null	null	null	null	null	
2024/11/23 15:55:09.911	b135e9c82f3b5af8414a656ace8a78c8d45a7834	Windows 11  (10.0.22631) 64bit (Editor)	True	null	null	null	null	null	null	None	0	null	0	0	null	null	null	null	null	
2024/11/23 15:55:09.922	b135e9c82f3b5af8414a656ace8a78c8d45a7834	Windows 11  (10.0.22631) 64bit (Editor)	True	null	null	null	null	null	null	None	0	null	0	0	null	null	null	null	null	
2024/11/23 15:55:09.929	b135e9c82f3b5af8414a656ace8a78c8d45a7834	Windows 11  (10.0.22631) 64bit (Editor)	True	null	null	null	null	null	null	None	0	null	0	0	null	null	null	null	null	
2024/11/23 15:55:09.938	b135e9c82f3b5af8414a656ace8a78c8d45a7834	Windows 11  (10.0.22631) 64bit (Editor)	True	null	null	null	null	null	null	None	0	null	0	0	null	null	null	null	null	
2024/11/23 15:55:09.945	b135e9c82f3b5af8414a656ace8a78c8d45a7834	Windows 11  (10.0.22631) 64bit (Editor)	True	null	null	null	null	null	null	None	0	null	0	0	null	null	null	null	null	
2024/11/23 15:55:09.955	b135e9c82f3b5af8414a656ace8a78c8d45a7834	Windows 11  (10.0.22631) 64bit (Editor)	True	null	null	null	null	null	null	None	0	null	0	0	null	null	null	null	null	
2024/11/23 15:55:09.966	b135e9c82f3b5af8414a656ace8a78c8d45a7834	Windows 11  (10.0.22631) 64bit (Editor)	True	null	null	null	null	null	null	None	0	null	0	0	null	null	null	null	null	
2024/11/23 15:55:09.975	b135e9c82f3b5af8414a656ace8a78c8d45a7834	Windows 11  (10.0.22631) 64bit (Editor)	True	null	null	null	null	null	null	None	0	null	0	0	null	null	null	null	null	
2024/11/23 15:55:09.985	b135e9c82f3b5af8414a656ace8a78c8d45a7834	Windows 11  (10.0.22631) 64bit (Editor)	True	null	null	null	null	null	null	None	0	null	0	0	null	null	null	null	null	
2024/11/23 15:55:09.995	b135e9c82f3b5af8414a656ace8a78c8d45a7834	Windows 11  (10.0.22631) 64bit (Editor)	True	null	null	null	null	null	null	None	0	null	0	0	null	null	null	null	null	
2024/11/23 15:55:10.005	b135e9c82f3b5af8414a656ace8a78c8d45a7834	Windows 11  (10.0.22631) 64bit (Editor)	True	null	null	null	null	null	null	None	0	null	0	0	null	null	null	null	null	
2024/11/23 15:55:10.015	b135e9c82f3b5af8414a656ace8a78c8d45a7834	Windows 11  (10.0.22631) 64bit (Editor)	True	null	null	null	null	null	null	None	0	null	0	0	null	null	null	null	null	
2024/11/23 15:55:10.024	b135e9c82f3b5af8414a656ace8a78c8d45a7834	Windows 11  (10.0.22631) 64bit (Editor)	True	null	null	null	null	null	null	None	0	null	0	0	null	null	null	null	null	
2024/11/23 15:55:10.035	b135e9c82f3b5af8414a656ace8a78c8d45a7834	Windows 11  (10.0.22631) 64bit (Editor)	True	null	null	null	null	null	null	None	0	null	0	0	null	null	null	null	null	
2024/11/23 15:55:10.045	b135e9c82f3b5af8414a656ace8a78c8d45a7834	Windows 11  (10.0.22631) 64bit (Editor)	True	null	null	null	null	null	null	None	0	null	0	0	null	null	null	null	null	
2024/11/23 15:55:10.066	b135e9c82f3b5af8414a656ace8a78c8d45a7834	Windows 11  (10.0.22631) 64bit (Editor)	True	null	null	null	null	null	null	None	0	null	0	0	null	null	null	null	null	
2024/11/23 15:55:10.075	b135e9c82f3b5af8414a656ace8a78c8d45a7834	Windows 11  (10.0.22631) 64bit (Editor)	True	null	null	null	null	null	null	None	0	null	0	0	null	null	null	null	null	
2024/11/23 15:55:10.084	b135e9c82f3b5af8414a656ace8a78c8d45a7834	Windows 11  (10.0.22631) 64bit (Editor)	True	null	null	null	null	null	null	None	0	null	0	0	null	null	null	null	null	
2024/11/23 15:55:10.094	b135e9c82f3b5af8414a656ace8a78c8d45a7834	Windows 11  (10.0.22631) 64bit (Editor)	True	null	null	null	null	null	null	None	0	null	0	0	null	null	null	null	null	
2024/11/23 15:55:10.104	b135e9c82f3b5af8414a656ace8a78c8d45a7834	Windows 11  (10.0.22631) 64bit (Editor)	True	null	null	null	null	null	null	None	0	null	0	0	null	null	null	null	null	
2024/11/23 15:55:10.111	b135e9c82f3b5af8414a656ace8a78c8d45a7834	Windows 11  (10.0.22631) 64bit (Editor)	True	null	null	null	null	null	null	None	0	null	0	0	null	null	null	null	null	
2024/11/23 15:55:10.123	b135e9c82f3b5af8414a656ace8a78c8d45a7834	Windows 11  (10.0.22631) 64bit (Editor)	True	null	null	null	null	null	null	None	0	null	0	0	null	null	null	null	null	
2024/11/23 15:55:10.130	b135e9c82f3b5af8414a656ace8a78c8d45a7834	Windows 11  (10.0.22631) 64bit (Editor)	True	null	null	null	null	null	null	None	0	null	0	0	null	null	null	null	null	
2024/11/23 15:55:10.139	b135e9c82f3b5af8414a656ace8a78c8d45a7834	Windows 11  (10.0.22631) 64bit (Editor)	True	null	null	null	null	null	null	None	0	null	0	0	null	null	null	null	null	
2024/11/23 15:55:10.146	b135e9c82f3b5af8414a656ace8a78c8d45a7834	Windows 11  (10.0.22631) 64bit (Editor)	True	null	null	null	null	null	null	None	0	null	0	0	null	null	null	null	null	
2024/11/23 15:55:10.153	b135e9c82f3b5af8414a656ace8a78c8d45a7834	Windows 11  (10.0.22631) 64bit (Editor)	True	null	null	null	null	null	null	None	0	null	0	0	null	null	null	null	null	
2024/11/23 15:55:10.160	b135e9c82f3b5af8414a656ace8a78c8d45a7834	Windows 11  (10.0.22631) 64bit (Editor)	True	null	null	null	null	null	null	None	0	null	0	0	null	null	null	null	null	
2024/11/23 15:55:10.167	b135e9c82f3b5af8414a656ace8a78c8d45a7834	Windows 11  (10.0.22631) 64bit (Editor)	True	null	null	null	null	null	null	None	0	null	0	0	null	null	null	null	null	
2024/11/23 15:55:10.175	b135e9c82f3b5af8414a656ace8a78c8d45a7834	Windows 11  (10.0.22631) 64bit (Editor)	True	null	null	null	null	null	null	None	0	null	0	0	null	null	null	null	null	
2024/11/23 15:55:10.182	b135e9c82f3b5af8414a656ace8a78c8d45a7834	Windows 11  (10.0.22631) 64bit (Editor)	True	null	null	null	null	null	null	None	0	null	0	0	null	null	null	null	null	
2024/11/23 15:55:10.190	b135e9c82f3b5af8414a656ace8a78c8d45a7834	Windows 11  (10.0.22631) 64bit (Editor)	True	null	null	null	null	null	null	None	0	null	0	0	null	null	null	null	null	
2024/11/23 15:55:10.196	b135e9c82f3b5af8414a656ace8a78c8d45a7834	Windows 11  (10.0.22631) 64bit (Editor)	True	null	null	null	null	null	null	None	0	null	0	0	null	null	null	null	null	
2024/11/23 15:55:10.216	b135e9c82f3b5af8414a656ace8a78c8d45a7834	Windows 11  (10.0.22631) 64bit (Editor)	True	null	null	null	null	null	null	None	0	null	0	0	null	null	null	null	null	
2024/11/23 15:55:10.225	b135e9c82f3b5af8414a656ace8a78c8d45a7834	Windows 11  (10.0.22631) 64bit (Editor)	True	null	null	null	null	null	null	None	0	null	0	0	null	null	null	null	null	
2024/11/23 15:55:10.235	b135e9c82f3b5af8414a656ace8a78c8d45a7834	Windows 11  (10.0.22631) 64bit (Editor)	True	null	null	null	null	null	null	None	0	null	0	0	null	null	null	null	null	
2024/11/23 15:55:10.243	b135e9c82f3b5af8414a656ace8a78c8d45a7834	Windows 11  (10.0.22631) 64bit (Editor)	True	null	null	null	null	null	null	None	0	null	0	0	null	null	null	null	null	
2024/11/23 15:55:10.251	b135e9c82f3b5af8414a656ace8a78c8d45a7834	Windows 11  (10.0.22631) 64bit (Editor)	True	null	null	null	null	null	null	None	0	null	0	0	null	null	null	null	null	
2024/11/23 15:55:10.259	b135e9c82f3b5af8414a656ace8a78c8d45a7834	Windows 11  (10.0.22631) 64bit (Editor)	True	null	null	null	null	null	null	None	0	null	0	0	null	null	null	null	null	
2024/11/23 15:55:10.266	b135e9c82f3b5af8414a656ace8a78c8d45a7834	Windows 11  (10.0.22631) 64bit (Editor)	True	null	null	null	null	null	null	None	0	null	0	0	null	null	null	null	null	
2024/11/23 15:55:10.273	b135e9c82f3b5af8414a656ace8a78c8d45a7834	Windows 11  (10.0.22631) 64bit (Editor)	True	null	null	null	null	null	null	None	0	null	0	0	null	null	null	null	null	
2024/11/23 15:55:10.280	b135e9c82f3b5af8414a656ace8a78c8d45a7834	Windows 11  (10.0.22631) 64bit (Editor)	True	null	null	null	null	null	null	None	0	null	0	0	null	null	null	null	null	
2024/11/23 15:55:10.289	b135e9c82f3b5af8414a656ace8a78c8d45a7834	Windows 11  (10.0.22631) 64bit (Editor)	True	null	null	null	null	null	null	None	0	null	0	0	null	null	null	null	null	
2024/11/23 15:55:10.297	b135e9c82f3b5af8414a656ace8a78c8d45a7834	Windows 11  (10.0.22631) 64bit (Editor)	True	null	null	null	null	null	null	None	0	null	0	0	null	null	null	null	null	
2024/11/23 15:55:10.304	b135e9c82f3b5af8414a656ace8a78c8d45a7834	Windows 11  (10.0.22631) 64bit (Editor)	True	null	null	null	null	null	null	None	0	null	0	0	null	null	null	null	null	
2024/11/23 15:55:10.312	b135e9c82f3b5af8414a656ace8a78c8d45a7834	Windows 11  (10.0.22631) 64bit (Editor)	True	null	null	null	null	null	null	None	0	null	0	0	null	null	null	null	null	
2024/11/23 15:55:10.319	b135e9c82f3b5af8414a656ace8a78c8d45a7834	Windows 11  (10.0.22631) 64bit (Editor)	True	null	null	null	null	null	null	None	0	null	0	0	null	null	null	null	null	
2024/11/23 15:55:10.326	b135e9c82f3b5af8414a656ace8a78c8d45a7834	Windows 11  (10.0.22631) 64bit (Editor)	True	null	null	null	null	null	null	None	0	null	0	0	null	null	null	null	null	
2024/11/23 15:55:10.334	b135e9c82f3b5af8414a656ace8a78c8d45a7834	Windows 11  (10.0.22631) 64bit (Editor)	True	null	null	null	null	null	null	None	0	null	0	0	null	null	null	null	null	
2024/11/23 15:55:10.343	b135e9c82f3b5af8414a656ace8a78c8d45a7834	Windows 11  (10.0.22631) 64bit (Editor)	True	null	null	null	null	null	null	None	0	null	0	0	null	null	null	null	null	
2024/11/23 15:55:10.353	b135e9c82f3b5af8414a656ace8a78c8d45a7834	Windows 11  (10.0.22631) 64bit (Editor)	True	null	null	null	null	null	null	None	0	null	0	0	null	null	null	null	null	
2024/11/23 15:55:10.375	b135e9c82f3b5af8414a656ace8a78c8d45a7834	Windows 11  (10.0.22631) 64bit (Editor)	True	null	null	null	null	null	null	None	0	null	0	0	null	null	null	null	null	
2024/11/23 15:55:10.387	b135e9c82f3b5af8414a656ace8a78c8d45a7834	Windows 11  (10.0.22631) 64bit (Editor)	True	null	null	null	null	null	null	None	0	null	0	0	null	null	null	null	null	
2024/11/23 15:55:10.395	b135e9c82f3b5af8414a656ace8a78c8d45a7834	Windows 11  (10.0.22631) 64bit (Editor)	True	null	null	null	null	null	null	None	0	null	0	0	null	null	null	null	null	
2024/11/23 15:55:10.402	b135e9c82f3b5af8414a656ace8a78c8d45a7834	Windows 11  (10.0.22631) 64bit (Editor)	True	null	null	null	null	null	null	None	0	null	0	0	null	null	null	null	null	
2024/11/23 15:55:10.409	b135e9c82f3b5af8414a656ace8a78c8d45a7834	Windows 11  (10.0.22631) 64bit (Editor)	True	null	null	null	null	null	null	None	0	null	0	0	null	null	null	null	null	
2024/11/23 15:55:10.418	b135e9c82f3b5af8414a656ace8a78c8d45a7834	Windows 11  (10.0.22631) 64bit (Editor)	True	null	null	null	null	null	null	None	0	null	0	0	null	null	null	null	null	
2024/11/23 15:55:10.424	b135e9c82f3b5af8414a656ace8a78c8d45a7834	Windows 11  (10.0.22631) 64bit (Editor)	True	null	null	null	null	null	null	None	0	null	0	0	null	null	null	null	null	
2024/11/23 15:55:10.432	b135e9c82f3b5af8414a656ace8a78c8d45a7834	Windows 11  (10.0.22631) 64bit (Editor)	True	null	null	null	null	null	null	None	0	null	0	0	null	null	null	null	null	
2024/11/23 15:55:10.440	b135e9c82f3b5af8414a656ace8a78c8d45a7834	Windows 11  (10.0.22631) 64bit (Editor)	True	null	null	null	null	null	null	None	0	null	0	0	null	null	null	null	null	
2024/11/23 15:55:10.451	b135e9c82f3b5af8414a656ace8a78c8d45a7834	Windows 11  (10.0.22631) 64bit (Editor)	True	null	null	null	null	null	null	None	0	null	0	0	null	null	null	null	null	
2024/11/23 15:55:10.458	b135e9c82f3b5af8414a656ace8a78c8d45a7834	Windows 11  (10.0.22631) 64bit (Editor)	True	null	null	null	null	null	null	None	0	null	0	0	null	null	null	null	null	
2024/11/23 15:55:10.465	b135e9c82f3b5af8414a656ace8a78c8d45a7834	Windows 11  (10.0.22631) 64bit (Editor)	True	null	null	null	null	null	null	None	0	null	0	0	null	null	null	null	null	
2024/11/23 15:55:10.473	b135e9c82f3b5af8414a656ace8a78c8d45a7834	Windows 11  (10.0.22631) 64bit (Editor)	True	null	null	null	null	null	null	None	0	null	0	0	null	null	null	null	null	
2024/11/23 15:55:10.484	b135e9c82f3b5af8414a656ace8a78c8d45a7834	Windows 11  (10.0.22631) 64bit (Editor)	True	null	null	null	null	null	null	None	0	null	0	0	null	null	null	null	null	
2024/11/23 15:55:10.495	b135e9c82f3b5af8414a656ace8a78c8d45a7834	Windows 11  (10.0.22631) 64bit (Editor)	True	null	null	null	null	null	null	None	0	null	0	0	null	null	null	null	null	
2024/11/23 15:55:10.503	b135e9c82f3b5af8414a656ace8a78c8d45a7834	Windows 11  (10.0.22631) 64bit (Editor)	True	null	null	null	null	null	null	None	0	null	0	0	null	null	null	null	null	
2024/11/23 15:55:10.520	b135e9c82f3b5af8414a656ace8a78c8d45a7834	Windows 11  (10.0.22631) 64bit (Editor)	True	null	null	null	null	null	null	None	0	null	0	0	null	null	null	null	null	
2024/11/23 15:55:10.527	b135e9c82f3b5af8414a656ace8a78c8d45a7834	Windows 11  (10.0.22631) 64bit (Editor)	True	null	null	null	null	null	null	None	0	null	0	0	null	null	null	null	null	
2024/11/23 15:55:10.535	b135e9c82f3b5af8414a656ace8a78c8d45a7834	Windows 11  (10.0.22631) 64bit (Editor)	True	null	null	null	null	null	null	None	0	null	0	0	null	null	null	null	null	
2024/11/23 15:55:10.543	b135e9c82f3b5af8414a656ace8a78c8d45a7834	Windows 11  (10.0.22631) 64bit (Editor)	True	null	null	null	null	null	null	None	0	null	0	0	null	null	null	null	null	
2024/11/23 15:55:10.551	b135e9c82f3b5af8414a656ace8a78c8d45a7834	Windows 11  (10.0.22631) 64bit (Editor)	True	null	null	null	null	null	null	None	0	null	0	0	null	null	null	null	null	
2024/11/23 15:55:10.558	b135e9c82f3b5af8414a656ace8a78c8d45a7834	Windows 11  (10.0.22631) 64bit (Editor)	True	null	null	null	null	null	null	None	0	null	0	0	null	null	null	null	null	
2024/11/23 15:55:10.565	b135e9c82f3b5af8414a656ace8a78c8d45a7834	Windows 11  (10.0.22631) 64bit (Editor)	True	null	null	null	null	null	null	None	0	null	0	0	null	null	null	null	null	
2024/11/23 15:55:10.574	b135e9c82f3b5af8414a656ace8a78c8d45a7834	Windows 11  (10.0.22631) 64bit (Editor)	True	null	null	null	null	null	null	None	0	null	0	0	null	null	null	null	null	
2024/11/23 15:55:10.581	b135e9c82f3b5af8414a656ace8a78c8d45a7834	Windows 11  (10.0.22631) 64bit (Editor)	True	null	null	null	null	null	null	None	0	null	0	0	null	null	null	null	null	
2024/11/23 15:55:10.588	b135e9c82f3b5af8414a656ace8a78c8d45a7834	Windows 11  (10.0.22631) 64bit (Editor)	True	null	null	null	null	null	null	None	0	null	0	0	null	null	null	null	null	
2024/11/23 15:55:10.595	b135e9c82f3b5af8414a656ace8a78c8d45a7834	Windows 11  (10.0.22631) 64bit (Editor)	True	null	null	null	null	null	null	None	0	null	0	0	null	null	null	null	null	
2024/11/23 15:55:10.602	b135e9c82f3b5af8414a656ace8a78c8d45a7834	Windows 11  (10.0.22631) 64bit (Editor)	True	null	null	null	null	null	null	None	0	null	0	0	null	null	null	null	null	
2024/11/23 15:55:10.610	b135e9c82f3b5af8414a656ace8a78c8d45a7834	Windows 11  (10.0.22631) 64bit (Editor)	True	null	null	null	null	null	null	None	0	null	0	0	null	null	null	null	null	
2024/11/23 15:55:10.617	b135e9c82f3b5af8414a656ace8a78c8d45a7834	Windows 11  (10.0.22631) 64bit (Editor)	True	null	null	null	null	null	null	None	0	null	0	0	null	null	null	null	null	
2024/11/23 15:55:10.625	b135e9c82f3b5af8414a656ace8a78c8d45a7834	Windows 11  (10.0.22631) 64bit (Editor)	True	null	null	null	null	null	null	None	0	null	0	0	null	null	null	null	null	
2024/11/23 15:55:10.632	b135e9c82f3b5af8414a656ace8a78c8d45a7834	Windows 11  (10.0.22631) 64bit (Editor)	True	null	null	null	null	null	null	None	0	null	0	0	null	null	null	null	null	
2024/11/23 15:55:10.640	b135e9c82f3b5af8414a656ace8a78c8d45a7834	Windows 11  (10.0.22631) 64bit (Editor)	True	null	null	null	null	null	null	None	0	null	0	0	null	null	null	null	null	
2024/11/23 15:55:10.646	b135e9c82f3b5af8414a656ace8a78c8d45a7834	Windows 11  (10.0.22631) 64bit (Editor)	True	null	null	null	null	null	null	None	0	null	0	0	null	null	null	null	null	
2024/11/23 15:55:10.655	b135e9c82f3b5af8414a656ace8a78c8d45a7834	Windows 11  (10.0.22631) 64bit (Editor)	True	null	null	null	null	null	null	None	0	null	0	0	null	null	null	null	null	
2024/11/23 15:55:10.673	b135e9c82f3b5af8414a656ace8a78c8d45a7834	Windows 11  (10.0.22631) 64bit (Editor)	True	null	null	null	null	null	null	None	0	null	0	0	null	null	null	null	null	
2024/11/23 15:55:10.679	b135e9c82f3b5af8414a656ace8a78c8d45a7834	Windows 11  (10.0.22631) 64bit (Editor)	True	null	null	null	null	null	null	None	0	null	0	0	null	null	null	null	null	
2024/11/23 15:55:10.689	b135e9c82f3b5af8414a656ace8a78c8d45a7834	Windows 11  (10.0.22631) 64bit (Editor)	True	null	null	null	null	null	null	None	0	null	0	0	null	null	null	null	null	
2024/11/23 15:55:10.696	b135e9c82f3b5af8414a656ace8a78c8d45a7834	Windows 11  (10.0.22631) 64bit (Editor)	True	null	null	null	null	null	null	None	0	null	0	0	null	null	null	null	null	
2024/11/23 15:55:10.705	b135e9c82f3b5af8414a656ace8a78c8d45a7834	Windows 11  (10.0.22631) 64bit (Editor)	True	null	null	null	null	null	null	None	0	null	0	0	null	null	null	null	null	
2024/11/23 15:55:10.714	b135e9c82f3b5af8414a656ace8a78c8d45a7834	Windows 11  (10.0.22631) 64bit (Editor)	True	null	null	null	null	null	null	None	0	null	0	0	null	null	null	null	null	
2024/11/23 15:55:10.723	b135e9c82f3b5af8414a656ace8a78c8d45a7834	Windows 11  (10.0.22631) 64bit (Editor)	True	null	null	null	null	null	null	None	0	null	0	0	null	null	null	null	null	
2024/11/23 15:55:10.733	b135e9c82f3b5af8414a656ace8a78c8d45a7834	Windows 11  (10.0.22631) 64bit (Editor)	True	null	null	null	null	null	null	None	0	null	0	0	null	null	null	null	null	
2024/11/23 15:55:10.739	b135e9c82f3b5af8414a656ace8a78c8d45a7834	Windows 11  (10.0.22631) 64bit (Editor)	True	null	null	null	null	null	null	None	0	null	0	0	null	null	null	null	null	
2024/11/23 15:55:10.748	b135e9c82f3b5af8414a656ace8a78c8d45a7834	Windows 11  (10.0.22631) 64bit (Editor)	True	null	null	null	null	null	null	None	0	null	0	0	null	null	null	null	null	
2024/11/23 15:55:10.756	b135e9c82f3b5af8414a656ace8a78c8d45a7834	Windows 11  (10.0.22631) 64bit (Editor)	True	null	null	null	null	null	null	None	0	null	0	0	null	null	null	null	null	
2024/11/23 15:55:10.764	b135e9c82f3b5af8414a656ace8a78c8d45a7834	Windows 11  (10.0.22631) 64bit (Editor)	True	null	null	null	null	null	null	None	0	null	0	0	null	null	null	null	null	
2024/11/23 15:55:10.772	b135e9c82f3b5af8414a656ace8a78c8d45a7834	Windows 11  (10.0.22631) 64bit (Editor)	True	null	null	null	null	null	null	None	0	null	0	0	null	null	null	null	null	
2024/11/23 15:55:10.780	b135e9c82f3b5af8414a656ace8a78c8d45a7834	Windows 11  (10.0.22631) 64bit (Editor)	True	null	null	null	null	null	null	None	0	null	0	0	null	null	null	null	null	
2024/11/23 15:55:10.789	b135e9c82f3b5af8414a656ace8a78c8d45a7834	Windows 11  (10.0.22631) 64bit (Editor)	True	null	null	null	null	null	null	None	0	null	0	0	null	null	null	null	null	
2024/11/23 15:55:10.796	b135e9c82f3b5af8414a656ace8a78c8d45a7834	Windows 11  (10.0.22631) 64bit (Editor)	True	null	null	null	null	null	null	None	0	null	0	0	null	null	null	null	null	
2024/11/23 15:55:10.803	b135e9c82f3b5af8414a656ace8a78c8d45a7834	Windows 11  (10.0.22631) 64bit (Editor)	True	null	null	null	null	null	null	None	0	null	0	0	null	null	null	null	null	
2024/11/23 15:55:10.810	b135e9c82f3b5af8414a656ace8a78c8d45a7834	Windows 11  (10.0.22631) 64bit (Editor)	True	null	null	null	null	null	null	None	0	null	0	0	null	null	null	null	null	
2024/11/23 15:55:10.828	b135e9c82f3b5af8414a656ace8a78c8d45a7834	Windows 11  (10.0.22631) 64bit (Editor)	True	null	null	null	null	null	null	None	0	null	0	0	null	null	null	null	null	
2024/11/23 15:55:10.838	b135e9c82f3b5af8414a656ace8a78c8d45a7834	Windows 11  (10.0.22631) 64bit (Editor)	True	null	null	null	null	null	null	None	0	null	0	0	null	null	null	null	null	
2024/11/23 15:55:10.845	b135e9c82f3b5af8414a656ace8a78c8d45a7834	Windows 11  (10.0.22631) 64bit (Editor)	True	null	null	null	null	null	null	None	0	null	0	0	null	null	null	null	null	
2024/11/23 15:55:10.854	b135e9c82f3b5af8414a656ace8a78c8d45a7834	Windows 11  (10.0.22631) 64bit (Editor)	True	null	null	null	null	null	null	None	0	null	0	0	null	null	null	null	null	
2024/11/23 15:55:10.861	b135e9c82f3b5af8414a656ace8a78c8d45a7834	Windows 11  (10.0.22631) 64bit (Editor)	True	null	null	null	null	null	null	None	0	null	0	0	null	null	null	null	null	
2024/11/23 15:55:10.869	b135e9c82f3b5af8414a656ace8a78c8d45a7834	Windows 11  (10.0.22631) 64bit (Editor)	True	null	null	null	null	null	null	None	0	null	0	0	null	null	null	null	null	
2024/11/23 15:55:10.877	b135e9c82f3b5af8414a656ace8a78c8d45a7834	Windows 11  (10.0.22631) 64bit (Editor)	True	null	null	null	null	null	null	None	0	null	0	0	null	null	null	null	null	
2024/11/23 15:55:10.885	b135e9c82f3b5af8414a656ace8a78c8d45a7834	Windows 11  (10.0.22631) 64bit (Editor)	True	null	null	null	null	null	null	None	0	null	0	0	null	null	null	null	null	
2024/11/23 15:55:10.893	b135e9c82f3b5af8414a656ace8a78c8d45a7834	Windows 11  (10.0.22631) 64bit (Editor)	True	null	null	null	null	null	null	None	0	null	0	0	null	null	null	null	null	
2024/11/23 15:55:10.901	b135e9c82f3b5af8414a656ace8a78c8d45a7834	Windows 11  (10.0.22631) 64bit (Editor)	True	null	null	null	null	null	null	None	0	null	0	0	null	null	null	null	null	
2024/11/23 15:55:10.908	b135e9c82f3b5af8414a656ace8a78c8d45a7834	Windows 11  (10.0.22631) 64bit (Editor)	True	null	null	null	null	null	null	None	0	null	0	0	null	null	null	null	null	
2024/11/23 15:55:10.916	b135e9c82f3b5af8414a656ace8a78c8d45a7834	Windows 11  (10.0.22631) 64bit (Editor)	True	null	null	null	null	null	null	None	0	null	0	0	null	null	null	null	null	
2024/11/23 15:55:10.924	b135e9c82f3b5af8414a656ace8a78c8d45a7834	Windows 11  (10.0.22631) 64bit (Editor)	True	null	null	null	null	null	null	None	0	null	0	0	null	null	null	null	null	
2024/11/23 15:55:10.933	b135e9c82f3b5af8414a656ace8a78c8d45a7834	Windows 11  (10.0.22631) 64bit (Editor)	True	null	null	null	null	null	null	None	0	null	0	0	null	null	null	null	null	
2024/11/23 15:55:10.941	b135e9c82f3b5af8414a656ace8a78c8d45a7834	Windows 11  (10.0.22631) 64bit (Editor)	True	null	null	null	null	null	null	None	0	null	0	0	null	null	null	null	null	
2024/11/23 15:55:10.950	b135e9c82f3b5af8414a656ace8a78c8d45a7834	Windows 11  (10.0.22631) 64bit (Editor)	True	null	null	null	null	null	null	None	0	null	0	0	null	null	null	null	null	
2024/11/23 15:55:10.957	b135e9c82f3b5af8414a656ace8a78c8d45a7834	Windows 11  (10.0.22631) 64bit (Editor)	True	null	null	null	null	null	null	None	0	null	0	0	null	null	null	null	null	
2024/11/23 15:55:10.965	b135e9c82f3b5af8414a656ace8a78c8d45a7834	Windows 11  (10.0.22631) 64bit (Editor)	True	null	null	null	null	null	null	None	0	null	0	0	null	null	null	null	null	
2024/11/23 15:55:10.985	b135e9c82f3b5af8414a656ace8a78c8d45a7834	Windows 11  (10.0.22631) 64bit (Editor)	True	null	null	null	null	null	null	None	0	null	0	0	null	null	null	null	null	
2024/11/23 15:55:10.992	b135e9c82f3b5af8414a656ace8a78c8d45a7834	Windows 11  (10.0.22631) 64bit (Editor)	True	null	null	null	null	null	null	None	0	null	0	0	null	null	null	null	null	
2024/11/23 15:55:11.001	b135e9c82f3b5af8414a656ace8a78c8d45a7834	Windows 11  (10.0.22631) 64bit (Editor)	True	null	null	null	null	null	null	None	0	null	0	0	null	null	null	null	null	
2024/11/23 15:55:11.009	b135e9c82f3b5af8414a656ace8a78c8d45a7834	Windows 11  (10.0.22631) 64bit (Editor)	True	null	null	null	null	null	null	None	0	null	0	0	null	null	null	null	null	
2024/11/23 15:55:11.017	b135e9c82f3b5af8414a656ace8a78c8d45a7834	Windows 11  (10.0.22631) 64bit (Editor)	True	null	null	null	null	null	null	None	0	null	0	0	null	null	null	null	null	
2024/11/23 15:55:11.025	b135e9c82f3b5af8414a656ace8a78c8d45a7834	Windows 11  (10.0.22631) 64bit (Editor)	True	null	null	null	null	null	null	None	0	null	0	0	null	null	null	null	null	
2024/11/23 15:55:11.034	b135e9c82f3b5af8414a656ace8a78c8d45a7834	Windows 11  (10.0.22631) 64bit (Editor)	True	null	null	null	null	null	null	None	0	null	0	0	null	null	null	null	null	
2024/11/23 15:55:11.041	b135e9c82f3b5af8414a656ace8a78c8d45a7834	Windows 11  (10.0.22631) 64bit (Editor)	True	null	null	null	null	null	null	None	0	null	0	0	null	null	null	null	null	
2024/11/23 15:55:11.050	b135e9c82f3b5af8414a656ace8a78c8d45a7834	Windows 11  (10.0.22631) 64bit (Editor)	True	null	null	null	null	null	null	None	0	null	0	0	null	null	null	null	null	
2024/11/23 15:55:11.059	b135e9c82f3b5af8414a656ace8a78c8d45a7834	Windows 11  (10.0.22631) 64bit (Editor)	True	null	null	null	null	null	null	None	0	null	0	0	null	null	null	null	null	
2024/11/23 15:55:11.066	b135e9c82f3b5af8414a656ace8a78c8d45a7834	Windows 11  (10.0.22631) 64bit (Editor)	True	null	null	null	null	null	null	None	0	null	0	0	null	null	null	null	null	
2024/11/23 15:55:11.074	b135e9c82f3b5af8414a656ace8a78c8d45a7834	Windows 11  (10.0.22631) 64bit (Editor)	True	null	null	null	null	null	null	None	0	null	0	0	null	null	null	null	null	
2024/11/23 15:55:11.083	b135e9c82f3b5af8414a656ace8a78c8d45a7834	Windows 11  (10.0.22631) 64bit (Editor)	True	null	null	null	null	null	null	None	0	null	0	0	null	null	null	null	null	
2024/11/23 15:55:11.090	b135e9c82f3b5af8414a656ace8a78c8d45a7834	Windows 11  (10.0.22631) 64bit (Editor)	True	null	null	null	null	null	null	None	0	null	0	0	null	null	null	null	null	
2024/11/23 15:55:11.098	b135e9c82f3b5af8414a656ace8a78c8d45a7834	Windows 11  (10.0.22631) 64bit (Editor)	True	null	null	null	null	null	null	None	0	null	0	0	null	null	null	null	null	
2024/11/23 15:55:11.105	b135e9c82f3b5af8414a656ace8a78c8d45a7834	Windows 11  (10.0.22631) 64bit (Editor)	True	null	null	null	null	null	null	None	0	null	0	0	null	null	null	null	null	
2024/11/23 15:55:11.111	b135e9c82f3b5af8414a656ace8a78c8d45a7834	Windows 11  (10.0.22631) 64bit (Editor)	True	null	null	null	null	null	null	None	0	null	0	0	null	null	null	null	null	
2024/11/23 15:55:11.119	b135e9c82f3b5af8414a656ace8a78c8d45a7834	Windows 11  (10.0.22631) 64bit (Editor)	True	null	null	null	null	null	null	None	0	null	0	0	null	null	null	null	null	
2024/11/23 15:55:11.137	b135e9c82f3b5af8414a656ace8a78c8d45a7834	Windows 11  (10.0.22631) 64bit (Editor)	True	null	null	null	null	null	null	None	0	null	0	0	null	null	null	null	null	
2024/11/23 15:55:11.148	b135e9c82f3b5af8414a656ace8a78c8d45a7834	Windows 11  (10.0.22631) 64bit (Editor)	True	null	null	null	null	null	null	None	0	null	0	0	null	null	null	null	null	
2024/11/23 15:55:11.156	b135e9c82f3b5af8414a656ace8a78c8d45a7834	Windows 11  (10.0.22631) 64bit (Editor)	True	null	null	null	null	null	null	None	0	null	0	0	null	null	null	null	null	
2024/11/23 15:55:11.166	b135e9c82f3b5af8414a656ace8a78c8d45a7834	Windows 11  (10.0.22631) 64bit (Editor)	True	null	null	null	null	null	null	None	0	null	0	0	null	null	null	null	null	
2024/11/23 15:55:11.174	b135e9c82f3b5af8414a656ace8a78c8d45a7834	Windows 11  (10.0.22631) 64bit (Editor)	True	null	null	null	null	null	null	None	0	null	0	0	null	null	null	null	null	
2024/11/23 15:55:11.180	b135e9c82f3b5af8414a656ace8a78c8d45a7834	Windows 11  (10.0.22631) 64bit (Editor)	True	null	null	null	null	null	null	None	0	null	0	0	null	null	null	null	null	
2024/11/23 15:55:11.189	b135e9c82f3b5af8414a656ace8a78c8d45a7834	Windows 11  (10.0.22631) 64bit (Editor)	True	null	null	null	null	null	null	None	0	null	0	0	null	null	null	null	null	
2024/11/23 15:55:11.196	b135e9c82f3b5af8414a656ace8a78c8d45a7834	Windows 11  (10.0.22631) 64bit (Editor)	True	null	null	null	null	null	null	None	0	null	0	0	null	null	null	null	null	
2024/11/23 15:55:11.205	b135e9c82f3b5af8414a656ace8a78c8d45a7834	Windows 11  (10.0.22631) 64bit (Editor)	True	null	null	null	null	null	null	None	0	null	0	0	null	null	null	null	null	
2024/11/23 15:55:11.212	b135e9c82f3b5af8414a656ace8a78c8d45a7834	Windows 11  (10.0.22631) 64bit (Editor)	True	null	null	null	null	null	null	None	0	null	0	0	null	null	null	null	null	
2024/11/23 15:55:11.219	b135e9c82f3b5af8414a656ace8a78c8d45a7834	Windows 11  (10.0.22631) 64bit (Editor)	True	null	null	null	null	null	null	None	0	null	0	0	null	null	null	null	null	
2024/11/23 15:55:11.227	b135e9c82f3b5af8414a656ace8a78c8d45a7834	Windows 11  (10.0.22631) 64bit (Editor)	True	null	null	null	null	null	null	None	0	null	0	0	null	null	null	null	null	
2024/11/23 15:55:11.237	b135e9c82f3b5af8414a656ace8a78c8d45a7834	Windows 11  (10.0.22631) 64bit (Editor)	True	null	null	null	null	null	null	None	0	null	0	0	null	null	null	null	null	
2024/11/23 15:55:11.245	b135e9c82f3b5af8414a656ace8a78c8d45a7834	Windows 11  (10.0.22631) 64bit (Editor)	True	null	null	null	null	null	null	None	0	null	0	0	null	null	null	null	null	
2024/11/23 15:55:11.252	b135e9c82f3b5af8414a656ace8a78c8d45a7834	Windows 11  (10.0.22631) 64bit (Editor)	True	null	null	null	null	null	null	None	0	null	0	0	null	null	null	null	null	
2024/11/23 15:55:11.260	b135e9c82f3b5af8414a656ace8a78c8d45a7834	Windows 11  (10.0.22631) 64bit (Editor)	True	null	null	null	null	null	null	None	0	null	0	0	null	null	null	null	null	
2024/11/23 15:55:11.267	b135e9c82f3b5af8414a656ace8a78c8d45a7834	Windows 11  (10.0.22631) 64bit (Editor)	True	null	null	null	null	null	null	None	0	null	0	0	null	null	null	null	null	
2024/11/23 15:55:11.274	b135e9c82f3b5af8414a656ace8a78c8d45a7834	Windows 11  (10.0.22631) 64bit (Editor)	True	null	null	null	null	null	null	None	0	null	0	0	null	null	null	null	null	
2024/11/23 15:55:11.292	b135e9c82f3b5af8414a656ace8a78c8d45a7834	Windows 11  (10.0.22631) 64bit (Editor)	True	null	null	null	null	null	null	None	0	null	0	0	null	null	null	null	null	
2024/11/23 15:55:11.299	b135e9c82f3b5af8414a656ace8a78c8d45a7834	Windows 11  (10.0.22631) 64bit (Editor)	True	null	null	null	null	null	null	None	0	null	0	0	null	null	null	null	null	
2024/11/23 15:55:11.309	b135e9c82f3b5af8414a656ace8a78c8d45a7834	Windows 11  (10.0.22631) 64bit (Editor)	True	null	null	null	null	null	null	None	0	null	0	0	null	null	null	null	null	
2024/11/23 15:55:11.317	b135e9c82f3b5af8414a656ace8a78c8d45a7834	Windows 11  (10.0.22631) 64bit (Editor)	True	null	null	null	null	null	null	None	0	null	0	0	null	null	null	null	null	
2024/11/23 15:55:11.325	b135e9c82f3b5af8414a656ace8a78c8d45a7834	Windows 11  (10.0.22631) 64bit (Editor)	True	null	null	null	null	null	null	None	0	null	0	0	null	null	null	null	null	
2024/11/23 15:55:11.336	b135e9c82f3b5af8414a656ace8a78c8d45a7834	Windows 11  (10.0.22631) 64bit (Editor)	True	null	null	null	null	null	null	None	0	null	0	0	null	null	null	null	null	
2024/11/23 15:55:11.345	b135e9c82f3b5af8414a656ace8a78c8d45a7834	Windows 11  (10.0.22631) 64bit (Editor)	True	null	null	null	null	null	null	None	0	null	0	0	null	null	null	null	null	
2024/11/23 15:55:11.354	b135e9c82f3b5af8414a656ace8a78c8d45a7834	Windows 11  (10.0.22631) 64bit (Editor)	True	null	null	null	null	null	null	None	0	null	0	0	null	null	null	null	null	
2024/11/23 15:55:11.363	b135e9c82f3b5af8414a656ace8a78c8d45a7834	Windows 11  (10.0.22631) 64bit (Editor)	True	null	null	null	null	null	null	None	0	null	0	0	null	null	null	null	null	
2024/11/23 15:55:11.372	b135e9c82f3b5af8414a656ace8a78c8d45a7834	Windows 11  (10.0.22631) 64bit (Editor)	True	null	null	null	null	null	null	None	0	null	0	0	null	null	null	null	null	
2024/11/23 15:55:11.382	b135e9c82f3b5af8414a656ace8a78c8d45a7834	Windows 11  (10.0.22631) 64bit (Editor)	True	null	null	null	null	null	null	None	0	null	0	0	null	null	null	null	null	
2024/11/23 15:55:11.390	b135e9c82f3b5af8414a656ace8a78c8d45a7834	Windows 11  (10.0.22631) 64bit (Editor)	True	null	null	null	null	null	null	None	0	null	0	0	null	null	null	null	null	
2024/11/23 15:55:11.396	b135e9c82f3b5af8414a656ace8a78c8d45a7834	Windows 11  (10.0.22631) 64bit (Editor)	True	null	null	null	null	null	null	None	0	null	0	0	null	null	null	null	null	
2024/11/23 15:55:11.404	b135e9c82f3b5af8414a656ace8a78c8d45a7834	Windows 11  (10.0.22631) 64bit (Editor)	True	null	null	null	null	null	null	None	0	null	0	0	null	null	null	null	null	
2024/11/23 15:55:11.411	b135e9c82f3b5af8414a656ace8a78c8d45a7834	Windows 11  (10.0.22631) 64bit (Editor)	True	null	null	null	null	null	null	None	0	null	0	0	null	null	null	null	null	
2024/11/23 15:55:11.418	b135e9c82f3b5af8414a656ace8a78c8d45a7834	Windows 11  (10.0.22631) 64bit (Editor)	True	null	null	null	null	null	null	None	0	null	0	0	null	null	null	null	null	
2024/11/23 15:55:11.425	b135e9c82f3b5af8414a656ace8a78c8d45a7834	Windows 11  (10.0.22631) 64bit (Editor)	True	null	null	null	null	null	null	None	0	null	0	0	null	null	null	null	null	
2024/11/23 15:55:11.445	b135e9c82f3b5af8414a656ace8a78c8d45a7834	Windows 11  (10.0.22631) 64bit (Editor)	True	null	null	null	null	null	null	None	0	null	0	0	null	null	null	null	null	
2024/11/23 15:55:11.456	b135e9c82f3b5af8414a656ace8a78c8d45a7834	Windows 11  (10.0.22631) 64bit (Editor)	True	null	null	null	null	null	null	None	0	null	0	0	null	null	null	null	null	
2024/11/23 15:55:11.464	b135e9c82f3b5af8414a656ace8a78c8d45a7834	Windows 11  (10.0.22631) 64bit (Editor)	True	null	null	null	null	null	null	None	0	null	0	0	null	null	null	null	null	
2024/11/23 15:55:11.472	b135e9c82f3b5af8414a656ace8a78c8d45a7834	Windows 11  (10.0.22631) 64bit (Editor)	True	null	null	null	null	null	null	None	0	null	0	0	null	null	null	null	null	
2024/11/23 15:55:11.479	b135e9c82f3b5af8414a656ace8a78c8d45a7834	Windows 11  (10.0.22631) 64bit (Editor)	True	null	null	null	null	null	null	None	0	null	0	0	null	null	null	null	null	
2024/11/23 15:55:11.487	b135e9c82f3b5af8414a656ace8a78c8d45a7834	Windows 11  (10.0.22631) 64bit (Editor)	True	null	null	null	null	null	null	None	0	null	0	0	null	null	null	null	null	
2024/11/23 15:55:11.495	b135e9c82f3b5af8414a656ace8a78c8d45a7834	Windows 11  (10.0.22631) 64bit (Editor)	True	null	null	null	null	null	null	None	0	null	0	0	null	null	null	null	null	
2024/11/23 15:55:11.503	b135e9c82f3b5af8414a656ace8a78c8d45a7834	Windows 11  (10.0.22631) 64bit (Editor)	True	null	null	null	null	null	null	None	0	null	0	0	null	null	null	null	null	
2024/11/23 15:55:11.512	b135e9c82f3b5af8414a656ace8a78c8d45a7834	Windows 11  (10.0.22631) 64bit (Editor)	True	null	null	null	null	null	null	None	0	null	0	0	null	null	null	null	null	
2024/11/23 15:55:11.521	b135e9c82f3b5af8414a656ace8a78c8d45a7834	Windows 11  (10.0.22631) 64bit (Editor)	True	null	null	null	null	null	null	None	0	null	0	0	null	null	null	null	null	
2024/11/23 15:55:11.527	b135e9c82f3b5af8414a656ace8a78c8d45a7834	Windows 11  (10.0.22631) 64bit (Editor)	True	null	null	null	null	null	null	None	0	null	0	0	null	null	null	null	null	
2024/11/23 15:55:11.536	b135e9c82f3b5af8414a656ace8a78c8d45a7834	Windows 11  (10.0.22631) 64bit (Editor)	True	null	null	null	null	null	null	None	0	null	0	0	null	null	null	null	null	
2024/11/23 15:55:11.543	b135e9c82f3b5af8414a656ace8a78c8d45a7834	Windows 11  (10.0.22631) 64bit (Editor)	True	null	null	null	null	null	null	None	0	null	0	0	null	null	null	null	null	
2024/11/23 15:55:11.551	b135e9c82f3b5af8414a656ace8a78c8d45a7834	Windows 11  (10.0.22631) 64bit (Editor)	True	null	null	null	null	null	null	None	0	null	0	0	null	null	null	null	null	
2024/11/23 15:55:11.559	b135e9c82f3b5af8414a656ace8a78c8d45a7834	Windows 11  (10.0.22631) 64bit (Editor)	True	null	null	null	null	null	null	None	0	null	0	0	null	null	null	null	null	
2024/11/23 15:55:11.567	b135e9c82f3b5af8414a656ace8a78c8d45a7834	Windows 11  (10.0.22631) 64bit (Editor)	True	null	null	null	null	null	null	None	0	null	0	0	null	null	null	null	null	
2024/11/23 15:55:11.574	b135e9c82f3b5af8414a656ace8a78c8d45a7834	Windows 11  (10.0.22631) 64bit (Editor)	True	null	null	null	null	null	null	None	0	null	0	0	null	null	null	null	null	
2024/11/23 15:55:11.582	b135e9c82f3b5af8414a656ace8a78c8d45a7834	Windows 11  (10.0.22631) 64bit (Editor)	True	null	null	null	null	null	null	None	0	null	0	0	null	null	null	null	null	
2024/11/23 15:55:11.602	b135e9c82f3b5af8414a656ace8a78c8d45a7834	Windows 11  (10.0.22631) 64bit (Editor)	True	null	null	null	null	null	null	None	0	null	0	0	null	null	null	null	null	
2024/11/23 15:55:11.609	b135e9c82f3b5af8414a656ace8a78c8d45a7834	Windows 11  (10.0.22631) 64bit (Editor)	True	null	null	null	null	null	null	None	0	null	0	0	null	null	null	null	null	
2024/11/23 15:55:11.618	b135e9c82f3b5af8414a656ace8a78c8d45a7834	Windows 11  (10.0.22631) 64bit (Editor)	True	null	null	null	null	null	null	None	0	null	0	0	null	null	null	null	null	
2024/11/23 15:55:11.626	b135e9c82f3b5af8414a656ace8a78c8d45a7834	Windows 11  (10.0.22631) 64bit (Editor)	True	null	null	null	null	null	null	None	0	null	0	0	null	null	null	null	null	
2024/11/23 15:55:11.634	b135e9c82f3b5af8414a656ace8a78c8d45a7834	Windows 11  (10.0.22631) 64bit (Editor)	True	null	null	null	null	null	null	None	0	null	0	0	null	null	null	null	null	
2024/11/23 15:55:11.642	b135e9c82f3b5af8414a656ace8a78c8d45a7834	Windows 11  (10.0.22631) 64bit (Editor)	True	null	null	null	null	null	null	None	0	null	0	0	null	null	null	null	null	
2024/11/23 15:55:11.652	b135e9c82f3b5af8414a656ace8a78c8d45a7834	Windows 11  (10.0.22631) 64bit (Editor)	True	null	null	null	null	null	null	None	0	null	0	0	null	null	null	null	null	
2024/11/23 15:55:11.660	b135e9c82f3b5af8414a656ace8a78c8d45a7834	Windows 11  (10.0.22631) 64bit (Editor)	True	null	null	null	null	null	null	None	0	null	0	0	null	null	null	null	null	
2024/11/23 15:55:11.667	b135e9c82f3b5af8414a656ace8a78c8d45a7834	Windows 11  (10.0.22631) 64bit (Editor)	True	null	null	null	null	null	null	None	0	null	0	0	null	null	null	null	null	
2024/11/23 15:55:11.676	b135e9c82f3b5af8414a656ace8a78c8d45a7834	Windows 11  (10.0.22631) 64bit (Editor)	True	null	null	null	null	null	null	None	0	null	0	0	null	null	null	null	null	
2024/11/23 15:55:11.685	b135e9c82f3b5af8414a656ace8a78c8d45a7834	Windows 11  (10.0.22631) 64bit (Editor)	True	null	null	null	null	null	null	None	0	null	0	0	null	null	null	null	null	
2024/11/23 15:55:11.692	b135e9c82f3b5af8414a656ace8a78c8d45a7834	Windows 11  (10.0.22631) 64bit (Editor)	True	null	null	null	null	null	null	None	0	null	0	0	null	null	null	null	null	
2024/11/23 15:55:11.701	b135e9c82f3b5af8414a656ace8a78c8d45a7834	Windows 11  (10.0.22631) 64bit (Editor)	True	null	null	null	null	null	null	None	0	null	0	0	null	null	null	null	null	
2024/11/23 15:55:11.707	b135e9c82f3b5af8414a656ace8a78c8d45a7834	Windows 11  (10.0.22631) 64bit (Editor)	True	null	null	null	null	null	null	None	0	null	0	0	null	null	null	null	null	
2024/11/23 15:55:11.720	b135e9c82f3b5af8414a656ace8a78c8d45a7834	Windows 11  (10.0.22631) 64bit (Editor)	True	null	null	null	null	null	null	None	0	null	0	0	null	null	null	null	null	
2024/11/23 15:55:11.731	b135e9c82f3b5af8414a656ace8a78c8d45a7834	Windows 11  (10.0.22631) 64bit (Editor)	True	null	null	null	null	null	null	None	0	null	0	0	null	null	null	null	null	
2024/11/23 15:55:11.743	b135e9c82f3b5af8414a656ace8a78c8d45a7834	Windows 11  (10.0.22631) 64bit (Editor)	True	null	null	null	null	null	null	None	0	null	0	0	null	null	null	null	null	
2024/11/23 15:55:11.761	b135e9c82f3b5af8414a656ace8a78c8d45a7834	Windows 11  (10.0.22631) 64bit (Editor)	True	null	null	null	null	null	null	None	0	null	0	0	null	null	null	null	null	
2024/11/23 15:55:11.773	b135e9c82f3b5af8414a656ace8a78c8d45a7834	Windows 11  (10.0.22631) 64bit (Editor)	True	null	null	null	null	null	null	None	0	null	0	0	null	null	null	null	null	
2024/11/23 15:55:11.780	b135e9c82f3b5af8414a656ace8a78c8d45a7834	Windows 11  (10.0.22631) 64bit (Editor)	True	null	null	null	null	null	null	None	0	null	0	0	null	null	null	null	null	
2024/11/23 15:55:11.790	b135e9c82f3b5af8414a656ace8a78c8d45a7834	Windows 11  (10.0.22631) 64bit (Editor)	True	null	null	null	null	null	null	None	0	null	0	0	null	null	null	null	null	
2024/11/23 15:55:11.798	b135e9c82f3b5af8414a656ace8a78c8d45a7834	Windows 11  (10.0.22631) 64bit (Editor)	True	null	null	null	null	null	null	None	0	null	0	0	null	null	null	null	null	
2024/11/23 15:55:11.806	b135e9c82f3b5af8414a656ace8a78c8d45a7834	Windows 11  (10.0.22631) 64bit (Editor)	True	null	null	null	null	null	null	None	0	null	0	0	null	null	null	null	null	
2024/11/23 15:55:11.815	b135e9c82f3b5af8414a656ace8a78c8d45a7834	Windows 11  (10.0.22631) 64bit (Editor)	True	null	null	null	null	null	null	None	0	null	0	0	null	null	null	null	null	
2024/11/23 15:55:11.822	b135e9c82f3b5af8414a656ace8a78c8d45a7834	Windows 11  (10.0.22631) 64bit (Editor)	True	null	null	null	null	null	null	None	0	null	0	0	null	null	null	null	null	
2024/11/23 15:55:11.829	b135e9c82f3b5af8414a656ace8a78c8d45a7834	Windows 11  (10.0.22631) 64bit (Editor)	True	null	null	null	null	null	null	None	0	null	0	0	null	null	null	null	null	
2024/11/23 15:55:11.838	b135e9c82f3b5af8414a656ace8a78c8d45a7834	Windows 11  (10.0.22631) 64bit (Editor)	True	null	null	null	null	null	null	None	0	null	0	0	null	null	null	null	null	
2024/11/23 15:55:11.854	b135e9c82f3b5af8414a656ace8a78c8d45a7834	Windows 11  (10.0.22631) 64bit (Editor)	True	null	null	null	null	null	null	None	0	null	0	0	null	null	null	null	null	
2024/11/23 15:55:11.863	b135e9c82f3b5af8414a656ace8a78c8d45a7834	Windows 11  (10.0.22631) 64bit (Editor)	True	null	null	null	null	null	null	None	0	null	0	0	null	null	null	null	null	
2024/11/23 15:55:11.871	b135e9c82f3b5af8414a656ace8a78c8d45a7834	Windows 11  (10.0.22631) 64bit (Editor)	True	null	null	null	null	null	null	None	0	null	0	0	null	null	null	null	null	
2024/11/23 15:55:11.878	b135e9c82f3b5af8414a656ace8a78c8d45a7834	Windows 11  (10.0.22631) 64bit (Editor)	True	null	null	null	null	null	null	None	0	null	0	0	null	null	null	null	null	
2024/11/23 15:55:11.886	b135e9c82f3b5af8414a656ace8a78c8d45a7834	Windows 11  (10.0.22631) 64bit (Editor)	True	null	null	null	null	null	null	None	0	null	0	0	null	null	null	null	null	
2024/11/23 15:55:11.894	b135e9c82f3b5af8414a656ace8a78c8d45a7834	Windows 11  (10.0.22631) 64bit (Editor)	True	null	null	null	null	null	null	None	0	null	0	0	null	null	null	null	null	
2024/11/23 15:55:11.911	b135e9c82f3b5af8414a656ace8a78c8d45a7834	Windows 11  (10.0.22631) 64bit (Editor)	True	null	null	null	null	null	null	None	0	null	0	0	null	null	null	null	null	
2024/11/23 15:55:11.918	b135e9c82f3b5af8414a656ace8a78c8d45a7834	Windows 11  (10.0.22631) 64bit (Editor)	True	null	null	null	null	null	null	None	0	null	0	0	null	null	null	null	null	
2024/11/23 15:55:11.925	b135e9c82f3b5af8414a656ace8a78c8d45a7834	Windows 11  (10.0.22631) 64bit (Editor)	True	null	null	null	null	null	null	None	0	null	0	0	null	null	null	null	null	
2024/11/23 15:55:11.939	b135e9c82f3b5af8414a656ace8a78c8d45a7834	Windows 11  (10.0.22631) 64bit (Editor)	True	null	null	null	null	null	null	None	0	null	0	0	null	null	null	null	null	
