2024/11/23 15:51:58.025	b135e9c82f3b5af8414a656ace8a78c8d45a7834	Windows 11  (10.0.22631) 64bit (Editor)	True	null	null	null	null	null	null	None	0	null	0	0	null	null	null	null	null	
2024/11/23 15:51:58.139	b135e9c82f3b5af8414a656ace8a78c8d45a7834	Windows 11  (10.0.22631) 64bit (Editor)	True	null	null	null	null	null	null	None	0	null	0	0	null	null	null	null	null	
2024/11/23 15:51:59.047	b135e9c82f3b5af8414a656ace8a78c8d45a7834	Windows 11  (10.0.22631) 64bit (Editor)	True	null	null	null	null	null	null	None	0	null	0	0	null	null	null	null	null	
2024/11/23 15:51:59.099	b135e9c82f3b5af8414a656ace8a78c8d45a7834	Windows 11  (10.0.22631) 64bit (Editor)	True	null	null	null	null	null	null	None	0	null	0	0	null	null	null	null	null	
2024/11/23 15:51:59.112	b135e9c82f3b5af8414a656ace8a78c8d45a7834	Windows 11  (10.0.22631) 64bit (Editor)	True	null	null	null	null	null	null	None	0	null	0	0	null	null	null	null	null	
2024/11/23 15:51:59.121	b135e9c82f3b5af8414a656ace8a78c8d45a7834	Windows 11  (10.0.22631) 64bit (Editor)	True	null	null	null	null	null	null	None	0	null	0	0	null	null	null	null	null	
2024/11/23 15:51:59.128	b135e9c82f3b5af8414a656ace8a78c8d45a7834	Windows 11  (10.0.22631) 64bit (Editor)	True	null	null	null	null	null	null	None	0	null	0	0	null	null	null	null	null	
2024/11/23 15:51:59.137	b135e9c82f3b5af8414a656ace8a78c8d45a7834	Windows 11  (10.0.22631) 64bit (Editor)	True	null	null	null	null	null	null	None	0	null	0	0	null	null	null	null	null	
2024/11/23 15:51:59.143	b135e9c82f3b5af8414a656ace8a78c8d45a7834	Windows 11  (10.0.22631) 64bit (Editor)	True	null	null	null	null	null	null	None	0	null	0	0	null	null	null	null	null	
2024/11/23 15:51:59.152	b135e9c82f3b5af8414a656ace8a78c8d45a7834	Windows 11  (10.0.22631) 64bit (Editor)	True	null	null	null	null	null	null	None	0	null	0	0	null	null	null	null	null	
2024/11/23 15:51:59.160	b135e9c82f3b5af8414a656ace8a78c8d45a7834	Windows 11  (10.0.22631) 64bit (Editor)	True	null	null	null	null	null	null	None	0	null	0	0	null	null	null	null	null	
2024/11/23 15:51:59.168	b135e9c82f3b5af8414a656ace8a78c8d45a7834	Windows 11  (10.0.22631) 64bit (Editor)	True	null	null	null	null	null	null	None	0	null	0	0	null	null	null	null	null	
2024/11/23 15:51:59.176	b135e9c82f3b5af8414a656ace8a78c8d45a7834	Windows 11  (10.0.22631) 64bit (Editor)	True	null	null	null	null	null	null	None	0	null	0	0	null	null	null	null	null	
2024/11/23 15:51:59.183	b135e9c82f3b5af8414a656ace8a78c8d45a7834	Windows 11  (10.0.22631) 64bit (Editor)	True	null	null	null	null	null	null	None	0	null	0	0	null	null	null	null	null	
2024/11/23 15:51:59.191	b135e9c82f3b5af8414a656ace8a78c8d45a7834	Windows 11  (10.0.22631) 64bit (Editor)	True	null	null	null	null	null	null	None	0	null	0	0	null	null	null	null	null	
2024/11/23 15:51:59.207	b135e9c82f3b5af8414a656ace8a78c8d45a7834	Windows 11  (10.0.22631) 64bit (Editor)	True	null	null	null	null	null	null	None	0	null	0	0	null	null	null	null	null	
2024/11/23 15:51:59.215	b135e9c82f3b5af8414a656ace8a78c8d45a7834	Windows 11  (10.0.22631) 64bit (Editor)	True	null	null	null	null	null	null	None	0	null	0	0	null	null	null	null	null	
2024/11/23 15:51:59.222	b135e9c82f3b5af8414a656ace8a78c8d45a7834	Windows 11  (10.0.22631) 64bit (Editor)	True	null	null	null	null	null	null	None	0	null	0	0	null	null	null	null	null	
2024/11/23 15:51:59.231	b135e9c82f3b5af8414a656ace8a78c8d45a7834	Windows 11  (10.0.22631) 64bit (Editor)	True	null	null	null	null	null	null	None	0	null	0	0	null	null	null	null	null	
2024/11/23 15:51:59.240	b135e9c82f3b5af8414a656ace8a78c8d45a7834	Windows 11  (10.0.22631) 64bit (Editor)	True	null	null	null	null	null	null	None	0	null	0	0	null	null	null	null	null	
2024/11/23 15:51:59.248	b135e9c82f3b5af8414a656ace8a78c8d45a7834	Windows 11  (10.0.22631) 64bit (Editor)	True	null	null	null	null	null	null	None	0	null	0	0	null	null	null	null	null	
2024/11/23 15:51:59.256	b135e9c82f3b5af8414a656ace8a78c8d45a7834	Windows 11  (10.0.22631) 64bit (Editor)	True	null	null	null	null	null	null	None	0	null	0	0	null	null	null	null	null	
2024/11/23 15:51:59.264	b135e9c82f3b5af8414a656ace8a78c8d45a7834	Windows 11  (10.0.22631) 64bit (Editor)	True	null	null	null	null	null	null	None	0	null	0	0	null	null	null	null	null	
2024/11/23 15:51:59.273	b135e9c82f3b5af8414a656ace8a78c8d45a7834	Windows 11  (10.0.22631) 64bit (Editor)	True	null	null	null	null	null	null	None	0	null	0	0	null	null	null	null	null	
2024/11/23 15:51:59.280	b135e9c82f3b5af8414a656ace8a78c8d45a7834	Windows 11  (10.0.22631) 64bit (Editor)	True	null	null	null	null	null	null	None	0	null	0	0	null	null	null	null	null	
2024/11/23 15:51:59.287	b135e9c82f3b5af8414a656ace8a78c8d45a7834	Windows 11  (10.0.22631) 64bit (Editor)	True	null	null	null	null	null	null	None	0	null	0	0	null	null	null	null	null	
2024/11/23 15:51:59.297	b135e9c82f3b5af8414a656ace8a78c8d45a7834	Windows 11  (10.0.22631) 64bit (Editor)	True	null	null	null	null	null	null	None	0	null	0	0	null	null	null	null	null	
2024/11/23 15:51:59.304	b135e9c82f3b5af8414a656ace8a78c8d45a7834	Windows 11  (10.0.22631) 64bit (Editor)	True	null	null	null	null	null	null	None	0	null	0	0	null	null	null	null	null	
2024/11/23 15:51:59.312	b135e9c82f3b5af8414a656ace8a78c8d45a7834	Windows 11  (10.0.22631) 64bit (Editor)	True	null	null	null	null	null	null	None	0	null	0	0	null	null	null	null	null	
2024/11/23 15:51:59.319	b135e9c82f3b5af8414a656ace8a78c8d45a7834	Windows 11  (10.0.22631) 64bit (Editor)	True	null	null	null	null	null	null	None	0	null	0	0	null	null	null	null	null	
2024/11/23 15:51:59.327	b135e9c82f3b5af8414a656ace8a78c8d45a7834	Windows 11  (10.0.22631) 64bit (Editor)	True	null	null	null	null	null	null	None	0	null	0	0	null	null	null	null	null	
2024/11/23 15:51:59.335	b135e9c82f3b5af8414a656ace8a78c8d45a7834	Windows 11  (10.0.22631) 64bit (Editor)	True	null	null	null	null	null	null	None	0	null	0	0	null	null	null	null	null	
2024/11/23 15:51:59.343	b135e9c82f3b5af8414a656ace8a78c8d45a7834	Windows 11  (10.0.22631) 64bit (Editor)	True	null	null	null	null	null	null	None	0	null	0	0	null	null	null	null	null	
2024/11/23 15:51:59.359	b135e9c82f3b5af8414a656ace8a78c8d45a7834	Windows 11  (10.0.22631) 64bit (Editor)	True	null	null	null	null	null	null	None	0	null	0	0	null	null	null	null	null	
2024/11/23 15:51:59.367	b135e9c82f3b5af8414a656ace8a78c8d45a7834	Windows 11  (10.0.22631) 64bit (Editor)	True	null	null	null	null	null	null	None	0	null	0	0	null	null	null	null	null	
2024/11/23 15:51:59.375	b135e9c82f3b5af8414a656ace8a78c8d45a7834	Windows 11  (10.0.22631) 64bit (Editor)	True	null	null	null	null	null	null	None	0	null	0	0	null	null	null	null	null	
2024/11/23 15:51:59.384	b135e9c82f3b5af8414a656ace8a78c8d45a7834	Windows 11  (10.0.22631) 64bit (Editor)	True	null	null	null	null	null	null	None	0	null	0	0	null	null	null	null	null	
2024/11/23 15:51:59.392	b135e9c82f3b5af8414a656ace8a78c8d45a7834	Windows 11  (10.0.22631) 64bit (Editor)	True	null	null	null	null	null	null	None	0	null	0	0	null	null	null	null	null	
2024/11/23 15:51:59.399	b135e9c82f3b5af8414a656ace8a78c8d45a7834	Windows 11  (10.0.22631) 64bit (Editor)	True	null	null	null	null	null	null	None	0	null	0	0	null	null	null	null	null	
2024/11/23 15:51:59.407	b135e9c82f3b5af8414a656ace8a78c8d45a7834	Windows 11  (10.0.22631) 64bit (Editor)	True	null	null	null	null	null	null	None	0	null	0	0	null	null	null	null	null	
2024/11/23 15:51:59.422	b135e9c82f3b5af8414a656ace8a78c8d45a7834	Windows 11  (10.0.22631) 64bit (Editor)	True	null	null	null	null	null	null	None	0	null	0	0	null	null	null	null	null	
2024/11/23 15:51:59.437	b135e9c82f3b5af8414a656ace8a78c8d45a7834	Windows 11  (10.0.22631) 64bit (Editor)	True	null	null	null	null	null	null	None	0	null	0	0	null	null	null	null	null	
2024/11/23 15:51:59.450	b135e9c82f3b5af8414a656ace8a78c8d45a7834	Windows 11  (10.0.22631) 64bit (Editor)	True	null	null	null	null	null	null	None	0	null	0	0	null	null	null	null	null	
2024/11/23 15:51:59.457	b135e9c82f3b5af8414a656ace8a78c8d45a7834	Windows 11  (10.0.22631) 64bit (Editor)	True	null	null	null	null	null	null	None	0	null	0	0	null	null	null	null	null	
2024/11/23 15:51:59.467	b135e9c82f3b5af8414a656ace8a78c8d45a7834	Windows 11  (10.0.22631) 64bit (Editor)	True	null	null	null	null	null	null	None	0	null	0	0	null	null	null	null	null	
2024/11/23 15:51:59.477	b135e9c82f3b5af8414a656ace8a78c8d45a7834	Windows 11  (10.0.22631) 64bit (Editor)	True	null	null	null	null	null	null	None	0	null	0	0	null	null	null	null	null	
2024/11/23 15:51:59.486	b135e9c82f3b5af8414a656ace8a78c8d45a7834	Windows 11  (10.0.22631) 64bit (Editor)	True	null	null	null	null	null	null	None	0	null	0	0	null	null	null	null	null	
2024/11/23 15:51:59.494	b135e9c82f3b5af8414a656ace8a78c8d45a7834	Windows 11  (10.0.22631) 64bit (Editor)	True	null	null	null	null	null	null	None	0	null	0	0	null	null	null	null	null	
2024/11/23 15:51:59.515	b135e9c82f3b5af8414a656ace8a78c8d45a7834	Windows 11  (10.0.22631) 64bit (Editor)	True	null	null	null	null	null	null	None	0	null	0	0	null	null	null	null	null	
2024/11/23 15:51:59.522	b135e9c82f3b5af8414a656ace8a78c8d45a7834	Windows 11  (10.0.22631) 64bit (Editor)	True	null	null	null	null	null	null	None	0	null	0	0	null	null	null	null	null	
2024/11/23 15:51:59.531	b135e9c82f3b5af8414a656ace8a78c8d45a7834	Windows 11  (10.0.22631) 64bit (Editor)	True	null	null	null	null	null	null	None	0	null	0	0	null	null	null	null	null	
2024/11/23 15:51:59.538	b135e9c82f3b5af8414a656ace8a78c8d45a7834	Windows 11  (10.0.22631) 64bit (Editor)	True	null	null	null	null	null	null	None	0	null	0	0	null	null	null	null	null	
2024/11/23 15:51:59.545	b135e9c82f3b5af8414a656ace8a78c8d45a7834	Windows 11  (10.0.22631) 64bit (Editor)	True	null	null	null	null	null	null	None	0	null	0	0	null	null	null	null	null	
2024/11/23 15:51:59.554	b135e9c82f3b5af8414a656ace8a78c8d45a7834	Windows 11  (10.0.22631) 64bit (Editor)	True	null	null	null	null	null	null	None	0	null	0	0	null	null	null	null	null	
2024/11/23 15:51:59.562	b135e9c82f3b5af8414a656ace8a78c8d45a7834	Windows 11  (10.0.22631) 64bit (Editor)	True	null	null	null	null	null	null	None	0	null	0	0	null	null	null	null	null	
2024/11/23 15:51:59.569	b135e9c82f3b5af8414a656ace8a78c8d45a7834	Windows 11  (10.0.22631) 64bit (Editor)	True	null	null	null	null	null	null	None	0	null	0	0	null	null	null	null	null	
2024/11/23 15:51:59.576	b135e9c82f3b5af8414a656ace8a78c8d45a7834	Windows 11  (10.0.22631) 64bit (Editor)	True	null	null	null	null	null	null	None	0	null	0	0	null	null	null	null	null	
2024/11/23 15:51:59.584	b135e9c82f3b5af8414a656ace8a78c8d45a7834	Windows 11  (10.0.22631) 64bit (Editor)	True	null	null	null	null	null	null	None	0	null	0	0	null	null	null	null	null	
2024/11/23 15:51:59.591	b135e9c82f3b5af8414a656ace8a78c8d45a7834	Windows 11  (10.0.22631) 64bit (Editor)	True	null	null	null	null	null	null	None	0	null	0	0	null	null	null	null	null	
2024/11/23 15:51:59.597	b135e9c82f3b5af8414a656ace8a78c8d45a7834	Windows 11  (10.0.22631) 64bit (Editor)	True	null	null	null	null	null	null	None	0	null	0	0	null	null	null	null	null	
2024/11/23 15:51:59.605	b135e9c82f3b5af8414a656ace8a78c8d45a7834	Windows 11  (10.0.22631) 64bit (Editor)	True	null	null	null	null	null	null	None	0	null	0	0	null	null	null	null	null	
2024/11/23 15:51:59.611	b135e9c82f3b5af8414a656ace8a78c8d45a7834	Windows 11  (10.0.22631) 64bit (Editor)	True	null	null	null	null	null	null	None	0	null	0	0	null	null	null	null	null	
2024/11/23 15:51:59.619	b135e9c82f3b5af8414a656ace8a78c8d45a7834	Windows 11  (10.0.22631) 64bit (Editor)	True	null	null	null	null	null	null	None	0	null	0	0	null	null	null	null	null	
2024/11/23 15:51:59.625	b135e9c82f3b5af8414a656ace8a78c8d45a7834	Windows 11  (10.0.22631) 64bit (Editor)	True	null	null	null	null	null	null	None	0	null	0	0	null	null	null	null	null	
2024/11/23 15:51:59.631	b135e9c82f3b5af8414a656ace8a78c8d45a7834	Windows 11  (10.0.22631) 64bit (Editor)	True	null	null	null	null	null	null	None	0	null	0	0	null	null	null	null	null	
2024/11/23 15:51:59.639	b135e9c82f3b5af8414a656ace8a78c8d45a7834	Windows 11  (10.0.22631) 64bit (Editor)	True	null	null	null	null	null	null	None	0	null	0	0	null	null	null	null	null	
2024/11/23 15:51:59.646	b135e9c82f3b5af8414a656ace8a78c8d45a7834	Windows 11  (10.0.22631) 64bit (Editor)	True	null	null	null	null	null	null	None	0	null	0	0	null	null	null	null	null	
2024/11/23 15:51:59.664	b135e9c82f3b5af8414a656ace8a78c8d45a7834	Windows 11  (10.0.22631) 64bit (Editor)	True	null	null	null	null	null	null	None	0	null	0	0	null	null	null	null	null	
2024/11/23 15:51:59.673	b135e9c82f3b5af8414a656ace8a78c8d45a7834	Windows 11  (10.0.22631) 64bit (Editor)	True	null	null	null	null	null	null	None	0	null	0	0	null	null	null	null	null	
2024/11/23 15:51:59.680	b135e9c82f3b5af8414a656ace8a78c8d45a7834	Windows 11  (10.0.22631) 64bit (Editor)	True	null	null	null	null	null	null	None	0	null	0	0	null	null	null	null	null	
2024/11/23 15:51:59.688	b135e9c82f3b5af8414a656ace8a78c8d45a7834	Windows 11  (10.0.22631) 64bit (Editor)	True	null	null	null	null	null	null	None	0	null	0	0	null	null	null	null	null	
2024/11/23 15:51:59.695	b135e9c82f3b5af8414a656ace8a78c8d45a7834	Windows 11  (10.0.22631) 64bit (Editor)	True	null	null	null	null	null	null	None	0	null	0	0	null	null	null	null	null	
2024/11/23 15:51:59.704	b135e9c82f3b5af8414a656ace8a78c8d45a7834	Windows 11  (10.0.22631) 64bit (Editor)	True	null	null	null	null	null	null	None	0	null	0	0	null	null	null	null	null	
2024/11/23 15:51:59.712	b135e9c82f3b5af8414a656ace8a78c8d45a7834	Windows 11  (10.0.22631) 64bit (Editor)	True	null	null	null	null	null	null	None	0	null	0	0	null	null	null	null	null	
2024/11/23 15:51:59.719	b135e9c82f3b5af8414a656ace8a78c8d45a7834	Windows 11  (10.0.22631) 64bit (Editor)	True	null	null	null	null	null	null	None	0	null	0	0	null	null	null	null	null	
2024/11/23 15:51:59.727	b135e9c82f3b5af8414a656ace8a78c8d45a7834	Windows 11  (10.0.22631) 64bit (Editor)	True	null	null	null	null	null	null	None	0	null	0	0	null	null	null	null	null	
2024/11/23 15:51:59.734	b135e9c82f3b5af8414a656ace8a78c8d45a7834	Windows 11  (10.0.22631) 64bit (Editor)	True	null	null	null	null	null	null	None	0	null	0	0	null	null	null	null	null	
2024/11/23 15:51:59.741	b135e9c82f3b5af8414a656ace8a78c8d45a7834	Windows 11  (10.0.22631) 64bit (Editor)	True	null	null	null	null	null	null	None	0	null	0	0	null	null	null	null	null	
2024/11/23 15:51:59.749	b135e9c82f3b5af8414a656ace8a78c8d45a7834	Windows 11  (10.0.22631) 64bit (Editor)	True	null	null	null	null	null	null	None	0	null	0	0	null	null	null	null	null	
2024/11/23 15:51:59.755	b135e9c82f3b5af8414a656ace8a78c8d45a7834	Windows 11  (10.0.22631) 64bit (Editor)	True	null	null	null	null	null	null	None	0	null	0	0	null	null	null	null	null	
2024/11/23 15:51:59.763	b135e9c82f3b5af8414a656ace8a78c8d45a7834	Windows 11  (10.0.22631) 64bit (Editor)	True	null	null	null	null	null	null	None	0	null	0	0	null	null	null	null	null	
2024/11/23 15:51:59.770	b135e9c82f3b5af8414a656ace8a78c8d45a7834	Windows 11  (10.0.22631) 64bit (Editor)	True	null	null	null	null	null	null	None	0	null	0	0	null	null	null	null	null	
2024/11/23 15:51:59.777	b135e9c82f3b5af8414a656ace8a78c8d45a7834	Windows 11  (10.0.22631) 64bit (Editor)	True	null	null	null	null	null	null	None	0	null	0	0	null	null	null	null	null	
2024/11/23 15:51:59.783	b135e9c82f3b5af8414a656ace8a78c8d45a7834	Windows 11  (10.0.22631) 64bit (Editor)	True	null	null	null	null	null	null	None	0	null	0	0	null	null	null	null	null	
2024/11/23 15:51:59.792	b135e9c82f3b5af8414a656ace8a78c8d45a7834	Windows 11  (10.0.22631) 64bit (Editor)	True	null	null	null	null	null	null	None	0	null	0	0	null	null	null	null	null	
2024/11/23 15:51:59.799	b135e9c82f3b5af8414a656ace8a78c8d45a7834	Windows 11  (10.0.22631) 64bit (Editor)	True	null	null	null	null	null	null	None	0	null	0	0	null	null	null	null	null	
2024/11/23 15:51:59.817	b135e9c82f3b5af8414a656ace8a78c8d45a7834	Windows 11  (10.0.22631) 64bit (Editor)	True	null	null	null	null	null	null	None	0	null	0	0	null	null	null	null	null	
2024/11/23 15:51:59.827	b135e9c82f3b5af8414a656ace8a78c8d45a7834	Windows 11  (10.0.22631) 64bit (Editor)	True	null	null	null	null	null	null	None	0	null	0	0	null	null	null	null	null	
2024/11/23 15:51:59.837	b135e9c82f3b5af8414a656ace8a78c8d45a7834	Windows 11  (10.0.22631) 64bit (Editor)	True	null	null	null	null	null	null	None	0	null	0	0	null	null	null	null	null	
2024/11/23 15:51:59.845	b135e9c82f3b5af8414a656ace8a78c8d45a7834	Windows 11  (10.0.22631) 64bit (Editor)	True	null	null	null	null	null	null	None	0	null	0	0	null	null	null	null	null	
2024/11/23 15:51:59.854	b135e9c82f3b5af8414a656ace8a78c8d45a7834	Windows 11  (10.0.22631) 64bit (Editor)	True	null	null	null	null	null	null	None	0	null	0	0	null	null	null	null	null	
2024/11/23 15:51:59.863	b135e9c82f3b5af8414a656ace8a78c8d45a7834	Windows 11  (10.0.22631) 64bit (Editor)	True	null	null	null	null	null	null	None	0	null	0	0	null	null	null	null	null	
2024/11/23 15:51:59.873	b135e9c82f3b5af8414a656ace8a78c8d45a7834	Windows 11  (10.0.22631) 64bit (Editor)	True	null	null	null	null	null	null	None	0	null	0	0	null	null	null	null	null	
2024/11/23 15:51:59.883	b135e9c82f3b5af8414a656ace8a78c8d45a7834	Windows 11  (10.0.22631) 64bit (Editor)	True	null	null	null	null	null	null	None	0	null	0	0	null	null	null	null	null	
2024/11/23 15:51:59.892	b135e9c82f3b5af8414a656ace8a78c8d45a7834	Windows 11  (10.0.22631) 64bit (Editor)	True	null	null	null	null	null	null	None	0	null	0	0	null	null	null	null	null	
2024/11/23 15:51:59.901	b135e9c82f3b5af8414a656ace8a78c8d45a7834	Windows 11  (10.0.22631) 64bit (Editor)	True	null	null	null	null	null	null	None	0	null	0	0	null	null	null	null	null	
2024/11/23 15:51:59.919	b135e9c82f3b5af8414a656ace8a78c8d45a7834	Windows 11  (10.0.22631) 64bit (Editor)	True	null	null	null	null	null	null	None	0	null	0	0	null	null	null	null	null	
2024/11/23 15:51:59.927	b135e9c82f3b5af8414a656ace8a78c8d45a7834	Windows 11  (10.0.22631) 64bit (Editor)	True	null	null	null	null	null	null	None	0	null	0	0	null	null	null	null	null	
2024/11/23 15:51:59.938	b135e9c82f3b5af8414a656ace8a78c8d45a7834	Windows 11  (10.0.22631) 64bit (Editor)	True	null	null	null	null	null	null	None	0	null	0	0	null	null	null	null	null	
2024/11/23 15:51:59.946	b135e9c82f3b5af8414a656ace8a78c8d45a7834	Windows 11  (10.0.22631) 64bit (Editor)	True	null	null	null	null	null	null	None	0	null	0	0	null	null	null	null	null	
2024/11/23 15:51:59.954	b135e9c82f3b5af8414a656ace8a78c8d45a7834	Windows 11  (10.0.22631) 64bit (Editor)	True	null	null	null	null	null	null	None	0	null	0	0	null	null	null	null	null	
2024/11/23 15:51:59.975	b135e9c82f3b5af8414a656ace8a78c8d45a7834	Windows 11  (10.0.22631) 64bit (Editor)	True	null	null	null	null	null	null	None	0	null	0	0	null	null	null	null	null	
2024/11/23 15:51:59.985	b135e9c82f3b5af8414a656ace8a78c8d45a7834	Windows 11  (10.0.22631) 64bit (Editor)	True	null	null	null	null	null	null	None	0	null	0	0	null	null	null	null	null	
2024/11/23 15:51:59.993	b135e9c82f3b5af8414a656ace8a78c8d45a7834	Windows 11  (10.0.22631) 64bit (Editor)	True	null	null	null	null	null	null	None	0	null	0	0	null	null	null	null	null	
2024/11/23 15:52:00.001	b135e9c82f3b5af8414a656ace8a78c8d45a7834	Windows 11  (10.0.22631) 64bit (Editor)	True	null	null	null	null	null	null	None	0	null	0	0	null	null	null	null	null	
2024/11/23 15:52:00.013	b135e9c82f3b5af8414a656ace8a78c8d45a7834	Windows 11  (10.0.22631) 64bit (Editor)	True	null	null	null	null	null	null	None	0	null	0	0	null	null	null	null	null	
2024/11/23 15:52:00.026	b135e9c82f3b5af8414a656ace8a78c8d45a7834	Windows 11  (10.0.22631) 64bit (Editor)	True	null	null	null	null	null	null	None	0	null	0	0	null	null	null	null	null	
2024/11/23 15:52:00.033	b135e9c82f3b5af8414a656ace8a78c8d45a7834	Windows 11  (10.0.22631) 64bit (Editor)	True	null	null	null	null	null	null	None	0	null	0	0	null	null	null	null	null	
2024/11/23 15:52:00.043	b135e9c82f3b5af8414a656ace8a78c8d45a7834	Windows 11  (10.0.22631) 64bit (Editor)	True	null	null	null	null	null	null	None	0	null	0	0	null	null	null	null	null	
2024/11/23 15:52:00.050	b135e9c82f3b5af8414a656ace8a78c8d45a7834	Windows 11  (10.0.22631) 64bit (Editor)	True	null	null	null	null	null	null	None	0	null	0	0	null	null	null	null	null	
2024/11/23 15:52:00.057	b135e9c82f3b5af8414a656ace8a78c8d45a7834	Windows 11  (10.0.22631) 64bit (Editor)	True	null	null	null	null	null	null	None	0	null	0	0	null	null	null	null	null	
2024/11/23 15:52:00.066	b135e9c82f3b5af8414a656ace8a78c8d45a7834	Windows 11  (10.0.22631) 64bit (Editor)	True	null	null	null	null	null	null	None	0	null	0	0	null	null	null	null	null	
2024/11/23 15:52:00.073	b135e9c82f3b5af8414a656ace8a78c8d45a7834	Windows 11  (10.0.22631) 64bit (Editor)	True	null	null	null	null	null	null	None	0	null	0	0	null	null	null	null	null	
2024/11/23 15:52:00.080	b135e9c82f3b5af8414a656ace8a78c8d45a7834	Windows 11  (10.0.22631) 64bit (Editor)	True	null	null	null	null	null	null	None	0	null	0	0	null	null	null	null	null	
2024/11/23 15:52:00.087	b135e9c82f3b5af8414a656ace8a78c8d45a7834	Windows 11  (10.0.22631) 64bit (Editor)	True	null	null	null	null	null	null	None	0	null	0	0	null	null	null	null	null	
2024/11/23 15:52:00.094	b135e9c82f3b5af8414a656ace8a78c8d45a7834	Windows 11  (10.0.22631) 64bit (Editor)	True	null	null	null	null	null	null	None	0	null	0	0	null	null	null	null	null	
2024/11/23 15:52:00.100	b135e9c82f3b5af8414a656ace8a78c8d45a7834	Windows 11  (10.0.22631) 64bit (Editor)	True	null	null	null	null	null	null	None	0	null	0	0	null	null	null	null	null	
2024/11/23 15:52:00.107	b135e9c82f3b5af8414a656ace8a78c8d45a7834	Windows 11  (10.0.22631) 64bit (Editor)	True	null	null	null	null	null	null	None	0	null	0	0	null	null	null	null	null	
2024/11/23 15:52:00.123	b135e9c82f3b5af8414a656ace8a78c8d45a7834	Windows 11  (10.0.22631) 64bit (Editor)	True	null	null	null	null	null	null	None	0	null	0	0	null	null	null	null	null	
2024/11/23 15:52:00.130	b135e9c82f3b5af8414a656ace8a78c8d45a7834	Windows 11  (10.0.22631) 64bit (Editor)	True	null	null	null	null	null	null	None	0	null	0	0	null	null	null	null	null	
2024/11/23 15:52:00.137	b135e9c82f3b5af8414a656ace8a78c8d45a7834	Windows 11  (10.0.22631) 64bit (Editor)	True	null	null	null	null	null	null	None	0	null	0	0	null	null	null	null	null	
2024/11/23 15:52:00.143	b135e9c82f3b5af8414a656ace8a78c8d45a7834	Windows 11  (10.0.22631) 64bit (Editor)	True	null	null	null	null	null	null	None	0	null	0	0	null	null	null	null	null	
2024/11/23 15:52:00.151	b135e9c82f3b5af8414a656ace8a78c8d45a7834	Windows 11  (10.0.22631) 64bit (Editor)	True	null	null	null	null	null	null	None	0	null	0	0	null	null	null	null	null	
2024/11/23 15:52:00.157	b135e9c82f3b5af8414a656ace8a78c8d45a7834	Windows 11  (10.0.22631) 64bit (Editor)	True	null	null	null	null	null	null	None	0	null	0	0	null	null	null	null	null	
2024/11/23 15:52:00.164	b135e9c82f3b5af8414a656ace8a78c8d45a7834	Windows 11  (10.0.22631) 64bit (Editor)	True	null	null	null	null	null	null	None	0	null	0	0	null	null	null	null	null	
2024/11/23 15:52:00.171	b135e9c82f3b5af8414a656ace8a78c8d45a7834	Windows 11  (10.0.22631) 64bit (Editor)	True	null	null	null	null	null	null	None	0	null	0	0	null	null	null	null	null	
2024/11/23 15:52:00.178	b135e9c82f3b5af8414a656ace8a78c8d45a7834	Windows 11  (10.0.22631) 64bit (Editor)	True	null	null	null	null	null	null	None	0	null	0	0	null	null	null	null	null	
2024/11/23 15:52:00.184	b135e9c82f3b5af8414a656ace8a78c8d45a7834	Windows 11  (10.0.22631) 64bit (Editor)	True	null	null	null	null	null	null	None	0	null	0	0	null	null	null	null	null	
2024/11/23 15:52:00.191	b135e9c82f3b5af8414a656ace8a78c8d45a7834	Windows 11  (10.0.22631) 64bit (Editor)	True	null	null	null	null	null	null	None	0	null	0	0	null	null	null	null	null	
2024/11/23 15:52:00.198	b135e9c82f3b5af8414a656ace8a78c8d45a7834	Windows 11  (10.0.22631) 64bit (Editor)	True	null	null	null	null	null	null	None	0	null	0	0	null	null	null	null	null	
2024/11/23 15:52:00.204	b135e9c82f3b5af8414a656ace8a78c8d45a7834	Windows 11  (10.0.22631) 64bit (Editor)	True	null	null	null	null	null	null	None	0	null	0	0	null	null	null	null	null	
2024/11/23 15:52:00.211	b135e9c82f3b5af8414a656ace8a78c8d45a7834	Windows 11  (10.0.22631) 64bit (Editor)	True	null	null	null	null	null	null	None	0	null	0	0	null	null	null	null	null	
2024/11/23 15:52:00.218	b135e9c82f3b5af8414a656ace8a78c8d45a7834	Windows 11  (10.0.22631) 64bit (Editor)	True	null	null	null	null	null	null	None	0	null	0	0	null	null	null	null	null	
2024/11/23 15:52:00.224	b135e9c82f3b5af8414a656ace8a78c8d45a7834	Windows 11  (10.0.22631) 64bit (Editor)	True	null	null	null	null	null	null	None	0	null	0	0	null	null	null	null	null	
2024/11/23 15:52:00.231	b135e9c82f3b5af8414a656ace8a78c8d45a7834	Windows 11  (10.0.22631) 64bit (Editor)	True	null	null	null	null	null	null	None	0	null	0	0	null	null	null	null	null	
2024/11/23 15:52:00.240	b135e9c82f3b5af8414a656ace8a78c8d45a7834	Windows 11  (10.0.22631) 64bit (Editor)	True	null	null	null	null	null	null	None	0	null	0	0	null	null	null	null	null	
2024/11/23 15:52:00.247	b135e9c82f3b5af8414a656ace8a78c8d45a7834	Windows 11  (10.0.22631) 64bit (Editor)	True	null	null	null	null	null	null	None	0	null	0	0	null	null	null	null	null	
2024/11/23 15:52:00.255	b135e9c82f3b5af8414a656ace8a78c8d45a7834	Windows 11  (10.0.22631) 64bit (Editor)	True	null	null	null	null	null	null	None	0	null	0	0	null	null	null	null	null	
2024/11/23 15:52:00.263	b135e9c82f3b5af8414a656ace8a78c8d45a7834	Windows 11  (10.0.22631) 64bit (Editor)	True	null	null	null	null	null	null	None	0	null	0	0	null	null	null	null	null	
2024/11/23 15:52:00.280	b135e9c82f3b5af8414a656ace8a78c8d45a7834	Windows 11  (10.0.22631) 64bit (Editor)	True	null	null	null	null	null	null	None	0	null	0	0	null	null	null	null	null	
2024/11/23 15:52:00.290	b135e9c82f3b5af8414a656ace8a78c8d45a7834	Windows 11  (10.0.22631) 64bit (Editor)	True	null	null	null	null	null	null	None	0	null	0	0	null	null	null	null	null	
2024/11/23 15:52:00.297	b135e9c82f3b5af8414a656ace8a78c8d45a7834	Windows 11  (10.0.22631) 64bit (Editor)	True	null	null	null	null	null	null	None	0	null	0	0	null	null	null	null	null	
2024/11/23 15:52:00.305	b135e9c82f3b5af8414a656ace8a78c8d45a7834	Windows 11  (10.0.22631) 64bit (Editor)	True	null	null	null	null	null	null	None	0	null	0	0	null	null	null	null	null	
2024/11/23 15:52:00.313	b135e9c82f3b5af8414a656ace8a78c8d45a7834	Windows 11  (10.0.22631) 64bit (Editor)	True	null	null	null	null	null	null	None	0	null	0	0	null	null	null	null	null	
2024/11/23 15:52:00.320	b135e9c82f3b5af8414a656ace8a78c8d45a7834	Windows 11  (10.0.22631) 64bit (Editor)	True	null	null	null	null	null	null	None	0	null	0	0	null	null	null	null	null	
2024/11/23 15:52:00.327	b135e9c82f3b5af8414a656ace8a78c8d45a7834	Windows 11  (10.0.22631) 64bit (Editor)	True	null	null	null	null	null	null	None	0	null	0	0	null	null	null	null	null	
2024/11/23 15:52:00.336	b135e9c82f3b5af8414a656ace8a78c8d45a7834	Windows 11  (10.0.22631) 64bit (Editor)	True	null	null	null	null	null	null	None	0	null	0	0	null	null	null	null	null	
2024/11/23 15:52:00.342	b135e9c82f3b5af8414a656ace8a78c8d45a7834	Windows 11  (10.0.22631) 64bit (Editor)	True	null	null	null	null	null	null	None	0	null	0	0	null	null	null	null	null	
2024/11/23 15:52:00.350	b135e9c82f3b5af8414a656ace8a78c8d45a7834	Windows 11  (10.0.22631) 64bit (Editor)	True	null	null	null	null	null	null	None	0	null	0	0	null	null	null	null	null	
2024/11/23 15:52:00.357	b135e9c82f3b5af8414a656ace8a78c8d45a7834	Windows 11  (10.0.22631) 64bit (Editor)	True	null	null	null	null	null	null	None	0	null	0	0	null	null	null	null	null	
2024/11/23 15:52:00.366	b135e9c82f3b5af8414a656ace8a78c8d45a7834	Windows 11  (10.0.22631) 64bit (Editor)	True	null	null	null	null	null	null	None	0	null	0	0	null	null	null	null	null	
2024/11/23 15:52:00.372	b135e9c82f3b5af8414a656ace8a78c8d45a7834	Windows 11  (10.0.22631) 64bit (Editor)	True	null	null	null	null	null	null	None	0	null	0	0	null	null	null	null	null	
2024/11/23 15:52:00.378	b135e9c82f3b5af8414a656ace8a78c8d45a7834	Windows 11  (10.0.22631) 64bit (Editor)	True	null	null	null	null	null	null	None	0	null	0	0	null	null	null	null	null	
2024/11/23 15:52:00.387	b135e9c82f3b5af8414a656ace8a78c8d45a7834	Windows 11  (10.0.22631) 64bit (Editor)	True	null	null	null	null	null	null	None	0	null	0	0	null	null	null	null	null	
2024/11/23 15:52:00.395	b135e9c82f3b5af8414a656ace8a78c8d45a7834	Windows 11  (10.0.22631) 64bit (Editor)	True	null	null	null	null	null	null	None	0	null	0	0	null	null	null	null	null	
2024/11/23 15:52:00.402	b135e9c82f3b5af8414a656ace8a78c8d45a7834	Windows 11  (10.0.22631) 64bit (Editor)	True	null	null	null	null	null	null	None	0	null	0	0	null	null	null	null	null	
2024/11/23 15:52:00.410	b135e9c82f3b5af8414a656ace8a78c8d45a7834	Windows 11  (10.0.22631) 64bit (Editor)	True	null	null	null	null	null	null	None	0	null	0	0	null	null	null	null	null	
2024/11/23 15:52:00.417	b135e9c82f3b5af8414a656ace8a78c8d45a7834	Windows 11  (10.0.22631) 64bit (Editor)	True	null	null	null	null	null	null	None	0	null	0	0	null	null	null	null	null	
2024/11/23 15:52:00.434	b135e9c82f3b5af8414a656ace8a78c8d45a7834	Windows 11  (10.0.22631) 64bit (Editor)	True	null	null	null	null	null	null	None	0	null	0	0	null	null	null	null	null	
2024/11/23 15:52:00.441	b135e9c82f3b5af8414a656ace8a78c8d45a7834	Windows 11  (10.0.22631) 64bit (Editor)	True	null	null	null	null	null	null	None	0	null	0	0	null	null	null	null	null	
2024/11/23 15:52:00.452	b135e9c82f3b5af8414a656ace8a78c8d45a7834	Windows 11  (10.0.22631) 64bit (Editor)	True	null	null	null	null	null	null	None	0	null	0	0	null	null	null	null	null	
2024/11/23 15:52:00.460	b135e9c82f3b5af8414a656ace8a78c8d45a7834	Windows 11  (10.0.22631) 64bit (Editor)	True	null	null	null	null	null	null	None	0	null	0	0	null	null	null	null	null	
2024/11/23 15:52:00.467	b135e9c82f3b5af8414a656ace8a78c8d45a7834	Windows 11  (10.0.22631) 64bit (Editor)	True	null	null	null	null	null	null	None	0	null	0	0	null	null	null	null	null	
2024/11/23 15:52:00.475	b135e9c82f3b5af8414a656ace8a78c8d45a7834	Windows 11  (10.0.22631) 64bit (Editor)	True	null	null	null	null	null	null	None	0	null	0	0	null	null	null	null	null	
2024/11/23 15:52:00.482	b135e9c82f3b5af8414a656ace8a78c8d45a7834	Windows 11  (10.0.22631) 64bit (Editor)	True	null	null	null	null	null	null	None	0	null	0	0	null	null	null	null	null	
2024/11/23 15:52:00.490	b135e9c82f3b5af8414a656ace8a78c8d45a7834	Windows 11  (10.0.22631) 64bit (Editor)	True	null	null	null	null	null	null	None	0	null	0	0	null	null	null	null	null	
2024/11/23 15:52:00.498	b135e9c82f3b5af8414a656ace8a78c8d45a7834	Windows 11  (10.0.22631) 64bit (Editor)	True	null	null	null	null	null	null	None	0	null	0	0	null	null	null	null	null	
2024/11/23 15:52:00.505	b135e9c82f3b5af8414a656ace8a78c8d45a7834	Windows 11  (10.0.22631) 64bit (Editor)	True	null	null	null	null	null	null	None	0	null	0	0	null	null	null	null	null	
2024/11/23 15:52:00.514	b135e9c82f3b5af8414a656ace8a78c8d45a7834	Windows 11  (10.0.22631) 64bit (Editor)	True	null	null	null	null	null	null	None	0	null	0	0	null	null	null	null	null	
2024/11/23 15:52:00.521	b135e9c82f3b5af8414a656ace8a78c8d45a7834	Windows 11  (10.0.22631) 64bit (Editor)	True	null	null	null	null	null	null	None	0	null	0	0	null	null	null	null	null	
2024/11/23 15:52:00.530	b135e9c82f3b5af8414a656ace8a78c8d45a7834	Windows 11  (10.0.22631) 64bit (Editor)	True	null	null	null	null	null	null	None	0	null	0	0	null	null	null	null	null	
2024/11/23 15:52:00.537	b135e9c82f3b5af8414a656ace8a78c8d45a7834	Windows 11  (10.0.22631) 64bit (Editor)	True	null	null	null	null	null	null	None	0	null	0	0	null	null	null	null	null	
2024/11/23 15:52:00.544	b135e9c82f3b5af8414a656ace8a78c8d45a7834	Windows 11  (10.0.22631) 64bit (Editor)	True	null	null	null	null	null	null	None	0	null	0	0	null	null	null	null	null	
2024/11/23 15:52:00.551	b135e9c82f3b5af8414a656ace8a78c8d45a7834	Windows 11  (10.0.22631) 64bit (Editor)	True	null	null	null	null	null	null	None	0	null	0	0	null	null	null	null	null	
2024/11/23 15:52:00.559	b135e9c82f3b5af8414a656ace8a78c8d45a7834	Windows 11  (10.0.22631) 64bit (Editor)	True	null	null	null	null	null	null	None	0	null	0	0	null	null	null	null	null	
2024/11/23 15:52:00.566	b135e9c82f3b5af8414a656ace8a78c8d45a7834	Windows 11  (10.0.22631) 64bit (Editor)	True	null	null	null	null	null	null	None	0	null	0	0	null	null	null	null	null	
2024/11/23 15:52:00.588	b135e9c82f3b5af8414a656ace8a78c8d45a7834	Windows 11  (10.0.22631) 64bit (Editor)	True	null	null	null	null	null	null	None	0	null	0	0	null	null	null	null	null	
2024/11/23 15:52:00.626	b135e9c82f3b5af8414a656ace8a78c8d45a7834	Windows 11  (10.0.22631) 64bit (Editor)	True	null	null	null	null	null	null	None	0	null	0	0	null	null	null	null	null	
2024/11/23 15:52:00.646	b135e9c82f3b5af8414a656ace8a78c8d45a7834	Windows 11  (10.0.22631) 64bit (Editor)	True	null	null	null	null	null	null	None	0	null	0	0	null	null	null	null	null	
2024/11/23 15:52:00.659	b135e9c82f3b5af8414a656ace8a78c8d45a7834	Windows 11  (10.0.22631) 64bit (Editor)	True	null	null	null	null	null	null	None	0	null	0	0	null	null	null	null	null	
2024/11/23 15:52:00.670	b135e9c82f3b5af8414a656ace8a78c8d45a7834	Windows 11  (10.0.22631) 64bit (Editor)	True	null	null	null	null	null	null	None	0	null	0	0	null	null	null	null	null	
2024/11/23 15:52:00.681	b135e9c82f3b5af8414a656ace8a78c8d45a7834	Windows 11  (10.0.22631) 64bit (Editor)	True	null	null	null	null	null	null	None	0	null	0	0	null	null	null	null	null	
2024/11/23 15:52:00.695	b135e9c82f3b5af8414a656ace8a78c8d45a7834	Windows 11  (10.0.22631) 64bit (Editor)	True	null	null	null	null	null	null	None	0	null	0	0	null	null	null	null	null	
2024/11/23 15:52:00.705	b135e9c82f3b5af8414a656ace8a78c8d45a7834	Windows 11  (10.0.22631) 64bit (Editor)	True	null	null	null	null	null	null	None	0	null	0	0	null	null	null	null	null	
2024/11/23 15:52:00.716	b135e9c82f3b5af8414a656ace8a78c8d45a7834	Windows 11  (10.0.22631) 64bit (Editor)	True	null	null	null	null	null	null	None	0	null	0	0	null	null	null	null	null	
2024/11/23 15:52:00.727	b135e9c82f3b5af8414a656ace8a78c8d45a7834	Windows 11  (10.0.22631) 64bit (Editor)	True	null	null	null	null	null	null	None	0	null	0	0	null	null	null	null	null	
2024/11/23 15:52:00.737	b135e9c82f3b5af8414a656ace8a78c8d45a7834	Windows 11  (10.0.22631) 64bit (Editor)	True	null	null	null	null	null	null	None	0	null	0	0	null	null	null	null	null	
2024/11/23 15:52:00.763	b135e9c82f3b5af8414a656ace8a78c8d45a7834	Windows 11  (10.0.22631) 64bit (Editor)	True	null	null	null	null	null	null	None	0	null	0	0	null	null	null	null	null	
2024/11/23 15:52:00.777	b135e9c82f3b5af8414a656ace8a78c8d45a7834	Windows 11  (10.0.22631) 64bit (Editor)	True	null	null	null	null	null	null	None	0	null	0	0	null	null	null	null	null	
2024/11/23 15:52:00.789	b135e9c82f3b5af8414a656ace8a78c8d45a7834	Windows 11  (10.0.22631) 64bit (Editor)	True	null	null	null	null	null	null	None	0	null	0	0	null	null	null	null	null	
2024/11/23 15:52:00.799	b135e9c82f3b5af8414a656ace8a78c8d45a7834	Windows 11  (10.0.22631) 64bit (Editor)	True	null	null	null	null	null	null	None	0	null	0	0	null	null	null	null	null	
2024/11/23 15:52:00.812	b135e9c82f3b5af8414a656ace8a78c8d45a7834	Windows 11  (10.0.22631) 64bit (Editor)	True	null	null	null	null	null	null	None	0	null	0	0	null	null	null	null	null	
2024/11/23 15:52:00.821	b135e9c82f3b5af8414a656ace8a78c8d45a7834	Windows 11  (10.0.22631) 64bit (Editor)	True	null	null	null	null	null	null	None	0	null	0	0	null	null	null	null	null	
2024/11/23 15:52:00.832	b135e9c82f3b5af8414a656ace8a78c8d45a7834	Windows 11  (10.0.22631) 64bit (Editor)	True	null	null	null	null	null	null	None	0	null	0	0	null	null	null	null	null	
2024/11/23 15:52:00.843	b135e9c82f3b5af8414a656ace8a78c8d45a7834	Windows 11  (10.0.22631) 64bit (Editor)	True	null	null	null	null	null	null	None	0	null	0	0	null	null	null	null	null	
2024/11/23 15:52:00.855	b135e9c82f3b5af8414a656ace8a78c8d45a7834	Windows 11  (10.0.22631) 64bit (Editor)	True	null	null	null	null	null	null	None	0	null	0	0	null	null	null	null	null	
2024/11/23 15:52:00.866	b135e9c82f3b5af8414a656ace8a78c8d45a7834	Windows 11  (10.0.22631) 64bit (Editor)	True	null	null	null	null	null	null	None	0	null	0	0	null	null	null	null	null	
2024/11/23 15:52:00.876	b135e9c82f3b5af8414a656ace8a78c8d45a7834	Windows 11  (10.0.22631) 64bit (Editor)	True	null	null	null	null	null	null	None	0	null	0	0	null	null	null	null	null	
2024/11/23 15:52:00.886	b135e9c82f3b5af8414a656ace8a78c8d45a7834	Windows 11  (10.0.22631) 64bit (Editor)	True	null	null	null	null	null	null	None	0	null	0	0	null	null	null	null	null	
2024/11/23 15:52:00.897	b135e9c82f3b5af8414a656ace8a78c8d45a7834	Windows 11  (10.0.22631) 64bit (Editor)	True	null	null	null	null	null	null	None	0	null	0	0	null	null	null	null	null	
2024/11/23 15:52:00.923	b135e9c82f3b5af8414a656ace8a78c8d45a7834	Windows 11  (10.0.22631) 64bit (Editor)	True	null	null	null	null	null	null	None	0	null	0	0	null	null	null	null	null	
2024/11/23 15:52:00.935	b135e9c82f3b5af8414a656ace8a78c8d45a7834	Windows 11  (10.0.22631) 64bit (Editor)	True	null	null	null	null	null	null	None	0	null	0	0	null	null	null	null	null	
2024/11/23 15:52:00.944	b135e9c82f3b5af8414a656ace8a78c8d45a7834	Windows 11  (10.0.22631) 64bit (Editor)	True	null	null	null	null	null	null	None	0	null	0	0	null	null	null	null	null	
2024/11/23 15:52:00.955	b135e9c82f3b5af8414a656ace8a78c8d45a7834	Windows 11  (10.0.22631) 64bit (Editor)	True	null	null	null	null	null	null	None	0	null	0	0	null	null	null	null	null	
2024/11/23 15:52:00.966	b135e9c82f3b5af8414a656ace8a78c8d45a7834	Windows 11  (10.0.22631) 64bit (Editor)	True	null	null	null	null	null	null	None	0	null	0	0	null	null	null	null	null	
2024/11/23 15:52:00.977	b135e9c82f3b5af8414a656ace8a78c8d45a7834	Windows 11  (10.0.22631) 64bit (Editor)	True	null	null	null	null	null	null	None	0	null	0	0	null	null	null	null	null	
2024/11/23 15:52:00.987	b135e9c82f3b5af8414a656ace8a78c8d45a7834	Windows 11  (10.0.22631) 64bit (Editor)	True	null	null	null	null	null	null	None	0	null	0	0	null	null	null	null	null	
2024/11/23 15:52:00.997	b135e9c82f3b5af8414a656ace8a78c8d45a7834	Windows 11  (10.0.22631) 64bit (Editor)	True	null	null	null	null	null	null	None	0	null	0	0	null	null	null	null	null	
2024/11/23 15:52:01.008	b135e9c82f3b5af8414a656ace8a78c8d45a7834	Windows 11  (10.0.22631) 64bit (Editor)	True	null	null	null	null	null	null	None	0	null	0	0	null	null	null	null	null	
2024/11/23 15:52:01.018	b135e9c82f3b5af8414a656ace8a78c8d45a7834	Windows 11  (10.0.22631) 64bit (Editor)	True	null	null	null	null	null	null	None	0	null	0	0	null	null	null	null	null	
2024/11/23 15:52:01.028	b135e9c82f3b5af8414a656ace8a78c8d45a7834	Windows 11  (10.0.22631) 64bit (Editor)	True	null	null	null	null	null	null	None	0	null	0	0	null	null	null	null	null	
2024/11/23 15:52:01.038	b135e9c82f3b5af8414a656ace8a78c8d45a7834	Windows 11  (10.0.22631) 64bit (Editor)	True	null	null	null	null	null	null	None	0	null	0	0	null	null	null	null	null	
2024/11/23 15:52:01.048	b135e9c82f3b5af8414a656ace8a78c8d45a7834	Windows 11  (10.0.22631) 64bit (Editor)	True	null	null	null	null	null	null	None	0	null	0	0	null	null	null	null	null	
2024/11/23 15:52:01.073	b135e9c82f3b5af8414a656ace8a78c8d45a7834	Windows 11  (10.0.22631) 64bit (Editor)	True	null	null	null	null	null	null	None	0	null	0	0	null	null	null	null	null	
2024/11/23 15:52:01.085	b135e9c82f3b5af8414a656ace8a78c8d45a7834	Windows 11  (10.0.22631) 64bit (Editor)	True	null	null	null	null	null	null	None	0	null	0	0	null	null	null	null	null	
2024/11/23 15:52:01.096	b135e9c82f3b5af8414a656ace8a78c8d45a7834	Windows 11  (10.0.22631) 64bit (Editor)	True	null	null	null	null	null	null	None	0	null	0	0	null	null	null	null	null	
2024/11/23 15:52:01.107	b135e9c82f3b5af8414a656ace8a78c8d45a7834	Windows 11  (10.0.22631) 64bit (Editor)	True	null	null	null	null	null	null	None	0	null	0	0	null	null	null	null	null	
2024/11/23 15:52:01.118	b135e9c82f3b5af8414a656ace8a78c8d45a7834	Windows 11  (10.0.22631) 64bit (Editor)	True	null	null	null	null	null	null	None	0	null	0	0	null	null	null	null	null	
2024/11/23 15:52:01.128	b135e9c82f3b5af8414a656ace8a78c8d45a7834	Windows 11  (10.0.22631) 64bit (Editor)	True	null	null	null	null	null	null	None	0	null	0	0	null	null	null	null	null	
2024/11/23 15:52:01.138	b135e9c82f3b5af8414a656ace8a78c8d45a7834	Windows 11  (10.0.22631) 64bit (Editor)	True	null	null	null	null	null	null	None	0	null	0	0	null	null	null	null	null	
2024/11/23 15:52:01.150	b135e9c82f3b5af8414a656ace8a78c8d45a7834	Windows 11  (10.0.22631) 64bit (Editor)	True	null	null	null	null	null	null	None	0	null	0	0	null	null	null	null	null	
2024/11/23 15:52:01.160	b135e9c82f3b5af8414a656ace8a78c8d45a7834	Windows 11  (10.0.22631) 64bit (Editor)	True	null	null	null	null	null	null	None	0	null	0	0	null	null	null	null	null	
2024/11/23 15:52:01.171	b135e9c82f3b5af8414a656ace8a78c8d45a7834	Windows 11  (10.0.22631) 64bit (Editor)	True	null	null	null	null	null	null	None	0	null	0	0	null	null	null	null	null	
2024/11/23 15:52:01.181	b135e9c82f3b5af8414a656ace8a78c8d45a7834	Windows 11  (10.0.22631) 64bit (Editor)	True	null	null	null	null	null	null	None	0	null	0	0	null	null	null	null	null	
2024/11/23 15:52:01.191	b135e9c82f3b5af8414a656ace8a78c8d45a7834	Windows 11  (10.0.22631) 64bit (Editor)	True	null	null	null	null	null	null	None	0	null	0	0	null	null	null	null	null	
2024/11/23 15:52:01.202	b135e9c82f3b5af8414a656ace8a78c8d45a7834	Windows 11  (10.0.22631) 64bit (Editor)	True	null	null	null	null	null	null	None	0	null	0	0	null	null	null	null	null	
2024/11/23 15:52:01.224	b135e9c82f3b5af8414a656ace8a78c8d45a7834	Windows 11  (10.0.22631) 64bit (Editor)	True	null	null	null	null	null	null	None	0	null	0	0	null	null	null	null	null	
2024/11/23 15:52:01.234	b135e9c82f3b5af8414a656ace8a78c8d45a7834	Windows 11  (10.0.22631) 64bit (Editor)	True	null	null	null	null	null	null	None	0	null	0	0	null	null	null	null	null	
2024/11/23 15:52:01.244	b135e9c82f3b5af8414a656ace8a78c8d45a7834	Windows 11  (10.0.22631) 64bit (Editor)	True	null	null	null	null	null	null	None	0	null	0	0	null	null	null	null	null	
2024/11/23 15:52:01.255	b135e9c82f3b5af8414a656ace8a78c8d45a7834	Windows 11  (10.0.22631) 64bit (Editor)	True	null	null	null	null	null	null	None	0	null	0	0	null	null	null	null	null	
2024/11/23 15:52:01.265	b135e9c82f3b5af8414a656ace8a78c8d45a7834	Windows 11  (10.0.22631) 64bit (Editor)	True	null	null	null	null	null	null	None	0	null	0	0	null	null	null	null	null	
2024/11/23 15:52:01.276	b135e9c82f3b5af8414a656ace8a78c8d45a7834	Windows 11  (10.0.22631) 64bit (Editor)	True	null	null	null	null	null	null	None	0	null	0	0	null	null	null	null	null	
2024/11/23 15:52:01.287	b135e9c82f3b5af8414a656ace8a78c8d45a7834	Windows 11  (10.0.22631) 64bit (Editor)	True	null	null	null	null	null	null	None	0	null	0	0	null	null	null	null	null	
2024/11/23 15:52:01.298	b135e9c82f3b5af8414a656ace8a78c8d45a7834	Windows 11  (10.0.22631) 64bit (Editor)	True	null	null	null	null	null	null	None	0	null	0	0	null	null	null	null	null	
2024/11/23 15:52:01.309	b135e9c82f3b5af8414a656ace8a78c8d45a7834	Windows 11  (10.0.22631) 64bit (Editor)	True	null	null	null	null	null	null	None	0	null	0	0	null	null	null	null	null	
2024/11/23 15:52:01.320	b135e9c82f3b5af8414a656ace8a78c8d45a7834	Windows 11  (10.0.22631) 64bit (Editor)	True	null	null	null	null	null	null	None	0	null	0	0	null	null	null	null	null	
2024/11/23 15:52:01.329	b135e9c82f3b5af8414a656ace8a78c8d45a7834	Windows 11  (10.0.22631) 64bit (Editor)	True	null	null	null	null	null	null	None	0	null	0	0	null	null	null	null	null	
2024/11/23 15:52:01.341	b135e9c82f3b5af8414a656ace8a78c8d45a7834	Windows 11  (10.0.22631) 64bit (Editor)	True	null	null	null	null	null	null	None	0	null	0	0	null	null	null	null	null	
2024/11/23 15:52:01.351	b135e9c82f3b5af8414a656ace8a78c8d45a7834	Windows 11  (10.0.22631) 64bit (Editor)	True	null	null	null	null	null	null	None	0	null	0	0	null	null	null	null	null	
2024/11/23 15:52:01.362	b135e9c82f3b5af8414a656ace8a78c8d45a7834	Windows 11  (10.0.22631) 64bit (Editor)	True	null	null	null	null	null	null	None	0	null	0	0	null	null	null	null	null	
2024/11/23 15:52:01.381	b135e9c82f3b5af8414a656ace8a78c8d45a7834	Windows 11  (10.0.22631) 64bit (Editor)	True	null	null	null	null	null	null	None	0	null	0	0	null	null	null	null	null	
2024/11/23 15:52:01.393	b135e9c82f3b5af8414a656ace8a78c8d45a7834	Windows 11  (10.0.22631) 64bit (Editor)	True	null	null	null	null	null	null	None	0	null	0	0	null	null	null	null	null	
2024/11/23 15:52:01.402	b135e9c82f3b5af8414a656ace8a78c8d45a7834	Windows 11  (10.0.22631) 64bit (Editor)	True	null	null	null	null	null	null	None	0	null	0	0	null	null	null	null	null	
2024/11/23 15:52:01.416	b135e9c82f3b5af8414a656ace8a78c8d45a7834	Windows 11  (10.0.22631) 64bit (Editor)	True	null	null	null	null	null	null	None	0	null	0	0	null	null	null	null	null	
2024/11/23 15:52:01.426	b135e9c82f3b5af8414a656ace8a78c8d45a7834	Windows 11  (10.0.22631) 64bit (Editor)	True	null	null	null	null	null	null	None	0	null	0	0	null	null	null	null	null	
2024/11/23 15:52:01.436	b135e9c82f3b5af8414a656ace8a78c8d45a7834	Windows 11  (10.0.22631) 64bit (Editor)	True	null	null	null	null	null	null	None	0	null	0	0	null	null	null	null	null	
2024/11/23 15:52:01.447	b135e9c82f3b5af8414a656ace8a78c8d45a7834	Windows 11  (10.0.22631) 64bit (Editor)	True	null	null	null	null	null	null	None	0	null	0	0	null	null	null	null	null	
2024/11/23 15:52:01.457	b135e9c82f3b5af8414a656ace8a78c8d45a7834	Windows 11  (10.0.22631) 64bit (Editor)	True	null	null	null	null	null	null	None	0	null	0	0	null	null	null	null	null	
2024/11/23 15:52:01.470	b135e9c82f3b5af8414a656ace8a78c8d45a7834	Windows 11  (10.0.22631) 64bit (Editor)	True	null	null	null	null	null	null	None	0	null	0	0	null	null	null	null	null	
2024/11/23 15:52:01.479	b135e9c82f3b5af8414a656ace8a78c8d45a7834	Windows 11  (10.0.22631) 64bit (Editor)	True	null	null	null	null	null	null	None	0	null	0	0	null	null	null	null	null	
2024/11/23 15:52:01.490	b135e9c82f3b5af8414a656ace8a78c8d45a7834	Windows 11  (10.0.22631) 64bit (Editor)	True	null	null	null	null	null	null	None	0	null	0	0	null	null	null	null	null	
2024/11/23 15:52:01.500	b135e9c82f3b5af8414a656ace8a78c8d45a7834	Windows 11  (10.0.22631) 64bit (Editor)	True	null	null	null	null	null	null	None	0	null	0	0	null	null	null	null	null	
2024/11/23 15:52:01.510	b135e9c82f3b5af8414a656ace8a78c8d45a7834	Windows 11  (10.0.22631) 64bit (Editor)	True	null	null	null	null	null	null	None	0	null	0	0	null	null	null	null	null	
2024/11/23 15:52:01.521	b135e9c82f3b5af8414a656ace8a78c8d45a7834	Windows 11  (10.0.22631) 64bit (Editor)	True	null	null	null	null	null	null	None	0	null	0	0	null	null	null	null	null	
2024/11/23 15:52:01.541	b135e9c82f3b5af8414a656ace8a78c8d45a7834	Windows 11  (10.0.22631) 64bit (Editor)	True	null	null	null	null	null	null	None	0	null	0	0	null	null	null	null	null	
2024/11/23 15:52:01.553	b135e9c82f3b5af8414a656ace8a78c8d45a7834	Windows 11  (10.0.22631) 64bit (Editor)	True	null	null	null	null	null	null	None	0	null	0	0	null	null	null	null	null	
2024/11/23 15:52:01.563	b135e9c82f3b5af8414a656ace8a78c8d45a7834	Windows 11  (10.0.22631) 64bit (Editor)	True	null	null	null	null	null	null	None	0	null	0	0	null	null	null	null	null	
2024/11/23 15:52:01.573	b135e9c82f3b5af8414a656ace8a78c8d45a7834	Windows 11  (10.0.22631) 64bit (Editor)	True	null	null	null	null	null	null	None	0	null	0	0	null	null	null	null	null	
2024/11/23 15:52:01.585	b135e9c82f3b5af8414a656ace8a78c8d45a7834	Windows 11  (10.0.22631) 64bit (Editor)	True	null	null	null	null	null	null	None	0	null	0	0	null	null	null	null	null	
2024/11/23 15:52:01.595	b135e9c82f3b5af8414a656ace8a78c8d45a7834	Windows 11  (10.0.22631) 64bit (Editor)	True	null	null	null	null	null	null	None	0	null	0	0	null	null	null	null	null	
2024/11/23 15:52:01.606	b135e9c82f3b5af8414a656ace8a78c8d45a7834	Windows 11  (10.0.22631) 64bit (Editor)	True	null	null	null	null	null	null	None	0	null	0	0	null	null	null	null	null	
2024/11/23 15:52:01.618	b135e9c82f3b5af8414a656ace8a78c8d45a7834	Windows 11  (10.0.22631) 64bit (Editor)	True	null	null	null	null	null	null	None	0	null	0	0	null	null	null	null	null	
2024/11/23 15:52:01.629	b135e9c82f3b5af8414a656ace8a78c8d45a7834	Windows 11  (10.0.22631) 64bit (Editor)	True	null	null	null	null	null	null	None	0	null	0	0	null	null	null	null	null	
2024/11/23 15:52:01.638	b135e9c82f3b5af8414a656ace8a78c8d45a7834	Windows 11  (10.0.22631) 64bit (Editor)	True	null	null	null	null	null	null	None	0	null	0	0	null	null	null	null	null	
2024/11/23 15:52:01.649	b135e9c82f3b5af8414a656ace8a78c8d45a7834	Windows 11  (10.0.22631) 64bit (Editor)	True	null	null	null	null	null	null	None	0	null	0	0	null	null	null	null	null	
2024/11/23 15:52:01.660	b135e9c82f3b5af8414a656ace8a78c8d45a7834	Windows 11  (10.0.22631) 64bit (Editor)	True	null	null	null	null	null	null	None	0	null	0	0	null	null	null	null	null	
2024/11/23 15:52:01.671	b135e9c82f3b5af8414a656ace8a78c8d45a7834	Windows 11  (10.0.22631) 64bit (Editor)	True	null	null	null	null	null	null	None	0	null	0	0	null	null	null	null	null	
2024/11/23 15:52:01.680	b135e9c82f3b5af8414a656ace8a78c8d45a7834	Windows 11  (10.0.22631) 64bit (Editor)	True	null	null	null	null	null	null	None	0	null	0	0	null	null	null	null	null	
2024/11/23 15:52:01.700	b135e9c82f3b5af8414a656ace8a78c8d45a7834	Windows 11  (10.0.22631) 64bit (Editor)	True	null	null	null	null	null	null	None	0	null	0	0	null	null	null	null	null	
2024/11/23 15:52:01.712	b135e9c82f3b5af8414a656ace8a78c8d45a7834	Windows 11  (10.0.22631) 64bit (Editor)	True	null	null	null	null	null	null	None	0	null	0	0	null	null	null	null	null	
2024/11/23 15:52:01.723	b135e9c82f3b5af8414a656ace8a78c8d45a7834	Windows 11  (10.0.22631) 64bit (Editor)	True	null	null	null	null	null	null	None	0	null	0	0	null	null	null	null	null	
2024/11/23 15:52:01.735	b135e9c82f3b5af8414a656ace8a78c8d45a7834	Windows 11  (10.0.22631) 64bit (Editor)	True	null	null	null	null	null	null	None	0	null	0	0	null	null	null	null	null	
2024/11/23 15:52:01.744	b135e9c82f3b5af8414a656ace8a78c8d45a7834	Windows 11  (10.0.22631) 64bit (Editor)	True	null	null	null	null	null	null	None	0	null	0	0	null	null	null	null	null	
2024/11/23 15:52:01.756	b135e9c82f3b5af8414a656ace8a78c8d45a7834	Windows 11  (10.0.22631) 64bit (Editor)	True	null	null	null	null	null	null	None	0	null	0	0	null	null	null	null	null	
2024/11/23 15:52:01.767	b135e9c82f3b5af8414a656ace8a78c8d45a7834	Windows 11  (10.0.22631) 64bit (Editor)	True	null	null	null	null	null	null	None	0	null	0	0	null	null	null	null	null	
2024/11/23 15:52:01.777	b135e9c82f3b5af8414a656ace8a78c8d45a7834	Windows 11  (10.0.22631) 64bit (Editor)	True	null	null	null	null	null	null	None	0	null	0	0	null	null	null	null	null	
2024/11/23 15:52:01.788	b135e9c82f3b5af8414a656ace8a78c8d45a7834	Windows 11  (10.0.22631) 64bit (Editor)	True	null	null	null	null	null	null	None	0	null	0	0	null	null	null	null	null	
2024/11/23 15:52:01.799	b135e9c82f3b5af8414a656ace8a78c8d45a7834	Windows 11  (10.0.22631) 64bit (Editor)	True	null	null	null	null	null	null	None	0	null	0	0	null	null	null	null	null	
2024/11/23 15:52:01.809	b135e9c82f3b5af8414a656ace8a78c8d45a7834	Windows 11  (10.0.22631) 64bit (Editor)	True	null	null	null	null	null	null	None	0	null	0	0	null	null	null	null	null	
2024/11/23 15:52:01.820	b135e9c82f3b5af8414a656ace8a78c8d45a7834	Windows 11  (10.0.22631) 64bit (Editor)	True	null	null	null	null	null	null	None	0	null	0	0	null	null	null	null	null	
2024/11/23 15:52:01.830	b135e9c82f3b5af8414a656ace8a78c8d45a7834	Windows 11  (10.0.22631) 64bit (Editor)	True	null	null	null	null	null	null	None	0	null	0	0	null	null	null	null	null	
2024/11/23 15:52:01.840	b135e9c82f3b5af8414a656ace8a78c8d45a7834	Windows 11  (10.0.22631) 64bit (Editor)	True	null	null	null	null	null	null	None	0	null	0	0	null	null	null	null	null	
2024/11/23 15:52:01.862	b135e9c82f3b5af8414a656ace8a78c8d45a7834	Windows 11  (10.0.22631) 64bit (Editor)	True	null	null	null	null	null	null	None	0	null	0	0	null	null	null	null	null	
2024/11/23 15:52:01.874	b135e9c82f3b5af8414a656ace8a78c8d45a7834	Windows 11  (10.0.22631) 64bit (Editor)	True	null	null	null	null	null	null	None	0	null	0	0	null	null	null	null	null	
2024/11/23 15:52:01.885	b135e9c82f3b5af8414a656ace8a78c8d45a7834	Windows 11  (10.0.22631) 64bit (Editor)	True	null	null	null	null	null	null	None	0	null	0	0	null	null	null	null	null	
2024/11/23 15:52:01.894	b135e9c82f3b5af8414a656ace8a78c8d45a7834	Windows 11  (10.0.22631) 64bit (Editor)	True	null	null	null	null	null	null	None	0	null	0	0	null	null	null	null	null	
2024/11/23 15:52:01.906	b135e9c82f3b5af8414a656ace8a78c8d45a7834	Windows 11  (10.0.22631) 64bit (Editor)	True	null	null	null	null	null	null	None	0	null	0	0	null	null	null	null	null	
2024/11/23 15:52:01.916	b135e9c82f3b5af8414a656ace8a78c8d45a7834	Windows 11  (10.0.22631) 64bit (Editor)	True	null	null	null	null	null	null	None	0	null	0	0	null	null	null	null	null	
2024/11/23 15:52:01.927	b135e9c82f3b5af8414a656ace8a78c8d45a7834	Windows 11  (10.0.22631) 64bit (Editor)	True	null	null	null	null	null	null	None	0	null	0	0	null	null	null	null	null	
2024/11/23 15:52:01.938	b135e9c82f3b5af8414a656ace8a78c8d45a7834	Windows 11  (10.0.22631) 64bit (Editor)	True	null	null	null	null	null	null	None	0	null	0	0	null	null	null	null	null	
2024/11/23 15:52:01.947	b135e9c82f3b5af8414a656ace8a78c8d45a7834	Windows 11  (10.0.22631) 64bit (Editor)	True	null	null	null	null	null	null	None	0	null	0	0	null	null	null	null	null	
2024/11/23 15:52:01.958	b135e9c82f3b5af8414a656ace8a78c8d45a7834	Windows 11  (10.0.22631) 64bit (Editor)	True	null	null	null	null	null	null	None	0	null	0	0	null	null	null	null	null	
2024/11/23 15:52:01.969	b135e9c82f3b5af8414a656ace8a78c8d45a7834	Windows 11  (10.0.22631) 64bit (Editor)	True	null	null	null	null	null	null	None	0	null	0	0	null	null	null	null	null	
2024/11/23 15:52:01.980	b135e9c82f3b5af8414a656ace8a78c8d45a7834	Windows 11  (10.0.22631) 64bit (Editor)	True	null	null	null	null	null	null	None	0	null	0	0	null	null	null	null	null	
2024/11/23 15:52:01.991	b135e9c82f3b5af8414a656ace8a78c8d45a7834	Windows 11  (10.0.22631) 64bit (Editor)	True	null	null	null	null	null	null	None	0	null	0	0	null	null	null	null	null	
2024/11/23 15:52:02.011	b135e9c82f3b5af8414a656ace8a78c8d45a7834	Windows 11  (10.0.22631) 64bit (Editor)	True	null	null	null	null	null	null	None	0	null	0	0	null	null	null	null	null	
2024/11/23 15:52:02.025	b135e9c82f3b5af8414a656ace8a78c8d45a7834	Windows 11  (10.0.22631) 64bit (Editor)	True	null	null	null	null	null	null	None	0	null	0	0	null	null	null	null	null	
2024/11/23 15:52:02.038	b135e9c82f3b5af8414a656ace8a78c8d45a7834	Windows 11  (10.0.22631) 64bit (Editor)	True	null	null	null	null	null	null	None	0	null	0	0	null	null	null	null	null	
2024/11/23 15:52:02.049	b135e9c82f3b5af8414a656ace8a78c8d45a7834	Windows 11  (10.0.22631) 64bit (Editor)	True	null	null	null	null	null	null	None	0	null	0	0	null	null	null	null	null	
2024/11/23 15:52:02.059	b135e9c82f3b5af8414a656ace8a78c8d45a7834	Windows 11  (10.0.22631) 64bit (Editor)	True	null	null	null	null	null	null	None	0	null	0	0	null	null	null	null	null	
2024/11/23 15:52:02.072	b135e9c82f3b5af8414a656ace8a78c8d45a7834	Windows 11  (10.0.22631) 64bit (Editor)	True	null	null	null	null	null	null	None	0	null	0	0	null	null	null	null	null	
2024/11/23 15:52:02.083	b135e9c82f3b5af8414a656ace8a78c8d45a7834	Windows 11  (10.0.22631) 64bit (Editor)	True	null	null	null	null	null	null	None	0	null	0	0	null	null	null	null	null	
2024/11/23 15:52:02.095	b135e9c82f3b5af8414a656ace8a78c8d45a7834	Windows 11  (10.0.22631) 64bit (Editor)	True	null	null	null	null	null	null	None	0	null	0	0	null	null	null	null	null	
2024/11/23 15:52:02.107	b135e9c82f3b5af8414a656ace8a78c8d45a7834	Windows 11  (10.0.22631) 64bit (Editor)	True	null	null	null	null	null	null	None	0	null	0	0	null	null	null	null	null	
2024/11/23 15:52:02.118	b135e9c82f3b5af8414a656ace8a78c8d45a7834	Windows 11  (10.0.22631) 64bit (Editor)	True	null	null	null	null	null	null	None	0	null	0	0	null	null	null	null	null	
2024/11/23 15:52:02.131	b135e9c82f3b5af8414a656ace8a78c8d45a7834	Windows 11  (10.0.22631) 64bit (Editor)	True	null	null	null	null	null	null	None	0	null	0	0	null	null	null	null	null	
2024/11/23 15:52:02.145	b135e9c82f3b5af8414a656ace8a78c8d45a7834	Windows 11  (10.0.22631) 64bit (Editor)	True	null	null	null	null	null	null	None	0	null	0	0	null	null	null	null	null	
2024/11/23 15:52:02.172	b135e9c82f3b5af8414a656ace8a78c8d45a7834	Windows 11  (10.0.22631) 64bit (Editor)	True	null	null	null	null	null	null	None	0	null	0	0	null	null	null	null	null	
2024/11/23 15:52:02.188	b135e9c82f3b5af8414a656ace8a78c8d45a7834	Windows 11  (10.0.22631) 64bit (Editor)	True	null	null	null	null	null	null	None	0	null	0	0	null	null	null	null	null	
2024/11/23 15:52:02.198	b135e9c82f3b5af8414a656ace8a78c8d45a7834	Windows 11  (10.0.22631) 64bit (Editor)	True	null	null	null	null	null	null	None	0	null	0	0	null	null	null	null	null	
2024/11/23 15:52:02.213	b135e9c82f3b5af8414a656ace8a78c8d45a7834	Windows 11  (10.0.22631) 64bit (Editor)	True	null	null	null	null	null	null	None	0	null	0	0	null	null	null	null	null	
2024/11/23 15:52:02.225	b135e9c82f3b5af8414a656ace8a78c8d45a7834	Windows 11  (10.0.22631) 64bit (Editor)	True	null	null	null	null	null	null	None	0	null	0	0	null	null	null	null	null	
2024/11/23 15:52:02.237	b135e9c82f3b5af8414a656ace8a78c8d45a7834	Windows 11  (10.0.22631) 64bit (Editor)	True	null	null	null	null	null	null	None	0	null	0	0	null	null	null	null	null	
2024/11/23 15:52:02.249	b135e9c82f3b5af8414a656ace8a78c8d45a7834	Windows 11  (10.0.22631) 64bit (Editor)	True	null	null	null	null	null	null	None	0	null	0	0	null	null	null	null	null	
2024/11/23 15:52:02.262	b135e9c82f3b5af8414a656ace8a78c8d45a7834	Windows 11  (10.0.22631) 64bit (Editor)	True	null	null	null	null	null	null	None	0	null	0	0	null	null	null	null	null	
2024/11/23 15:52:02.277	b135e9c82f3b5af8414a656ace8a78c8d45a7834	Windows 11  (10.0.22631) 64bit (Editor)	True	null	null	null	null	null	null	None	0	null	0	0	null	null	null	null	null	
2024/11/23 15:52:02.290	b135e9c82f3b5af8414a656ace8a78c8d45a7834	Windows 11  (10.0.22631) 64bit (Editor)	True	null	null	null	null	null	null	None	0	null	0	0	null	null	null	null	null	
2024/11/23 15:52:02.309	b135e9c82f3b5af8414a656ace8a78c8d45a7834	Windows 11  (10.0.22631) 64bit (Editor)	True	null	null	null	null	null	null	None	0	null	0	0	null	null	null	null	null	
2024/11/23 15:52:02.335	b135e9c82f3b5af8414a656ace8a78c8d45a7834	Windows 11  (10.0.22631) 64bit (Editor)	True	null	null	null	null	null	null	None	0	null	0	0	null	null	null	null	null	
2024/11/23 15:52:02.354	b135e9c82f3b5af8414a656ace8a78c8d45a7834	Windows 11  (10.0.22631) 64bit (Editor)	True	null	null	null	null	null	null	None	0	null	0	0	null	null	null	null	null	
2024/11/23 15:52:02.365	b135e9c82f3b5af8414a656ace8a78c8d45a7834	Windows 11  (10.0.22631) 64bit (Editor)	True	null	null	null	null	null	null	None	0	null	0	0	null	null	null	null	null	
2024/11/23 15:52:02.376	b135e9c82f3b5af8414a656ace8a78c8d45a7834	Windows 11  (10.0.22631) 64bit (Editor)	True	null	null	null	null	null	null	None	0	null	0	0	null	null	null	null	null	
2024/11/23 15:52:02.386	b135e9c82f3b5af8414a656ace8a78c8d45a7834	Windows 11  (10.0.22631) 64bit (Editor)	True	null	null	null	null	null	null	None	0	null	0	0	null	null	null	null	null	
2024/11/23 15:52:02.396	b135e9c82f3b5af8414a656ace8a78c8d45a7834	Windows 11  (10.0.22631) 64bit (Editor)	True	null	null	null	null	null	null	None	0	null	0	0	null	null	null	null	null	
2024/11/23 15:52:02.408	b135e9c82f3b5af8414a656ace8a78c8d45a7834	Windows 11  (10.0.22631) 64bit (Editor)	True	null	null	null	null	null	null	None	0	null	0	0	null	null	null	null	null	
2024/11/23 15:52:02.419	b135e9c82f3b5af8414a656ace8a78c8d45a7834	Windows 11  (10.0.22631) 64bit (Editor)	True	null	null	null	null	null	null	None	0	null	0	0	null	null	null	null	null	
2024/11/23 15:52:02.429	b135e9c82f3b5af8414a656ace8a78c8d45a7834	Windows 11  (10.0.22631) 64bit (Editor)	True	null	null	null	null	null	null	None	0	null	0	0	null	null	null	null	null	
2024/11/23 15:52:02.440	b135e9c82f3b5af8414a656ace8a78c8d45a7834	Windows 11  (10.0.22631) 64bit (Editor)	True	null	null	null	null	null	null	None	0	null	0	0	null	null	null	null	null	
2024/11/23 15:52:02.450	b135e9c82f3b5af8414a656ace8a78c8d45a7834	Windows 11  (10.0.22631) 64bit (Editor)	True	null	null	null	null	null	null	None	0	null	0	0	null	null	null	null	null	
2024/11/23 15:52:02.460	b135e9c82f3b5af8414a656ace8a78c8d45a7834	Windows 11  (10.0.22631) 64bit (Editor)	True	null	null	null	null	null	null	None	0	null	0	0	null	null	null	null	null	
2024/11/23 15:52:02.481	b135e9c82f3b5af8414a656ace8a78c8d45a7834	Windows 11  (10.0.22631) 64bit (Editor)	True	null	null	null	null	null	null	None	0	null	0	0	null	null	null	null	null	
2024/11/23 15:52:02.491	b135e9c82f3b5af8414a656ace8a78c8d45a7834	Windows 11  (10.0.22631) 64bit (Editor)	True	null	null	null	null	null	null	None	0	null	0	0	null	null	null	null	null	
2024/11/23 15:52:02.503	b135e9c82f3b5af8414a656ace8a78c8d45a7834	Windows 11  (10.0.22631) 64bit (Editor)	True	null	null	null	null	null	null	None	0	null	0	0	null	null	null	null	null	
2024/11/23 15:52:02.514	b135e9c82f3b5af8414a656ace8a78c8d45a7834	Windows 11  (10.0.22631) 64bit (Editor)	True	null	null	null	null	null	null	None	0	null	0	0	null	null	null	null	null	
2024/11/23 15:52:02.524	b135e9c82f3b5af8414a656ace8a78c8d45a7834	Windows 11  (10.0.22631) 64bit (Editor)	True	null	null	null	null	null	null	None	0	null	0	0	null	null	null	null	null	
2024/11/23 15:52:02.535	b135e9c82f3b5af8414a656ace8a78c8d45a7834	Windows 11  (10.0.22631) 64bit (Editor)	True	null	null	null	null	null	null	None	0	null	0	0	null	null	null	null	null	
2024/11/23 15:52:02.546	b135e9c82f3b5af8414a656ace8a78c8d45a7834	Windows 11  (10.0.22631) 64bit (Editor)	True	null	null	null	null	null	null	None	0	null	0	0	null	null	null	null	null	
2024/11/23 15:52:02.555	b135e9c82f3b5af8414a656ace8a78c8d45a7834	Windows 11  (10.0.22631) 64bit (Editor)	True	null	null	null	null	null	null	None	0	null	0	0	null	null	null	null	null	
2024/11/23 15:52:02.566	b135e9c82f3b5af8414a656ace8a78c8d45a7834	Windows 11  (10.0.22631) 64bit (Editor)	True	null	null	null	null	null	null	None	0	null	0	0	null	null	null	null	null	
2024/11/23 15:52:02.577	b135e9c82f3b5af8414a656ace8a78c8d45a7834	Windows 11  (10.0.22631) 64bit (Editor)	True	null	null	null	null	null	null	None	0	null	0	0	null	null	null	null	null	
2024/11/23 15:52:02.587	b135e9c82f3b5af8414a656ace8a78c8d45a7834	Windows 11  (10.0.22631) 64bit (Editor)	True	null	null	null	null	null	null	None	0	null	0	0	null	null	null	null	null	
2024/11/23 15:52:02.598	b135e9c82f3b5af8414a656ace8a78c8d45a7834	Windows 11  (10.0.22631) 64bit (Editor)	True	null	null	null	null	null	null	None	0	null	0	0	null	null	null	null	null	
2024/11/23 15:52:02.609	b135e9c82f3b5af8414a656ace8a78c8d45a7834	Windows 11  (10.0.22631) 64bit (Editor)	True	null	null	null	null	null	null	None	0	null	0	0	null	null	null	null	null	
2024/11/23 15:52:02.619	b135e9c82f3b5af8414a656ace8a78c8d45a7834	Windows 11  (10.0.22631) 64bit (Editor)	True	null	null	null	null	null	null	None	0	null	0	0	null	null	null	null	null	
2024/11/23 15:52:02.641	b135e9c82f3b5af8414a656ace8a78c8d45a7834	Windows 11  (10.0.22631) 64bit (Editor)	True	null	null	null	null	null	null	None	0	null	0	0	null	null	null	null	null	
2024/11/23 15:52:02.651	b135e9c82f3b5af8414a656ace8a78c8d45a7834	Windows 11  (10.0.22631) 64bit (Editor)	True	null	null	null	null	null	null	None	0	null	0	0	null	null	null	null	null	
2024/11/23 15:52:02.662	b135e9c82f3b5af8414a656ace8a78c8d45a7834	Windows 11  (10.0.22631) 64bit (Editor)	True	null	null	null	null	null	null	None	0	null	0	0	null	null	null	null	null	
2024/11/23 15:52:02.674	b135e9c82f3b5af8414a656ace8a78c8d45a7834	Windows 11  (10.0.22631) 64bit (Editor)	True	null	null	null	null	null	null	None	0	null	0	0	null	null	null	null	null	
2024/11/23 15:52:02.686	b135e9c82f3b5af8414a656ace8a78c8d45a7834	Windows 11  (10.0.22631) 64bit (Editor)	True	null	null	null	null	null	null	None	0	null	0	0	null	null	null	null	null	
2024/11/23 15:52:02.697	b135e9c82f3b5af8414a656ace8a78c8d45a7834	Windows 11  (10.0.22631) 64bit (Editor)	True	null	null	null	null	null	null	None	0	null	0	0	null	null	null	null	null	
2024/11/23 15:52:02.708	b135e9c82f3b5af8414a656ace8a78c8d45a7834	Windows 11  (10.0.22631) 64bit (Editor)	True	null	null	null	null	null	null	None	0	null	0	0	null	null	null	null	null	
2024/11/23 15:52:02.718	b135e9c82f3b5af8414a656ace8a78c8d45a7834	Windows 11  (10.0.22631) 64bit (Editor)	True	null	null	null	null	null	null	None	0	null	0	0	null	null	null	null	null	
2024/11/23 15:52:02.728	b135e9c82f3b5af8414a656ace8a78c8d45a7834	Windows 11  (10.0.22631) 64bit (Editor)	True	null	null	null	null	null	null	None	0	null	0	0	null	null	null	null	null	
2024/11/23 15:52:02.738	b135e9c82f3b5af8414a656ace8a78c8d45a7834	Windows 11  (10.0.22631) 64bit (Editor)	True	null	null	null	null	null	null	None	0	null	0	0	null	null	null	null	null	
2024/11/23 15:52:02.754	b135e9c82f3b5af8414a656ace8a78c8d45a7834	Windows 11  (10.0.22631) 64bit (Editor)	True	null	null	null	null	null	null	None	0	null	0	0	null	null	null	null	null	
2024/11/23 15:52:02.764	b135e9c82f3b5af8414a656ace8a78c8d45a7834	Windows 11  (10.0.22631) 64bit (Editor)	True	null	null	null	null	null	null	None	0	null	0	0	null	null	null	null	null	
2024/11/23 15:52:02.774	b135e9c82f3b5af8414a656ace8a78c8d45a7834	Windows 11  (10.0.22631) 64bit (Editor)	True	null	null	null	null	null	null	None	0	null	0	0	null	null	null	null	null	
2024/11/23 15:52:02.795	b135e9c82f3b5af8414a656ace8a78c8d45a7834	Windows 11  (10.0.22631) 64bit (Editor)	True	null	null	null	null	null	null	None	0	null	0	0	null	null	null	null	null	
2024/11/23 15:52:02.807	b135e9c82f3b5af8414a656ace8a78c8d45a7834	Windows 11  (10.0.22631) 64bit (Editor)	True	null	null	null	null	null	null	None	0	null	0	0	null	null	null	null	null	
2024/11/23 15:52:02.818	b135e9c82f3b5af8414a656ace8a78c8d45a7834	Windows 11  (10.0.22631) 64bit (Editor)	True	null	null	null	null	null	null	None	0	null	0	0	null	null	null	null	null	
2024/11/23 15:52:02.830	b135e9c82f3b5af8414a656ace8a78c8d45a7834	Windows 11  (10.0.22631) 64bit (Editor)	True	null	null	null	null	null	null	None	0	null	0	0	null	null	null	null	null	
2024/11/23 15:52:02.840	b135e9c82f3b5af8414a656ace8a78c8d45a7834	Windows 11  (10.0.22631) 64bit (Editor)	True	null	null	null	null	null	null	None	0	null	0	0	null	null	null	null	null	
2024/11/23 15:52:02.850	b135e9c82f3b5af8414a656ace8a78c8d45a7834	Windows 11  (10.0.22631) 64bit (Editor)	True	null	null	null	null	null	null	None	0	null	0	0	null	null	null	null	null	
2024/11/23 15:52:02.860	b135e9c82f3b5af8414a656ace8a78c8d45a7834	Windows 11  (10.0.22631) 64bit (Editor)	True	null	null	null	null	null	null	None	0	null	0	0	null	null	null	null	null	
2024/11/23 15:52:02.871	b135e9c82f3b5af8414a656ace8a78c8d45a7834	Windows 11  (10.0.22631) 64bit (Editor)	True	null	null	null	null	null	null	None	0	null	0	0	null	null	null	null	null	
2024/11/23 15:52:02.882	b135e9c82f3b5af8414a656ace8a78c8d45a7834	Windows 11  (10.0.22631) 64bit (Editor)	True	null	null	null	null	null	null	None	0	null	0	0	null	null	null	null	null	
2024/11/23 15:52:02.893	b135e9c82f3b5af8414a656ace8a78c8d45a7834	Windows 11  (10.0.22631) 64bit (Editor)	True	null	null	null	null	null	null	None	0	null	0	0	null	null	null	null	null	
2024/11/23 15:52:02.905	b135e9c82f3b5af8414a656ace8a78c8d45a7834	Windows 11  (10.0.22631) 64bit (Editor)	True	null	null	null	null	null	null	None	0	null	0	0	null	null	null	null	null	
2024/11/23 15:52:02.915	b135e9c82f3b5af8414a656ace8a78c8d45a7834	Windows 11  (10.0.22631) 64bit (Editor)	True	null	null	null	null	null	null	None	0	null	0	0	null	null	null	null	null	
2024/11/23 15:52:02.926	b135e9c82f3b5af8414a656ace8a78c8d45a7834	Windows 11  (10.0.22631) 64bit (Editor)	True	null	null	null	null	null	null	None	0	null	0	0	null	null	null	null	null	
2024/11/23 15:52:02.949	b135e9c82f3b5af8414a656ace8a78c8d45a7834	Windows 11  (10.0.22631) 64bit (Editor)	True	null	null	null	null	null	null	None	0	null	0	0	null	null	null	null	null	
2024/11/23 15:52:02.962	b135e9c82f3b5af8414a656ace8a78c8d45a7834	Windows 11  (10.0.22631) 64bit (Editor)	True	null	null	null	null	null	null	None	0	null	0	0	null	null	null	null	null	
2024/11/23 15:52:02.975	b135e9c82f3b5af8414a656ace8a78c8d45a7834	Windows 11  (10.0.22631) 64bit (Editor)	True	null	null	null	null	null	null	None	0	null	0	0	null	null	null	null	null	
2024/11/23 15:52:02.988	b135e9c82f3b5af8414a656ace8a78c8d45a7834	Windows 11  (10.0.22631) 64bit (Editor)	True	null	null	null	null	null	null	None	0	null	0	0	null	null	null	null	null	
2024/11/23 15:52:03.000	b135e9c82f3b5af8414a656ace8a78c8d45a7834	Windows 11  (10.0.22631) 64bit (Editor)	True	null	null	null	null	null	null	None	0	null	0	0	null	null	null	null	null	
2024/11/23 15:52:03.011	b135e9c82f3b5af8414a656ace8a78c8d45a7834	Windows 11  (10.0.22631) 64bit (Editor)	True	null	null	null	null	null	null	None	0	null	0	0	null	null	null	null	null	
2024/11/23 15:52:03.023	b135e9c82f3b5af8414a656ace8a78c8d45a7834	Windows 11  (10.0.22631) 64bit (Editor)	True	null	null	null	null	null	null	None	0	null	0	0	null	null	null	null	null	
2024/11/23 15:52:03.036	b135e9c82f3b5af8414a656ace8a78c8d45a7834	Windows 11  (10.0.22631) 64bit (Editor)	True	null	null	null	null	null	null	None	0	null	0	0	null	null	null	null	null	
2024/11/23 15:52:03.048	b135e9c82f3b5af8414a656ace8a78c8d45a7834	Windows 11  (10.0.22631) 64bit (Editor)	True	null	null	null	null	null	null	None	0	null	0	0	null	null	null	null	null	
2024/11/23 15:52:03.061	b135e9c82f3b5af8414a656ace8a78c8d45a7834	Windows 11  (10.0.22631) 64bit (Editor)	True	null	null	null	null	null	null	None	0	null	0	0	null	null	null	null	null	
2024/11/23 15:52:03.072	b135e9c82f3b5af8414a656ace8a78c8d45a7834	Windows 11  (10.0.22631) 64bit (Editor)	True	null	null	null	null	null	null	None	0	null	0	0	null	null	null	null	null	
2024/11/23 15:52:03.085	b135e9c82f3b5af8414a656ace8a78c8d45a7834	Windows 11  (10.0.22631) 64bit (Editor)	True	null	null	null	null	null	null	None	0	null	0	0	null	null	null	null	null	
2024/11/23 15:52:03.107	b135e9c82f3b5af8414a656ace8a78c8d45a7834	Windows 11  (10.0.22631) 64bit (Editor)	True	null	null	null	null	null	null	None	0	null	0	0	null	null	null	null	null	
2024/11/23 15:52:03.122	b135e9c82f3b5af8414a656ace8a78c8d45a7834	Windows 11  (10.0.22631) 64bit (Editor)	True	null	null	null	null	null	null	None	0	null	0	0	null	null	null	null	null	
2024/11/23 15:52:03.134	b135e9c82f3b5af8414a656ace8a78c8d45a7834	Windows 11  (10.0.22631) 64bit (Editor)	True	null	null	null	null	null	null	None	0	null	0	0	null	null	null	null	null	
2024/11/23 15:52:03.146	b135e9c82f3b5af8414a656ace8a78c8d45a7834	Windows 11  (10.0.22631) 64bit (Editor)	True	null	null	null	null	null	null	None	0	null	0	0	null	null	null	null	null	
2024/11/23 15:52:03.157	b135e9c82f3b5af8414a656ace8a78c8d45a7834	Windows 11  (10.0.22631) 64bit (Editor)	True	null	null	null	null	null	null	None	0	null	0	0	null	null	null	null	null	
2024/11/23 15:52:03.170	b135e9c82f3b5af8414a656ace8a78c8d45a7834	Windows 11  (10.0.22631) 64bit (Editor)	True	null	null	null	null	null	null	None	0	null	0	0	null	null	null	null	null	
2024/11/23 15:52:03.179	b135e9c82f3b5af8414a656ace8a78c8d45a7834	Windows 11  (10.0.22631) 64bit (Editor)	True	null	null	null	null	null	null	None	0	null	0	0	null	null	null	null	null	
2024/11/23 15:52:03.191	b135e9c82f3b5af8414a656ace8a78c8d45a7834	Windows 11  (10.0.22631) 64bit (Editor)	True	null	null	null	null	null	null	None	0	null	0	0	null	null	null	null	null	
2024/11/23 15:52:03.201	b135e9c82f3b5af8414a656ace8a78c8d45a7834	Windows 11  (10.0.22631) 64bit (Editor)	True	null	null	null	null	null	null	None	0	null	0	0	null	null	null	null	null	
2024/11/23 15:52:03.212	b135e9c82f3b5af8414a656ace8a78c8d45a7834	Windows 11  (10.0.22631) 64bit (Editor)	True	null	null	null	null	null	null	None	0	null	0	0	null	null	null	null	null	
2024/11/23 15:52:03.223	b135e9c82f3b5af8414a656ace8a78c8d45a7834	Windows 11  (10.0.22631) 64bit (Editor)	True	null	null	null	null	null	null	None	0	null	0	0	null	null	null	null	null	
2024/11/23 15:52:03.234	b135e9c82f3b5af8414a656ace8a78c8d45a7834	Windows 11  (10.0.22631) 64bit (Editor)	True	null	null	null	null	null	null	None	0	null	0	0	null	null	null	null	null	
2024/11/23 15:52:03.245	b135e9c82f3b5af8414a656ace8a78c8d45a7834	Windows 11  (10.0.22631) 64bit (Editor)	True	null	null	null	null	null	null	None	0	null	0	0	null	null	null	null	null	
2024/11/23 15:52:03.267	b135e9c82f3b5af8414a656ace8a78c8d45a7834	Windows 11  (10.0.22631) 64bit (Editor)	True	null	null	null	null	null	null	None	0	null	0	0	null	null	null	null	null	
2024/11/23 15:52:03.277	b135e9c82f3b5af8414a656ace8a78c8d45a7834	Windows 11  (10.0.22631) 64bit (Editor)	True	null	null	null	null	null	null	None	0	null	0	0	null	null	null	null	null	
2024/11/23 15:52:03.289	b135e9c82f3b5af8414a656ace8a78c8d45a7834	Windows 11  (10.0.22631) 64bit (Editor)	True	null	null	null	null	null	null	None	0	null	0	0	null	null	null	null	null	
2024/11/23 15:52:03.300	b135e9c82f3b5af8414a656ace8a78c8d45a7834	Windows 11  (10.0.22631) 64bit (Editor)	True	null	null	null	null	null	null	None	0	null	0	0	null	null	null	null	null	
2024/11/23 15:52:03.311	b135e9c82f3b5af8414a656ace8a78c8d45a7834	Windows 11  (10.0.22631) 64bit (Editor)	True	null	null	null	null	null	null	None	0	null	0	0	null	null	null	null	null	
2024/11/23 15:52:03.322	b135e9c82f3b5af8414a656ace8a78c8d45a7834	Windows 11  (10.0.22631) 64bit (Editor)	True	null	null	null	null	null	null	None	0	null	0	0	null	null	null	null	null	
2024/11/23 15:52:03.332	b135e9c82f3b5af8414a656ace8a78c8d45a7834	Windows 11  (10.0.22631) 64bit (Editor)	True	null	null	null	null	null	null	None	0	null	0	0	null	null	null	null	null	
2024/11/23 15:52:03.344	b135e9c82f3b5af8414a656ace8a78c8d45a7834	Windows 11  (10.0.22631) 64bit (Editor)	True	null	null	null	null	null	null	None	0	null	0	0	null	null	null	null	null	
2024/11/23 15:52:03.355	b135e9c82f3b5af8414a656ace8a78c8d45a7834	Windows 11  (10.0.22631) 64bit (Editor)	True	null	null	null	null	null	null	None	0	null	0	0	null	null	null	null	null	
2024/11/23 15:52:03.365	b135e9c82f3b5af8414a656ace8a78c8d45a7834	Windows 11  (10.0.22631) 64bit (Editor)	True	null	null	null	null	null	null	None	0	null	0	0	null	null	null	null	null	
2024/11/23 15:52:03.377	b135e9c82f3b5af8414a656ace8a78c8d45a7834	Windows 11  (10.0.22631) 64bit (Editor)	True	null	null	null	null	null	null	None	0	null	0	0	null	null	null	null	null	
2024/11/23 15:52:03.388	b135e9c82f3b5af8414a656ace8a78c8d45a7834	Windows 11  (10.0.22631) 64bit (Editor)	True	null	null	null	null	null	null	None	0	null	0	0	null	null	null	null	null	
2024/11/23 15:52:03.398	b135e9c82f3b5af8414a656ace8a78c8d45a7834	Windows 11  (10.0.22631) 64bit (Editor)	True	null	null	null	null	null	null	None	0	null	0	0	null	null	null	null	null	
2024/11/23 15:52:03.420	b135e9c82f3b5af8414a656ace8a78c8d45a7834	Windows 11  (10.0.22631) 64bit (Editor)	True	null	null	null	null	null	null	None	0	null	0	0	null	null	null	null	null	
2024/11/23 15:52:03.431	b135e9c82f3b5af8414a656ace8a78c8d45a7834	Windows 11  (10.0.22631) 64bit (Editor)	True	null	null	null	null	null	null	None	0	null	0	0	null	null	null	null	null	
2024/11/23 15:52:03.446	b135e9c82f3b5af8414a656ace8a78c8d45a7834	Windows 11  (10.0.22631) 64bit (Editor)	True	null	null	null	null	null	null	None	0	null	0	0	null	null	null	null	null	
2024/11/23 15:52:03.458	b135e9c82f3b5af8414a656ace8a78c8d45a7834	Windows 11  (10.0.22631) 64bit (Editor)	True	null	null	null	null	null	null	None	0	null	0	0	null	null	null	null	null	
2024/11/23 15:52:03.470	b135e9c82f3b5af8414a656ace8a78c8d45a7834	Windows 11  (10.0.22631) 64bit (Editor)	True	null	null	null	null	null	null	None	0	null	0	0	null	null	null	null	null	
2024/11/23 15:52:03.481	b135e9c82f3b5af8414a656ace8a78c8d45a7834	Windows 11  (10.0.22631) 64bit (Editor)	True	null	null	null	null	null	null	None	0	null	0	0	null	null	null	null	null	
2024/11/23 15:52:03.491	b135e9c82f3b5af8414a656ace8a78c8d45a7834	Windows 11  (10.0.22631) 64bit (Editor)	True	null	null	null	null	null	null	None	0	null	0	0	null	null	null	null	null	
2024/11/23 15:52:03.503	b135e9c82f3b5af8414a656ace8a78c8d45a7834	Windows 11  (10.0.22631) 64bit (Editor)	True	null	null	null	null	null	null	None	0	null	0	0	null	null	null	null	null	
2024/11/23 15:52:03.513	b135e9c82f3b5af8414a656ace8a78c8d45a7834	Windows 11  (10.0.22631) 64bit (Editor)	True	null	null	null	null	null	null	None	0	null	0	0	null	null	null	null	null	
2024/11/23 15:52:03.523	b135e9c82f3b5af8414a656ace8a78c8d45a7834	Windows 11  (10.0.22631) 64bit (Editor)	True	null	null	null	null	null	null	None	0	null	0	0	null	null	null	null	null	
2024/11/23 15:52:03.534	b135e9c82f3b5af8414a656ace8a78c8d45a7834	Windows 11  (10.0.22631) 64bit (Editor)	True	null	null	null	null	null	null	None	0	null	0	0	null	null	null	null	null	
2024/11/23 15:52:03.545	b135e9c82f3b5af8414a656ace8a78c8d45a7834	Windows 11  (10.0.22631) 64bit (Editor)	True	null	null	null	null	null	null	None	0	null	0	0	null	null	null	null	null	
2024/11/23 15:52:03.555	b135e9c82f3b5af8414a656ace8a78c8d45a7834	Windows 11  (10.0.22631) 64bit (Editor)	True	null	null	null	null	null	null	None	0	null	0	0	null	null	null	null	null	
2024/11/23 15:52:03.576	b135e9c82f3b5af8414a656ace8a78c8d45a7834	Windows 11  (10.0.22631) 64bit (Editor)	True	null	null	null	null	null	null	None	0	null	0	0	null	null	null	null	null	
2024/11/23 15:52:03.587	b135e9c82f3b5af8414a656ace8a78c8d45a7834	Windows 11  (10.0.22631) 64bit (Editor)	True	null	null	null	null	null	null	None	0	null	0	0	null	null	null	null	null	
2024/11/23 15:52:03.597	b135e9c82f3b5af8414a656ace8a78c8d45a7834	Windows 11  (10.0.22631) 64bit (Editor)	True	null	null	null	null	null	null	None	0	null	0	0	null	null	null	null	null	
2024/11/23 15:52:03.607	b135e9c82f3b5af8414a656ace8a78c8d45a7834	Windows 11  (10.0.22631) 64bit (Editor)	True	null	null	null	null	null	null	None	0	null	0	0	null	null	null	null	null	
2024/11/23 15:52:03.617	b135e9c82f3b5af8414a656ace8a78c8d45a7834	Windows 11  (10.0.22631) 64bit (Editor)	True	null	null	null	null	null	null	None	0	null	0	0	null	null	null	null	null	
2024/11/23 15:52:03.627	b135e9c82f3b5af8414a656ace8a78c8d45a7834	Windows 11  (10.0.22631) 64bit (Editor)	True	null	null	null	null	null	null	None	0	null	0	0	null	null	null	null	null	
2024/11/23 15:52:03.638	b135e9c82f3b5af8414a656ace8a78c8d45a7834	Windows 11  (10.0.22631) 64bit (Editor)	True	null	null	null	null	null	null	None	0	null	0	0	null	null	null	null	null	
2024/11/23 15:52:03.649	b135e9c82f3b5af8414a656ace8a78c8d45a7834	Windows 11  (10.0.22631) 64bit (Editor)	True	null	null	null	null	null	null	None	0	null	0	0	null	null	null	null	null	
2024/11/23 15:52:03.659	b135e9c82f3b5af8414a656ace8a78c8d45a7834	Windows 11  (10.0.22631) 64bit (Editor)	True	null	null	null	null	null	null	None	0	null	0	0	null	null	null	null	null	
2024/11/23 15:52:03.670	b135e9c82f3b5af8414a656ace8a78c8d45a7834	Windows 11  (10.0.22631) 64bit (Editor)	True	null	null	null	null	null	null	None	0	null	0	0	null	null	null	null	null	
2024/11/23 15:52:03.680	b135e9c82f3b5af8414a656ace8a78c8d45a7834	Windows 11  (10.0.22631) 64bit (Editor)	True	null	null	null	null	null	null	None	0	null	0	0	null	null	null	null	null	
2024/11/23 15:52:03.696	b135e9c82f3b5af8414a656ace8a78c8d45a7834	Windows 11  (10.0.22631) 64bit (Editor)	True	null	null	null	null	null	null	None	0	null	0	0	null	null	null	null	null	
2024/11/23 15:52:03.707	b135e9c82f3b5af8414a656ace8a78c8d45a7834	Windows 11  (10.0.22631) 64bit (Editor)	True	null	null	null	null	null	null	None	0	null	0	0	null	null	null	null	null	
2024/11/23 15:52:03.727	b135e9c82f3b5af8414a656ace8a78c8d45a7834	Windows 11  (10.0.22631) 64bit (Editor)	True	null	null	null	null	null	null	None	0	null	0	0	null	null	null	null	null	
2024/11/23 15:52:03.738	b135e9c82f3b5af8414a656ace8a78c8d45a7834	Windows 11  (10.0.22631) 64bit (Editor)	True	null	null	null	null	null	null	None	0	null	0	0	null	null	null	null	null	
2024/11/23 15:52:03.750	b135e9c82f3b5af8414a656ace8a78c8d45a7834	Windows 11  (10.0.22631) 64bit (Editor)	True	null	null	null	null	null	null	None	0	null	0	0	null	null	null	null	null	
2024/11/23 15:52:03.761	b135e9c82f3b5af8414a656ace8a78c8d45a7834	Windows 11  (10.0.22631) 64bit (Editor)	True	null	null	null	null	null	null	None	0	null	0	0	null	null	null	null	null	
2024/11/23 15:52:03.772	b135e9c82f3b5af8414a656ace8a78c8d45a7834	Windows 11  (10.0.22631) 64bit (Editor)	True	null	null	null	null	null	null	None	0	null	0	0	null	null	null	null	null	
2024/11/23 15:52:03.781	b135e9c82f3b5af8414a656ace8a78c8d45a7834	Windows 11  (10.0.22631) 64bit (Editor)	True	null	null	null	null	null	null	None	0	null	0	0	null	null	null	null	null	
2024/11/23 15:52:03.793	b135e9c82f3b5af8414a656ace8a78c8d45a7834	Windows 11  (10.0.22631) 64bit (Editor)	True	null	null	null	null	null	null	None	0	null	0	0	null	null	null	null	null	
2024/11/23 15:52:03.802	b135e9c82f3b5af8414a656ace8a78c8d45a7834	Windows 11  (10.0.22631) 64bit (Editor)	True	null	null	null	null	null	null	None	0	null	0	0	null	null	null	null	null	
2024/11/23 15:52:03.814	b135e9c82f3b5af8414a656ace8a78c8d45a7834	Windows 11  (10.0.22631) 64bit (Editor)	True	null	null	null	null	null	null	None	0	null	0	0	null	null	null	null	null	
2024/11/23 15:52:03.824	b135e9c82f3b5af8414a656ace8a78c8d45a7834	Windows 11  (10.0.22631) 64bit (Editor)	True	null	null	null	null	null	null	None	0	null	0	0	null	null	null	null	null	
2024/11/23 15:52:03.834	b135e9c82f3b5af8414a656ace8a78c8d45a7834	Windows 11  (10.0.22631) 64bit (Editor)	True	null	null	null	null	null	null	None	0	null	0	0	null	null	null	null	null	
2024/11/23 15:52:03.844	b135e9c82f3b5af8414a656ace8a78c8d45a7834	Windows 11  (10.0.22631) 64bit (Editor)	True	null	null	null	null	null	null	None	0	null	0	0	null	null	null	null	null	
2024/11/23 15:52:03.855	b135e9c82f3b5af8414a656ace8a78c8d45a7834	Windows 11  (10.0.22631) 64bit (Editor)	True	null	null	null	null	null	null	None	0	null	0	0	null	null	null	null	null	
2024/11/23 15:52:03.865	b135e9c82f3b5af8414a656ace8a78c8d45a7834	Windows 11  (10.0.22631) 64bit (Editor)	True	null	null	null	null	null	null	None	0	null	0	0	null	null	null	null	null	
2024/11/23 15:52:03.885	b135e9c82f3b5af8414a656ace8a78c8d45a7834	Windows 11  (10.0.22631) 64bit (Editor)	True	null	null	null	null	null	null	None	0	null	0	0	null	null	null	null	null	
2024/11/23 15:52:03.894	b135e9c82f3b5af8414a656ace8a78c8d45a7834	Windows 11  (10.0.22631) 64bit (Editor)	True	null	null	null	null	null	null	None	0	null	0	0	null	null	null	null	null	
2024/11/23 15:52:03.906	b135e9c82f3b5af8414a656ace8a78c8d45a7834	Windows 11  (10.0.22631) 64bit (Editor)	True	null	null	null	null	null	null	None	0	null	0	0	null	null	null	null	null	
2024/11/23 15:52:03.916	b135e9c82f3b5af8414a656ace8a78c8d45a7834	Windows 11  (10.0.22631) 64bit (Editor)	True	null	null	null	null	null	null	None	0	null	0	0	null	null	null	null	null	
2024/11/23 15:52:03.926	b135e9c82f3b5af8414a656ace8a78c8d45a7834	Windows 11  (10.0.22631) 64bit (Editor)	True	null	null	null	null	null	null	None	0	null	0	0	null	null	null	null	null	
2024/11/23 15:52:03.938	b135e9c82f3b5af8414a656ace8a78c8d45a7834	Windows 11  (10.0.22631) 64bit (Editor)	True	null	null	null	null	null	null	None	0	null	0	0	null	null	null	null	null	
2024/11/23 15:52:03.950	b135e9c82f3b5af8414a656ace8a78c8d45a7834	Windows 11  (10.0.22631) 64bit (Editor)	True	null	null	null	null	null	null	None	0	null	0	0	null	null	null	null	null	
2024/11/23 15:52:03.960	b135e9c82f3b5af8414a656ace8a78c8d45a7834	Windows 11  (10.0.22631) 64bit (Editor)	True	null	null	null	null	null	null	None	0	null	0	0	null	null	null	null	null	
2024/11/23 15:52:03.971	b135e9c82f3b5af8414a656ace8a78c8d45a7834	Windows 11  (10.0.22631) 64bit (Editor)	True	null	null	null	null	null	null	None	0	null	0	0	null	null	null	null	null	
2024/11/23 15:52:03.981	b135e9c82f3b5af8414a656ace8a78c8d45a7834	Windows 11  (10.0.22631) 64bit (Editor)	True	null	null	null	null	null	null	None	0	null	0	0	null	null	null	null	null	
2024/11/23 15:52:03.993	b135e9c82f3b5af8414a656ace8a78c8d45a7834	Windows 11  (10.0.22631) 64bit (Editor)	True	null	null	null	null	null	null	None	0	null	0	0	null	null	null	null	null	
2024/11/23 15:52:04.003	b135e9c82f3b5af8414a656ace8a78c8d45a7834	Windows 11  (10.0.22631) 64bit (Editor)	True	null	null	null	null	null	null	None	0	null	0	0	null	null	null	null	null	
2024/11/23 15:52:04.015	b135e9c82f3b5af8414a656ace8a78c8d45a7834	Windows 11  (10.0.22631) 64bit (Editor)	True	null	null	null	null	null	null	None	0	null	0	0	null	null	null	null	null	
2024/11/23 15:52:04.026	b135e9c82f3b5af8414a656ace8a78c8d45a7834	Windows 11  (10.0.22631) 64bit (Editor)	True	null	null	null	null	null	null	None	0	null	0	0	null	null	null	null	null	
2024/11/23 15:52:04.046	b135e9c82f3b5af8414a656ace8a78c8d45a7834	Windows 11  (10.0.22631) 64bit (Editor)	True	null	null	null	null	null	null	None	0	null	0	0	null	null	null	null	null	
2024/11/23 15:52:04.057	b135e9c82f3b5af8414a656ace8a78c8d45a7834	Windows 11  (10.0.22631) 64bit (Editor)	True	null	null	null	null	null	null	None	0	null	0	0	null	null	null	null	null	
2024/11/23 15:52:04.069	b135e9c82f3b5af8414a656ace8a78c8d45a7834	Windows 11  (10.0.22631) 64bit (Editor)	True	null	null	null	null	null	null	None	0	null	0	0	null	null	null	null	null	
2024/11/23 15:52:04.078	b135e9c82f3b5af8414a656ace8a78c8d45a7834	Windows 11  (10.0.22631) 64bit (Editor)	True	null	null	null	null	null	null	None	0	null	0	0	null	null	null	null	null	
2024/11/23 15:52:04.089	b135e9c82f3b5af8414a656ace8a78c8d45a7834	Windows 11  (10.0.22631) 64bit (Editor)	True	null	null	null	null	null	null	None	0	null	0	0	null	null	null	null	null	
2024/11/23 15:52:04.100	b135e9c82f3b5af8414a656ace8a78c8d45a7834	Windows 11  (10.0.22631) 64bit (Editor)	True	null	null	null	null	null	null	None	0	null	0	0	null	null	null	null	null	
2024/11/23 15:52:04.111	b135e9c82f3b5af8414a656ace8a78c8d45a7834	Windows 11  (10.0.22631) 64bit (Editor)	True	null	null	null	null	null	null	None	0	null	0	0	null	null	null	null	null	
2024/11/23 15:52:04.123	b135e9c82f3b5af8414a656ace8a78c8d45a7834	Windows 11  (10.0.22631) 64bit (Editor)	True	null	null	null	null	null	null	None	0	null	0	0	null	null	null	null	null	
2024/11/23 15:52:04.133	b135e9c82f3b5af8414a656ace8a78c8d45a7834	Windows 11  (10.0.22631) 64bit (Editor)	True	null	null	null	null	null	null	None	0	null	0	0	null	null	null	null	null	
2024/11/23 15:52:04.142	b135e9c82f3b5af8414a656ace8a78c8d45a7834	Windows 11  (10.0.22631) 64bit (Editor)	True	null	null	null	null	null	null	None	0	null	0	0	null	null	null	null	null	
2024/11/23 15:52:04.153	b135e9c82f3b5af8414a656ace8a78c8d45a7834	Windows 11  (10.0.22631) 64bit (Editor)	True	null	null	null	null	null	null	None	0	null	0	0	null	null	null	null	null	
2024/11/23 15:52:04.163	b135e9c82f3b5af8414a656ace8a78c8d45a7834	Windows 11  (10.0.22631) 64bit (Editor)	True	null	null	null	null	null	null	None	0	null	0	0	null	null	null	null	null	
2024/11/23 15:52:04.174	b135e9c82f3b5af8414a656ace8a78c8d45a7834	Windows 11  (10.0.22631) 64bit (Editor)	True	null	null	null	null	null	null	None	0	null	0	0	null	null	null	null	null	
2024/11/23 15:52:04.184	b135e9c82f3b5af8414a656ace8a78c8d45a7834	Windows 11  (10.0.22631) 64bit (Editor)	True	null	null	null	null	null	null	None	0	null	0	0	null	null	null	null	null	
2024/11/23 15:52:04.205	b135e9c82f3b5af8414a656ace8a78c8d45a7834	Windows 11  (10.0.22631) 64bit (Editor)	True	null	null	null	null	null	null	None	0	null	0	0	null	null	null	null	null	
2024/11/23 15:52:04.216	b135e9c82f3b5af8414a656ace8a78c8d45a7834	Windows 11  (10.0.22631) 64bit (Editor)	True	null	null	null	null	null	null	None	0	null	0	0	null	null	null	null	null	
2024/11/23 15:52:04.228	b135e9c82f3b5af8414a656ace8a78c8d45a7834	Windows 11  (10.0.22631) 64bit (Editor)	True	null	null	null	null	null	null	None	0	null	0	0	null	null	null	null	null	
2024/11/23 15:52:04.239	b135e9c82f3b5af8414a656ace8a78c8d45a7834	Windows 11  (10.0.22631) 64bit (Editor)	True	null	null	null	null	null	null	None	0	null	0	0	null	null	null	null	null	
2024/11/23 15:52:04.249	b135e9c82f3b5af8414a656ace8a78c8d45a7834	Windows 11  (10.0.22631) 64bit (Editor)	True	null	null	null	null	null	null	None	0	null	0	0	null	null	null	null	null	
2024/11/23 15:52:04.260	b135e9c82f3b5af8414a656ace8a78c8d45a7834	Windows 11  (10.0.22631) 64bit (Editor)	True	null	null	null	null	null	null	None	0	null	0	0	null	null	null	null	null	
2024/11/23 15:52:04.272	b135e9c82f3b5af8414a656ace8a78c8d45a7834	Windows 11  (10.0.22631) 64bit (Editor)	True	null	null	null	null	null	null	None	0	null	0	0	null	null	null	null	null	
2024/11/23 15:52:04.282	b135e9c82f3b5af8414a656ace8a78c8d45a7834	Windows 11  (10.0.22631) 64bit (Editor)	True	null	null	null	null	null	null	None	0	null	0	0	null	null	null	null	null	
2024/11/23 15:52:04.293	b135e9c82f3b5af8414a656ace8a78c8d45a7834	Windows 11  (10.0.22631) 64bit (Editor)	True	null	null	null	null	null	null	None	0	null	0	0	null	null	null	null	null	
2024/11/23 15:52:04.304	b135e9c82f3b5af8414a656ace8a78c8d45a7834	Windows 11  (10.0.22631) 64bit (Editor)	True	null	null	null	null	null	null	None	0	null	0	0	null	null	null	null	null	
2024/11/23 15:52:04.315	b135e9c82f3b5af8414a656ace8a78c8d45a7834	Windows 11  (10.0.22631) 64bit (Editor)	True	null	null	null	null	null	null	None	0	null	0	0	null	null	null	null	null	
2024/11/23 15:52:04.326	b135e9c82f3b5af8414a656ace8a78c8d45a7834	Windows 11  (10.0.22631) 64bit (Editor)	True	null	null	null	null	null	null	None	0	null	0	0	null	null	null	null	null	
2024/11/23 15:52:04.338	b135e9c82f3b5af8414a656ace8a78c8d45a7834	Windows 11  (10.0.22631) 64bit (Editor)	True	null	null	null	null	null	null	None	0	null	0	0	null	null	null	null	null	
2024/11/23 15:52:04.360	b135e9c82f3b5af8414a656ace8a78c8d45a7834	Windows 11  (10.0.22631) 64bit (Editor)	True	null	null	null	null	null	null	None	0	null	0	0	null	null	null	null	null	
2024/11/23 15:52:04.372	b135e9c82f3b5af8414a656ace8a78c8d45a7834	Windows 11  (10.0.22631) 64bit (Editor)	True	null	null	null	null	null	null	None	0	null	0	0	null	null	null	null	null	
2024/11/23 15:52:04.382	b135e9c82f3b5af8414a656ace8a78c8d45a7834	Windows 11  (10.0.22631) 64bit (Editor)	True	null	null	null	null	null	null	None	0	null	0	0	null	null	null	null	null	
2024/11/23 15:52:04.394	b135e9c82f3b5af8414a656ace8a78c8d45a7834	Windows 11  (10.0.22631) 64bit (Editor)	True	null	null	null	null	null	null	None	0	null	0	0	null	null	null	null	null	
2024/11/23 15:52:04.405	b135e9c82f3b5af8414a656ace8a78c8d45a7834	Windows 11  (10.0.22631) 64bit (Editor)	True	null	null	null	null	null	null	None	0	null	0	0	null	null	null	null	null	
2024/11/23 15:52:04.415	b135e9c82f3b5af8414a656ace8a78c8d45a7834	Windows 11  (10.0.22631) 64bit (Editor)	True	null	null	null	null	null	null	None	0	null	0	0	null	null	null	null	null	
2024/11/23 15:52:04.427	b135e9c82f3b5af8414a656ace8a78c8d45a7834	Windows 11  (10.0.22631) 64bit (Editor)	True	null	null	null	null	null	null	None	0	null	0	0	null	null	null	null	null	
2024/11/23 15:52:04.438	b135e9c82f3b5af8414a656ace8a78c8d45a7834	Windows 11  (10.0.22631) 64bit (Editor)	True	null	null	null	null	null	null	None	0	null	0	0	null	null	null	null	null	
2024/11/23 15:52:04.450	b135e9c82f3b5af8414a656ace8a78c8d45a7834	Windows 11  (10.0.22631) 64bit (Editor)	True	null	null	null	null	null	null	None	0	null	0	0	null	null	null	null	null	
2024/11/23 15:52:04.460	b135e9c82f3b5af8414a656ace8a78c8d45a7834	Windows 11  (10.0.22631) 64bit (Editor)	True	null	null	null	null	null	null	None	0	null	0	0	null	null	null	null	null	
2024/11/23 15:52:04.471	b135e9c82f3b5af8414a656ace8a78c8d45a7834	Windows 11  (10.0.22631) 64bit (Editor)	True	null	null	null	null	null	null	None	0	null	0	0	null	null	null	null	null	
2024/11/23 15:52:04.482	b135e9c82f3b5af8414a656ace8a78c8d45a7834	Windows 11  (10.0.22631) 64bit (Editor)	True	null	null	null	null	null	null	None	0	null	0	0	null	null	null	null	null	
2024/11/23 15:52:04.497	b135e9c82f3b5af8414a656ace8a78c8d45a7834	Windows 11  (10.0.22631) 64bit (Editor)	True	null	null	null	null	null	null	None	0	null	0	0	null	null	null	null	null	
2024/11/23 15:52:04.520	b135e9c82f3b5af8414a656ace8a78c8d45a7834	Windows 11  (10.0.22631) 64bit (Editor)	True	null	null	null	null	null	null	None	0	null	0	0	null	null	null	null	null	
2024/11/23 15:52:04.529	b135e9c82f3b5af8414a656ace8a78c8d45a7834	Windows 11  (10.0.22631) 64bit (Editor)	True	null	null	null	null	null	null	None	0	null	0	0	null	null	null	null	null	
2024/11/23 15:52:04.541	b135e9c82f3b5af8414a656ace8a78c8d45a7834	Windows 11  (10.0.22631) 64bit (Editor)	True	null	null	null	null	null	null	None	0	null	0	0	null	null	null	null	null	
2024/11/23 15:52:04.552	b135e9c82f3b5af8414a656ace8a78c8d45a7834	Windows 11  (10.0.22631) 64bit (Editor)	True	null	null	null	null	null	null	None	0	null	0	0	null	null	null	null	null	
2024/11/23 15:52:04.561	b135e9c82f3b5af8414a656ace8a78c8d45a7834	Windows 11  (10.0.22631) 64bit (Editor)	True	null	null	null	null	null	null	None	0	null	0	0	null	null	null	null	null	
2024/11/23 15:52:04.572	b135e9c82f3b5af8414a656ace8a78c8d45a7834	Windows 11  (10.0.22631) 64bit (Editor)	True	null	null	null	null	null	null	None	0	null	0	0	null	null	null	null	null	
2024/11/23 15:52:04.584	b135e9c82f3b5af8414a656ace8a78c8d45a7834	Windows 11  (10.0.22631) 64bit (Editor)	True	null	null	null	null	null	null	None	0	null	0	0	null	null	null	null	null	
2024/11/23 15:52:04.595	b135e9c82f3b5af8414a656ace8a78c8d45a7834	Windows 11  (10.0.22631) 64bit (Editor)	True	null	null	null	null	null	null	None	0	null	0	0	null	null	null	null	null	
2024/11/23 15:52:04.604	b135e9c82f3b5af8414a656ace8a78c8d45a7834	Windows 11  (10.0.22631) 64bit (Editor)	True	null	null	null	null	null	null	None	0	null	0	0	null	null	null	null	null	
2024/11/23 15:52:04.617	b135e9c82f3b5af8414a656ace8a78c8d45a7834	Windows 11  (10.0.22631) 64bit (Editor)	True	null	null	null	null	null	null	None	0	null	0	0	null	null	null	null	null	
2024/11/23 15:52:04.626	b135e9c82f3b5af8414a656ace8a78c8d45a7834	Windows 11  (10.0.22631) 64bit (Editor)	True	null	null	null	null	null	null	None	0	null	0	0	null	null	null	null	null	
2024/11/23 15:52:04.639	b135e9c82f3b5af8414a656ace8a78c8d45a7834	Windows 11  (10.0.22631) 64bit (Editor)	True	null	null	null	null	null	null	None	0	null	0	0	null	null	null	null	null	
2024/11/23 15:52:04.651	b135e9c82f3b5af8414a656ace8a78c8d45a7834	Windows 11  (10.0.22631) 64bit (Editor)	True	null	null	null	null	null	null	None	0	null	0	0	null	null	null	null	null	
2024/11/23 15:52:04.674	b135e9c82f3b5af8414a656ace8a78c8d45a7834	Windows 11  (10.0.22631) 64bit (Editor)	True	null	null	null	null	null	null	None	0	null	0	0	null	null	null	null	null	
2024/11/23 15:52:04.688	b135e9c82f3b5af8414a656ace8a78c8d45a7834	Windows 11  (10.0.22631) 64bit (Editor)	True	null	null	null	null	null	null	None	0	null	0	0	null	null	null	null	null	
2024/11/23 15:52:04.701	b135e9c82f3b5af8414a656ace8a78c8d45a7834	Windows 11  (10.0.22631) 64bit (Editor)	True	null	null	null	null	null	null	None	0	null	0	0	null	null	null	null	null	
2024/11/23 15:52:04.713	b135e9c82f3b5af8414a656ace8a78c8d45a7834	Windows 11  (10.0.22631) 64bit (Editor)	True	null	null	null	null	null	null	None	0	null	0	0	null	null	null	null	null	
2024/11/23 15:52:04.723	b135e9c82f3b5af8414a656ace8a78c8d45a7834	Windows 11  (10.0.22631) 64bit (Editor)	True	null	null	null	null	null	null	None	0	null	0	0	null	null	null	null	null	
2024/11/23 15:52:04.736	b135e9c82f3b5af8414a656ace8a78c8d45a7834	Windows 11  (10.0.22631) 64bit (Editor)	True	null	null	null	null	null	null	None	0	null	0	0	null	null	null	null	null	
2024/11/23 15:52:04.749	b135e9c82f3b5af8414a656ace8a78c8d45a7834	Windows 11  (10.0.22631) 64bit (Editor)	True	null	null	null	null	null	null	None	0	null	0	0	null	null	null	null	null	
2024/11/23 15:52:04.760	b135e9c82f3b5af8414a656ace8a78c8d45a7834	Windows 11  (10.0.22631) 64bit (Editor)	True	null	null	null	null	null	null	None	0	null	0	0	null	null	null	null	null	
2024/11/23 15:52:04.771	b135e9c82f3b5af8414a656ace8a78c8d45a7834	Windows 11  (10.0.22631) 64bit (Editor)	True	null	null	null	null	null	null	None	0	null	0	0	null	null	null	null	null	
2024/11/23 15:52:04.782	b135e9c82f3b5af8414a656ace8a78c8d45a7834	Windows 11  (10.0.22631) 64bit (Editor)	True	null	null	null	null	null	null	None	0	null	0	0	null	null	null	null	null	
2024/11/23 15:52:04.793	b135e9c82f3b5af8414a656ace8a78c8d45a7834	Windows 11  (10.0.22631) 64bit (Editor)	True	null	null	null	null	null	null	None	0	null	0	0	null	null	null	null	null	
2024/11/23 15:52:04.803	b135e9c82f3b5af8414a656ace8a78c8d45a7834	Windows 11  (10.0.22631) 64bit (Editor)	True	null	null	null	null	null	null	None	0	null	0	0	null	null	null	null	null	
2024/11/23 15:52:04.826	b135e9c82f3b5af8414a656ace8a78c8d45a7834	Windows 11  (10.0.22631) 64bit (Editor)	True	null	null	null	null	null	null	None	0	null	0	0	null	null	null	null	null	
2024/11/23 15:52:04.843	b135e9c82f3b5af8414a656ace8a78c8d45a7834	Windows 11  (10.0.22631) 64bit (Editor)	True	null	null	null	null	null	null	None	0	null	0	0	null	null	null	null	null	
2024/11/23 15:52:04.853	b135e9c82f3b5af8414a656ace8a78c8d45a7834	Windows 11  (10.0.22631) 64bit (Editor)	True	null	null	null	null	null	null	None	0	null	0	0	null	null	null	null	null	
2024/11/23 15:52:04.859	b135e9c82f3b5af8414a656ace8a78c8d45a7834	Windows 11  (10.0.22631) 64bit (Editor)	True	null	null	null	null	null	null	None	0	null	0	0	null	null	null	null	null	
2024/11/23 15:52:04.867	b135e9c82f3b5af8414a656ace8a78c8d45a7834	Windows 11  (10.0.22631) 64bit (Editor)	True	null	null	null	null	null	null	None	0	null	0	0	null	null	null	null	null	
2024/11/23 15:52:04.874	b135e9c82f3b5af8414a656ace8a78c8d45a7834	Windows 11  (10.0.22631) 64bit (Editor)	True	null	null	null	null	null	null	None	0	null	0	0	null	null	null	null	null	
2024/11/23 15:52:04.880	b135e9c82f3b5af8414a656ace8a78c8d45a7834	Windows 11  (10.0.22631) 64bit (Editor)	True	null	null	null	null	null	null	None	0	null	0	0	null	null	null	null	null	
2024/11/23 15:52:04.887	b135e9c82f3b5af8414a656ace8a78c8d45a7834	Windows 11  (10.0.22631) 64bit (Editor)	True	null	null	null	null	null	null	None	0	null	0	0	null	null	null	null	null	
2024/11/23 15:52:04.894	b135e9c82f3b5af8414a656ace8a78c8d45a7834	Windows 11  (10.0.22631) 64bit (Editor)	True	null	null	null	null	null	null	None	0	null	0	0	null	null	null	null	null	
2024/11/23 15:52:04.901	b135e9c82f3b5af8414a656ace8a78c8d45a7834	Windows 11  (10.0.22631) 64bit (Editor)	True	null	null	null	null	null	null	None	0	null	0	0	null	null	null	null	null	
2024/11/23 15:52:04.908	b135e9c82f3b5af8414a656ace8a78c8d45a7834	Windows 11  (10.0.22631) 64bit (Editor)	True	null	null	null	null	null	null	None	0	null	0	0	null	null	null	null	null	
2024/11/23 15:52:04.914	b135e9c82f3b5af8414a656ace8a78c8d45a7834	Windows 11  (10.0.22631) 64bit (Editor)	True	null	null	null	null	null	null	None	0	null	0	0	null	null	null	null	null	
2024/11/23 15:52:04.921	b135e9c82f3b5af8414a656ace8a78c8d45a7834	Windows 11  (10.0.22631) 64bit (Editor)	True	null	null	null	null	null	null	None	0	null	0	0	null	null	null	null	null	
2024/11/23 15:52:04.927	b135e9c82f3b5af8414a656ace8a78c8d45a7834	Windows 11  (10.0.22631) 64bit (Editor)	True	null	null	null	null	null	null	None	0	null	0	0	null	null	null	null	null	
2024/11/23 15:52:04.934	b135e9c82f3b5af8414a656ace8a78c8d45a7834	Windows 11  (10.0.22631) 64bit (Editor)	True	null	null	null	null	null	null	None	0	null	0	0	null	null	null	null	null	
2024/11/23 15:52:04.941	b135e9c82f3b5af8414a656ace8a78c8d45a7834	Windows 11  (10.0.22631) 64bit (Editor)	True	null	null	null	null	null	null	None	0	null	0	0	null	null	null	null	null	
2024/11/23 15:52:04.947	b135e9c82f3b5af8414a656ace8a78c8d45a7834	Windows 11  (10.0.22631) 64bit (Editor)	True	null	null	null	null	null	null	None	0	null	0	0	null	null	null	null	null	
2024/11/23 15:52:04.954	b135e9c82f3b5af8414a656ace8a78c8d45a7834	Windows 11  (10.0.22631) 64bit (Editor)	True	null	null	null	null	null	null	None	0	null	0	0	null	null	null	null	null	
2024/11/23 15:52:04.973	b135e9c82f3b5af8414a656ace8a78c8d45a7834	Windows 11  (10.0.22631) 64bit (Editor)	True	null	null	null	null	null	null	None	0	null	0	0	null	null	null	null	null	
2024/11/23 15:52:04.980	b135e9c82f3b5af8414a656ace8a78c8d45a7834	Windows 11  (10.0.22631) 64bit (Editor)	True	null	null	null	null	null	null	None	0	null	0	0	null	null	null	null	null	
2024/11/23 15:52:04.988	b135e9c82f3b5af8414a656ace8a78c8d45a7834	Windows 11  (10.0.22631) 64bit (Editor)	True	null	null	null	null	null	null	None	0	null	0	0	null	null	null	null	null	
2024/11/23 15:52:04.996	b135e9c82f3b5af8414a656ace8a78c8d45a7834	Windows 11  (10.0.22631) 64bit (Editor)	True	null	null	null	null	null	null	None	0	null	0	0	null	null	null	null	null	
2024/11/23 15:52:05.003	b135e9c82f3b5af8414a656ace8a78c8d45a7834	Windows 11  (10.0.22631) 64bit (Editor)	True	null	null	null	null	null	null	None	0	null	0	0	null	null	null	null	null	
2024/11/23 15:52:05.010	b135e9c82f3b5af8414a656ace8a78c8d45a7834	Windows 11  (10.0.22631) 64bit (Editor)	True	null	null	null	null	null	null	None	0	null	0	0	null	null	null	null	null	
2024/11/23 15:52:05.018	b135e9c82f3b5af8414a656ace8a78c8d45a7834	Windows 11  (10.0.22631) 64bit (Editor)	True	null	null	null	null	null	null	None	0	null	0	0	null	null	null	null	null	
2024/11/23 15:52:05.025	b135e9c82f3b5af8414a656ace8a78c8d45a7834	Windows 11  (10.0.22631) 64bit (Editor)	True	null	null	null	null	null	null	None	0	null	0	0	null	null	null	null	null	
2024/11/23 15:52:05.032	b135e9c82f3b5af8414a656ace8a78c8d45a7834	Windows 11  (10.0.22631) 64bit (Editor)	True	null	null	null	null	null	null	None	0	null	0	0	null	null	null	null	null	
2024/11/23 15:52:05.039	b135e9c82f3b5af8414a656ace8a78c8d45a7834	Windows 11  (10.0.22631) 64bit (Editor)	True	null	null	null	null	null	null	None	0	null	0	0	null	null	null	null	null	
2024/11/23 15:52:05.046	b135e9c82f3b5af8414a656ace8a78c8d45a7834	Windows 11  (10.0.22631) 64bit (Editor)	True	null	null	null	null	null	null	None	0	null	0	0	null	null	null	null	null	
2024/11/23 15:52:05.053	b135e9c82f3b5af8414a656ace8a78c8d45a7834	Windows 11  (10.0.22631) 64bit (Editor)	True	null	null	null	null	null	null	None	0	null	0	0	null	null	null	null	null	
2024/11/23 15:52:05.060	b135e9c82f3b5af8414a656ace8a78c8d45a7834	Windows 11  (10.0.22631) 64bit (Editor)	True	null	null	null	null	null	null	None	0	null	0	0	null	null	null	null	null	
2024/11/23 15:52:05.067	b135e9c82f3b5af8414a656ace8a78c8d45a7834	Windows 11  (10.0.22631) 64bit (Editor)	True	null	null	null	null	null	null	None	0	null	0	0	null	null	null	null	null	
2024/11/23 15:52:05.075	b135e9c82f3b5af8414a656ace8a78c8d45a7834	Windows 11  (10.0.22631) 64bit (Editor)	True	null	null	null	null	null	null	None	0	null	0	0	null	null	null	null	null	
2024/11/23 15:52:05.081	b135e9c82f3b5af8414a656ace8a78c8d45a7834	Windows 11  (10.0.22631) 64bit (Editor)	True	null	null	null	null	null	null	None	0	null	0	0	null	null	null	null	null	
2024/11/23 15:52:05.087	b135e9c82f3b5af8414a656ace8a78c8d45a7834	Windows 11  (10.0.22631) 64bit (Editor)	True	null	null	null	null	null	null	None	0	null	0	0	null	null	null	null	null	
2024/11/23 15:52:05.095	b135e9c82f3b5af8414a656ace8a78c8d45a7834	Windows 11  (10.0.22631) 64bit (Editor)	True	null	null	null	null	null	null	None	0	null	0	0	null	null	null	null	null	
2024/11/23 15:52:05.101	b135e9c82f3b5af8414a656ace8a78c8d45a7834	Windows 11  (10.0.22631) 64bit (Editor)	True	null	null	null	null	null	null	None	0	null	0	0	null	null	null	null	null	
2024/11/23 15:52:05.109	b135e9c82f3b5af8414a656ace8a78c8d45a7834	Windows 11  (10.0.22631) 64bit (Editor)	True	null	null	null	null	null	null	None	0	null	0	0	null	null	null	null	null	
2024/11/23 15:52:05.125	b135e9c82f3b5af8414a656ace8a78c8d45a7834	Windows 11  (10.0.22631) 64bit (Editor)	True	null	null	null	null	null	null	None	0	null	0	0	null	null	null	null	null	
2024/11/23 15:52:05.132	b135e9c82f3b5af8414a656ace8a78c8d45a7834	Windows 11  (10.0.22631) 64bit (Editor)	True	null	null	null	null	null	null	None	0	null	0	0	null	null	null	null	null	
2024/11/23 15:52:05.140	b135e9c82f3b5af8414a656ace8a78c8d45a7834	Windows 11  (10.0.22631) 64bit (Editor)	True	null	null	null	null	null	null	None	0	null	0	0	null	null	null	null	null	
2024/11/23 15:52:05.149	b135e9c82f3b5af8414a656ace8a78c8d45a7834	Windows 11  (10.0.22631) 64bit (Editor)	True	null	null	null	null	null	null	None	0	null	0	0	null	null	null	null	null	
2024/11/23 15:52:05.162	b135e9c82f3b5af8414a656ace8a78c8d45a7834	Windows 11  (10.0.22631) 64bit (Editor)	True	null	null	null	null	null	null	None	0	null	0	0	null	null	null	null	null	
2024/11/23 15:52:05.173	b135e9c82f3b5af8414a656ace8a78c8d45a7834	Windows 11  (10.0.22631) 64bit (Editor)	True	null	null	null	null	null	null	None	0	null	0	0	null	null	null	null	null	
2024/11/23 15:52:05.187	b135e9c82f3b5af8414a656ace8a78c8d45a7834	Windows 11  (10.0.22631) 64bit (Editor)	True	null	null	null	null	null	null	None	0	null	0	0	null	null	null	null	null	
2024/11/23 15:52:05.197	b135e9c82f3b5af8414a656ace8a78c8d45a7834	Windows 11  (10.0.22631) 64bit (Editor)	True	null	null	null	null	null	null	None	0	null	0	0	null	null	null	null	null	
2024/11/23 15:52:05.207	b135e9c82f3b5af8414a656ace8a78c8d45a7834	Windows 11  (10.0.22631) 64bit (Editor)	True	null	null	null	null	null	null	None	0	null	0	0	null	null	null	null	null	
2024/11/23 15:52:05.218	b135e9c82f3b5af8414a656ace8a78c8d45a7834	Windows 11  (10.0.22631) 64bit (Editor)	True	null	null	null	null	null	null	None	0	null	0	0	null	null	null	null	null	
2024/11/23 15:52:05.230	b135e9c82f3b5af8414a656ace8a78c8d45a7834	Windows 11  (10.0.22631) 64bit (Editor)	True	null	null	null	null	null	null	None	0	null	0	0	null	null	null	null	null	
2024/11/23 15:52:05.243	b135e9c82f3b5af8414a656ace8a78c8d45a7834	Windows 11  (10.0.22631) 64bit (Editor)	True	null	null	null	null	null	null	None	0	null	0	0	null	null	null	null	null	
2024/11/23 15:52:05.261	b135e9c82f3b5af8414a656ace8a78c8d45a7834	Windows 11  (10.0.22631) 64bit (Editor)	True	null	null	null	null	null	null	None	0	null	0	0	null	null	null	null	null	
2024/11/23 15:52:05.273	b135e9c82f3b5af8414a656ace8a78c8d45a7834	Windows 11  (10.0.22631) 64bit (Editor)	True	null	null	null	null	null	null	None	0	null	0	0	null	null	null	null	null	
2024/11/23 15:52:05.293	b135e9c82f3b5af8414a656ace8a78c8d45a7834	Windows 11  (10.0.22631) 64bit (Editor)	True	null	null	null	null	null	null	None	0	null	0	0	null	null	null	null	null	
2024/11/23 15:52:05.307	b135e9c82f3b5af8414a656ace8a78c8d45a7834	Windows 11  (10.0.22631) 64bit (Editor)	True	null	null	null	null	null	null	None	0	null	0	0	null	null	null	null	null	
2024/11/23 15:52:05.318	b135e9c82f3b5af8414a656ace8a78c8d45a7834	Windows 11  (10.0.22631) 64bit (Editor)	True	null	null	null	null	null	null	None	0	null	0	0	null	null	null	null	null	
2024/11/23 15:52:05.326	b135e9c82f3b5af8414a656ace8a78c8d45a7834	Windows 11  (10.0.22631) 64bit (Editor)	True	null	null	null	null	null	null	None	0	null	0	0	null	null	null	null	null	
2024/11/23 15:52:05.337	b135e9c82f3b5af8414a656ace8a78c8d45a7834	Windows 11  (10.0.22631) 64bit (Editor)	True	null	null	null	null	null	null	None	0	null	0	0	null	null	null	null	null	
2024/11/23 15:52:05.345	b135e9c82f3b5af8414a656ace8a78c8d45a7834	Windows 11  (10.0.22631) 64bit (Editor)	True	null	null	null	null	null	null	None	0	null	0	0	null	null	null	null	null	
2024/11/23 15:52:05.353	b135e9c82f3b5af8414a656ace8a78c8d45a7834	Windows 11  (10.0.22631) 64bit (Editor)	True	null	null	null	null	null	null	None	0	null	0	0	null	null	null	null	null	
2024/11/23 15:52:05.364	b135e9c82f3b5af8414a656ace8a78c8d45a7834	Windows 11  (10.0.22631) 64bit (Editor)	True	null	null	null	null	null	null	None	0	null	0	0	null	null	null	null	null	
2024/11/23 15:52:05.371	b135e9c82f3b5af8414a656ace8a78c8d45a7834	Windows 11  (10.0.22631) 64bit (Editor)	True	null	null	null	null	null	null	None	0	null	0	0	null	null	null	null	null	
2024/11/23 15:52:05.378	b135e9c82f3b5af8414a656ace8a78c8d45a7834	Windows 11  (10.0.22631) 64bit (Editor)	True	null	null	null	null	null	null	None	0	null	0	0	null	null	null	null	null	
2024/11/23 15:52:05.386	b135e9c82f3b5af8414a656ace8a78c8d45a7834	Windows 11  (10.0.22631) 64bit (Editor)	True	null	null	null	null	null	null	None	0	null	0	0	null	null	null	null	null	
2024/11/23 15:52:05.393	b135e9c82f3b5af8414a656ace8a78c8d45a7834	Windows 11  (10.0.22631) 64bit (Editor)	True	null	null	null	null	null	null	None	0	null	0	0	null	null	null	null	null	
2024/11/23 15:52:05.400	b135e9c82f3b5af8414a656ace8a78c8d45a7834	Windows 11  (10.0.22631) 64bit (Editor)	True	null	null	null	null	null	null	None	0	null	0	0	null	null	null	null	null	
2024/11/23 15:52:05.407	b135e9c82f3b5af8414a656ace8a78c8d45a7834	Windows 11  (10.0.22631) 64bit (Editor)	True	null	null	null	null	null	null	None	0	null	0	0	null	null	null	null	null	
2024/11/23 15:52:05.413	b135e9c82f3b5af8414a656ace8a78c8d45a7834	Windows 11  (10.0.22631) 64bit (Editor)	True	null	null	null	null	null	null	None	0	null	0	0	null	null	null	null	null	
2024/11/23 15:52:05.420	b135e9c82f3b5af8414a656ace8a78c8d45a7834	Windows 11  (10.0.22631) 64bit (Editor)	True	null	null	null	null	null	null	None	0	null	0	0	null	null	null	null	null	
2024/11/23 15:52:05.427	b135e9c82f3b5af8414a656ace8a78c8d45a7834	Windows 11  (10.0.22631) 64bit (Editor)	True	null	null	null	null	null	null	None	0	null	0	0	null	null	null	null	null	
2024/11/23 15:52:05.444	b135e9c82f3b5af8414a656ace8a78c8d45a7834	Windows 11  (10.0.22631) 64bit (Editor)	True	null	null	null	null	null	null	None	0	null	0	0	null	null	null	null	null	
2024/11/23 15:52:05.453	b135e9c82f3b5af8414a656ace8a78c8d45a7834	Windows 11  (10.0.22631) 64bit (Editor)	True	null	null	null	null	null	null	None	0	null	0	0	null	null	null	null	null	
2024/11/23 15:52:05.459	b135e9c82f3b5af8414a656ace8a78c8d45a7834	Windows 11  (10.0.22631) 64bit (Editor)	True	null	null	null	null	null	null	None	0	null	0	0	null	null	null	null	null	
2024/11/23 15:52:05.467	b135e9c82f3b5af8414a656ace8a78c8d45a7834	Windows 11  (10.0.22631) 64bit (Editor)	True	null	null	null	null	null	null	None	0	null	0	0	null	null	null	null	null	
2024/11/23 15:52:05.475	b135e9c82f3b5af8414a656ace8a78c8d45a7834	Windows 11  (10.0.22631) 64bit (Editor)	True	null	null	null	null	null	null	None	0	null	0	0	null	null	null	null	null	
2024/11/23 15:52:05.482	b135e9c82f3b5af8414a656ace8a78c8d45a7834	Windows 11  (10.0.22631) 64bit (Editor)	True	null	null	null	null	null	null	None	0	null	0	0	null	null	null	null	null	
2024/11/23 15:52:05.490	b135e9c82f3b5af8414a656ace8a78c8d45a7834	Windows 11  (10.0.22631) 64bit (Editor)	True	null	null	null	null	null	null	None	0	null	0	0	null	null	null	null	null	
2024/11/23 15:52:05.500	b135e9c82f3b5af8414a656ace8a78c8d45a7834	Windows 11  (10.0.22631) 64bit (Editor)	True	null	null	null	null	null	null	None	0	null	0	0	null	null	null	null	null	
2024/11/23 15:52:05.508	b135e9c82f3b5af8414a656ace8a78c8d45a7834	Windows 11  (10.0.22631) 64bit (Editor)	True	null	null	null	null	null	null	None	0	null	0	0	null	null	null	null	null	
2024/11/23 15:52:05.516	b135e9c82f3b5af8414a656ace8a78c8d45a7834	Windows 11  (10.0.22631) 64bit (Editor)	True	null	null	null	null	null	null	None	0	null	0	0	null	null	null	null	null	
2024/11/23 15:52:05.523	b135e9c82f3b5af8414a656ace8a78c8d45a7834	Windows 11  (10.0.22631) 64bit (Editor)	True	null	null	null	null	null	null	None	0	null	0	0	null	null	null	null	null	
2024/11/23 15:52:05.530	b135e9c82f3b5af8414a656ace8a78c8d45a7834	Windows 11  (10.0.22631) 64bit (Editor)	True	null	null	null	null	null	null	None	0	null	0	0	null	null	null	null	null	
2024/11/23 15:52:05.537	b135e9c82f3b5af8414a656ace8a78c8d45a7834	Windows 11  (10.0.22631) 64bit (Editor)	True	null	null	null	null	null	null	None	0	null	0	0	null	null	null	null	null	
2024/11/23 15:52:05.544	b135e9c82f3b5af8414a656ace8a78c8d45a7834	Windows 11  (10.0.22631) 64bit (Editor)	True	null	null	null	null	null	null	None	0	null	0	0	null	null	null	null	null	
2024/11/23 15:52:05.552	b135e9c82f3b5af8414a656ace8a78c8d45a7834	Windows 11  (10.0.22631) 64bit (Editor)	True	null	null	null	null	null	null	None	0	null	0	0	null	null	null	null	null	
2024/11/23 15:52:05.560	b135e9c82f3b5af8414a656ace8a78c8d45a7834	Windows 11  (10.0.22631) 64bit (Editor)	True	null	null	null	null	null	null	None	0	null	0	0	null	null	null	null	null	
2024/11/23 15:52:05.567	b135e9c82f3b5af8414a656ace8a78c8d45a7834	Windows 11  (10.0.22631) 64bit (Editor)	True	null	null	null	null	null	null	None	0	null	0	0	null	null	null	null	null	
2024/11/23 15:52:05.575	b135e9c82f3b5af8414a656ace8a78c8d45a7834	Windows 11  (10.0.22631) 64bit (Editor)	True	null	null	null	null	null	null	None	0	null	0	0	null	null	null	null	null	
2024/11/23 15:52:05.584	b135e9c82f3b5af8414a656ace8a78c8d45a7834	Windows 11  (10.0.22631) 64bit (Editor)	True	null	null	null	null	null	null	None	0	null	0	0	null	null	null	null	null	
2024/11/23 15:52:05.602	b135e9c82f3b5af8414a656ace8a78c8d45a7834	Windows 11  (10.0.22631) 64bit (Editor)	True	null	null	null	null	null	null	None	0	null	0	0	null	null	null	null	null	
2024/11/23 15:52:05.611	b135e9c82f3b5af8414a656ace8a78c8d45a7834	Windows 11  (10.0.22631) 64bit (Editor)	True	null	null	null	null	null	null	None	0	null	0	0	null	null	null	null	null	
2024/11/23 15:52:05.620	b135e9c82f3b5af8414a656ace8a78c8d45a7834	Windows 11  (10.0.22631) 64bit (Editor)	True	null	null	null	null	null	null	None	0	null	0	0	null	null	null	null	null	
2024/11/23 15:52:05.627	b135e9c82f3b5af8414a656ace8a78c8d45a7834	Windows 11  (10.0.22631) 64bit (Editor)	True	null	null	null	null	null	null	None	0	null	0	0	null	null	null	null	null	
2024/11/23 15:52:05.635	b135e9c82f3b5af8414a656ace8a78c8d45a7834	Windows 11  (10.0.22631) 64bit (Editor)	True	null	null	null	null	null	null	None	0	null	0	0	null	null	null	null	null	
2024/11/23 15:52:05.643	b135e9c82f3b5af8414a656ace8a78c8d45a7834	Windows 11  (10.0.22631) 64bit (Editor)	True	null	null	null	null	null	null	None	0	null	0	0	null	null	null	null	null	
2024/11/23 15:52:05.650	b135e9c82f3b5af8414a656ace8a78c8d45a7834	Windows 11  (10.0.22631) 64bit (Editor)	True	null	null	null	null	null	null	None	0	null	0	0	null	null	null	null	null	
2024/11/23 15:52:05.657	b135e9c82f3b5af8414a656ace8a78c8d45a7834	Windows 11  (10.0.22631) 64bit (Editor)	True	null	null	null	null	null	null	None	0	null	0	0	null	null	null	null	null	
2024/11/23 15:52:05.664	b135e9c82f3b5af8414a656ace8a78c8d45a7834	Windows 11  (10.0.22631) 64bit (Editor)	True	null	null	null	null	null	null	None	0	null	0	0	null	null	null	null	null	
2024/11/23 15:52:05.673	b135e9c82f3b5af8414a656ace8a78c8d45a7834	Windows 11  (10.0.22631) 64bit (Editor)	True	null	null	null	null	null	null	None	0	null	0	0	null	null	null	null	null	
2024/11/23 15:52:05.680	b135e9c82f3b5af8414a656ace8a78c8d45a7834	Windows 11  (10.0.22631) 64bit (Editor)	True	null	null	null	null	null	null	None	0	null	0	0	null	null	null	null	null	
2024/11/23 15:52:05.690	b135e9c82f3b5af8414a656ace8a78c8d45a7834	Windows 11  (10.0.22631) 64bit (Editor)	True	null	null	null	null	null	null	None	0	null	0	0	null	null	null	null	null	
2024/11/23 15:52:05.697	b135e9c82f3b5af8414a656ace8a78c8d45a7834	Windows 11  (10.0.22631) 64bit (Editor)	True	null	null	null	null	null	null	None	0	null	0	0	null	null	null	null	null	
2024/11/23 15:52:05.705	b135e9c82f3b5af8414a656ace8a78c8d45a7834	Windows 11  (10.0.22631) 64bit (Editor)	True	null	null	null	null	null	null	None	0	null	0	0	null	null	null	null	null	
2024/11/23 15:52:05.711	b135e9c82f3b5af8414a656ace8a78c8d45a7834	Windows 11  (10.0.22631) 64bit (Editor)	True	null	null	null	null	null	null	None	0	null	0	0	null	null	null	null	null	
2024/11/23 15:52:05.718	b135e9c82f3b5af8414a656ace8a78c8d45a7834	Windows 11  (10.0.22631) 64bit (Editor)	True	null	null	null	null	null	null	None	0	null	0	0	null	null	null	null	null	
2024/11/23 15:52:05.725	b135e9c82f3b5af8414a656ace8a78c8d45a7834	Windows 11  (10.0.22631) 64bit (Editor)	True	null	null	null	null	null	null	None	0	null	0	0	null	null	null	null	null	
2024/11/23 15:52:05.732	b135e9c82f3b5af8414a656ace8a78c8d45a7834	Windows 11  (10.0.22631) 64bit (Editor)	True	null	null	null	null	null	null	None	0	null	0	0	null	null	null	null	null	
2024/11/23 15:52:05.740	b135e9c82f3b5af8414a656ace8a78c8d45a7834	Windows 11  (10.0.22631) 64bit (Editor)	True	null	null	null	null	null	null	None	0	null	0	0	null	null	null	null	null	
2024/11/23 15:52:05.756	b135e9c82f3b5af8414a656ace8a78c8d45a7834	Windows 11  (10.0.22631) 64bit (Editor)	True	null	null	null	null	null	null	None	0	null	0	0	null	null	null	null	null	
2024/11/23 15:52:05.763	b135e9c82f3b5af8414a656ace8a78c8d45a7834	Windows 11  (10.0.22631) 64bit (Editor)	True	null	null	null	null	null	null	None	0	null	0	0	null	null	null	null	null	
2024/11/23 15:52:05.771	b135e9c82f3b5af8414a656ace8a78c8d45a7834	Windows 11  (10.0.22631) 64bit (Editor)	True	null	null	null	null	null	null	None	0	null	0	0	null	null	null	null	null	
2024/11/23 15:52:05.779	b135e9c82f3b5af8414a656ace8a78c8d45a7834	Windows 11  (10.0.22631) 64bit (Editor)	True	null	null	null	null	null	null	None	0	null	0	0	null	null	null	null	null	
2024/11/23 15:52:05.787	b135e9c82f3b5af8414a656ace8a78c8d45a7834	Windows 11  (10.0.22631) 64bit (Editor)	True	null	null	null	null	null	null	None	0	null	0	0	null	null	null	null	null	
2024/11/23 15:52:05.795	b135e9c82f3b5af8414a656ace8a78c8d45a7834	Windows 11  (10.0.22631) 64bit (Editor)	True	null	null	null	null	null	null	None	0	null	0	0	null	null	null	null	null	
2024/11/23 15:52:05.802	b135e9c82f3b5af8414a656ace8a78c8d45a7834	Windows 11  (10.0.22631) 64bit (Editor)	True	null	null	null	null	null	null	None	0	null	0	0	null	null	null	null	null	
2024/11/23 15:52:05.810	b135e9c82f3b5af8414a656ace8a78c8d45a7834	Windows 11  (10.0.22631) 64bit (Editor)	True	null	null	null	null	null	null	None	0	null	0	0	null	null	null	null	null	
2024/11/23 15:52:05.817	b135e9c82f3b5af8414a656ace8a78c8d45a7834	Windows 11  (10.0.22631) 64bit (Editor)	True	null	null	null	null	null	null	None	0	null	0	0	null	null	null	null	null	
2024/11/23 15:52:05.826	b135e9c82f3b5af8414a656ace8a78c8d45a7834	Windows 11  (10.0.22631) 64bit (Editor)	True	null	null	null	null	null	null	None	0	null	0	0	null	null	null	null	null	
2024/11/23 15:52:05.834	b135e9c82f3b5af8414a656ace8a78c8d45a7834	Windows 11  (10.0.22631) 64bit (Editor)	True	null	null	null	null	null	null	None	0	null	0	0	null	null	null	null	null	
2024/11/23 15:52:05.842	b135e9c82f3b5af8414a656ace8a78c8d45a7834	Windows 11  (10.0.22631) 64bit (Editor)	True	null	null	null	null	null	null	None	0	null	0	0	null	null	null	null	null	
2024/11/23 15:52:05.849	b135e9c82f3b5af8414a656ace8a78c8d45a7834	Windows 11  (10.0.22631) 64bit (Editor)	True	null	null	null	null	null	null	None	0	null	0	0	null	null	null	null	null	
2024/11/23 15:52:05.856	b135e9c82f3b5af8414a656ace8a78c8d45a7834	Windows 11  (10.0.22631) 64bit (Editor)	True	null	null	null	null	null	null	None	0	null	0	0	null	null	null	null	null	
2024/11/23 15:52:05.864	b135e9c82f3b5af8414a656ace8a78c8d45a7834	Windows 11  (10.0.22631) 64bit (Editor)	True	null	null	null	null	null	null	None	0	null	0	0	null	null	null	null	null	
2024/11/23 15:52:05.871	b135e9c82f3b5af8414a656ace8a78c8d45a7834	Windows 11  (10.0.22631) 64bit (Editor)	True	null	null	null	null	null	null	None	0	null	0	0	null	null	null	null	null	
2024/11/23 15:52:05.877	b135e9c82f3b5af8414a656ace8a78c8d45a7834	Windows 11  (10.0.22631) 64bit (Editor)	True	null	null	null	null	null	null	None	0	null	0	0	null	null	null	null	null	
2024/11/23 15:52:05.885	b135e9c82f3b5af8414a656ace8a78c8d45a7834	Windows 11  (10.0.22631) 64bit (Editor)	True	null	null	null	null	null	null	None	0	null	0	0	null	null	null	null	null	
2024/11/23 15:52:05.892	b135e9c82f3b5af8414a656ace8a78c8d45a7834	Windows 11  (10.0.22631) 64bit (Editor)	True	null	null	null	null	null	null	None	0	null	0	0	null	null	null	null	null	
2024/11/23 15:52:05.908	b135e9c82f3b5af8414a656ace8a78c8d45a7834	Windows 11  (10.0.22631) 64bit (Editor)	True	null	null	null	null	null	null	None	0	null	0	0	null	null	null	null	null	
2024/11/23 15:52:05.916	b135e9c82f3b5af8414a656ace8a78c8d45a7834	Windows 11  (10.0.22631) 64bit (Editor)	True	null	null	null	null	null	null	None	0	null	0	0	null	null	null	null	null	
2024/11/23 15:52:05.923	b135e9c82f3b5af8414a656ace8a78c8d45a7834	Windows 11  (10.0.22631) 64bit (Editor)	True	null	null	null	null	null	null	None	0	null	0	0	null	null	null	null	null	
2024/11/23 15:52:05.931	b135e9c82f3b5af8414a656ace8a78c8d45a7834	Windows 11  (10.0.22631) 64bit (Editor)	True	null	null	null	null	null	null	None	0	null	0	0	null	null	null	null	null	
2024/11/23 15:52:05.940	b135e9c82f3b5af8414a656ace8a78c8d45a7834	Windows 11  (10.0.22631) 64bit (Editor)	True	null	null	null	null	null	null	None	0	null	0	0	null	null	null	null	null	
2024/11/23 15:52:05.947	b135e9c82f3b5af8414a656ace8a78c8d45a7834	Windows 11  (10.0.22631) 64bit (Editor)	True	null	null	null	null	null	null	None	0	null	0	0	null	null	null	null	null	
2024/11/23 15:52:05.954	b135e9c82f3b5af8414a656ace8a78c8d45a7834	Windows 11  (10.0.22631) 64bit (Editor)	True	null	null	null	null	null	null	None	0	null	0	0	null	null	null	null	null	
2024/11/23 15:52:05.960	b135e9c82f3b5af8414a656ace8a78c8d45a7834	Windows 11  (10.0.22631) 64bit (Editor)	True	null	null	null	null	null	null	None	0	null	0	0	null	null	null	null	null	
2024/11/23 15:52:05.968	b135e9c82f3b5af8414a656ace8a78c8d45a7834	Windows 11  (10.0.22631) 64bit (Editor)	True	null	null	null	null	null	null	None	0	null	0	0	null	null	null	null	null	
2024/11/23 15:52:05.975	b135e9c82f3b5af8414a656ace8a78c8d45a7834	Windows 11  (10.0.22631) 64bit (Editor)	True	null	null	null	null	null	null	None	0	null	0	0	null	null	null	null	null	
2024/11/23 15:52:05.982	b135e9c82f3b5af8414a656ace8a78c8d45a7834	Windows 11  (10.0.22631) 64bit (Editor)	True	null	null	null	null	null	null	None	0	null	0	0	null	null	null	null	null	
2024/11/23 15:52:05.989	b135e9c82f3b5af8414a656ace8a78c8d45a7834	Windows 11  (10.0.22631) 64bit (Editor)	True	null	null	null	null	null	null	None	0	null	0	0	null	null	null	null	null	
2024/11/23 15:52:05.995	b135e9c82f3b5af8414a656ace8a78c8d45a7834	Windows 11  (10.0.22631) 64bit (Editor)	True	null	null	null	null	null	null	None	0	null	0	0	null	null	null	null	null	
2024/11/23 15:52:06.003	b135e9c82f3b5af8414a656ace8a78c8d45a7834	Windows 11  (10.0.22631) 64bit (Editor)	True	null	null	null	null	null	null	None	0	null	0	0	null	null	null	null	null	
2024/11/23 15:52:06.009	b135e9c82f3b5af8414a656ace8a78c8d45a7834	Windows 11  (10.0.22631) 64bit (Editor)	True	null	null	null	null	null	null	None	0	null	0	0	null	null	null	null	null	
2024/11/23 15:52:06.018	b135e9c82f3b5af8414a656ace8a78c8d45a7834	Windows 11  (10.0.22631) 64bit (Editor)	True	null	null	null	null	null	null	None	0	null	0	0	null	null	null	null	null	
2024/11/23 15:52:06.025	b135e9c82f3b5af8414a656ace8a78c8d45a7834	Windows 11  (10.0.22631) 64bit (Editor)	True	null	null	null	null	null	null	None	0	null	0	0	null	null	null	null	null	
2024/11/23 15:52:06.033	b135e9c82f3b5af8414a656ace8a78c8d45a7834	Windows 11  (10.0.22631) 64bit (Editor)	True	null	null	null	null	null	null	None	0	null	0	0	null	null	null	null	null	
2024/11/23 15:52:06.039	b135e9c82f3b5af8414a656ace8a78c8d45a7834	Windows 11  (10.0.22631) 64bit (Editor)	True	null	null	null	null	null	null	None	0	null	0	0	null	null	null	null	null	
2024/11/23 15:52:06.047	b135e9c82f3b5af8414a656ace8a78c8d45a7834	Windows 11  (10.0.22631) 64bit (Editor)	True	null	null	null	null	null	null	None	0	null	0	0	null	null	null	null	null	
2024/11/23 15:52:06.064	b135e9c82f3b5af8414a656ace8a78c8d45a7834	Windows 11  (10.0.22631) 64bit (Editor)	True	null	null	null	null	null	null	None	0	null	0	0	null	null	null	null	null	
2024/11/23 15:52:06.073	b135e9c82f3b5af8414a656ace8a78c8d45a7834	Windows 11  (10.0.22631) 64bit (Editor)	True	null	null	null	null	null	null	None	0	null	0	0	null	null	null	null	null	
2024/11/23 15:52:06.081	b135e9c82f3b5af8414a656ace8a78c8d45a7834	Windows 11  (10.0.22631) 64bit (Editor)	True	null	null	null	null	null	null	None	0	null	0	0	null	null	null	null	null	
2024/11/23 15:52:06.088	b135e9c82f3b5af8414a656ace8a78c8d45a7834	Windows 11  (10.0.22631) 64bit (Editor)	True	null	null	null	null	null	null	None	0	null	0	0	null	null	null	null	null	
2024/11/23 15:52:06.094	b135e9c82f3b5af8414a656ace8a78c8d45a7834	Windows 11  (10.0.22631) 64bit (Editor)	True	null	null	null	null	null	null	None	0	null	0	0	null	null	null	null	null	
2024/11/23 15:52:06.102	b135e9c82f3b5af8414a656ace8a78c8d45a7834	Windows 11  (10.0.22631) 64bit (Editor)	True	null	null	null	null	null	null	None	0	null	0	0	null	null	null	null	null	
2024/11/23 15:52:06.110	b135e9c82f3b5af8414a656ace8a78c8d45a7834	Windows 11  (10.0.22631) 64bit (Editor)	True	null	null	null	null	null	null	None	0	null	0	0	null	null	null	null	null	
2024/11/23 15:52:06.119	b135e9c82f3b5af8414a656ace8a78c8d45a7834	Windows 11  (10.0.22631) 64bit (Editor)	True	null	null	null	null	null	null	None	0	null	0	0	null	null	null	null	null	
2024/11/23 15:52:06.126	b135e9c82f3b5af8414a656ace8a78c8d45a7834	Windows 11  (10.0.22631) 64bit (Editor)	True	null	null	null	null	null	null	None	0	null	0	0	null	null	null	null	null	
2024/11/23 15:52:06.133	b135e9c82f3b5af8414a656ace8a78c8d45a7834	Windows 11  (10.0.22631) 64bit (Editor)	True	null	null	null	null	null	null	None	0	null	0	0	null	null	null	null	null	
2024/11/23 15:52:06.140	b135e9c82f3b5af8414a656ace8a78c8d45a7834	Windows 11  (10.0.22631) 64bit (Editor)	True	null	null	null	null	null	null	None	0	null	0	0	null	null	null	null	null	
2024/11/23 15:52:06.146	b135e9c82f3b5af8414a656ace8a78c8d45a7834	Windows 11  (10.0.22631) 64bit (Editor)	True	null	null	null	null	null	null	None	0	null	0	0	null	null	null	null	null	
2024/11/23 15:52:06.154	b135e9c82f3b5af8414a656ace8a78c8d45a7834	Windows 11  (10.0.22631) 64bit (Editor)	True	null	null	null	null	null	null	None	0	null	0	0	null	null	null	null	null	
2024/11/23 15:52:06.160	b135e9c82f3b5af8414a656ace8a78c8d45a7834	Windows 11  (10.0.22631) 64bit (Editor)	True	null	null	null	null	null	null	None	0	null	0	0	null	null	null	null	null	
2024/11/23 15:52:06.171	b135e9c82f3b5af8414a656ace8a78c8d45a7834	Windows 11  (10.0.22631) 64bit (Editor)	True	null	null	null	null	null	null	None	0	null	0	0	null	null	null	null	null	
2024/11/23 15:52:06.178	b135e9c82f3b5af8414a656ace8a78c8d45a7834	Windows 11  (10.0.22631) 64bit (Editor)	True	null	null	null	null	null	null	None	0	null	0	0	null	null	null	null	null	
2024/11/23 15:52:06.190	b135e9c82f3b5af8414a656ace8a78c8d45a7834	Windows 11  (10.0.22631) 64bit (Editor)	True	null	null	null	null	null	null	None	0	null	0	0	null	null	null	null	null	
2024/11/23 15:52:06.201	b135e9c82f3b5af8414a656ace8a78c8d45a7834	Windows 11  (10.0.22631) 64bit (Editor)	True	null	null	null	null	null	null	None	0	null	0	0	null	null	null	null	null	
2024/11/23 15:52:06.220	b135e9c82f3b5af8414a656ace8a78c8d45a7834	Windows 11  (10.0.22631) 64bit (Editor)	True	null	null	null	null	null	null	None	0	null	0	0	null	null	null	null	null	
2024/11/23 15:52:06.227	b135e9c82f3b5af8414a656ace8a78c8d45a7834	Windows 11  (10.0.22631) 64bit (Editor)	True	null	null	null	null	null	null	None	0	null	0	0	null	null	null	null	null	
2024/11/23 15:52:06.236	b135e9c82f3b5af8414a656ace8a78c8d45a7834	Windows 11  (10.0.22631) 64bit (Editor)	True	null	null	null	null	null	null	None	0	null	0	0	null	null	null	null	null	
2024/11/23 15:52:06.243	b135e9c82f3b5af8414a656ace8a78c8d45a7834	Windows 11  (10.0.22631) 64bit (Editor)	True	null	null	null	null	null	null	None	0	null	0	0	null	null	null	null	null	
2024/11/23 15:52:06.252	b135e9c82f3b5af8414a656ace8a78c8d45a7834	Windows 11  (10.0.22631) 64bit (Editor)	True	null	null	null	null	null	null	None	0	null	0	0	null	null	null	null	null	
2024/11/23 15:52:06.260	b135e9c82f3b5af8414a656ace8a78c8d45a7834	Windows 11  (10.0.22631) 64bit (Editor)	True	null	null	null	null	null	null	None	0	null	0	0	null	null	null	null	null	
2024/11/23 15:52:06.269	b135e9c82f3b5af8414a656ace8a78c8d45a7834	Windows 11  (10.0.22631) 64bit (Editor)	True	null	null	null	null	null	null	None	0	null	0	0	null	null	null	null	null	
2024/11/23 15:52:06.276	b135e9c82f3b5af8414a656ace8a78c8d45a7834	Windows 11  (10.0.22631) 64bit (Editor)	True	null	null	null	null	null	null	None	0	null	0	0	null	null	null	null	null	
2024/11/23 15:52:06.283	b135e9c82f3b5af8414a656ace8a78c8d45a7834	Windows 11  (10.0.22631) 64bit (Editor)	True	null	null	null	null	null	null	None	0	null	0	0	null	null	null	null	null	
2024/11/23 15:52:06.290	b135e9c82f3b5af8414a656ace8a78c8d45a7834	Windows 11  (10.0.22631) 64bit (Editor)	True	null	null	null	null	null	null	None	0	null	0	0	null	null	null	null	null	
2024/11/23 15:52:06.297	b135e9c82f3b5af8414a656ace8a78c8d45a7834	Windows 11  (10.0.22631) 64bit (Editor)	True	null	null	null	null	null	null	None	0	null	0	0	null	null	null	null	null	
2024/11/23 15:52:06.304	b135e9c82f3b5af8414a656ace8a78c8d45a7834	Windows 11  (10.0.22631) 64bit (Editor)	True	null	null	null	null	null	null	None	0	null	0	0	null	null	null	null	null	
2024/11/23 15:52:06.312	b135e9c82f3b5af8414a656ace8a78c8d45a7834	Windows 11  (10.0.22631) 64bit (Editor)	True	null	null	null	null	null	null	None	0	null	0	0	null	null	null	null	null	
2024/11/23 15:52:06.319	b135e9c82f3b5af8414a656ace8a78c8d45a7834	Windows 11  (10.0.22631) 64bit (Editor)	True	null	null	null	null	null	null	None	0	null	0	0	null	null	null	null	null	
2024/11/23 15:52:06.327	b135e9c82f3b5af8414a656ace8a78c8d45a7834	Windows 11  (10.0.22631) 64bit (Editor)	True	null	null	null	null	null	null	None	0	null	0	0	null	null	null	null	null	
2024/11/23 15:52:06.334	b135e9c82f3b5af8414a656ace8a78c8d45a7834	Windows 11  (10.0.22631) 64bit (Editor)	True	null	null	null	null	null	null	None	0	null	0	0	null	null	null	null	null	
2024/11/23 15:52:06.341	b135e9c82f3b5af8414a656ace8a78c8d45a7834	Windows 11  (10.0.22631) 64bit (Editor)	True	null	null	null	null	null	null	None	0	null	0	0	null	null	null	null	null	
2024/11/23 15:52:06.348	b135e9c82f3b5af8414a656ace8a78c8d45a7834	Windows 11  (10.0.22631) 64bit (Editor)	True	null	null	null	null	null	null	None	0	null	0	0	null	null	null	null	null	
2024/11/23 15:52:06.356	b135e9c82f3b5af8414a656ace8a78c8d45a7834	Windows 11  (10.0.22631) 64bit (Editor)	True	null	null	null	null	null	null	None	0	null	0	0	null	null	null	null	null	
2024/11/23 15:52:06.374	b135e9c82f3b5af8414a656ace8a78c8d45a7834	Windows 11  (10.0.22631) 64bit (Editor)	True	null	null	null	null	null	null	None	0	null	0	0	null	null	null	null	null	
2024/11/23 15:52:06.381	b135e9c82f3b5af8414a656ace8a78c8d45a7834	Windows 11  (10.0.22631) 64bit (Editor)	True	null	null	null	null	null	null	None	0	null	0	0	null	null	null	null	null	
2024/11/23 15:52:06.389	b135e9c82f3b5af8414a656ace8a78c8d45a7834	Windows 11  (10.0.22631) 64bit (Editor)	True	null	null	null	null	null	null	None	0	null	0	0	null	null	null	null	null	
2024/11/23 15:52:06.395	b135e9c82f3b5af8414a656ace8a78c8d45a7834	Windows 11  (10.0.22631) 64bit (Editor)	True	null	null	null	null	null	null	None	0	null	0	0	null	null	null	null	null	
2024/11/23 15:52:06.405	b135e9c82f3b5af8414a656ace8a78c8d45a7834	Windows 11  (10.0.22631) 64bit (Editor)	True	null	null	null	null	null	null	None	0	null	0	0	null	null	null	null	null	
2024/11/23 15:52:06.412	b135e9c82f3b5af8414a656ace8a78c8d45a7834	Windows 11  (10.0.22631) 64bit (Editor)	True	null	null	null	null	null	null	None	0	null	0	0	null	null	null	null	null	
2024/11/23 15:52:06.418	b135e9c82f3b5af8414a656ace8a78c8d45a7834	Windows 11  (10.0.22631) 64bit (Editor)	True	null	null	null	null	null	null	None	0	null	0	0	null	null	null	null	null	
2024/11/23 15:52:06.426	b135e9c82f3b5af8414a656ace8a78c8d45a7834	Windows 11  (10.0.22631) 64bit (Editor)	True	null	null	null	null	null	null	None	0	null	0	0	null	null	null	null	null	
2024/11/23 15:52:06.432	b135e9c82f3b5af8414a656ace8a78c8d45a7834	Windows 11  (10.0.22631) 64bit (Editor)	True	null	null	null	null	null	null	None	0	null	0	0	null	null	null	null	null	
2024/11/23 15:52:06.439	b135e9c82f3b5af8414a656ace8a78c8d45a7834	Windows 11  (10.0.22631) 64bit (Editor)	True	null	null	null	null	null	null	None	0	null	0	0	null	null	null	null	null	
2024/11/23 15:52:06.447	b135e9c82f3b5af8414a656ace8a78c8d45a7834	Windows 11  (10.0.22631) 64bit (Editor)	True	null	null	null	null	null	null	None	0	null	0	0	null	null	null	null	null	
2024/11/23 15:52:06.454	b135e9c82f3b5af8414a656ace8a78c8d45a7834	Windows 11  (10.0.22631) 64bit (Editor)	True	null	null	null	null	null	null	None	0	null	0	0	null	null	null	null	null	
2024/11/23 15:52:06.462	b135e9c82f3b5af8414a656ace8a78c8d45a7834	Windows 11  (10.0.22631) 64bit (Editor)	True	null	null	null	null	null	null	None	0	null	0	0	null	null	null	null	null	
2024/11/23 15:52:06.470	b135e9c82f3b5af8414a656ace8a78c8d45a7834	Windows 11  (10.0.22631) 64bit (Editor)	True	null	null	null	null	null	null	None	0	null	0	0	null	null	null	null	null	
2024/11/23 15:52:06.477	b135e9c82f3b5af8414a656ace8a78c8d45a7834	Windows 11  (10.0.22631) 64bit (Editor)	True	null	null	null	null	null	null	None	0	null	0	0	null	null	null	null	null	
2024/11/23 15:52:06.484	b135e9c82f3b5af8414a656ace8a78c8d45a7834	Windows 11  (10.0.22631) 64bit (Editor)	True	null	null	null	null	null	null	None	0	null	0	0	null	null	null	null	null	
2024/11/23 15:52:06.490	b135e9c82f3b5af8414a656ace8a78c8d45a7834	Windows 11  (10.0.22631) 64bit (Editor)	True	null	null	null	null	null	null	None	0	null	0	0	null	null	null	null	null	
2024/11/23 15:52:06.498	b135e9c82f3b5af8414a656ace8a78c8d45a7834	Windows 11  (10.0.22631) 64bit (Editor)	True	null	null	null	null	null	null	None	0	null	0	0	null	null	null	null	null	
2024/11/23 15:52:06.506	b135e9c82f3b5af8414a656ace8a78c8d45a7834	Windows 11  (10.0.22631) 64bit (Editor)	True	null	null	null	null	null	null	None	0	null	0	0	null	null	null	null	null	
2024/11/23 15:52:06.523	b135e9c82f3b5af8414a656ace8a78c8d45a7834	Windows 11  (10.0.22631) 64bit (Editor)	True	null	null	null	null	null	null	None	0	null	0	0	null	null	null	null	null	
2024/11/23 15:52:06.530	b135e9c82f3b5af8414a656ace8a78c8d45a7834	Windows 11  (10.0.22631) 64bit (Editor)	True	null	null	null	null	null	null	None	0	null	0	0	null	null	null	null	null	
2024/11/23 15:52:06.538	b135e9c82f3b5af8414a656ace8a78c8d45a7834	Windows 11  (10.0.22631) 64bit (Editor)	True	null	null	null	null	null	null	None	0	null	0	0	null	null	null	null	null	
2024/11/23 15:52:06.547	b135e9c82f3b5af8414a656ace8a78c8d45a7834	Windows 11  (10.0.22631) 64bit (Editor)	True	null	null	null	null	null	null	None	0	null	0	0	null	null	null	null	null	
2024/11/23 15:52:06.556	b135e9c82f3b5af8414a656ace8a78c8d45a7834	Windows 11  (10.0.22631) 64bit (Editor)	True	null	null	null	null	null	null	None	0	null	0	0	null	null	null	null	null	
2024/11/23 15:52:06.564	b135e9c82f3b5af8414a656ace8a78c8d45a7834	Windows 11  (10.0.22631) 64bit (Editor)	True	null	null	null	null	null	null	None	0	null	0	0	null	null	null	null	null	
2024/11/23 15:52:06.573	b135e9c82f3b5af8414a656ace8a78c8d45a7834	Windows 11  (10.0.22631) 64bit (Editor)	True	null	null	null	null	null	null	None	0	null	0	0	null	null	null	null	null	
2024/11/23 15:52:06.580	b135e9c82f3b5af8414a656ace8a78c8d45a7834	Windows 11  (10.0.22631) 64bit (Editor)	True	null	null	null	null	null	null	None	0	null	0	0	null	null	null	null	null	
2024/11/23 15:52:06.589	b135e9c82f3b5af8414a656ace8a78c8d45a7834	Windows 11  (10.0.22631) 64bit (Editor)	True	null	null	null	null	null	null	None	0	null	0	0	null	null	null	null	null	
2024/11/23 15:52:06.596	b135e9c82f3b5af8414a656ace8a78c8d45a7834	Windows 11  (10.0.22631) 64bit (Editor)	True	null	null	null	null	null	null	None	0	null	0	0	null	null	null	null	null	
2024/11/23 15:52:06.604	b135e9c82f3b5af8414a656ace8a78c8d45a7834	Windows 11  (10.0.22631) 64bit (Editor)	True	null	null	null	null	null	null	None	0	null	0	0	null	null	null	null	null	
2024/11/23 15:52:06.611	b135e9c82f3b5af8414a656ace8a78c8d45a7834	Windows 11  (10.0.22631) 64bit (Editor)	True	null	null	null	null	null	null	None	0	null	0	0	null	null	null	null	null	
2024/11/23 15:52:06.619	b135e9c82f3b5af8414a656ace8a78c8d45a7834	Windows 11  (10.0.22631) 64bit (Editor)	True	null	null	null	null	null	null	None	0	null	0	0	null	null	null	null	null	
2024/11/23 15:52:06.627	b135e9c82f3b5af8414a656ace8a78c8d45a7834	Windows 11  (10.0.22631) 64bit (Editor)	True	null	null	null	null	null	null	None	0	null	0	0	null	null	null	null	null	
2024/11/23 15:52:06.633	b135e9c82f3b5af8414a656ace8a78c8d45a7834	Windows 11  (10.0.22631) 64bit (Editor)	True	null	null	null	null	null	null	None	0	null	0	0	null	null	null	null	null	
2024/11/23 15:52:06.641	b135e9c82f3b5af8414a656ace8a78c8d45a7834	Windows 11  (10.0.22631) 64bit (Editor)	True	null	null	null	null	null	null	None	0	null	0	0	null	null	null	null	null	
2024/11/23 15:52:06.649	b135e9c82f3b5af8414a656ace8a78c8d45a7834	Windows 11  (10.0.22631) 64bit (Editor)	True	null	null	null	null	null	null	None	0	null	0	0	null	null	null	null	null	
2024/11/23 15:52:06.657	b135e9c82f3b5af8414a656ace8a78c8d45a7834	Windows 11  (10.0.22631) 64bit (Editor)	True	null	null	null	null	null	null	None	0	null	0	0	null	null	null	null	null	
2024/11/23 15:52:06.674	b135e9c82f3b5af8414a656ace8a78c8d45a7834	Windows 11  (10.0.22631) 64bit (Editor)	True	null	null	null	null	null	null	None	0	null	0	0	null	null	null	null	null	
2024/11/23 15:52:06.682	b135e9c82f3b5af8414a656ace8a78c8d45a7834	Windows 11  (10.0.22631) 64bit (Editor)	True	null	null	null	null	null	null	None	0	null	0	0	null	null	null	null	null	
2024/11/23 15:52:06.691	b135e9c82f3b5af8414a656ace8a78c8d45a7834	Windows 11  (10.0.22631) 64bit (Editor)	True	null	null	null	null	null	null	None	0	null	0	0	null	null	null	null	null	
2024/11/23 15:52:06.698	b135e9c82f3b5af8414a656ace8a78c8d45a7834	Windows 11  (10.0.22631) 64bit (Editor)	True	null	null	null	null	null	null	None	0	null	0	0	null	null	null	null	null	
2024/11/23 15:52:06.707	b135e9c82f3b5af8414a656ace8a78c8d45a7834	Windows 11  (10.0.22631) 64bit (Editor)	True	null	null	null	null	null	null	None	0	null	0	0	null	null	null	null	null	
2024/11/23 15:52:06.713	b135e9c82f3b5af8414a656ace8a78c8d45a7834	Windows 11  (10.0.22631) 64bit (Editor)	True	null	null	null	null	null	null	None	0	null	0	0	null	null	null	null	null	
2024/11/23 15:52:06.721	b135e9c82f3b5af8414a656ace8a78c8d45a7834	Windows 11  (10.0.22631) 64bit (Editor)	True	null	null	null	null	null	null	None	0	null	0	0	null	null	null	null	null	
2024/11/23 15:52:06.730	b135e9c82f3b5af8414a656ace8a78c8d45a7834	Windows 11  (10.0.22631) 64bit (Editor)	True	null	null	null	null	null	null	None	0	null	0	0	null	null	null	null	null	
2024/11/23 15:52:06.737	b135e9c82f3b5af8414a656ace8a78c8d45a7834	Windows 11  (10.0.22631) 64bit (Editor)	True	null	null	null	null	null	null	None	0	null	0	0	null	null	null	null	null	
2024/11/23 15:52:06.743	b135e9c82f3b5af8414a656ace8a78c8d45a7834	Windows 11  (10.0.22631) 64bit (Editor)	True	null	null	null	null	null	null	None	0	null	0	0	null	null	null	null	null	
2024/11/23 15:52:06.751	b135e9c82f3b5af8414a656ace8a78c8d45a7834	Windows 11  (10.0.22631) 64bit (Editor)	True	null	null	null	null	null	null	None	0	null	0	0	null	null	null	null	null	
2024/11/23 15:52:06.758	b135e9c82f3b5af8414a656ace8a78c8d45a7834	Windows 11  (10.0.22631) 64bit (Editor)	True	null	null	null	null	null	null	None	0	null	0	0	null	null	null	null	null	
2024/11/23 15:52:06.766	b135e9c82f3b5af8414a656ace8a78c8d45a7834	Windows 11  (10.0.22631) 64bit (Editor)	True	null	null	null	null	null	null	None	0	null	0	0	null	null	null	null	null	
2024/11/23 15:52:06.773	b135e9c82f3b5af8414a656ace8a78c8d45a7834	Windows 11  (10.0.22631) 64bit (Editor)	True	null	null	null	null	null	null	None	0	null	0	0	null	null	null	null	null	
2024/11/23 15:52:06.780	b135e9c82f3b5af8414a656ace8a78c8d45a7834	Windows 11  (10.0.22631) 64bit (Editor)	True	null	null	null	null	null	null	None	0	null	0	0	null	null	null	null	null	
2024/11/23 15:52:06.787	b135e9c82f3b5af8414a656ace8a78c8d45a7834	Windows 11  (10.0.22631) 64bit (Editor)	True	null	null	null	null	null	null	None	0	null	0	0	null	null	null	null	null	
2024/11/23 15:52:06.795	b135e9c82f3b5af8414a656ace8a78c8d45a7834	Windows 11  (10.0.22631) 64bit (Editor)	True	null	null	null	null	null	null	None	0	null	0	0	null	null	null	null	null	
2024/11/23 15:52:06.804	b135e9c82f3b5af8414a656ace8a78c8d45a7834	Windows 11  (10.0.22631) 64bit (Editor)	True	null	null	null	null	null	null	None	0	null	0	0	null	null	null	null	null	
2024/11/23 15:52:06.812	b135e9c82f3b5af8414a656ace8a78c8d45a7834	Windows 11  (10.0.22631) 64bit (Editor)	True	null	null	null	null	null	null	None	0	null	0	0	null	null	null	null	null	
2024/11/23 15:52:06.830	b135e9c82f3b5af8414a656ace8a78c8d45a7834	Windows 11  (10.0.22631) 64bit (Editor)	True	null	null	null	null	null	null	None	0	null	0	0	null	null	null	null	null	
2024/11/23 15:52:06.840	b135e9c82f3b5af8414a656ace8a78c8d45a7834	Windows 11  (10.0.22631) 64bit (Editor)	True	null	null	null	null	null	null	None	0	null	0	0	null	null	null	null	null	
2024/11/23 15:52:06.848	b135e9c82f3b5af8414a656ace8a78c8d45a7834	Windows 11  (10.0.22631) 64bit (Editor)	True	null	null	null	null	null	null	None	0	null	0	0	null	null	null	null	null	
2024/11/23 15:52:06.856	b135e9c82f3b5af8414a656ace8a78c8d45a7834	Windows 11  (10.0.22631) 64bit (Editor)	True	null	null	null	null	null	null	None	0	null	0	0	null	null	null	null	null	
2024/11/23 15:52:06.863	b135e9c82f3b5af8414a656ace8a78c8d45a7834	Windows 11  (10.0.22631) 64bit (Editor)	True	null	null	null	null	null	null	None	0	null	0	0	null	null	null	null	null	
2024/11/23 15:52:06.871	b135e9c82f3b5af8414a656ace8a78c8d45a7834	Windows 11  (10.0.22631) 64bit (Editor)	True	null	null	null	null	null	null	None	0	null	0	0	null	null	null	null	null	
2024/11/23 15:52:06.878	b135e9c82f3b5af8414a656ace8a78c8d45a7834	Windows 11  (10.0.22631) 64bit (Editor)	True	null	null	null	null	null	null	None	0	null	0	0	null	null	null	null	null	
2024/11/23 15:52:06.891	b135e9c82f3b5af8414a656ace8a78c8d45a7834	Windows 11  (10.0.22631) 64bit (Editor)	True	null	null	null	null	null	null	None	0	null	0	0	null	null	null	null	null	
2024/11/23 15:52:06.898	b135e9c82f3b5af8414a656ace8a78c8d45a7834	Windows 11  (10.0.22631) 64bit (Editor)	True	null	null	null	null	null	null	None	0	null	0	0	null	null	null	null	null	
2024/11/23 15:52:06.907	b135e9c82f3b5af8414a656ace8a78c8d45a7834	Windows 11  (10.0.22631) 64bit (Editor)	True	null	null	null	null	null	null	None	0	null	0	0	null	null	null	null	null	
2024/11/23 15:52:06.914	b135e9c82f3b5af8414a656ace8a78c8d45a7834	Windows 11  (10.0.22631) 64bit (Editor)	True	null	null	null	null	null	null	None	0	null	0	0	null	null	null	null	null	
2024/11/23 15:52:06.921	b135e9c82f3b5af8414a656ace8a78c8d45a7834	Windows 11  (10.0.22631) 64bit (Editor)	True	null	null	null	null	null	null	None	0	null	0	0	null	null	null	null	null	
2024/11/23 15:52:06.928	b135e9c82f3b5af8414a656ace8a78c8d45a7834	Windows 11  (10.0.22631) 64bit (Editor)	True	null	null	null	null	null	null	None	0	null	0	0	null	null	null	null	null	
2024/11/23 15:52:06.936	b135e9c82f3b5af8414a656ace8a78c8d45a7834	Windows 11  (10.0.22631) 64bit (Editor)	True	null	null	null	null	null	null	None	0	null	0	0	null	null	null	null	null	
2024/11/23 15:52:06.943	b135e9c82f3b5af8414a656ace8a78c8d45a7834	Windows 11  (10.0.22631) 64bit (Editor)	True	null	null	null	null	null	null	None	0	null	0	0	null	null	null	null	null	
2024/11/23 15:52:06.950	b135e9c82f3b5af8414a656ace8a78c8d45a7834	Windows 11  (10.0.22631) 64bit (Editor)	True	null	null	null	null	null	null	None	0	null	0	0	null	null	null	null	null	
2024/11/23 15:52:06.957	b135e9c82f3b5af8414a656ace8a78c8d45a7834	Windows 11  (10.0.22631) 64bit (Editor)	True	null	null	null	null	null	null	None	0	null	0	0	null	null	null	null	null	
2024/11/23 15:52:06.964	b135e9c82f3b5af8414a656ace8a78c8d45a7834	Windows 11  (10.0.22631) 64bit (Editor)	True	null	null	null	null	null	null	None	0	null	0	0	null	null	null	null	null	
2024/11/23 15:52:06.983	b135e9c82f3b5af8414a656ace8a78c8d45a7834	Windows 11  (10.0.22631) 64bit (Editor)	True	null	null	null	null	null	null	None	0	null	0	0	null	null	null	null	null	
2024/11/23 15:52:06.992	b135e9c82f3b5af8414a656ace8a78c8d45a7834	Windows 11  (10.0.22631) 64bit (Editor)	True	null	null	null	null	null	null	None	0	null	0	0	null	null	null	null	null	
2024/11/23 15:52:06.999	b135e9c82f3b5af8414a656ace8a78c8d45a7834	Windows 11  (10.0.22631) 64bit (Editor)	True	null	null	null	null	null	null	None	0	null	0	0	null	null	null	null	null	
2024/11/23 15:52:07.007	b135e9c82f3b5af8414a656ace8a78c8d45a7834	Windows 11  (10.0.22631) 64bit (Editor)	True	null	null	null	null	null	null	None	0	null	0	0	null	null	null	null	null	
2024/11/23 15:52:07.014	b135e9c82f3b5af8414a656ace8a78c8d45a7834	Windows 11  (10.0.22631) 64bit (Editor)	True	null	null	null	null	null	null	None	0	null	0	0	null	null	null	null	null	
2024/11/23 15:52:07.023	b135e9c82f3b5af8414a656ace8a78c8d45a7834	Windows 11  (10.0.22631) 64bit (Editor)	True	null	null	null	null	null	null	None	0	null	0	0	null	null	null	null	null	
2024/11/23 15:52:07.030	b135e9c82f3b5af8414a656ace8a78c8d45a7834	Windows 11  (10.0.22631) 64bit (Editor)	True	null	null	null	null	null	null	None	0	null	0	0	null	null	null	null	null	
2024/11/23 15:52:07.037	b135e9c82f3b5af8414a656ace8a78c8d45a7834	Windows 11  (10.0.22631) 64bit (Editor)	True	null	null	null	null	null	null	None	0	null	0	0	null	null	null	null	null	
2024/11/23 15:52:07.045	b135e9c82f3b5af8414a656ace8a78c8d45a7834	Windows 11  (10.0.22631) 64bit (Editor)	True	null	null	null	null	null	null	None	0	null	0	0	null	null	null	null	null	
2024/11/23 15:52:07.052	b135e9c82f3b5af8414a656ace8a78c8d45a7834	Windows 11  (10.0.22631) 64bit (Editor)	True	null	null	null	null	null	null	None	0	null	0	0	null	null	null	null	null	
2024/11/23 15:52:07.059	b135e9c82f3b5af8414a656ace8a78c8d45a7834	Windows 11  (10.0.22631) 64bit (Editor)	True	null	null	null	null	null	null	None	0	null	0	0	null	null	null	null	null	
2024/11/23 15:52:07.067	b135e9c82f3b5af8414a656ace8a78c8d45a7834	Windows 11  (10.0.22631) 64bit (Editor)	True	null	null	null	null	null	null	None	0	null	0	0	null	null	null	null	null	
2024/11/23 15:52:07.075	b135e9c82f3b5af8414a656ace8a78c8d45a7834	Windows 11  (10.0.22631) 64bit (Editor)	True	null	null	null	null	null	null	None	0	null	0	0	null	null	null	null	null	
2024/11/23 15:52:07.083	b135e9c82f3b5af8414a656ace8a78c8d45a7834	Windows 11  (10.0.22631) 64bit (Editor)	True	null	null	null	null	null	null	None	0	null	0	0	null	null	null	null	null	
2024/11/23 15:52:07.090	b135e9c82f3b5af8414a656ace8a78c8d45a7834	Windows 11  (10.0.22631) 64bit (Editor)	True	null	null	null	null	null	null	None	0	null	0	0	null	null	null	null	null	
2024/11/23 15:52:07.097	b135e9c82f3b5af8414a656ace8a78c8d45a7834	Windows 11  (10.0.22631) 64bit (Editor)	True	null	null	null	null	null	null	None	0	null	0	0	null	null	null	null	null	
2024/11/23 15:52:07.106	b135e9c82f3b5af8414a656ace8a78c8d45a7834	Windows 11  (10.0.22631) 64bit (Editor)	True	null	null	null	null	null	null	None	0	null	0	0	null	null	null	null	null	
2024/11/23 15:52:07.112	b135e9c82f3b5af8414a656ace8a78c8d45a7834	Windows 11  (10.0.22631) 64bit (Editor)	True	null	null	null	null	null	null	None	0	null	0	0	null	null	null	null	null	
2024/11/23 15:52:07.119	b135e9c82f3b5af8414a656ace8a78c8d45a7834	Windows 11  (10.0.22631) 64bit (Editor)	True	null	null	null	null	null	null	None	0	null	0	0	null	null	null	null	null	
2024/11/23 15:52:07.137	b135e9c82f3b5af8414a656ace8a78c8d45a7834	Windows 11  (10.0.22631) 64bit (Editor)	True	null	null	null	null	null	null	None	0	null	0	0	null	null	null	null	null	
2024/11/23 15:52:07.144	b135e9c82f3b5af8414a656ace8a78c8d45a7834	Windows 11  (10.0.22631) 64bit (Editor)	True	null	null	null	null	null	null	None	0	null	0	0	null	null	null	null	null	
2024/11/23 15:52:07.152	b135e9c82f3b5af8414a656ace8a78c8d45a7834	Windows 11  (10.0.22631) 64bit (Editor)	True	null	null	null	null	null	null	None	0	null	0	0	null	null	null	null	null	
2024/11/23 15:52:07.159	b135e9c82f3b5af8414a656ace8a78c8d45a7834	Windows 11  (10.0.22631) 64bit (Editor)	True	null	null	null	null	null	null	None	0	null	0	0	null	null	null	null	null	
2024/11/23 15:52:07.165	b135e9c82f3b5af8414a656ace8a78c8d45a7834	Windows 11  (10.0.22631) 64bit (Editor)	True	null	null	null	null	null	null	None	0	null	0	0	null	null	null	null	null	
2024/11/23 15:52:07.173	b135e9c82f3b5af8414a656ace8a78c8d45a7834	Windows 11  (10.0.22631) 64bit (Editor)	True	null	null	null	null	null	null	None	0	null	0	0	null	null	null	null	null	
2024/11/23 15:52:07.179	b135e9c82f3b5af8414a656ace8a78c8d45a7834	Windows 11  (10.0.22631) 64bit (Editor)	True	null	null	null	null	null	null	None	0	null	0	0	null	null	null	null	null	
2024/11/23 15:52:07.187	b135e9c82f3b5af8414a656ace8a78c8d45a7834	Windows 11  (10.0.22631) 64bit (Editor)	True	null	null	null	null	null	null	None	0	null	0	0	null	null	null	null	null	
2024/11/23 15:52:07.193	b135e9c82f3b5af8414a656ace8a78c8d45a7834	Windows 11  (10.0.22631) 64bit (Editor)	True	null	null	null	null	null	null	None	0	null	0	0	null	null	null	null	null	
2024/11/23 15:52:07.200	b135e9c82f3b5af8414a656ace8a78c8d45a7834	Windows 11  (10.0.22631) 64bit (Editor)	True	null	null	null	null	null	null	None	0	null	0	0	null	null	null	null	null	
2024/11/23 15:52:07.207	b135e9c82f3b5af8414a656ace8a78c8d45a7834	Windows 11  (10.0.22631) 64bit (Editor)	True	null	null	null	null	null	null	None	0	null	0	0	null	null	null	null	null	
2024/11/23 15:52:07.215	b135e9c82f3b5af8414a656ace8a78c8d45a7834	Windows 11  (10.0.22631) 64bit (Editor)	True	null	null	null	null	null	null	None	0	null	0	0	null	null	null	null	null	
2024/11/23 15:52:07.227	b135e9c82f3b5af8414a656ace8a78c8d45a7834	Windows 11  (10.0.22631) 64bit (Editor)	True	null	null	null	null	null	null	None	0	null	0	0	null	null	null	null	null	
2024/11/23 15:52:07.234	b135e9c82f3b5af8414a656ace8a78c8d45a7834	Windows 11  (10.0.22631) 64bit (Editor)	True	null	null	null	null	null	null	None	0	null	0	0	null	null	null	null	null	
2024/11/23 15:52:07.241	b135e9c82f3b5af8414a656ace8a78c8d45a7834	Windows 11  (10.0.22631) 64bit (Editor)	True	null	null	null	null	null	null	None	0	null	0	0	null	null	null	null	null	
2024/11/23 15:52:07.247	b135e9c82f3b5af8414a656ace8a78c8d45a7834	Windows 11  (10.0.22631) 64bit (Editor)	True	null	null	null	null	null	null	None	0	null	0	0	null	null	null	null	null	
2024/11/23 15:52:07.254	b135e9c82f3b5af8414a656ace8a78c8d45a7834	Windows 11  (10.0.22631) 64bit (Editor)	True	null	null	null	null	null	null	None	0	null	0	0	null	null	null	null	null	
2024/11/23 15:52:07.261	b135e9c82f3b5af8414a656ace8a78c8d45a7834	Windows 11  (10.0.22631) 64bit (Editor)	True	null	null	null	null	null	null	None	0	null	0	0	null	null	null	null	null	
2024/11/23 15:52:07.267	b135e9c82f3b5af8414a656ace8a78c8d45a7834	Windows 11  (10.0.22631) 64bit (Editor)	True	null	null	null	null	null	null	None	0	null	0	0	null	null	null	null	null	
2024/11/23 15:52:07.274	b135e9c82f3b5af8414a656ace8a78c8d45a7834	Windows 11  (10.0.22631) 64bit (Editor)	True	null	null	null	null	null	null	None	0	null	0	0	null	null	null	null	null	
2024/11/23 15:52:07.291	b135e9c82f3b5af8414a656ace8a78c8d45a7834	Windows 11  (10.0.22631) 64bit (Editor)	True	null	null	null	null	null	null	None	0	null	0	0	null	null	null	null	null	
2024/11/23 15:52:07.300	b135e9c82f3b5af8414a656ace8a78c8d45a7834	Windows 11  (10.0.22631) 64bit (Editor)	True	null	null	null	null	null	null	None	0	null	0	0	null	null	null	null	null	
2024/11/23 15:52:07.309	b135e9c82f3b5af8414a656ace8a78c8d45a7834	Windows 11  (10.0.22631) 64bit (Editor)	True	null	null	null	null	null	null	None	0	null	0	0	null	null	null	null	null	
2024/11/23 15:52:07.315	b135e9c82f3b5af8414a656ace8a78c8d45a7834	Windows 11  (10.0.22631) 64bit (Editor)	True	null	null	null	null	null	null	None	0	null	0	0	null	null	null	null	null	
2024/11/23 15:52:07.322	b135e9c82f3b5af8414a656ace8a78c8d45a7834	Windows 11  (10.0.22631) 64bit (Editor)	True	null	null	null	null	null	null	None	0	null	0	0	null	null	null	null	null	
2024/11/23 15:52:07.330	b135e9c82f3b5af8414a656ace8a78c8d45a7834	Windows 11  (10.0.22631) 64bit (Editor)	True	null	null	null	null	null	null	None	0	null	0	0	null	null	null	null	null	
2024/11/23 15:52:07.337	b135e9c82f3b5af8414a656ace8a78c8d45a7834	Windows 11  (10.0.22631) 64bit (Editor)	True	null	null	null	null	null	null	None	0	null	0	0	null	null	null	null	null	
2024/11/23 15:52:07.345	b135e9c82f3b5af8414a656ace8a78c8d45a7834	Windows 11  (10.0.22631) 64bit (Editor)	True	null	null	null	null	null	null	None	0	null	0	0	null	null	null	null	null	
2024/11/23 15:52:07.353	b135e9c82f3b5af8414a656ace8a78c8d45a7834	Windows 11  (10.0.22631) 64bit (Editor)	True	null	null	null	null	null	null	None	0	null	0	0	null	null	null	null	null	
2024/11/23 15:52:07.360	b135e9c82f3b5af8414a656ace8a78c8d45a7834	Windows 11  (10.0.22631) 64bit (Editor)	True	null	null	null	null	null	null	None	0	null	0	0	null	null	null	null	null	
2024/11/23 15:52:07.367	b135e9c82f3b5af8414a656ace8a78c8d45a7834	Windows 11  (10.0.22631) 64bit (Editor)	True	null	null	null	null	null	null	None	0	null	0	0	null	null	null	null	null	
2024/11/23 15:52:07.375	b135e9c82f3b5af8414a656ace8a78c8d45a7834	Windows 11  (10.0.22631) 64bit (Editor)	True	null	null	null	null	null	null	None	0	null	0	0	null	null	null	null	null	
2024/11/23 15:52:07.381	b135e9c82f3b5af8414a656ace8a78c8d45a7834	Windows 11  (10.0.22631) 64bit (Editor)	True	null	null	null	null	null	null	None	0	null	0	0	null	null	null	null	null	
2024/11/23 15:52:07.390	b135e9c82f3b5af8414a656ace8a78c8d45a7834	Windows 11  (10.0.22631) 64bit (Editor)	True	null	null	null	null	null	null	None	0	null	0	0	null	null	null	null	null	
2024/11/23 15:52:07.396	b135e9c82f3b5af8414a656ace8a78c8d45a7834	Windows 11  (10.0.22631) 64bit (Editor)	True	null	null	null	null	null	null	None	0	null	0	0	null	null	null	null	null	
2024/11/23 15:52:07.403	b135e9c82f3b5af8414a656ace8a78c8d45a7834	Windows 11  (10.0.22631) 64bit (Editor)	True	null	null	null	null	null	null	None	0	null	0	0	null	null	null	null	null	
2024/11/23 15:52:07.410	b135e9c82f3b5af8414a656ace8a78c8d45a7834	Windows 11  (10.0.22631) 64bit (Editor)	True	null	null	null	null	null	null	None	0	null	0	0	null	null	null	null	null	
2024/11/23 15:52:07.416	b135e9c82f3b5af8414a656ace8a78c8d45a7834	Windows 11  (10.0.22631) 64bit (Editor)	True	null	null	null	null	null	null	None	0	null	0	0	null	null	null	null	null	
2024/11/23 15:52:07.425	b135e9c82f3b5af8414a656ace8a78c8d45a7834	Windows 11  (10.0.22631) 64bit (Editor)	True	null	null	null	null	null	null	None	0	null	0	0	null	null	null	null	null	
2024/11/23 15:52:07.441	b135e9c82f3b5af8414a656ace8a78c8d45a7834	Windows 11  (10.0.22631) 64bit (Editor)	True	null	null	null	null	null	null	None	0	null	0	0	null	null	null	null	null	
2024/11/23 15:52:07.447	b135e9c82f3b5af8414a656ace8a78c8d45a7834	Windows 11  (10.0.22631) 64bit (Editor)	True	null	null	null	null	null	null	None	0	null	0	0	null	null	null	null	null	
2024/11/23 15:52:07.455	b135e9c82f3b5af8414a656ace8a78c8d45a7834	Windows 11  (10.0.22631) 64bit (Editor)	True	null	null	null	null	null	null	None	0	null	0	0	null	null	null	null	null	
2024/11/23 15:52:07.462	b135e9c82f3b5af8414a656ace8a78c8d45a7834	Windows 11  (10.0.22631) 64bit (Editor)	True	null	null	null	null	null	null	None	0	null	0	0	null	null	null	null	null	
2024/11/23 15:52:07.471	b135e9c82f3b5af8414a656ace8a78c8d45a7834	Windows 11  (10.0.22631) 64bit (Editor)	True	null	null	null	null	null	null	None	0	null	0	0	null	null	null	null	null	
2024/11/23 15:52:07.479	b135e9c82f3b5af8414a656ace8a78c8d45a7834	Windows 11  (10.0.22631) 64bit (Editor)	True	null	null	null	null	null	null	None	0	null	0	0	null	null	null	null	null	
2024/11/23 15:52:07.486	b135e9c82f3b5af8414a656ace8a78c8d45a7834	Windows 11  (10.0.22631) 64bit (Editor)	True	null	null	null	null	null	null	None	0	null	0	0	null	null	null	null	null	
2024/11/23 15:52:07.492	b135e9c82f3b5af8414a656ace8a78c8d45a7834	Windows 11  (10.0.22631) 64bit (Editor)	True	null	null	null	null	null	null	None	0	null	0	0	null	null	null	null	null	
2024/11/23 15:52:07.499	b135e9c82f3b5af8414a656ace8a78c8d45a7834	Windows 11  (10.0.22631) 64bit (Editor)	True	null	null	null	null	null	null	None	0	null	0	0	null	null	null	null	null	
2024/11/23 15:52:07.506	b135e9c82f3b5af8414a656ace8a78c8d45a7834	Windows 11  (10.0.22631) 64bit (Editor)	True	null	null	null	null	null	null	None	0	null	0	0	null	null	null	null	null	
2024/11/23 15:52:07.512	b135e9c82f3b5af8414a656ace8a78c8d45a7834	Windows 11  (10.0.22631) 64bit (Editor)	True	null	null	null	null	null	null	None	0	null	0	0	null	null	null	null	null	
2024/11/23 15:52:07.519	b135e9c82f3b5af8414a656ace8a78c8d45a7834	Windows 11  (10.0.22631) 64bit (Editor)	True	null	null	null	null	null	null	None	0	null	0	0	null	null	null	null	null	
2024/11/23 15:52:07.525	b135e9c82f3b5af8414a656ace8a78c8d45a7834	Windows 11  (10.0.22631) 64bit (Editor)	True	null	null	null	null	null	null	None	0	null	0	0	null	null	null	null	null	
2024/11/23 15:52:07.534	b135e9c82f3b5af8414a656ace8a78c8d45a7834	Windows 11  (10.0.22631) 64bit (Editor)	True	null	null	null	null	null	null	None	0	null	0	0	null	null	null	null	null	
2024/11/23 15:52:07.539	b135e9c82f3b5af8414a656ace8a78c8d45a7834	Windows 11  (10.0.22631) 64bit (Editor)	True	null	null	null	null	null	null	None	0	null	0	0	null	null	null	null	null	
2024/11/23 15:52:07.546	b135e9c82f3b5af8414a656ace8a78c8d45a7834	Windows 11  (10.0.22631) 64bit (Editor)	True	null	null	null	null	null	null	None	0	null	0	0	null	null	null	null	null	
2024/11/23 15:52:07.553	b135e9c82f3b5af8414a656ace8a78c8d45a7834	Windows 11  (10.0.22631) 64bit (Editor)	True	null	null	null	null	null	null	None	0	null	0	0	null	null	null	null	null	
2024/11/23 15:52:07.560	b135e9c82f3b5af8414a656ace8a78c8d45a7834	Windows 11  (10.0.22631) 64bit (Editor)	True	null	null	null	null	null	null	None	0	null	0	0	null	null	null	null	null	
2024/11/23 15:52:07.566	b135e9c82f3b5af8414a656ace8a78c8d45a7834	Windows 11  (10.0.22631) 64bit (Editor)	True	null	null	null	null	null	null	None	0	null	0	0	null	null	null	null	null	
2024/11/23 15:52:07.573	b135e9c82f3b5af8414a656ace8a78c8d45a7834	Windows 11  (10.0.22631) 64bit (Editor)	True	null	null	null	null	null	null	None	0	null	0	0	null	null	null	null	null	
2024/11/23 15:52:07.580	b135e9c82f3b5af8414a656ace8a78c8d45a7834	Windows 11  (10.0.22631) 64bit (Editor)	True	null	null	null	null	null	null	None	0	null	0	0	null	null	null	null	null	
2024/11/23 15:52:07.596	b135e9c82f3b5af8414a656ace8a78c8d45a7834	Windows 11  (10.0.22631) 64bit (Editor)	True	null	null	null	null	null	null	None	0	null	0	0	null	null	null	null	null	
2024/11/23 15:52:07.604	b135e9c82f3b5af8414a656ace8a78c8d45a7834	Windows 11  (10.0.22631) 64bit (Editor)	True	null	null	null	null	null	null	None	0	null	0	0	null	null	null	null	null	
2024/11/23 15:52:07.612	b135e9c82f3b5af8414a656ace8a78c8d45a7834	Windows 11  (10.0.22631) 64bit (Editor)	True	null	null	null	null	null	null	None	0	null	0	0	null	null	null	null	null	
2024/11/23 15:52:07.618	b135e9c82f3b5af8414a656ace8a78c8d45a7834	Windows 11  (10.0.22631) 64bit (Editor)	True	null	null	null	null	null	null	None	0	null	0	0	null	null	null	null	null	
2024/11/23 15:52:07.626	b135e9c82f3b5af8414a656ace8a78c8d45a7834	Windows 11  (10.0.22631) 64bit (Editor)	True	null	null	null	null	null	null	None	0	null	0	0	null	null	null	null	null	
2024/11/23 15:52:07.634	b135e9c82f3b5af8414a656ace8a78c8d45a7834	Windows 11  (10.0.22631) 64bit (Editor)	True	null	null	null	null	null	null	None	0	null	0	0	null	null	null	null	null	
2024/11/23 15:52:07.640	b135e9c82f3b5af8414a656ace8a78c8d45a7834	Windows 11  (10.0.22631) 64bit (Editor)	True	null	null	null	null	null	null	None	0	null	0	0	null	null	null	null	null	
2024/11/23 15:52:07.647	b135e9c82f3b5af8414a656ace8a78c8d45a7834	Windows 11  (10.0.22631) 64bit (Editor)	True	null	null	null	null	null	null	None	0	null	0	0	null	null	null	null	null	
2024/11/23 15:52:07.655	b135e9c82f3b5af8414a656ace8a78c8d45a7834	Windows 11  (10.0.22631) 64bit (Editor)	True	null	null	null	null	null	null	None	0	null	0	0	null	null	null	null	null	
2024/11/23 15:52:07.661	b135e9c82f3b5af8414a656ace8a78c8d45a7834	Windows 11  (10.0.22631) 64bit (Editor)	True	null	null	null	null	null	null	None	0	null	0	0	null	null	null	null	null	
2024/11/23 15:52:07.668	b135e9c82f3b5af8414a656ace8a78c8d45a7834	Windows 11  (10.0.22631) 64bit (Editor)	True	null	null	null	null	null	null	None	0	null	0	0	null	null	null	null	null	
2024/11/23 15:52:07.675	b135e9c82f3b5af8414a656ace8a78c8d45a7834	Windows 11  (10.0.22631) 64bit (Editor)	True	null	null	null	null	null	null	None	0	null	0	0	null	null	null	null	null	
2024/11/23 15:52:07.681	b135e9c82f3b5af8414a656ace8a78c8d45a7834	Windows 11  (10.0.22631) 64bit (Editor)	True	null	null	null	null	null	null	None	0	null	0	0	null	null	null	null	null	
2024/11/23 15:52:07.689	b135e9c82f3b5af8414a656ace8a78c8d45a7834	Windows 11  (10.0.22631) 64bit (Editor)	True	null	null	null	null	null	null	None	0	null	0	0	null	null	null	null	null	
2024/11/23 15:52:07.695	b135e9c82f3b5af8414a656ace8a78c8d45a7834	Windows 11  (10.0.22631) 64bit (Editor)	True	null	null	null	null	null	null	None	0	null	0	0	null	null	null	null	null	
2024/11/23 15:52:07.703	b135e9c82f3b5af8414a656ace8a78c8d45a7834	Windows 11  (10.0.22631) 64bit (Editor)	True	null	null	null	null	null	null	None	0	null	0	0	null	null	null	null	null	
2024/11/23 15:52:07.711	b135e9c82f3b5af8414a656ace8a78c8d45a7834	Windows 11  (10.0.22631) 64bit (Editor)	True	null	null	null	null	null	null	None	0	null	0	0	null	null	null	null	null	
2024/11/23 15:52:07.718	b135e9c82f3b5af8414a656ace8a78c8d45a7834	Windows 11  (10.0.22631) 64bit (Editor)	True	null	null	null	null	null	null	None	0	null	0	0	null	null	null	null	null	
2024/11/23 15:52:07.725	b135e9c82f3b5af8414a656ace8a78c8d45a7834	Windows 11  (10.0.22631) 64bit (Editor)	True	null	null	null	null	null	null	None	0	null	0	0	null	null	null	null	null	
2024/11/23 15:52:07.732	b135e9c82f3b5af8414a656ace8a78c8d45a7834	Windows 11  (10.0.22631) 64bit (Editor)	True	null	null	null	null	null	null	None	0	null	0	0	null	null	null	null	null	
2024/11/23 15:52:07.751	b135e9c82f3b5af8414a656ace8a78c8d45a7834	Windows 11  (10.0.22631) 64bit (Editor)	True	null	null	null	null	null	null	None	0	null	0	0	null	null	null	null	null	
2024/11/23 15:52:07.757	b135e9c82f3b5af8414a656ace8a78c8d45a7834	Windows 11  (10.0.22631) 64bit (Editor)	True	null	null	null	null	null	null	None	0	null	0	0	null	null	null	null	null	
2024/11/23 15:52:07.766	b135e9c82f3b5af8414a656ace8a78c8d45a7834	Windows 11  (10.0.22631) 64bit (Editor)	True	null	null	null	null	null	null	None	0	null	0	0	null	null	null	null	null	
2024/11/23 15:52:07.773	b135e9c82f3b5af8414a656ace8a78c8d45a7834	Windows 11  (10.0.22631) 64bit (Editor)	True	null	null	null	null	null	null	None	0	null	0	0	null	null	null	null	null	
2024/11/23 15:52:07.781	b135e9c82f3b5af8414a656ace8a78c8d45a7834	Windows 11  (10.0.22631) 64bit (Editor)	True	null	null	null	null	null	null	None	0	null	0	0	null	null	null	null	null	
2024/11/23 15:52:07.789	b135e9c82f3b5af8414a656ace8a78c8d45a7834	Windows 11  (10.0.22631) 64bit (Editor)	True	null	null	null	null	null	null	None	0	null	0	0	null	null	null	null	null	
2024/11/23 15:52:07.796	b135e9c82f3b5af8414a656ace8a78c8d45a7834	Windows 11  (10.0.22631) 64bit (Editor)	True	null	null	null	null	null	null	None	0	null	0	0	null	null	null	null	null	
2024/11/23 15:52:07.806	b135e9c82f3b5af8414a656ace8a78c8d45a7834	Windows 11  (10.0.22631) 64bit (Editor)	True	null	null	null	null	null	null	None	0	null	0	0	null	null	null	null	null	
2024/11/23 15:52:07.813	b135e9c82f3b5af8414a656ace8a78c8d45a7834	Windows 11  (10.0.22631) 64bit (Editor)	True	null	null	null	null	null	null	None	0	null	0	0	null	null	null	null	null	
2024/11/23 15:52:07.821	b135e9c82f3b5af8414a656ace8a78c8d45a7834	Windows 11  (10.0.22631) 64bit (Editor)	True	null	null	null	null	null	null	None	0	null	0	0	null	null	null	null	null	
2024/11/23 15:52:07.830	b135e9c82f3b5af8414a656ace8a78c8d45a7834	Windows 11  (10.0.22631) 64bit (Editor)	True	null	null	null	null	null	null	None	0	null	0	0	null	null	null	null	null	
2024/11/23 15:52:07.838	b135e9c82f3b5af8414a656ace8a78c8d45a7834	Windows 11  (10.0.22631) 64bit (Editor)	True	null	null	null	null	null	null	None	0	null	0	0	null	null	null	null	null	
2024/11/23 15:52:07.846	b135e9c82f3b5af8414a656ace8a78c8d45a7834	Windows 11  (10.0.22631) 64bit (Editor)	True	null	null	null	null	null	null	None	0	null	0	0	null	null	null	null	null	
2024/11/23 15:52:07.855	b135e9c82f3b5af8414a656ace8a78c8d45a7834	Windows 11  (10.0.22631) 64bit (Editor)	True	null	null	null	null	null	null	None	0	null	0	0	null	null	null	null	null	
2024/11/23 15:52:07.865	b135e9c82f3b5af8414a656ace8a78c8d45a7834	Windows 11  (10.0.22631) 64bit (Editor)	True	null	null	null	null	null	null	None	0	null	0	0	null	null	null	null	null	
2024/11/23 15:52:07.874	b135e9c82f3b5af8414a656ace8a78c8d45a7834	Windows 11  (10.0.22631) 64bit (Editor)	True	null	null	null	null	null	null	None	0	null	0	0	null	null	null	null	null	
2024/11/23 15:52:07.883	b135e9c82f3b5af8414a656ace8a78c8d45a7834	Windows 11  (10.0.22631) 64bit (Editor)	True	null	null	null	null	null	null	None	0	null	0	0	null	null	null	null	null	
2024/11/23 15:52:07.903	b135e9c82f3b5af8414a656ace8a78c8d45a7834	Windows 11  (10.0.22631) 64bit (Editor)	True	null	null	null	null	null	null	None	0	null	0	0	null	null	null	null	null	
2024/11/23 15:52:07.911	b135e9c82f3b5af8414a656ace8a78c8d45a7834	Windows 11  (10.0.22631) 64bit (Editor)	True	null	null	null	null	null	null	None	0	null	0	0	null	null	null	null	null	
2024/11/23 15:52:07.919	b135e9c82f3b5af8414a656ace8a78c8d45a7834	Windows 11  (10.0.22631) 64bit (Editor)	True	null	null	null	null	null	null	None	0	null	0	0	null	null	null	null	null	
2024/11/23 15:52:07.927	b135e9c82f3b5af8414a656ace8a78c8d45a7834	Windows 11  (10.0.22631) 64bit (Editor)	True	null	null	null	null	null	null	None	0	null	0	0	null	null	null	null	null	
2024/11/23 15:52:07.935	b135e9c82f3b5af8414a656ace8a78c8d45a7834	Windows 11  (10.0.22631) 64bit (Editor)	True	null	null	null	null	null	null	None	0	null	0	0	null	null	null	null	null	
2024/11/23 15:52:07.944	b135e9c82f3b5af8414a656ace8a78c8d45a7834	Windows 11  (10.0.22631) 64bit (Editor)	True	null	null	null	null	null	null	None	0	null	0	0	null	null	null	null	null	
2024/11/23 15:52:07.951	b135e9c82f3b5af8414a656ace8a78c8d45a7834	Windows 11  (10.0.22631) 64bit (Editor)	True	null	null	null	null	null	null	None	0	null	0	0	null	null	null	null	null	
2024/11/23 15:52:07.958	b135e9c82f3b5af8414a656ace8a78c8d45a7834	Windows 11  (10.0.22631) 64bit (Editor)	True	null	null	null	null	null	null	None	0	null	0	0	null	null	null	null	null	
2024/11/23 15:52:07.968	b135e9c82f3b5af8414a656ace8a78c8d45a7834	Windows 11  (10.0.22631) 64bit (Editor)	True	null	null	null	null	null	null	None	0	null	0	0	null	null	null	null	null	
2024/11/23 15:52:07.975	b135e9c82f3b5af8414a656ace8a78c8d45a7834	Windows 11  (10.0.22631) 64bit (Editor)	True	null	null	null	null	null	null	None	0	null	0	0	null	null	null	null	null	
2024/11/23 15:52:07.982	b135e9c82f3b5af8414a656ace8a78c8d45a7834	Windows 11  (10.0.22631) 64bit (Editor)	True	null	null	null	null	null	null	None	0	null	0	0	null	null	null	null	null	
2024/11/23 15:52:07.989	b135e9c82f3b5af8414a656ace8a78c8d45a7834	Windows 11  (10.0.22631) 64bit (Editor)	True	null	null	null	null	null	null	None	0	null	0	0	null	null	null	null	null	
2024/11/23 15:52:07.996	b135e9c82f3b5af8414a656ace8a78c8d45a7834	Windows 11  (10.0.22631) 64bit (Editor)	True	null	null	null	null	null	null	None	0	null	0	0	null	null	null	null	null	
2024/11/23 15:52:08.004	b135e9c82f3b5af8414a656ace8a78c8d45a7834	Windows 11  (10.0.22631) 64bit (Editor)	True	null	null	null	null	null	null	None	0	null	0	0	null	null	null	null	null	
2024/11/23 15:52:08.012	b135e9c82f3b5af8414a656ace8a78c8d45a7834	Windows 11  (10.0.22631) 64bit (Editor)	True	null	null	null	null	null	null	None	0	null	0	0	null	null	null	null	null	
2024/11/23 15:52:08.020	b135e9c82f3b5af8414a656ace8a78c8d45a7834	Windows 11  (10.0.22631) 64bit (Editor)	True	null	null	null	null	null	null	None	0	null	0	0	null	null	null	null	null	
2024/11/23 15:52:08.028	b135e9c82f3b5af8414a656ace8a78c8d45a7834	Windows 11  (10.0.22631) 64bit (Editor)	True	null	null	null	null	null	null	None	0	null	0	0	null	null	null	null	null	
2024/11/23 15:52:08.035	b135e9c82f3b5af8414a656ace8a78c8d45a7834	Windows 11  (10.0.22631) 64bit (Editor)	True	null	null	null	null	null	null	None	0	null	0	0	null	null	null	null	null	
2024/11/23 15:52:08.055	b135e9c82f3b5af8414a656ace8a78c8d45a7834	Windows 11  (10.0.22631) 64bit (Editor)	True	null	null	null	null	null	null	None	0	null	0	0	null	null	null	null	null	
2024/11/23 15:52:08.063	b135e9c82f3b5af8414a656ace8a78c8d45a7834	Windows 11  (10.0.22631) 64bit (Editor)	True	null	null	null	null	null	null	None	0	null	0	0	null	null	null	null	null	
2024/11/23 15:52:08.073	b135e9c82f3b5af8414a656ace8a78c8d45a7834	Windows 11  (10.0.22631) 64bit (Editor)	True	null	null	null	null	null	null	None	0	null	0	0	null	null	null	null	null	
2024/11/23 15:52:08.079	b135e9c82f3b5af8414a656ace8a78c8d45a7834	Windows 11  (10.0.22631) 64bit (Editor)	True	null	null	null	null	null	null	None	0	null	0	0	null	null	null	null	null	
2024/11/23 15:52:08.088	b135e9c82f3b5af8414a656ace8a78c8d45a7834	Windows 11  (10.0.22631) 64bit (Editor)	True	null	null	null	null	null	null	None	0	null	0	0	null	null	null	null	null	
2024/11/23 15:52:08.096	b135e9c82f3b5af8414a656ace8a78c8d45a7834	Windows 11  (10.0.22631) 64bit (Editor)	True	null	null	null	null	null	null	None	0	null	0	0	null	null	null	null	null	
2024/11/23 15:52:08.104	b135e9c82f3b5af8414a656ace8a78c8d45a7834	Windows 11  (10.0.22631) 64bit (Editor)	True	null	null	null	null	null	null	None	0	null	0	0	null	null	null	null	null	
2024/11/23 15:52:08.112	b135e9c82f3b5af8414a656ace8a78c8d45a7834	Windows 11  (10.0.22631) 64bit (Editor)	True	null	null	null	null	null	null	None	0	null	0	0	null	null	null	null	null	
2024/11/23 15:52:08.121	b135e9c82f3b5af8414a656ace8a78c8d45a7834	Windows 11  (10.0.22631) 64bit (Editor)	True	null	null	null	null	null	null	None	0	null	0	0	null	null	null	null	null	
2024/11/23 15:52:08.128	b135e9c82f3b5af8414a656ace8a78c8d45a7834	Windows 11  (10.0.22631) 64bit (Editor)	True	null	null	null	null	null	null	None	0	null	0	0	null	null	null	null	null	
2024/11/23 15:52:08.136	b135e9c82f3b5af8414a656ace8a78c8d45a7834	Windows 11  (10.0.22631) 64bit (Editor)	True	null	null	null	null	null	null	None	0	null	0	0	null	null	null	null	null	
2024/11/23 15:52:08.144	b135e9c82f3b5af8414a656ace8a78c8d45a7834	Windows 11  (10.0.22631) 64bit (Editor)	True	null	null	null	null	null	null	None	0	null	0	0	null	null	null	null	null	
2024/11/23 15:52:08.151	b135e9c82f3b5af8414a656ace8a78c8d45a7834	Windows 11  (10.0.22631) 64bit (Editor)	True	null	null	null	null	null	null	None	0	null	0	0	null	null	null	null	null	
2024/11/23 15:52:08.158	b135e9c82f3b5af8414a656ace8a78c8d45a7834	Windows 11  (10.0.22631) 64bit (Editor)	True	null	null	null	null	null	null	None	0	null	0	0	null	null	null	null	null	
2024/11/23 15:52:08.167	b135e9c82f3b5af8414a656ace8a78c8d45a7834	Windows 11  (10.0.22631) 64bit (Editor)	True	null	null	null	null	null	null	None	0	null	0	0	null	null	null	null	null	
2024/11/23 15:52:08.175	b135e9c82f3b5af8414a656ace8a78c8d45a7834	Windows 11  (10.0.22631) 64bit (Editor)	True	null	null	null	null	null	null	None	0	null	0	0	null	null	null	null	null	
2024/11/23 15:52:08.183	b135e9c82f3b5af8414a656ace8a78c8d45a7834	Windows 11  (10.0.22631) 64bit (Editor)	True	null	null	null	null	null	null	None	0	null	0	0	null	null	null	null	null	
2024/11/23 15:52:08.191	b135e9c82f3b5af8414a656ace8a78c8d45a7834	Windows 11  (10.0.22631) 64bit (Editor)	True	null	null	null	null	null	null	None	0	null	0	0	null	null	null	null	null	
2024/11/23 15:52:08.209	b135e9c82f3b5af8414a656ace8a78c8d45a7834	Windows 11  (10.0.22631) 64bit (Editor)	True	null	null	null	null	null	null	None	0	null	0	0	null	null	null	null	null	
2024/11/23 15:52:08.217	b135e9c82f3b5af8414a656ace8a78c8d45a7834	Windows 11  (10.0.22631) 64bit (Editor)	True	null	null	null	null	null	null	None	0	null	0	0	null	null	null	null	null	
2024/11/23 15:52:08.226	b135e9c82f3b5af8414a656ace8a78c8d45a7834	Windows 11  (10.0.22631) 64bit (Editor)	True	null	null	null	null	null	null	None	0	null	0	0	null	null	null	null	null	
2024/11/23 15:52:08.234	b135e9c82f3b5af8414a656ace8a78c8d45a7834	Windows 11  (10.0.22631) 64bit (Editor)	True	null	null	null	null	null	null	None	0	null	0	0	null	null	null	null	null	
2024/11/23 15:52:08.241	b135e9c82f3b5af8414a656ace8a78c8d45a7834	Windows 11  (10.0.22631) 64bit (Editor)	True	null	null	null	null	null	null	None	0	null	0	0	null	null	null	null	null	
2024/11/23 15:52:08.249	b135e9c82f3b5af8414a656ace8a78c8d45a7834	Windows 11  (10.0.22631) 64bit (Editor)	True	null	null	null	null	null	null	None	0	null	0	0	null	null	null	null	null	
2024/11/23 15:52:08.257	b135e9c82f3b5af8414a656ace8a78c8d45a7834	Windows 11  (10.0.22631) 64bit (Editor)	True	null	null	null	null	null	null	None	0	null	0	0	null	null	null	null	null	
2024/11/23 15:52:08.266	b135e9c82f3b5af8414a656ace8a78c8d45a7834	Windows 11  (10.0.22631) 64bit (Editor)	True	null	null	null	null	null	null	None	0	null	0	0	null	null	null	null	null	
2024/11/23 15:52:08.274	b135e9c82f3b5af8414a656ace8a78c8d45a7834	Windows 11  (10.0.22631) 64bit (Editor)	True	null	null	null	null	null	null	None	0	null	0	0	null	null	null	null	null	
2024/11/23 15:52:08.281	b135e9c82f3b5af8414a656ace8a78c8d45a7834	Windows 11  (10.0.22631) 64bit (Editor)	True	null	null	null	null	null	null	None	0	null	0	0	null	null	null	null	null	
2024/11/23 15:52:08.289	b135e9c82f3b5af8414a656ace8a78c8d45a7834	Windows 11  (10.0.22631) 64bit (Editor)	True	null	null	null	null	null	null	None	0	null	0	0	null	null	null	null	null	
2024/11/23 15:52:08.297	b135e9c82f3b5af8414a656ace8a78c8d45a7834	Windows 11  (10.0.22631) 64bit (Editor)	True	null	null	null	null	null	null	None	0	null	0	0	null	null	null	null	null	
2024/11/23 15:52:08.307	b135e9c82f3b5af8414a656ace8a78c8d45a7834	Windows 11  (10.0.22631) 64bit (Editor)	True	null	null	null	null	null	null	None	0	null	0	0	null	null	null	null	null	
2024/11/23 15:52:08.314	b135e9c82f3b5af8414a656ace8a78c8d45a7834	Windows 11  (10.0.22631) 64bit (Editor)	True	null	null	null	null	null	null	None	0	null	0	0	null	null	null	null	null	
2024/11/23 15:52:08.323	b135e9c82f3b5af8414a656ace8a78c8d45a7834	Windows 11  (10.0.22631) 64bit (Editor)	True	null	null	null	null	null	null	None	0	null	0	0	null	null	null	null	null	
2024/11/23 15:52:08.330	b135e9c82f3b5af8414a656ace8a78c8d45a7834	Windows 11  (10.0.22631) 64bit (Editor)	True	null	null	null	null	null	null	None	0	null	0	0	null	null	null	null	null	
2024/11/23 15:52:08.338	b135e9c82f3b5af8414a656ace8a78c8d45a7834	Windows 11  (10.0.22631) 64bit (Editor)	True	null	null	null	null	null	null	None	0	null	0	0	null	null	null	null	null	
2024/11/23 15:52:08.345	b135e9c82f3b5af8414a656ace8a78c8d45a7834	Windows 11  (10.0.22631) 64bit (Editor)	True	null	null	null	null	null	null	None	0	null	0	0	null	null	null	null	null	
2024/11/23 15:52:08.362	b135e9c82f3b5af8414a656ace8a78c8d45a7834	Windows 11  (10.0.22631) 64bit (Editor)	True	null	null	null	null	null	null	None	0	null	0	0	null	null	null	null	null	
2024/11/23 15:52:08.372	b135e9c82f3b5af8414a656ace8a78c8d45a7834	Windows 11  (10.0.22631) 64bit (Editor)	True	null	null	null	null	null	null	None	0	null	0	0	null	null	null	null	null	
2024/11/23 15:52:08.380	b135e9c82f3b5af8414a656ace8a78c8d45a7834	Windows 11  (10.0.22631) 64bit (Editor)	True	null	null	null	null	null	null	None	0	null	0	0	null	null	null	null	null	
2024/11/23 15:52:08.388	b135e9c82f3b5af8414a656ace8a78c8d45a7834	Windows 11  (10.0.22631) 64bit (Editor)	True	null	null	null	null	null	null	None	0	null	0	0	null	null	null	null	null	
2024/11/23 15:52:08.396	b135e9c82f3b5af8414a656ace8a78c8d45a7834	Windows 11  (10.0.22631) 64bit (Editor)	True	null	null	null	null	null	null	None	0	null	0	0	null	null	null	null	null	
2024/11/23 15:52:08.411	b135e9c82f3b5af8414a656ace8a78c8d45a7834	Windows 11  (10.0.22631) 64bit (Editor)	True	null	null	null	null	null	null	None	0	null	0	0	null	null	null	null	null	
2024/11/23 15:52:08.419	b135e9c82f3b5af8414a656ace8a78c8d45a7834	Windows 11  (10.0.22631) 64bit (Editor)	True	null	null	null	null	null	null	None	0	null	0	0	null	null	null	null	null	
2024/11/23 15:52:08.427	b135e9c82f3b5af8414a656ace8a78c8d45a7834	Windows 11  (10.0.22631) 64bit (Editor)	True	null	null	null	null	null	null	None	0	null	0	0	null	null	null	null	null	
2024/11/23 15:52:08.436	b135e9c82f3b5af8414a656ace8a78c8d45a7834	Windows 11  (10.0.22631) 64bit (Editor)	True	null	null	null	null	null	null	None	0	null	0	0	null	null	null	null	null	
2024/11/23 15:52:08.444	b135e9c82f3b5af8414a656ace8a78c8d45a7834	Windows 11  (10.0.22631) 64bit (Editor)	True	null	null	null	null	null	null	None	0	null	0	0	null	null	null	null	null	
2024/11/23 15:52:08.452	b135e9c82f3b5af8414a656ace8a78c8d45a7834	Windows 11  (10.0.22631) 64bit (Editor)	True	null	null	null	null	null	null	None	0	null	0	0	null	null	null	null	null	
2024/11/23 15:52:08.461	b135e9c82f3b5af8414a656ace8a78c8d45a7834	Windows 11  (10.0.22631) 64bit (Editor)	True	null	null	null	null	null	null	None	0	null	0	0	null	null	null	null	null	
2024/11/23 15:52:08.469	b135e9c82f3b5af8414a656ace8a78c8d45a7834	Windows 11  (10.0.22631) 64bit (Editor)	True	null	null	null	null	null	null	None	0	null	0	0	null	null	null	null	null	
2024/11/23 15:52:08.477	b135e9c82f3b5af8414a656ace8a78c8d45a7834	Windows 11  (10.0.22631) 64bit (Editor)	True	null	null	null	null	null	null	None	0	null	0	0	null	null	null	null	null	
2024/11/23 15:52:08.485	b135e9c82f3b5af8414a656ace8a78c8d45a7834	Windows 11  (10.0.22631) 64bit (Editor)	True	null	null	null	null	null	null	None	0	null	0	0	null	null	null	null	null	
2024/11/23 15:52:08.493	b135e9c82f3b5af8414a656ace8a78c8d45a7834	Windows 11  (10.0.22631) 64bit (Editor)	True	null	null	null	null	null	null	None	0	null	0	0	null	null	null	null	null	
2024/11/23 15:52:08.501	b135e9c82f3b5af8414a656ace8a78c8d45a7834	Windows 11  (10.0.22631) 64bit (Editor)	True	null	null	null	null	null	null	None	0	null	0	0	null	null	null	null	null	
2024/11/23 15:52:08.518	b135e9c82f3b5af8414a656ace8a78c8d45a7834	Windows 11  (10.0.22631) 64bit (Editor)	True	null	null	null	null	null	null	None	0	null	0	0	null	null	null	null	null	
2024/11/23 15:52:08.528	b135e9c82f3b5af8414a656ace8a78c8d45a7834	Windows 11  (10.0.22631) 64bit (Editor)	True	null	null	null	null	null	null	None	0	null	0	0	null	null	null	null	null	
2024/11/23 15:52:08.535	b135e9c82f3b5af8414a656ace8a78c8d45a7834	Windows 11  (10.0.22631) 64bit (Editor)	True	null	null	null	null	null	null	None	0	null	0	0	null	null	null	null	null	
2024/11/23 15:52:08.543	b135e9c82f3b5af8414a656ace8a78c8d45a7834	Windows 11  (10.0.22631) 64bit (Editor)	True	null	null	null	null	null	null	None	0	null	0	0	null	null	null	null	null	
2024/11/23 15:52:08.550	b135e9c82f3b5af8414a656ace8a78c8d45a7834	Windows 11  (10.0.22631) 64bit (Editor)	True	null	null	null	null	null	null	None	0	null	0	0	null	null	null	null	null	
2024/11/23 15:52:08.557	b135e9c82f3b5af8414a656ace8a78c8d45a7834	Windows 11  (10.0.22631) 64bit (Editor)	True	null	null	null	null	null	null	None	0	null	0	0	null	null	null	null	null	
2024/11/23 15:52:08.563	b135e9c82f3b5af8414a656ace8a78c8d45a7834	Windows 11  (10.0.22631) 64bit (Editor)	True	null	null	null	null	null	null	None	0	null	0	0	null	null	null	null	null	
2024/11/23 15:52:08.571	b135e9c82f3b5af8414a656ace8a78c8d45a7834	Windows 11  (10.0.22631) 64bit (Editor)	True	null	null	null	null	null	null	None	0	null	0	0	null	null	null	null	null	
2024/11/23 15:52:08.577	b135e9c82f3b5af8414a656ace8a78c8d45a7834	Windows 11  (10.0.22631) 64bit (Editor)	True	null	null	null	null	null	null	None	0	null	0	0	null	null	null	null	null	
2024/11/23 15:52:08.584	b135e9c82f3b5af8414a656ace8a78c8d45a7834	Windows 11  (10.0.22631) 64bit (Editor)	True	null	null	null	null	null	null	None	0	null	0	0	null	null	null	null	null	
2024/11/23 15:52:08.591	b135e9c82f3b5af8414a656ace8a78c8d45a7834	Windows 11  (10.0.22631) 64bit (Editor)	True	null	null	null	null	null	null	None	0	null	0	0	null	null	null	null	null	
2024/11/23 15:52:08.597	b135e9c82f3b5af8414a656ace8a78c8d45a7834	Windows 11  (10.0.22631) 64bit (Editor)	True	null	null	null	null	null	null	None	0	null	0	0	null	null	null	null	null	
2024/11/23 15:52:08.605	b135e9c82f3b5af8414a656ace8a78c8d45a7834	Windows 11  (10.0.22631) 64bit (Editor)	True	null	null	null	null	null	null	None	0	null	0	0	null	null	null	null	null	
2024/11/23 15:52:08.612	b135e9c82f3b5af8414a656ace8a78c8d45a7834	Windows 11  (10.0.22631) 64bit (Editor)	True	null	null	null	null	null	null	None	0	null	0	0	null	null	null	null	null	
2024/11/23 15:52:08.618	b135e9c82f3b5af8414a656ace8a78c8d45a7834	Windows 11  (10.0.22631) 64bit (Editor)	True	null	null	null	null	null	null	None	0	null	0	0	null	null	null	null	null	
2024/11/23 15:52:08.626	b135e9c82f3b5af8414a656ace8a78c8d45a7834	Windows 11  (10.0.22631) 64bit (Editor)	True	null	null	null	null	null	null	None	0	null	0	0	null	null	null	null	null	
2024/11/23 15:52:08.635	b135e9c82f3b5af8414a656ace8a78c8d45a7834	Windows 11  (10.0.22631) 64bit (Editor)	True	null	null	null	null	null	null	None	0	null	0	0	null	null	null	null	null	
2024/11/23 15:52:08.642	b135e9c82f3b5af8414a656ace8a78c8d45a7834	Windows 11  (10.0.22631) 64bit (Editor)	True	null	null	null	null	null	null	None	0	null	0	0	null	null	null	null	null	
2024/11/23 15:52:08.649	b135e9c82f3b5af8414a656ace8a78c8d45a7834	Windows 11  (10.0.22631) 64bit (Editor)	True	null	null	null	null	null	null	None	0	null	0	0	null	null	null	null	null	
2024/11/23 15:52:08.656	b135e9c82f3b5af8414a656ace8a78c8d45a7834	Windows 11  (10.0.22631) 64bit (Editor)	True	null	null	null	null	null	null	None	0	null	0	0	null	null	null	null	null	
2024/11/23 15:52:08.673	b135e9c82f3b5af8414a656ace8a78c8d45a7834	Windows 11  (10.0.22631) 64bit (Editor)	True	null	null	null	null	null	null	None	0	null	0	0	null	null	null	null	null	
2024/11/23 15:52:08.681	b135e9c82f3b5af8414a656ace8a78c8d45a7834	Windows 11  (10.0.22631) 64bit (Editor)	True	null	null	null	null	null	null	None	0	null	0	0	null	null	null	null	null	
2024/11/23 15:52:08.689	b135e9c82f3b5af8414a656ace8a78c8d45a7834	Windows 11  (10.0.22631) 64bit (Editor)	True	null	null	null	null	null	null	None	0	null	0	0	null	null	null	null	null	
2024/11/23 15:52:08.698	b135e9c82f3b5af8414a656ace8a78c8d45a7834	Windows 11  (10.0.22631) 64bit (Editor)	True	null	null	null	null	null	null	None	0	null	0	0	null	null	null	null	null	
2024/11/23 15:52:08.707	b135e9c82f3b5af8414a656ace8a78c8d45a7834	Windows 11  (10.0.22631) 64bit (Editor)	True	null	null	null	null	null	null	None	0	null	0	0	null	null	null	null	null	
2024/11/23 15:52:08.715	b135e9c82f3b5af8414a656ace8a78c8d45a7834	Windows 11  (10.0.22631) 64bit (Editor)	True	null	null	null	null	null	null	None	0	null	0	0	null	null	null	null	null	
2024/11/23 15:52:08.723	b135e9c82f3b5af8414a656ace8a78c8d45a7834	Windows 11  (10.0.22631) 64bit (Editor)	True	null	null	null	null	null	null	None	0	null	0	0	null	null	null	null	null	
2024/11/23 15:52:08.737	b135e9c82f3b5af8414a656ace8a78c8d45a7834	Windows 11  (10.0.22631) 64bit (Editor)	True	null	null	null	null	null	null	None	0	null	0	0	null	null	null	null	null	
2024/11/23 15:52:08.743	b135e9c82f3b5af8414a656ace8a78c8d45a7834	Windows 11  (10.0.22631) 64bit (Editor)	True	null	null	null	null	null	null	None	0	null	0	0	null	null	null	null	null	
2024/11/23 15:52:08.751	b135e9c82f3b5af8414a656ace8a78c8d45a7834	Windows 11  (10.0.22631) 64bit (Editor)	True	null	null	null	null	null	null	None	0	null	0	0	null	null	null	null	null	
2024/11/23 15:52:08.759	b135e9c82f3b5af8414a656ace8a78c8d45a7834	Windows 11  (10.0.22631) 64bit (Editor)	True	null	null	null	null	null	null	None	0	null	0	0	null	null	null	null	null	
2024/11/23 15:52:08.766	b135e9c82f3b5af8414a656ace8a78c8d45a7834	Windows 11  (10.0.22631) 64bit (Editor)	True	null	null	null	null	null	null	None	0	null	0	0	null	null	null	null	null	
2024/11/23 15:52:08.774	b135e9c82f3b5af8414a656ace8a78c8d45a7834	Windows 11  (10.0.22631) 64bit (Editor)	True	null	null	null	null	null	null	None	0	null	0	0	null	null	null	null	null	
2024/11/23 15:52:08.783	b135e9c82f3b5af8414a656ace8a78c8d45a7834	Windows 11  (10.0.22631) 64bit (Editor)	True	null	null	null	null	null	null	None	0	null	0	0	null	null	null	null	null	
2024/11/23 15:52:08.791	b135e9c82f3b5af8414a656ace8a78c8d45a7834	Windows 11  (10.0.22631) 64bit (Editor)	True	null	null	null	null	null	null	None	0	null	0	0	null	null	null	null	null	
2024/11/23 15:52:08.799	b135e9c82f3b5af8414a656ace8a78c8d45a7834	Windows 11  (10.0.22631) 64bit (Editor)	True	null	null	null	null	null	null	None	0	null	0	0	null	null	null	null	null	
2024/11/23 15:52:08.807	b135e9c82f3b5af8414a656ace8a78c8d45a7834	Windows 11  (10.0.22631) 64bit (Editor)	True	null	null	null	null	null	null	None	0	null	0	0	null	null	null	null	null	
2024/11/23 15:52:08.825	b135e9c82f3b5af8414a656ace8a78c8d45a7834	Windows 11  (10.0.22631) 64bit (Editor)	True	null	null	null	null	null	null	None	0	null	0	0	null	null	null	null	null	
2024/11/23 15:52:08.833	b135e9c82f3b5af8414a656ace8a78c8d45a7834	Windows 11  (10.0.22631) 64bit (Editor)	True	null	null	null	null	null	null	None	0	null	0	0	null	null	null	null	null	
2024/11/23 15:52:08.842	b135e9c82f3b5af8414a656ace8a78c8d45a7834	Windows 11  (10.0.22631) 64bit (Editor)	True	null	null	null	null	null	null	None	0	null	0	0	null	null	null	null	null	
2024/11/23 15:52:08.852	b135e9c82f3b5af8414a656ace8a78c8d45a7834	Windows 11  (10.0.22631) 64bit (Editor)	True	null	null	null	null	null	null	None	0	null	0	0	null	null	null	null	null	
2024/11/23 15:52:08.860	b135e9c82f3b5af8414a656ace8a78c8d45a7834	Windows 11  (10.0.22631) 64bit (Editor)	True	null	null	null	null	null	null	None	0	null	0	0	null	null	null	null	null	
2024/11/23 15:52:08.869	b135e9c82f3b5af8414a656ace8a78c8d45a7834	Windows 11  (10.0.22631) 64bit (Editor)	True	null	null	null	null	null	null	None	0	null	0	0	null	null	null	null	null	
2024/11/23 15:52:08.877	b135e9c82f3b5af8414a656ace8a78c8d45a7834	Windows 11  (10.0.22631) 64bit (Editor)	True	null	null	null	null	null	null	None	0	null	0	0	null	null	null	null	null	
2024/11/23 15:52:08.886	b135e9c82f3b5af8414a656ace8a78c8d45a7834	Windows 11  (10.0.22631) 64bit (Editor)	True	null	null	null	null	null	null	None	0	null	0	0	null	null	null	null	null	
2024/11/23 15:52:08.894	b135e9c82f3b5af8414a656ace8a78c8d45a7834	Windows 11  (10.0.22631) 64bit (Editor)	True	null	null	null	null	null	null	None	0	null	0	0	null	null	null	null	null	
2024/11/23 15:52:08.902	b135e9c82f3b5af8414a656ace8a78c8d45a7834	Windows 11  (10.0.22631) 64bit (Editor)	True	null	null	null	null	null	null	None	0	null	0	0	null	null	null	null	null	
2024/11/23 15:52:08.910	b135e9c82f3b5af8414a656ace8a78c8d45a7834	Windows 11  (10.0.22631) 64bit (Editor)	True	null	null	null	null	null	null	None	0	null	0	0	null	null	null	null	null	
2024/11/23 15:52:08.918	b135e9c82f3b5af8414a656ace8a78c8d45a7834	Windows 11  (10.0.22631) 64bit (Editor)	True	null	null	null	null	null	null	None	0	null	0	0	null	null	null	null	null	
2024/11/23 15:52:08.928	b135e9c82f3b5af8414a656ace8a78c8d45a7834	Windows 11  (10.0.22631) 64bit (Editor)	True	null	null	null	null	null	null	None	0	null	0	0	null	null	null	null	null	
2024/11/23 15:52:08.936	b135e9c82f3b5af8414a656ace8a78c8d45a7834	Windows 11  (10.0.22631) 64bit (Editor)	True	null	null	null	null	null	null	None	0	null	0	0	null	null	null	null	null	
2024/11/23 15:52:08.946	b135e9c82f3b5af8414a656ace8a78c8d45a7834	Windows 11  (10.0.22631) 64bit (Editor)	True	null	null	null	null	null	null	None	0	null	0	0	null	null	null	null	null	
2024/11/23 15:52:08.954	b135e9c82f3b5af8414a656ace8a78c8d45a7834	Windows 11  (10.0.22631) 64bit (Editor)	True	null	null	null	null	null	null	None	0	null	0	0	null	null	null	null	null	
2024/11/23 15:52:08.961	b135e9c82f3b5af8414a656ace8a78c8d45a7834	Windows 11  (10.0.22631) 64bit (Editor)	True	null	null	null	null	null	null	None	0	null	0	0	null	null	null	null	null	
2024/11/23 15:52:08.979	b135e9c82f3b5af8414a656ace8a78c8d45a7834	Windows 11  (10.0.22631) 64bit (Editor)	True	null	null	null	null	null	null	None	0	null	0	0	null	null	null	null	null	
2024/11/23 15:52:08.987	b135e9c82f3b5af8414a656ace8a78c8d45a7834	Windows 11  (10.0.22631) 64bit (Editor)	True	null	null	null	null	null	null	None	0	null	0	0	null	null	null	null	null	
2024/11/23 15:52:08.993	b135e9c82f3b5af8414a656ace8a78c8d45a7834	Windows 11  (10.0.22631) 64bit (Editor)	True	null	null	null	null	null	null	None	0	null	0	0	null	null	null	null	null	
2024/11/23 15:52:09.000	b135e9c82f3b5af8414a656ace8a78c8d45a7834	Windows 11  (10.0.22631) 64bit (Editor)	True	null	null	null	null	null	null	None	0	null	0	0	null	null	null	null	null	
2024/11/23 15:52:09.008	b135e9c82f3b5af8414a656ace8a78c8d45a7834	Windows 11  (10.0.22631) 64bit (Editor)	True	null	null	null	null	null	null	None	0	null	0	0	null	null	null	null	null	
2024/11/23 15:52:09.014	b135e9c82f3b5af8414a656ace8a78c8d45a7834	Windows 11  (10.0.22631) 64bit (Editor)	True	null	null	null	null	null	null	None	0	null	0	0	null	null	null	null	null	
2024/11/23 15:52:09.023	b135e9c82f3b5af8414a656ace8a78c8d45a7834	Windows 11  (10.0.22631) 64bit (Editor)	True	null	null	null	null	null	null	None	0	null	0	0	null	null	null	null	null	
2024/11/23 15:52:09.029	b135e9c82f3b5af8414a656ace8a78c8d45a7834	Windows 11  (10.0.22631) 64bit (Editor)	True	null	null	null	null	null	null	None	0	null	0	0	null	null	null	null	null	
2024/11/23 15:52:09.036	b135e9c82f3b5af8414a656ace8a78c8d45a7834	Windows 11  (10.0.22631) 64bit (Editor)	True	null	null	null	null	null	null	None	0	null	0	0	null	null	null	null	null	
2024/11/23 15:52:09.042	b135e9c82f3b5af8414a656ace8a78c8d45a7834	Windows 11  (10.0.22631) 64bit (Editor)	True	null	null	null	null	null	null	None	0	null	0	0	null	null	null	null	null	
2024/11/23 15:52:09.049	b135e9c82f3b5af8414a656ace8a78c8d45a7834	Windows 11  (10.0.22631) 64bit (Editor)	True	null	null	null	null	null	null	None	0	null	0	0	null	null	null	null	null	
2024/11/23 15:52:09.056	b135e9c82f3b5af8414a656ace8a78c8d45a7834	Windows 11  (10.0.22631) 64bit (Editor)	True	null	null	null	null	null	null	None	0	null	0	0	null	null	null	null	null	
2024/11/23 15:52:09.062	b135e9c82f3b5af8414a656ace8a78c8d45a7834	Windows 11  (10.0.22631) 64bit (Editor)	True	null	null	null	null	null	null	None	0	null	0	0	null	null	null	null	null	
2024/11/23 15:52:09.070	b135e9c82f3b5af8414a656ace8a78c8d45a7834	Windows 11  (10.0.22631) 64bit (Editor)	True	null	null	null	null	null	null	None	0	null	0	0	null	null	null	null	null	
2024/11/23 15:52:09.075	b135e9c82f3b5af8414a656ace8a78c8d45a7834	Windows 11  (10.0.22631) 64bit (Editor)	True	null	null	null	null	null	null	None	0	null	0	0	null	null	null	null	null	
2024/11/23 15:52:09.082	b135e9c82f3b5af8414a656ace8a78c8d45a7834	Windows 11  (10.0.22631) 64bit (Editor)	True	null	null	null	null	null	null	None	0	null	0	0	null	null	null	null	null	
2024/11/23 15:52:09.089	b135e9c82f3b5af8414a656ace8a78c8d45a7834	Windows 11  (10.0.22631) 64bit (Editor)	True	null	null	null	null	null	null	None	0	null	0	0	null	null	null	null	null	
2024/11/23 15:52:09.095	b135e9c82f3b5af8414a656ace8a78c8d45a7834	Windows 11  (10.0.22631) 64bit (Editor)	True	null	null	null	null	null	null	None	0	null	0	0	null	null	null	null	null	
2024/11/23 15:52:09.103	b135e9c82f3b5af8414a656ace8a78c8d45a7834	Windows 11  (10.0.22631) 64bit (Editor)	True	null	null	null	null	null	null	None	0	null	0	0	null	null	null	null	null	
2024/11/23 15:52:09.110	b135e9c82f3b5af8414a656ace8a78c8d45a7834	Windows 11  (10.0.22631) 64bit (Editor)	True	null	null	null	null	null	null	None	0	null	0	0	null	null	null	null	null	
2024/11/23 15:52:09.117	b135e9c82f3b5af8414a656ace8a78c8d45a7834	Windows 11  (10.0.22631) 64bit (Editor)	True	null	null	null	null	null	null	None	0	null	0	0	null	null	null	null	null	
2024/11/23 15:52:09.136	b135e9c82f3b5af8414a656ace8a78c8d45a7834	Windows 11  (10.0.22631) 64bit (Editor)	True	null	null	null	null	null	null	None	0	null	0	0	null	null	null	null	null	
2024/11/23 15:52:09.144	b135e9c82f3b5af8414a656ace8a78c8d45a7834	Windows 11  (10.0.22631) 64bit (Editor)	True	null	null	null	null	null	null	None	0	null	0	0	null	null	null	null	null	
2024/11/23 15:52:09.152	b135e9c82f3b5af8414a656ace8a78c8d45a7834	Windows 11  (10.0.22631) 64bit (Editor)	True	null	null	null	null	null	null	None	0	null	0	0	null	null	null	null	null	
2024/11/23 15:52:09.158	b135e9c82f3b5af8414a656ace8a78c8d45a7834	Windows 11  (10.0.22631) 64bit (Editor)	True	null	null	null	null	null	null	None	0	null	0	0	null	null	null	null	null	
2024/11/23 15:52:09.166	b135e9c82f3b5af8414a656ace8a78c8d45a7834	Windows 11  (10.0.22631) 64bit (Editor)	True	null	null	null	null	null	null	None	0	null	0	0	null	null	null	null	null	
2024/11/23 15:52:09.173	b135e9c82f3b5af8414a656ace8a78c8d45a7834	Windows 11  (10.0.22631) 64bit (Editor)	True	null	null	null	null	null	null	None	0	null	0	0	null	null	null	null	null	
2024/11/23 15:52:09.180	b135e9c82f3b5af8414a656ace8a78c8d45a7834	Windows 11  (10.0.22631) 64bit (Editor)	True	null	null	null	null	null	null	None	0	null	0	0	null	null	null	null	null	
2024/11/23 15:52:09.187	b135e9c82f3b5af8414a656ace8a78c8d45a7834	Windows 11  (10.0.22631) 64bit (Editor)	True	null	null	null	null	null	null	None	0	null	0	0	null	null	null	null	null	
2024/11/23 15:52:09.195	b135e9c82f3b5af8414a656ace8a78c8d45a7834	Windows 11  (10.0.22631) 64bit (Editor)	True	null	null	null	null	null	null	None	0	null	0	0	null	null	null	null	null	
2024/11/23 15:52:09.201	b135e9c82f3b5af8414a656ace8a78c8d45a7834	Windows 11  (10.0.22631) 64bit (Editor)	True	null	null	null	null	null	null	None	0	null	0	0	null	null	null	null	null	
2024/11/23 15:52:09.208	b135e9c82f3b5af8414a656ace8a78c8d45a7834	Windows 11  (10.0.22631) 64bit (Editor)	True	null	null	null	null	null	null	None	0	null	0	0	null	null	null	null	null	
2024/11/23 15:52:09.216	b135e9c82f3b5af8414a656ace8a78c8d45a7834	Windows 11  (10.0.22631) 64bit (Editor)	True	null	null	null	null	null	null	None	0	null	0	0	null	null	null	null	null	
2024/11/23 15:52:09.223	b135e9c82f3b5af8414a656ace8a78c8d45a7834	Windows 11  (10.0.22631) 64bit (Editor)	True	null	null	null	null	null	null	None	0	null	0	0	null	null	null	null	null	
2024/11/23 15:52:09.230	b135e9c82f3b5af8414a656ace8a78c8d45a7834	Windows 11  (10.0.22631) 64bit (Editor)	True	null	null	null	null	null	null	None	0	null	0	0	null	null	null	null	null	
2024/11/23 15:52:09.237	b135e9c82f3b5af8414a656ace8a78c8d45a7834	Windows 11  (10.0.22631) 64bit (Editor)	True	null	null	null	null	null	null	None	0	null	0	0	null	null	null	null	null	
2024/11/23 15:52:09.243	b135e9c82f3b5af8414a656ace8a78c8d45a7834	Windows 11  (10.0.22631) 64bit (Editor)	True	null	null	null	null	null	null	None	0	null	0	0	null	null	null	null	null	
2024/11/23 15:52:09.250	b135e9c82f3b5af8414a656ace8a78c8d45a7834	Windows 11  (10.0.22631) 64bit (Editor)	True	null	null	null	null	null	null	None	0	null	0	0	null	null	null	null	null	
2024/11/23 15:52:09.257	b135e9c82f3b5af8414a656ace8a78c8d45a7834	Windows 11  (10.0.22631) 64bit (Editor)	True	null	null	null	null	null	null	None	0	null	0	0	null	null	null	null	null	
2024/11/23 15:52:09.265	b135e9c82f3b5af8414a656ace8a78c8d45a7834	Windows 11  (10.0.22631) 64bit (Editor)	True	null	null	null	null	null	null	None	0	null	0	0	null	null	null	null	null	
2024/11/23 15:52:09.273	b135e9c82f3b5af8414a656ace8a78c8d45a7834	Windows 11  (10.0.22631) 64bit (Editor)	True	null	null	null	null	null	null	None	0	null	0	0	null	null	null	null	null	
2024/11/23 15:52:09.290	b135e9c82f3b5af8414a656ace8a78c8d45a7834	Windows 11  (10.0.22631) 64bit (Editor)	True	null	null	null	null	null	null	None	0	null	0	0	null	null	null	null	null	
2024/11/23 15:52:09.297	b135e9c82f3b5af8414a656ace8a78c8d45a7834	Windows 11  (10.0.22631) 64bit (Editor)	True	null	null	null	null	null	null	None	0	null	0	0	null	null	null	null	null	
2024/11/23 15:52:09.306	b135e9c82f3b5af8414a656ace8a78c8d45a7834	Windows 11  (10.0.22631) 64bit (Editor)	True	null	null	null	null	null	null	None	0	null	0	0	null	null	null	null	null	
2024/11/23 15:52:09.312	b135e9c82f3b5af8414a656ace8a78c8d45a7834	Windows 11  (10.0.22631) 64bit (Editor)	True	null	null	null	null	null	null	None	0	null	0	0	null	null	null	null	null	
2024/11/23 15:52:09.321	b135e9c82f3b5af8414a656ace8a78c8d45a7834	Windows 11  (10.0.22631) 64bit (Editor)	True	null	null	null	null	null	null	None	0	null	0	0	null	null	null	null	null	
2024/11/23 15:52:09.328	b135e9c82f3b5af8414a656ace8a78c8d45a7834	Windows 11  (10.0.22631) 64bit (Editor)	True	null	null	null	null	null	null	None	0	null	0	0	null	null	null	null	null	
2024/11/23 15:52:09.335	b135e9c82f3b5af8414a656ace8a78c8d45a7834	Windows 11  (10.0.22631) 64bit (Editor)	True	null	null	null	null	null	null	None	0	null	0	0	null	null	null	null	null	
2024/11/23 15:52:09.343	b135e9c82f3b5af8414a656ace8a78c8d45a7834	Windows 11  (10.0.22631) 64bit (Editor)	True	null	null	null	null	null	null	None	0	null	0	0	null	null	null	null	null	
2024/11/23 15:52:09.350	b135e9c82f3b5af8414a656ace8a78c8d45a7834	Windows 11  (10.0.22631) 64bit (Editor)	True	null	null	null	null	null	null	None	0	null	0	0	null	null	null	null	null	
2024/11/23 15:52:09.357	b135e9c82f3b5af8414a656ace8a78c8d45a7834	Windows 11  (10.0.22631) 64bit (Editor)	True	null	null	null	null	null	null	None	0	null	0	0	null	null	null	null	null	
2024/11/23 15:52:09.364	b135e9c82f3b5af8414a656ace8a78c8d45a7834	Windows 11  (10.0.22631) 64bit (Editor)	True	null	null	null	null	null	null	None	0	null	0	0	null	null	null	null	null	
2024/11/23 15:52:09.372	b135e9c82f3b5af8414a656ace8a78c8d45a7834	Windows 11  (10.0.22631) 64bit (Editor)	True	null	null	null	null	null	null	None	0	null	0	0	null	null	null	null	null	
2024/11/23 15:52:09.378	b135e9c82f3b5af8414a656ace8a78c8d45a7834	Windows 11  (10.0.22631) 64bit (Editor)	True	null	null	null	null	null	null	None	0	null	0	0	null	null	null	null	null	
2024/11/23 15:52:09.388	b135e9c82f3b5af8414a656ace8a78c8d45a7834	Windows 11  (10.0.22631) 64bit (Editor)	True	null	null	null	null	null	null	None	0	null	0	0	null	null	null	null	null	
2024/11/23 15:52:09.394	b135e9c82f3b5af8414a656ace8a78c8d45a7834	Windows 11  (10.0.22631) 64bit (Editor)	True	null	null	null	null	null	null	None	0	null	0	0	null	null	null	null	null	
2024/11/23 15:52:09.402	b135e9c82f3b5af8414a656ace8a78c8d45a7834	Windows 11  (10.0.22631) 64bit (Editor)	True	null	null	null	null	null	null	None	0	null	0	0	null	null	null	null	null	
2024/11/23 15:52:09.408	b135e9c82f3b5af8414a656ace8a78c8d45a7834	Windows 11  (10.0.22631) 64bit (Editor)	True	null	null	null	null	null	null	None	0	null	0	0	null	null	null	null	null	
2024/11/23 15:52:09.415	b135e9c82f3b5af8414a656ace8a78c8d45a7834	Windows 11  (10.0.22631) 64bit (Editor)	True	null	null	null	null	null	null	None	0	null	0	0	null	null	null	null	null	
2024/11/23 15:52:09.422	b135e9c82f3b5af8414a656ace8a78c8d45a7834	Windows 11  (10.0.22631) 64bit (Editor)	True	null	null	null	null	null	null	None	0	null	0	0	null	null	null	null	null	
2024/11/23 15:52:09.429	b135e9c82f3b5af8414a656ace8a78c8d45a7834	Windows 11  (10.0.22631) 64bit (Editor)	True	null	null	null	null	null	null	None	0	null	0	0	null	null	null	null	null	
2024/11/23 15:52:09.453	b135e9c82f3b5af8414a656ace8a78c8d45a7834	Windows 11  (10.0.22631) 64bit (Editor)	True	null	null	null	null	null	null	None	0	null	0	0	null	null	null	null	null	
2024/11/23 15:52:09.461	b135e9c82f3b5af8414a656ace8a78c8d45a7834	Windows 11  (10.0.22631) 64bit (Editor)	True	null	null	null	null	null	null	None	0	null	0	0	null	null	null	null	null	
2024/11/23 15:52:09.470	b135e9c82f3b5af8414a656ace8a78c8d45a7834	Windows 11  (10.0.22631) 64bit (Editor)	True	null	null	null	null	null	null	None	0	null	0	0	null	null	null	null	null	
2024/11/23 15:52:09.477	b135e9c82f3b5af8414a656ace8a78c8d45a7834	Windows 11  (10.0.22631) 64bit (Editor)	True	null	null	null	null	null	null	None	0	null	0	0	null	null	null	null	null	
2024/11/23 15:52:09.485	b135e9c82f3b5af8414a656ace8a78c8d45a7834	Windows 11  (10.0.22631) 64bit (Editor)	True	null	null	null	null	null	null	None	0	null	0	0	null	null	null	null	null	
2024/11/23 15:52:09.493	b135e9c82f3b5af8414a656ace8a78c8d45a7834	Windows 11  (10.0.22631) 64bit (Editor)	True	null	null	null	null	null	null	None	0	null	0	0	null	null	null	null	null	
2024/11/23 15:52:09.499	b135e9c82f3b5af8414a656ace8a78c8d45a7834	Windows 11  (10.0.22631) 64bit (Editor)	True	null	null	null	null	null	null	None	0	null	0	0	null	null	null	null	null	
2024/11/23 15:52:09.508	b135e9c82f3b5af8414a656ace8a78c8d45a7834	Windows 11  (10.0.22631) 64bit (Editor)	True	null	null	null	null	null	null	None	0	null	0	0	null	null	null	null	null	
2024/11/23 15:52:09.515	b135e9c82f3b5af8414a656ace8a78c8d45a7834	Windows 11  (10.0.22631) 64bit (Editor)	True	null	null	null	null	null	null	None	0	null	0	0	null	null	null	null	null	
2024/11/23 15:52:09.521	b135e9c82f3b5af8414a656ace8a78c8d45a7834	Windows 11  (10.0.22631) 64bit (Editor)	True	null	null	null	null	null	null	None	0	null	0	0	null	null	null	null	null	
2024/11/23 15:52:09.528	b135e9c82f3b5af8414a656ace8a78c8d45a7834	Windows 11  (10.0.22631) 64bit (Editor)	True	null	null	null	null	null	null	None	0	null	0	0	null	null	null	null	null	
2024/11/23 15:52:09.536	b135e9c82f3b5af8414a656ace8a78c8d45a7834	Windows 11  (10.0.22631) 64bit (Editor)	True	null	null	null	null	null	null	None	0	null	0	0	null	null	null	null	null	
2024/11/23 15:52:09.543	b135e9c82f3b5af8414a656ace8a78c8d45a7834	Windows 11  (10.0.22631) 64bit (Editor)	True	null	null	null	null	null	null	None	0	null	0	0	null	null	null	null	null	
2024/11/23 15:52:09.552	b135e9c82f3b5af8414a656ace8a78c8d45a7834	Windows 11  (10.0.22631) 64bit (Editor)	True	null	null	null	null	null	null	None	0	null	0	0	null	null	null	null	null	
2024/11/23 15:52:09.559	b135e9c82f3b5af8414a656ace8a78c8d45a7834	Windows 11  (10.0.22631) 64bit (Editor)	True	null	null	null	null	null	null	None	0	null	0	0	null	null	null	null	null	
2024/11/23 15:52:09.567	b135e9c82f3b5af8414a656ace8a78c8d45a7834	Windows 11  (10.0.22631) 64bit (Editor)	True	null	null	null	null	null	null	None	0	null	0	0	null	null	null	null	null	
2024/11/23 15:52:09.575	b135e9c82f3b5af8414a656ace8a78c8d45a7834	Windows 11  (10.0.22631) 64bit (Editor)	True	null	null	null	null	null	null	None	0	null	0	0	null	null	null	null	null	
2024/11/23 15:52:09.582	b135e9c82f3b5af8414a656ace8a78c8d45a7834	Windows 11  (10.0.22631) 64bit (Editor)	True	null	null	null	null	null	null	None	0	null	0	0	null	null	null	null	null	
2024/11/23 15:52:09.603	b135e9c82f3b5af8414a656ace8a78c8d45a7834	Windows 11  (10.0.22631) 64bit (Editor)	True	null	null	null	null	null	null	None	0	null	0	0	null	null	null	null	null	
2024/11/23 15:52:09.611	b135e9c82f3b5af8414a656ace8a78c8d45a7834	Windows 11  (10.0.22631) 64bit (Editor)	True	null	null	null	null	null	null	None	0	null	0	0	null	null	null	null	null	
2024/11/23 15:52:09.620	b135e9c82f3b5af8414a656ace8a78c8d45a7834	Windows 11  (10.0.22631) 64bit (Editor)	True	null	null	null	null	null	null	None	0	null	0	0	null	null	null	null	null	
2024/11/23 15:52:09.628	b135e9c82f3b5af8414a656ace8a78c8d45a7834	Windows 11  (10.0.22631) 64bit (Editor)	True	null	null	null	null	null	null	None	0	null	0	0	null	null	null	null	null	
2024/11/23 15:52:09.637	b135e9c82f3b5af8414a656ace8a78c8d45a7834	Windows 11  (10.0.22631) 64bit (Editor)	True	null	null	null	null	null	null	None	0	null	0	0	null	null	null	null	null	
2024/11/23 15:52:09.645	b135e9c82f3b5af8414a656ace8a78c8d45a7834	Windows 11  (10.0.22631) 64bit (Editor)	True	null	null	null	null	null	null	None	0	null	0	0	null	null	null	null	null	
2024/11/23 15:52:09.653	b135e9c82f3b5af8414a656ace8a78c8d45a7834	Windows 11  (10.0.22631) 64bit (Editor)	True	null	null	null	null	null	null	None	0	null	0	0	null	null	null	null	null	
2024/11/23 15:52:09.660	b135e9c82f3b5af8414a656ace8a78c8d45a7834	Windows 11  (10.0.22631) 64bit (Editor)	True	null	null	null	null	null	null	None	0	null	0	0	null	null	null	null	null	
2024/11/23 15:52:09.668	b135e9c82f3b5af8414a656ace8a78c8d45a7834	Windows 11  (10.0.22631) 64bit (Editor)	True	null	null	null	null	null	null	None	0	null	0	0	null	null	null	null	null	
2024/11/23 15:52:09.675	b135e9c82f3b5af8414a656ace8a78c8d45a7834	Windows 11  (10.0.22631) 64bit (Editor)	True	null	null	null	null	null	null	None	0	null	0	0	null	null	null	null	null	
2024/11/23 15:52:09.683	b135e9c82f3b5af8414a656ace8a78c8d45a7834	Windows 11  (10.0.22631) 64bit (Editor)	True	null	null	null	null	null	null	None	0	null	0	0	null	null	null	null	null	
2024/11/23 15:52:09.691	b135e9c82f3b5af8414a656ace8a78c8d45a7834	Windows 11  (10.0.22631) 64bit (Editor)	True	null	null	null	null	null	null	None	0	null	0	0	null	null	null	null	null	
2024/11/23 15:52:09.700	b135e9c82f3b5af8414a656ace8a78c8d45a7834	Windows 11  (10.0.22631) 64bit (Editor)	True	null	null	null	null	null	null	None	0	null	0	0	null	null	null	null	null	
2024/11/23 15:52:09.707	b135e9c82f3b5af8414a656ace8a78c8d45a7834	Windows 11  (10.0.22631) 64bit (Editor)	True	null	null	null	null	null	null	None	0	null	0	0	null	null	null	null	null	
2024/11/23 15:52:09.714	b135e9c82f3b5af8414a656ace8a78c8d45a7834	Windows 11  (10.0.22631) 64bit (Editor)	True	null	null	null	null	null	null	None	0	null	0	0	null	null	null	null	null	
2024/11/23 15:52:09.723	b135e9c82f3b5af8414a656ace8a78c8d45a7834	Windows 11  (10.0.22631) 64bit (Editor)	True	null	null	null	null	null	null	None	0	null	0	0	null	null	null	null	null	
2024/11/23 15:52:09.729	b135e9c82f3b5af8414a656ace8a78c8d45a7834	Windows 11  (10.0.22631) 64bit (Editor)	True	null	null	null	null	null	null	None	0	null	0	0	null	null	null	null	null	
2024/11/23 15:52:09.737	b135e9c82f3b5af8414a656ace8a78c8d45a7834	Windows 11  (10.0.22631) 64bit (Editor)	True	null	null	null	null	null	null	None	0	null	0	0	null	null	null	null	null	
2024/11/23 15:52:09.755	b135e9c82f3b5af8414a656ace8a78c8d45a7834	Windows 11  (10.0.22631) 64bit (Editor)	True	null	null	null	null	null	null	None	0	null	0	0	null	null	null	null	null	
2024/11/23 15:52:09.763	b135e9c82f3b5af8414a656ace8a78c8d45a7834	Windows 11  (10.0.22631) 64bit (Editor)	True	null	null	null	null	null	null	None	0	null	0	0	null	null	null	null	null	
2024/11/23 15:52:09.770	b135e9c82f3b5af8414a656ace8a78c8d45a7834	Windows 11  (10.0.22631) 64bit (Editor)	True	null	null	null	null	null	null	None	0	null	0	0	null	null	null	null	null	
2024/11/23 15:52:09.777	b135e9c82f3b5af8414a656ace8a78c8d45a7834	Windows 11  (10.0.22631) 64bit (Editor)	True	null	null	null	null	null	null	None	0	null	0	0	null	null	null	null	null	
2024/11/23 15:52:09.783	b135e9c82f3b5af8414a656ace8a78c8d45a7834	Windows 11  (10.0.22631) 64bit (Editor)	True	null	null	null	null	null	null	None	0	null	0	0	null	null	null	null	null	
2024/11/23 15:52:09.791	b135e9c82f3b5af8414a656ace8a78c8d45a7834	Windows 11  (10.0.22631) 64bit (Editor)	True	null	null	null	null	null	null	None	0	null	0	0	null	null	null	null	null	
2024/11/23 15:52:09.797	b135e9c82f3b5af8414a656ace8a78c8d45a7834	Windows 11  (10.0.22631) 64bit (Editor)	True	null	null	null	null	null	null	None	0	null	0	0	null	null	null	null	null	
2024/11/23 15:52:09.805	b135e9c82f3b5af8414a656ace8a78c8d45a7834	Windows 11  (10.0.22631) 64bit (Editor)	True	null	null	null	null	null	null	None	0	null	0	0	null	null	null	null	null	
2024/11/23 15:52:09.812	b135e9c82f3b5af8414a656ace8a78c8d45a7834	Windows 11  (10.0.22631) 64bit (Editor)	True	null	null	null	null	null	null	None	0	null	0	0	null	null	null	null	null	
2024/11/23 15:52:09.818	b135e9c82f3b5af8414a656ace8a78c8d45a7834	Windows 11  (10.0.22631) 64bit (Editor)	True	null	null	null	null	null	null	None	0	null	0	0	null	null	null	null	null	
2024/11/23 15:52:09.825	b135e9c82f3b5af8414a656ace8a78c8d45a7834	Windows 11  (10.0.22631) 64bit (Editor)	True	null	null	null	null	null	null	None	0	null	0	0	null	null	null	null	null	
2024/11/23 15:52:09.831	b135e9c82f3b5af8414a656ace8a78c8d45a7834	Windows 11  (10.0.22631) 64bit (Editor)	True	null	null	null	null	null	null	None	0	null	0	0	null	null	null	null	null	
2024/11/23 15:52:09.838	b135e9c82f3b5af8414a656ace8a78c8d45a7834	Windows 11  (10.0.22631) 64bit (Editor)	True	null	null	null	null	null	null	None	0	null	0	0	null	null	null	null	null	
2024/11/23 15:52:09.845	b135e9c82f3b5af8414a656ace8a78c8d45a7834	Windows 11  (10.0.22631) 64bit (Editor)	True	null	null	null	null	null	null	None	0	null	0	0	null	null	null	null	null	
2024/11/23 15:52:09.852	b135e9c82f3b5af8414a656ace8a78c8d45a7834	Windows 11  (10.0.22631) 64bit (Editor)	True	null	null	null	null	null	null	None	0	null	0	0	null	null	null	null	null	
2024/11/23 15:52:09.858	b135e9c82f3b5af8414a656ace8a78c8d45a7834	Windows 11  (10.0.22631) 64bit (Editor)	True	null	null	null	null	null	null	None	0	null	0	0	null	null	null	null	null	
2024/11/23 15:52:09.867	b135e9c82f3b5af8414a656ace8a78c8d45a7834	Windows 11  (10.0.22631) 64bit (Editor)	True	null	null	null	null	null	null	None	0	null	0	0	null	null	null	null	null	
2024/11/23 15:52:09.874	b135e9c82f3b5af8414a656ace8a78c8d45a7834	Windows 11  (10.0.22631) 64bit (Editor)	True	null	null	null	null	null	null	None	0	null	0	0	null	null	null	null	null	
2024/11/23 15:52:09.881	b135e9c82f3b5af8414a656ace8a78c8d45a7834	Windows 11  (10.0.22631) 64bit (Editor)	True	null	null	null	null	null	null	None	0	null	0	0	null	null	null	null	null	
2024/11/23 15:52:09.890	b135e9c82f3b5af8414a656ace8a78c8d45a7834	Windows 11  (10.0.22631) 64bit (Editor)	True	null	null	null	null	null	null	None	0	null	0	0	null	null	null	null	null	
2024/11/23 15:52:09.906	b135e9c82f3b5af8414a656ace8a78c8d45a7834	Windows 11  (10.0.22631) 64bit (Editor)	True	null	null	null	null	null	null	None	0	null	0	0	null	null	null	null	null	
2024/11/23 15:52:09.913	b135e9c82f3b5af8414a656ace8a78c8d45a7834	Windows 11  (10.0.22631) 64bit (Editor)	True	null	null	null	null	null	null	None	0	null	0	0	null	null	null	null	null	
2024/11/23 15:52:09.921	b135e9c82f3b5af8414a656ace8a78c8d45a7834	Windows 11  (10.0.22631) 64bit (Editor)	True	null	null	null	null	null	null	None	0	null	0	0	null	null	null	null	null	
2024/11/23 15:52:09.928	b135e9c82f3b5af8414a656ace8a78c8d45a7834	Windows 11  (10.0.22631) 64bit (Editor)	True	null	null	null	null	null	null	None	0	null	0	0	null	null	null	null	null	
2024/11/23 15:52:09.936	b135e9c82f3b5af8414a656ace8a78c8d45a7834	Windows 11  (10.0.22631) 64bit (Editor)	True	null	null	null	null	null	null	None	0	null	0	0	null	null	null	null	null	
2024/11/23 15:52:09.943	b135e9c82f3b5af8414a656ace8a78c8d45a7834	Windows 11  (10.0.22631) 64bit (Editor)	True	null	null	null	null	null	null	None	0	null	0	0	null	null	null	null	null	
2024/11/23 15:52:09.950	b135e9c82f3b5af8414a656ace8a78c8d45a7834	Windows 11  (10.0.22631) 64bit (Editor)	True	null	null	null	null	null	null	None	0	null	0	0	null	null	null	null	null	
2024/11/23 15:52:09.957	b135e9c82f3b5af8414a656ace8a78c8d45a7834	Windows 11  (10.0.22631) 64bit (Editor)	True	null	null	null	null	null	null	None	0	null	0	0	null	null	null	null	null	
2024/11/23 15:52:09.964	b135e9c82f3b5af8414a656ace8a78c8d45a7834	Windows 11  (10.0.22631) 64bit (Editor)	True	null	null	null	null	null	null	None	0	null	0	0	null	null	null	null	null	
2024/11/23 15:52:09.972	b135e9c82f3b5af8414a656ace8a78c8d45a7834	Windows 11  (10.0.22631) 64bit (Editor)	True	null	null	null	null	null	null	None	0	null	0	0	null	null	null	null	null	
2024/11/23 15:52:09.978	b135e9c82f3b5af8414a656ace8a78c8d45a7834	Windows 11  (10.0.22631) 64bit (Editor)	True	null	null	null	null	null	null	None	0	null	0	0	null	null	null	null	null	
2024/11/23 15:52:09.986	b135e9c82f3b5af8414a656ace8a78c8d45a7834	Windows 11  (10.0.22631) 64bit (Editor)	True	null	null	null	null	null	null	None	0	null	0	0	null	null	null	null	null	
2024/11/23 15:52:09.994	b135e9c82f3b5af8414a656ace8a78c8d45a7834	Windows 11  (10.0.22631) 64bit (Editor)	True	null	null	null	null	null	null	None	0	null	0	0	null	null	null	null	null	
2024/11/23 15:52:10.000	b135e9c82f3b5af8414a656ace8a78c8d45a7834	Windows 11  (10.0.22631) 64bit (Editor)	True	null	null	null	null	null	null	None	0	null	0	0	null	null	null	null	null	
2024/11/23 15:52:10.008	b135e9c82f3b5af8414a656ace8a78c8d45a7834	Windows 11  (10.0.22631) 64bit (Editor)	True	null	null	null	null	null	null	None	0	null	0	0	null	null	null	null	null	
2024/11/23 15:52:10.015	b135e9c82f3b5af8414a656ace8a78c8d45a7834	Windows 11  (10.0.22631) 64bit (Editor)	True	null	null	null	null	null	null	None	0	null	0	0	null	null	null	null	null	
2024/11/23 15:52:10.023	b135e9c82f3b5af8414a656ace8a78c8d45a7834	Windows 11  (10.0.22631) 64bit (Editor)	True	null	null	null	null	null	null	None	0	null	0	0	null	null	null	null	null	
2024/11/23 15:52:10.030	b135e9c82f3b5af8414a656ace8a78c8d45a7834	Windows 11  (10.0.22631) 64bit (Editor)	True	null	null	null	null	null	null	None	0	null	0	0	null	null	null	null	null	
2024/11/23 15:52:10.037	b135e9c82f3b5af8414a656ace8a78c8d45a7834	Windows 11  (10.0.22631) 64bit (Editor)	True	null	null	null	null	null	null	None	0	null	0	0	null	null	null	null	null	
2024/11/23 15:52:10.044	b135e9c82f3b5af8414a656ace8a78c8d45a7834	Windows 11  (10.0.22631) 64bit (Editor)	True	null	null	null	null	null	null	None	0	null	0	0	null	null	null	null	null	
2024/11/23 15:52:10.060	b135e9c82f3b5af8414a656ace8a78c8d45a7834	Windows 11  (10.0.22631) 64bit (Editor)	True	null	null	null	null	null	null	None	0	null	0	0	null	null	null	null	null	
2024/11/23 15:52:10.068	b135e9c82f3b5af8414a656ace8a78c8d45a7834	Windows 11  (10.0.22631) 64bit (Editor)	True	null	null	null	null	null	null	None	0	null	0	0	null	null	null	null	null	
2024/11/23 15:52:10.075	b135e9c82f3b5af8414a656ace8a78c8d45a7834	Windows 11  (10.0.22631) 64bit (Editor)	True	null	null	null	null	null	null	None	0	null	0	0	null	null	null	null	null	
2024/11/23 15:52:10.082	b135e9c82f3b5af8414a656ace8a78c8d45a7834	Windows 11  (10.0.22631) 64bit (Editor)	True	null	null	null	null	null	null	None	0	null	0	0	null	null	null	null	null	
2024/11/23 15:52:10.090	b135e9c82f3b5af8414a656ace8a78c8d45a7834	Windows 11  (10.0.22631) 64bit (Editor)	True	null	null	null	null	null	null	None	0	null	0	0	null	null	null	null	null	
2024/11/23 15:52:10.097	b135e9c82f3b5af8414a656ace8a78c8d45a7834	Windows 11  (10.0.22631) 64bit (Editor)	True	null	null	null	null	null	null	None	0	null	0	0	null	null	null	null	null	
2024/11/23 15:52:10.109	b135e9c82f3b5af8414a656ace8a78c8d45a7834	Windows 11  (10.0.22631) 64bit (Editor)	True	null	null	null	null	null	null	None	0	null	0	0	null	null	null	null	null	
2024/11/23 15:52:10.122	b135e9c82f3b5af8414a656ace8a78c8d45a7834	Windows 11  (10.0.22631) 64bit (Editor)	True	null	null	null	null	null	null	None	0	null	0	0	null	null	null	null	null	
2024/11/23 15:52:10.131	b135e9c82f3b5af8414a656ace8a78c8d45a7834	Windows 11  (10.0.22631) 64bit (Editor)	True	null	null	null	null	null	null	None	0	null	0	0	null	null	null	null	null	
2024/11/23 15:52:10.144	b135e9c82f3b5af8414a656ace8a78c8d45a7834	Windows 11  (10.0.22631) 64bit (Editor)	True	null	null	null	null	null	null	None	0	null	0	0	null	null	null	null	null	
2024/11/23 15:52:10.156	b135e9c82f3b5af8414a656ace8a78c8d45a7834	Windows 11  (10.0.22631) 64bit (Editor)	True	null	null	null	null	null	null	None	0	null	0	0	null	null	null	null	null	
2024/11/23 15:52:10.169	b135e9c82f3b5af8414a656ace8a78c8d45a7834	Windows 11  (10.0.22631) 64bit (Editor)	True	null	null	null	null	null	null	None	0	null	0	0	null	null	null	null	null	
2024/11/23 15:52:10.179	b135e9c82f3b5af8414a656ace8a78c8d45a7834	Windows 11  (10.0.22631) 64bit (Editor)	True	null	null	null	null	null	null	None	0	null	0	0	null	null	null	null	null	
2024/11/23 15:52:10.190	b135e9c82f3b5af8414a656ace8a78c8d45a7834	Windows 11  (10.0.22631) 64bit (Editor)	True	null	null	null	null	null	null	None	0	null	0	0	null	null	null	null	null	
2024/11/23 15:52:10.199	b135e9c82f3b5af8414a656ace8a78c8d45a7834	Windows 11  (10.0.22631) 64bit (Editor)	True	null	null	null	null	null	null	None	0	null	0	0	null	null	null	null	null	
2024/11/23 15:52:10.220	b135e9c82f3b5af8414a656ace8a78c8d45a7834	Windows 11  (10.0.22631) 64bit (Editor)	True	null	null	null	null	null	null	None	0	null	0	0	null	null	null	null	null	
2024/11/23 15:52:10.230	b135e9c82f3b5af8414a656ace8a78c8d45a7834	Windows 11  (10.0.22631) 64bit (Editor)	True	null	null	null	null	null	null	None	0	null	0	0	null	null	null	null	null	
2024/11/23 15:52:10.238	b135e9c82f3b5af8414a656ace8a78c8d45a7834	Windows 11  (10.0.22631) 64bit (Editor)	True	null	null	null	null	null	null	None	0	null	0	0	null	null	null	null	null	
2024/11/23 15:52:10.247	b135e9c82f3b5af8414a656ace8a78c8d45a7834	Windows 11  (10.0.22631) 64bit (Editor)	True	null	null	null	null	null	null	None	0	null	0	0	null	null	null	null	null	
2024/11/23 15:52:10.254	b135e9c82f3b5af8414a656ace8a78c8d45a7834	Windows 11  (10.0.22631) 64bit (Editor)	True	null	null	null	null	null	null	None	0	null	0	0	null	null	null	null	null	
2024/11/23 15:52:10.262	b135e9c82f3b5af8414a656ace8a78c8d45a7834	Windows 11  (10.0.22631) 64bit (Editor)	True	null	null	null	null	null	null	None	0	null	0	0	null	null	null	null	null	
2024/11/23 15:52:10.269	b135e9c82f3b5af8414a656ace8a78c8d45a7834	Windows 11  (10.0.22631) 64bit (Editor)	True	null	null	null	null	null	null	None	0	null	0	0	null	null	null	null	null	
2024/11/23 15:52:10.277	b135e9c82f3b5af8414a656ace8a78c8d45a7834	Windows 11  (10.0.22631) 64bit (Editor)	True	null	null	null	null	null	null	None	0	null	0	0	null	null	null	null	null	
2024/11/23 15:52:10.283	b135e9c82f3b5af8414a656ace8a78c8d45a7834	Windows 11  (10.0.22631) 64bit (Editor)	True	null	null	null	null	null	null	None	0	null	0	0	null	null	null	null	null	
2024/11/23 15:52:10.291	b135e9c82f3b5af8414a656ace8a78c8d45a7834	Windows 11  (10.0.22631) 64bit (Editor)	True	null	null	null	null	null	null	None	0	null	0	0	null	null	null	null	null	
2024/11/23 15:52:10.298	b135e9c82f3b5af8414a656ace8a78c8d45a7834	Windows 11  (10.0.22631) 64bit (Editor)	True	null	null	null	null	null	null	None	0	null	0	0	null	null	null	null	null	
2024/11/23 15:52:10.307	b135e9c82f3b5af8414a656ace8a78c8d45a7834	Windows 11  (10.0.22631) 64bit (Editor)	True	null	null	null	null	null	null	None	0	null	0	0	null	null	null	null	null	
2024/11/23 15:52:10.314	b135e9c82f3b5af8414a656ace8a78c8d45a7834	Windows 11  (10.0.22631) 64bit (Editor)	True	null	null	null	null	null	null	None	0	null	0	0	null	null	null	null	null	
2024/11/23 15:52:10.321	b135e9c82f3b5af8414a656ace8a78c8d45a7834	Windows 11  (10.0.22631) 64bit (Editor)	True	null	null	null	null	null	null	None	0	null	0	0	null	null	null	null	null	
2024/11/23 15:52:10.327	b135e9c82f3b5af8414a656ace8a78c8d45a7834	Windows 11  (10.0.22631) 64bit (Editor)	True	null	null	null	null	null	null	None	0	null	0	0	null	null	null	null	null	
2024/11/23 15:52:10.342	b135e9c82f3b5af8414a656ace8a78c8d45a7834	Windows 11  (10.0.22631) 64bit (Editor)	True	null	null	null	null	null	null	None	0	null	0	0	null	null	null	null	null	
2024/11/23 15:52:10.356	b135e9c82f3b5af8414a656ace8a78c8d45a7834	Windows 11  (10.0.22631) 64bit (Editor)	True	null	null	null	null	null	null	None	0	null	0	0	null	null	null	null	null	
2024/11/23 15:52:10.375	b135e9c82f3b5af8414a656ace8a78c8d45a7834	Windows 11  (10.0.22631) 64bit (Editor)	True	null	null	null	null	null	null	None	0	null	0	0	null	null	null	null	null	
2024/11/23 15:52:10.383	b135e9c82f3b5af8414a656ace8a78c8d45a7834	Windows 11  (10.0.22631) 64bit (Editor)	True	null	null	null	null	null	null	None	0	null	0	0	null	null	null	null	null	
2024/11/23 15:52:10.390	b135e9c82f3b5af8414a656ace8a78c8d45a7834	Windows 11  (10.0.22631) 64bit (Editor)	True	null	null	null	null	null	null	None	0	null	0	0	null	null	null	null	null	
2024/11/23 15:52:10.397	b135e9c82f3b5af8414a656ace8a78c8d45a7834	Windows 11  (10.0.22631) 64bit (Editor)	True	null	null	null	null	null	null	None	0	null	0	0	null	null	null	null	null	
2024/11/23 15:52:10.405	b135e9c82f3b5af8414a656ace8a78c8d45a7834	Windows 11  (10.0.22631) 64bit (Editor)	True	null	null	null	null	null	null	None	0	null	0	0	null	null	null	null	null	
2024/11/23 15:52:10.412	b135e9c82f3b5af8414a656ace8a78c8d45a7834	Windows 11  (10.0.22631) 64bit (Editor)	True	null	null	null	null	null	null	None	0	null	0	0	null	null	null	null	null	
2024/11/23 15:52:10.418	b135e9c82f3b5af8414a656ace8a78c8d45a7834	Windows 11  (10.0.22631) 64bit (Editor)	True	null	null	null	null	null	null	None	0	null	0	0	null	null	null	null	null	
2024/11/23 15:52:10.426	b135e9c82f3b5af8414a656ace8a78c8d45a7834	Windows 11  (10.0.22631) 64bit (Editor)	True	null	null	null	null	null	null	None	0	null	0	0	null	null	null	null	null	
2024/11/23 15:52:10.432	b135e9c82f3b5af8414a656ace8a78c8d45a7834	Windows 11  (10.0.22631) 64bit (Editor)	True	null	null	null	null	null	null	None	0	null	0	0	null	null	null	null	null	
2024/11/23 15:52:10.439	b135e9c82f3b5af8414a656ace8a78c8d45a7834	Windows 11  (10.0.22631) 64bit (Editor)	True	null	null	null	null	null	null	None	0	null	0	0	null	null	null	null	null	
2024/11/23 15:52:10.447	b135e9c82f3b5af8414a656ace8a78c8d45a7834	Windows 11  (10.0.22631) 64bit (Editor)	True	null	null	null	null	null	null	None	0	null	0	0	null	null	null	null	null	
2024/11/23 15:52:10.453	b135e9c82f3b5af8414a656ace8a78c8d45a7834	Windows 11  (10.0.22631) 64bit (Editor)	True	null	null	null	null	null	null	None	0	null	0	0	null	null	null	null	null	
2024/11/23 15:52:10.461	b135e9c82f3b5af8414a656ace8a78c8d45a7834	Windows 11  (10.0.22631) 64bit (Editor)	True	null	null	null	null	null	null	None	0	null	0	0	null	null	null	null	null	
2024/11/23 15:52:10.467	b135e9c82f3b5af8414a656ace8a78c8d45a7834	Windows 11  (10.0.22631) 64bit (Editor)	True	null	null	null	null	null	null	None	0	null	0	0	null	null	null	null	null	
2024/11/23 15:52:10.474	b135e9c82f3b5af8414a656ace8a78c8d45a7834	Windows 11  (10.0.22631) 64bit (Editor)	True	null	null	null	null	null	null	None	0	null	0	0	null	null	null	null	null	
2024/11/23 15:52:10.481	b135e9c82f3b5af8414a656ace8a78c8d45a7834	Windows 11  (10.0.22631) 64bit (Editor)	True	null	null	null	null	null	null	None	0	null	0	0	null	null	null	null	null	
2024/11/23 15:52:10.489	b135e9c82f3b5af8414a656ace8a78c8d45a7834	Windows 11  (10.0.22631) 64bit (Editor)	True	null	null	null	null	null	null	None	0	null	0	0	null	null	null	null	null	
2024/11/23 15:52:10.496	b135e9c82f3b5af8414a656ace8a78c8d45a7834	Windows 11  (10.0.22631) 64bit (Editor)	True	null	null	null	null	null	null	None	0	null	0	0	null	null	null	null	null	
2024/11/23 15:52:10.504	b135e9c82f3b5af8414a656ace8a78c8d45a7834	Windows 11  (10.0.22631) 64bit (Editor)	True	null	null	null	null	null	null	None	0	null	0	0	null	null	null	null	null	
2024/11/23 15:52:10.512	b135e9c82f3b5af8414a656ace8a78c8d45a7834	Windows 11  (10.0.22631) 64bit (Editor)	True	null	null	null	null	null	null	None	0	null	0	0	null	null	null	null	null	
2024/11/23 15:52:10.530	b135e9c82f3b5af8414a656ace8a78c8d45a7834	Windows 11  (10.0.22631) 64bit (Editor)	True	null	null	null	null	null	null	None	0	null	0	0	null	null	null	null	null	
2024/11/23 15:52:10.538	b135e9c82f3b5af8414a656ace8a78c8d45a7834	Windows 11  (10.0.22631) 64bit (Editor)	True	null	null	null	null	null	null	None	0	null	0	0	null	null	null	null	null	
2024/11/23 15:52:10.545	b135e9c82f3b5af8414a656ace8a78c8d45a7834	Windows 11  (10.0.22631) 64bit (Editor)	True	null	null	null	null	null	null	None	0	null	0	0	null	null	null	null	null	
2024/11/23 15:52:10.556	b135e9c82f3b5af8414a656ace8a78c8d45a7834	Windows 11  (10.0.22631) 64bit (Editor)	True	null	null	null	null	null	null	None	0	null	0	0	null	null	null	null	null	
2024/11/23 15:52:10.570	b135e9c82f3b5af8414a656ace8a78c8d45a7834	Windows 11  (10.0.22631) 64bit (Editor)	True	null	null	null	null	null	null	None	0	null	0	0	null	null	null	null	null	
2024/11/23 15:52:10.577	b135e9c82f3b5af8414a656ace8a78c8d45a7834	Windows 11  (10.0.22631) 64bit (Editor)	True	null	null	null	null	null	null	None	0	null	0	0	null	null	null	null	null	
2024/11/23 15:52:10.584	b135e9c82f3b5af8414a656ace8a78c8d45a7834	Windows 11  (10.0.22631) 64bit (Editor)	True	null	null	null	null	null	null	None	0	null	0	0	null	null	null	null	null	
2024/11/23 15:52:10.591	b135e9c82f3b5af8414a656ace8a78c8d45a7834	Windows 11  (10.0.22631) 64bit (Editor)	True	null	null	null	null	null	null	None	0	null	0	0	null	null	null	null	null	
2024/11/23 15:52:10.597	b135e9c82f3b5af8414a656ace8a78c8d45a7834	Windows 11  (10.0.22631) 64bit (Editor)	True	null	null	null	null	null	null	None	0	null	0	0	null	null	null	null	null	
2024/11/23 15:52:10.605	b135e9c82f3b5af8414a656ace8a78c8d45a7834	Windows 11  (10.0.22631) 64bit (Editor)	True	null	null	null	null	null	null	None	0	null	0	0	null	null	null	null	null	
2024/11/23 15:52:10.619	b135e9c82f3b5af8414a656ace8a78c8d45a7834	Windows 11  (10.0.22631) 64bit (Editor)	True	null	null	null	null	null	null	None	0	null	0	0	null	null	null	null	null	
2024/11/23 15:52:10.626	b135e9c82f3b5af8414a656ace8a78c8d45a7834	Windows 11  (10.0.22631) 64bit (Editor)	True	null	null	null	null	null	null	None	0	null	0	0	null	null	null	null	null	
2024/11/23 15:52:10.634	b135e9c82f3b5af8414a656ace8a78c8d45a7834	Windows 11  (10.0.22631) 64bit (Editor)	True	null	null	null	null	null	null	None	0	null	0	0	null	null	null	null	null	
2024/11/23 15:52:10.640	b135e9c82f3b5af8414a656ace8a78c8d45a7834	Windows 11  (10.0.22631) 64bit (Editor)	True	null	null	null	null	null	null	None	0	null	0	0	null	null	null	null	null	
2024/11/23 15:52:10.650	b135e9c82f3b5af8414a656ace8a78c8d45a7834	Windows 11  (10.0.22631) 64bit (Editor)	True	null	null	null	null	null	null	None	0	null	0	0	null	null	null	null	null	
2024/11/23 15:52:10.656	b135e9c82f3b5af8414a656ace8a78c8d45a7834	Windows 11  (10.0.22631) 64bit (Editor)	True	null	null	null	null	null	null	None	0	null	0	0	null	null	null	null	null	
2024/11/23 15:52:10.664	b135e9c82f3b5af8414a656ace8a78c8d45a7834	Windows 11  (10.0.22631) 64bit (Editor)	True	null	null	null	null	null	null	None	0	null	0	0	null	null	null	null	null	
2024/11/23 15:52:10.681	b135e9c82f3b5af8414a656ace8a78c8d45a7834	Windows 11  (10.0.22631) 64bit (Editor)	True	null	null	null	null	null	null	None	0	null	0	0	null	null	null	null	null	
2024/11/23 15:52:10.689	b135e9c82f3b5af8414a656ace8a78c8d45a7834	Windows 11  (10.0.22631) 64bit (Editor)	True	null	null	null	null	null	null	None	0	null	0	0	null	null	null	null	null	
2024/11/23 15:52:10.696	b135e9c82f3b5af8414a656ace8a78c8d45a7834	Windows 11  (10.0.22631) 64bit (Editor)	True	null	null	null	null	null	null	None	0	null	0	0	null	null	null	null	null	
2024/11/23 15:52:10.706	b135e9c82f3b5af8414a656ace8a78c8d45a7834	Windows 11  (10.0.22631) 64bit (Editor)	True	null	null	null	null	null	null	None	0	null	0	0	null	null	null	null	null	
2024/11/23 15:52:10.714	b135e9c82f3b5af8414a656ace8a78c8d45a7834	Windows 11  (10.0.22631) 64bit (Editor)	True	null	null	null	null	null	null	None	0	null	0	0	null	null	null	null	null	
2024/11/23 15:52:10.722	b135e9c82f3b5af8414a656ace8a78c8d45a7834	Windows 11  (10.0.22631) 64bit (Editor)	True	null	null	null	null	null	null	None	0	null	0	0	null	null	null	null	null	
2024/11/23 15:52:10.729	b135e9c82f3b5af8414a656ace8a78c8d45a7834	Windows 11  (10.0.22631) 64bit (Editor)	True	null	null	null	null	null	null	None	0	null	0	0	null	null	null	null	null	
2024/11/23 15:52:10.735	b135e9c82f3b5af8414a656ace8a78c8d45a7834	Windows 11  (10.0.22631) 64bit (Editor)	True	null	null	null	null	null	null	None	0	null	0	0	null	null	null	null	null	
2024/11/23 15:52:10.742	b135e9c82f3b5af8414a656ace8a78c8d45a7834	Windows 11  (10.0.22631) 64bit (Editor)	True	null	null	null	null	null	null	None	0	null	0	0	null	null	null	null	null	
2024/11/23 15:52:10.750	b135e9c82f3b5af8414a656ace8a78c8d45a7834	Windows 11  (10.0.22631) 64bit (Editor)	True	null	null	null	null	null	null	None	0	null	0	0	null	null	null	null	null	
2024/11/23 15:52:10.758	b135e9c82f3b5af8414a656ace8a78c8d45a7834	Windows 11  (10.0.22631) 64bit (Editor)	True	null	null	null	null	null	null	None	0	null	0	0	null	null	null	null	null	
2024/11/23 15:52:10.764	b135e9c82f3b5af8414a656ace8a78c8d45a7834	Windows 11  (10.0.22631) 64bit (Editor)	True	null	null	null	null	null	null	None	0	null	0	0	null	null	null	null	null	
2024/11/23 15:52:10.772	b135e9c82f3b5af8414a656ace8a78c8d45a7834	Windows 11  (10.0.22631) 64bit (Editor)	True	null	null	null	null	null	null	None	0	null	0	0	null	null	null	null	null	
2024/11/23 15:52:10.779	b135e9c82f3b5af8414a656ace8a78c8d45a7834	Windows 11  (10.0.22631) 64bit (Editor)	True	null	null	null	null	null	null	None	0	null	0	0	null	null	null	null	null	
2024/11/23 15:52:10.790	b135e9c82f3b5af8414a656ace8a78c8d45a7834	Windows 11  (10.0.22631) 64bit (Editor)	True	null	null	null	null	null	null	None	0	null	0	0	null	null	null	null	null	
2024/11/23 15:52:10.797	b135e9c82f3b5af8414a656ace8a78c8d45a7834	Windows 11  (10.0.22631) 64bit (Editor)	True	null	null	null	null	null	null	None	0	null	0	0	null	null	null	null	null	
2024/11/23 15:52:10.806	b135e9c82f3b5af8414a656ace8a78c8d45a7834	Windows 11  (10.0.22631) 64bit (Editor)	True	null	null	null	null	null	null	None	0	null	0	0	null	null	null	null	null	
2024/11/23 15:52:10.812	b135e9c82f3b5af8414a656ace8a78c8d45a7834	Windows 11  (10.0.22631) 64bit (Editor)	True	null	null	null	null	null	null	None	0	null	0	0	null	null	null	null	null	
2024/11/23 15:52:10.820	b135e9c82f3b5af8414a656ace8a78c8d45a7834	Windows 11  (10.0.22631) 64bit (Editor)	True	null	null	null	null	null	null	None	0	null	0	0	null	null	null	null	null	
2024/11/23 15:52:10.836	b135e9c82f3b5af8414a656ace8a78c8d45a7834	Windows 11  (10.0.22631) 64bit (Editor)	True	null	null	null	null	null	null	None	0	null	0	0	null	null	null	null	null	
2024/11/23 15:52:10.843	b135e9c82f3b5af8414a656ace8a78c8d45a7834	Windows 11  (10.0.22631) 64bit (Editor)	True	null	null	null	null	null	null	None	0	null	0	0	null	null	null	null	null	
2024/11/23 15:52:10.852	b135e9c82f3b5af8414a656ace8a78c8d45a7834	Windows 11  (10.0.22631) 64bit (Editor)	True	null	null	null	null	null	null	None	0	null	0	0	null	null	null	null	null	
2024/11/23 15:52:10.858	b135e9c82f3b5af8414a656ace8a78c8d45a7834	Windows 11  (10.0.22631) 64bit (Editor)	True	null	null	null	null	null	null	None	0	null	0	0	null	null	null	null	null	
2024/11/23 15:52:10.866	b135e9c82f3b5af8414a656ace8a78c8d45a7834	Windows 11  (10.0.22631) 64bit (Editor)	True	null	null	null	null	null	null	None	0	null	0	0	null	null	null	null	null	
2024/11/23 15:52:10.873	b135e9c82f3b5af8414a656ace8a78c8d45a7834	Windows 11  (10.0.22631) 64bit (Editor)	True	null	null	null	null	null	null	None	0	null	0	0	null	null	null	null	null	
2024/11/23 15:52:10.881	b135e9c82f3b5af8414a656ace8a78c8d45a7834	Windows 11  (10.0.22631) 64bit (Editor)	True	null	null	null	null	null	null	None	0	null	0	0	null	null	null	null	null	
2024/11/23 15:52:10.888	b135e9c82f3b5af8414a656ace8a78c8d45a7834	Windows 11  (10.0.22631) 64bit (Editor)	True	null	null	null	null	null	null	None	0	null	0	0	null	null	null	null	null	
2024/11/23 15:52:10.895	b135e9c82f3b5af8414a656ace8a78c8d45a7834	Windows 11  (10.0.22631) 64bit (Editor)	True	null	null	null	null	null	null	None	0	null	0	0	null	null	null	null	null	
2024/11/23 15:52:10.903	b135e9c82f3b5af8414a656ace8a78c8d45a7834	Windows 11  (10.0.22631) 64bit (Editor)	True	null	null	null	null	null	null	None	0	null	0	0	null	null	null	null	null	
2024/11/23 15:52:10.910	b135e9c82f3b5af8414a656ace8a78c8d45a7834	Windows 11  (10.0.22631) 64bit (Editor)	True	null	null	null	null	null	null	None	0	null	0	0	null	null	null	null	null	
2024/11/23 15:52:10.917	b135e9c82f3b5af8414a656ace8a78c8d45a7834	Windows 11  (10.0.22631) 64bit (Editor)	True	null	null	null	null	null	null	None	0	null	0	0	null	null	null	null	null	
2024/11/23 15:52:10.925	b135e9c82f3b5af8414a656ace8a78c8d45a7834	Windows 11  (10.0.22631) 64bit (Editor)	True	null	null	null	null	null	null	None	0	null	0	0	null	null	null	null	null	
2024/11/23 15:52:10.932	b135e9c82f3b5af8414a656ace8a78c8d45a7834	Windows 11  (10.0.22631) 64bit (Editor)	True	null	null	null	null	null	null	None	0	null	0	0	null	null	null	null	null	
2024/11/23 15:52:10.939	b135e9c82f3b5af8414a656ace8a78c8d45a7834	Windows 11  (10.0.22631) 64bit (Editor)	True	null	null	null	null	null	null	None	0	null	0	0	null	null	null	null	null	
2024/11/23 15:52:10.946	b135e9c82f3b5af8414a656ace8a78c8d45a7834	Windows 11  (10.0.22631) 64bit (Editor)	True	null	null	null	null	null	null	None	0	null	0	0	null	null	null	null	null	
2024/11/23 15:52:10.953	b135e9c82f3b5af8414a656ace8a78c8d45a7834	Windows 11  (10.0.22631) 64bit (Editor)	True	null	null	null	null	null	null	None	0	null	0	0	null	null	null	null	null	
2024/11/23 15:52:10.961	b135e9c82f3b5af8414a656ace8a78c8d45a7834	Windows 11  (10.0.22631) 64bit (Editor)	True	null	null	null	null	null	null	None	0	null	0	0	null	null	null	null	null	
2024/11/23 15:52:10.968	b135e9c82f3b5af8414a656ace8a78c8d45a7834	Windows 11  (10.0.22631) 64bit (Editor)	True	null	null	null	null	null	null	None	0	null	0	0	null	null	null	null	null	
2024/11/23 15:52:10.977	b135e9c82f3b5af8414a656ace8a78c8d45a7834	Windows 11  (10.0.22631) 64bit (Editor)	True	null	null	null	null	null	null	None	0	null	0	0	null	null	null	null	null	
2024/11/23 15:52:10.994	b135e9c82f3b5af8414a656ace8a78c8d45a7834	Windows 11  (10.0.22631) 64bit (Editor)	True	null	null	null	null	null	null	None	0	null	0	0	null	null	null	null	null	
2024/11/23 15:52:11.001	b135e9c82f3b5af8414a656ace8a78c8d45a7834	Windows 11  (10.0.22631) 64bit (Editor)	True	null	null	null	null	null	null	None	0	null	0	0	null	null	null	null	null	
2024/11/23 15:52:11.011	b135e9c82f3b5af8414a656ace8a78c8d45a7834	Windows 11  (10.0.22631) 64bit (Editor)	True	null	null	null	null	null	null	None	0	null	0	0	null	null	null	null	null	
2024/11/23 15:52:11.019	b135e9c82f3b5af8414a656ace8a78c8d45a7834	Windows 11  (10.0.22631) 64bit (Editor)	True	null	null	null	null	null	null	None	0	null	0	0	null	null	null	null	null	
2024/11/23 15:52:11.026	b135e9c82f3b5af8414a656ace8a78c8d45a7834	Windows 11  (10.0.22631) 64bit (Editor)	True	null	null	null	null	null	null	None	0	null	0	0	null	null	null	null	null	
2024/11/23 15:52:11.034	b135e9c82f3b5af8414a656ace8a78c8d45a7834	Windows 11  (10.0.22631) 64bit (Editor)	True	null	null	null	null	null	null	None	0	null	0	0	null	null	null	null	null	
2024/11/23 15:52:11.042	b135e9c82f3b5af8414a656ace8a78c8d45a7834	Windows 11  (10.0.22631) 64bit (Editor)	True	null	null	null	null	null	null	None	0	null	0	0	null	null	null	null	null	
2024/11/23 15:52:11.050	b135e9c82f3b5af8414a656ace8a78c8d45a7834	Windows 11  (10.0.22631) 64bit (Editor)	True	null	null	null	null	null	null	None	0	null	0	0	null	null	null	null	null	
2024/11/23 15:52:11.056	b135e9c82f3b5af8414a656ace8a78c8d45a7834	Windows 11  (10.0.22631) 64bit (Editor)	True	null	null	null	null	null	null	None	0	null	0	0	null	null	null	null	null	
2024/11/23 15:52:11.065	b135e9c82f3b5af8414a656ace8a78c8d45a7834	Windows 11  (10.0.22631) 64bit (Editor)	True	null	null	null	null	null	null	None	0	null	0	0	null	null	null	null	null	
2024/11/23 15:52:11.074	b135e9c82f3b5af8414a656ace8a78c8d45a7834	Windows 11  (10.0.22631) 64bit (Editor)	True	null	null	null	null	null	null	None	0	null	0	0	null	null	null	null	null	
2024/11/23 15:52:11.081	b135e9c82f3b5af8414a656ace8a78c8d45a7834	Windows 11  (10.0.22631) 64bit (Editor)	True	null	null	null	null	null	null	None	0	null	0	0	null	null	null	null	null	
2024/11/23 15:52:11.089	b135e9c82f3b5af8414a656ace8a78c8d45a7834	Windows 11  (10.0.22631) 64bit (Editor)	True	null	null	null	null	null	null	None	0	null	0	0	null	null	null	null	null	
2024/11/23 15:52:11.096	b135e9c82f3b5af8414a656ace8a78c8d45a7834	Windows 11  (10.0.22631) 64bit (Editor)	True	null	null	null	null	null	null	None	0	null	0	0	null	null	null	null	null	
2024/11/23 15:52:11.104	b135e9c82f3b5af8414a656ace8a78c8d45a7834	Windows 11  (10.0.22631) 64bit (Editor)	True	null	null	null	null	null	null	None	0	null	0	0	null	null	null	null	null	
2024/11/23 15:52:11.113	b135e9c82f3b5af8414a656ace8a78c8d45a7834	Windows 11  (10.0.22631) 64bit (Editor)	True	null	null	null	null	null	null	None	0	null	0	0	null	null	null	null	null	
2024/11/23 15:52:11.121	b135e9c82f3b5af8414a656ace8a78c8d45a7834	Windows 11  (10.0.22631) 64bit (Editor)	True	null	null	null	null	null	null	None	0	null	0	0	null	null	null	null	null	
2024/11/23 15:52:11.129	b135e9c82f3b5af8414a656ace8a78c8d45a7834	Windows 11  (10.0.22631) 64bit (Editor)	True	null	null	null	null	null	null	None	0	null	0	0	null	null	null	null	null	
2024/11/23 15:52:11.146	b135e9c82f3b5af8414a656ace8a78c8d45a7834	Windows 11  (10.0.22631) 64bit (Editor)	True	null	null	null	null	null	null	None	0	null	0	0	null	null	null	null	null	
2024/11/23 15:52:11.154	b135e9c82f3b5af8414a656ace8a78c8d45a7834	Windows 11  (10.0.22631) 64bit (Editor)	True	null	null	null	null	null	null	None	0	null	0	0	null	null	null	null	null	
2024/11/23 15:52:11.162	b135e9c82f3b5af8414a656ace8a78c8d45a7834	Windows 11  (10.0.22631) 64bit (Editor)	True	null	null	null	null	null	null	None	0	null	0	0	null	null	null	null	null	
2024/11/23 15:52:11.169	b135e9c82f3b5af8414a656ace8a78c8d45a7834	Windows 11  (10.0.22631) 64bit (Editor)	True	null	null	null	null	null	null	None	0	null	0	0	null	null	null	null	null	
2024/11/23 15:52:11.177	b135e9c82f3b5af8414a656ace8a78c8d45a7834	Windows 11  (10.0.22631) 64bit (Editor)	True	null	null	null	null	null	null	None	0	null	0	0	null	null	null	null	null	
2024/11/23 15:52:11.184	b135e9c82f3b5af8414a656ace8a78c8d45a7834	Windows 11  (10.0.22631) 64bit (Editor)	True	null	null	null	null	null	null	None	0	null	0	0	null	null	null	null	null	
2024/11/23 15:52:11.192	b135e9c82f3b5af8414a656ace8a78c8d45a7834	Windows 11  (10.0.22631) 64bit (Editor)	True	null	null	null	null	null	null	None	0	null	0	0	null	null	null	null	null	
2024/11/23 15:52:11.198	b135e9c82f3b5af8414a656ace8a78c8d45a7834	Windows 11  (10.0.22631) 64bit (Editor)	True	null	null	null	null	null	null	None	0	null	0	0	null	null	null	null	null	
2024/11/23 15:52:11.205	b135e9c82f3b5af8414a656ace8a78c8d45a7834	Windows 11  (10.0.22631) 64bit (Editor)	True	null	null	null	null	null	null	None	0	null	0	0	null	null	null	null	null	
2024/11/23 15:52:11.213	b135e9c82f3b5af8414a656ace8a78c8d45a7834	Windows 11  (10.0.22631) 64bit (Editor)	True	null	null	null	null	null	null	None	0	null	0	0	null	null	null	null	null	
2024/11/23 15:52:11.219	b135e9c82f3b5af8414a656ace8a78c8d45a7834	Windows 11  (10.0.22631) 64bit (Editor)	True	null	null	null	null	null	null	None	0	null	0	0	null	null	null	null	null	
2024/11/23 15:52:11.226	b135e9c82f3b5af8414a656ace8a78c8d45a7834	Windows 11  (10.0.22631) 64bit (Editor)	True	null	null	null	null	null	null	None	0	null	0	0	null	null	null	null	null	
2024/11/23 15:52:11.233	b135e9c82f3b5af8414a656ace8a78c8d45a7834	Windows 11  (10.0.22631) 64bit (Editor)	True	null	null	null	null	null	null	None	0	null	0	0	null	null	null	null	null	
2024/11/23 15:52:11.239	b135e9c82f3b5af8414a656ace8a78c8d45a7834	Windows 11  (10.0.22631) 64bit (Editor)	True	null	null	null	null	null	null	None	0	null	0	0	null	null	null	null	null	
2024/11/23 15:52:11.247	b135e9c82f3b5af8414a656ace8a78c8d45a7834	Windows 11  (10.0.22631) 64bit (Editor)	True	null	null	null	null	null	null	None	0	null	0	0	null	null	null	null	null	
2024/11/23 15:52:11.254	b135e9c82f3b5af8414a656ace8a78c8d45a7834	Windows 11  (10.0.22631) 64bit (Editor)	True	null	null	null	null	null	null	None	0	null	0	0	null	null	null	null	null	
2024/11/23 15:52:11.261	b135e9c82f3b5af8414a656ace8a78c8d45a7834	Windows 11  (10.0.22631) 64bit (Editor)	True	null	null	null	null	null	null	None	0	null	0	0	null	null	null	null	null	
2024/11/23 15:52:11.270	b135e9c82f3b5af8414a656ace8a78c8d45a7834	Windows 11  (10.0.22631) 64bit (Editor)	True	null	null	null	null	null	null	None	0	null	0	0	null	null	null	null	null	
2024/11/23 15:52:11.276	b135e9c82f3b5af8414a656ace8a78c8d45a7834	Windows 11  (10.0.22631) 64bit (Editor)	True	null	null	null	null	null	null	None	0	null	0	0	null	null	null	null	null	
2024/11/23 15:52:11.284	b135e9c82f3b5af8414a656ace8a78c8d45a7834	Windows 11  (10.0.22631) 64bit (Editor)	True	null	null	null	null	null	null	None	0	null	0	0	null	null	null	null	null	
2024/11/23 15:52:11.303	b135e9c82f3b5af8414a656ace8a78c8d45a7834	Windows 11  (10.0.22631) 64bit (Editor)	True	null	null	null	null	null	null	None	0	null	0	0	null	null	null	null	null	
2024/11/23 15:52:11.309	b135e9c82f3b5af8414a656ace8a78c8d45a7834	Windows 11  (10.0.22631) 64bit (Editor)	True	null	null	null	null	null	null	None	0	null	0	0	null	null	null	null	null	
2024/11/23 15:52:11.317	b135e9c82f3b5af8414a656ace8a78c8d45a7834	Windows 11  (10.0.22631) 64bit (Editor)	True	null	null	null	null	null	null	None	0	null	0	0	null	null	null	null	null	
2024/11/23 15:52:11.325	b135e9c82f3b5af8414a656ace8a78c8d45a7834	Windows 11  (10.0.22631) 64bit (Editor)	True	null	null	null	null	null	null	None	0	null	0	0	null	null	null	null	null	
2024/11/23 15:52:11.332	b135e9c82f3b5af8414a656ace8a78c8d45a7834	Windows 11  (10.0.22631) 64bit (Editor)	True	null	null	null	null	null	null	None	0	null	0	0	null	null	null	null	null	
2024/11/23 15:52:11.338	b135e9c82f3b5af8414a656ace8a78c8d45a7834	Windows 11  (10.0.22631) 64bit (Editor)	True	null	null	null	null	null	null	None	0	null	0	0	null	null	null	null	null	
2024/11/23 15:52:11.345	b135e9c82f3b5af8414a656ace8a78c8d45a7834	Windows 11  (10.0.22631) 64bit (Editor)	True	null	null	null	null	null	null	None	0	null	0	0	null	null	null	null	null	
2024/11/23 15:52:11.352	b135e9c82f3b5af8414a656ace8a78c8d45a7834	Windows 11  (10.0.22631) 64bit (Editor)	True	null	null	null	null	null	null	None	0	null	0	0	null	null	null	null	null	
2024/11/23 15:52:11.358	b135e9c82f3b5af8414a656ace8a78c8d45a7834	Windows 11  (10.0.22631) 64bit (Editor)	True	null	null	null	null	null	null	None	0	null	0	0	null	null	null	null	null	
2024/11/23 15:52:11.367	b135e9c82f3b5af8414a656ace8a78c8d45a7834	Windows 11  (10.0.22631) 64bit (Editor)	True	null	null	null	null	null	null	None	0	null	0	0	null	null	null	null	null	
2024/11/23 15:52:11.373	b135e9c82f3b5af8414a656ace8a78c8d45a7834	Windows 11  (10.0.22631) 64bit (Editor)	True	null	null	null	null	null	null	None	0	null	0	0	null	null	null	null	null	
2024/11/23 15:52:11.380	b135e9c82f3b5af8414a656ace8a78c8d45a7834	Windows 11  (10.0.22631) 64bit (Editor)	True	null	null	null	null	null	null	None	0	null	0	0	null	null	null	null	null	
2024/11/23 15:52:11.388	b135e9c82f3b5af8414a656ace8a78c8d45a7834	Windows 11  (10.0.22631) 64bit (Editor)	True	null	null	null	null	null	null	None	0	null	0	0	null	null	null	null	null	
2024/11/23 15:52:11.394	b135e9c82f3b5af8414a656ace8a78c8d45a7834	Windows 11  (10.0.22631) 64bit (Editor)	True	null	null	null	null	null	null	None	0	null	0	0	null	null	null	null	null	
2024/11/23 15:52:11.402	b135e9c82f3b5af8414a656ace8a78c8d45a7834	Windows 11  (10.0.22631) 64bit (Editor)	True	null	null	null	null	null	null	None	0	null	0	0	null	null	null	null	null	
2024/11/23 15:52:11.409	b135e9c82f3b5af8414a656ace8a78c8d45a7834	Windows 11  (10.0.22631) 64bit (Editor)	True	null	null	null	null	null	null	None	0	null	0	0	null	null	null	null	null	
2024/11/23 15:52:11.415	b135e9c82f3b5af8414a656ace8a78c8d45a7834	Windows 11  (10.0.22631) 64bit (Editor)	True	null	null	null	null	null	null	None	0	null	0	0	null	null	null	null	null	
2024/11/23 15:52:11.422	b135e9c82f3b5af8414a656ace8a78c8d45a7834	Windows 11  (10.0.22631) 64bit (Editor)	True	null	null	null	null	null	null	None	0	null	0	0	null	null	null	null	null	
2024/11/23 15:52:11.430	b135e9c82f3b5af8414a656ace8a78c8d45a7834	Windows 11  (10.0.22631) 64bit (Editor)	True	null	null	null	null	null	null	None	0	null	0	0	null	null	null	null	null	
2024/11/23 15:52:11.438	b135e9c82f3b5af8414a656ace8a78c8d45a7834	Windows 11  (10.0.22631) 64bit (Editor)	True	null	null	null	null	null	null	None	0	null	0	0	null	null	null	null	null	
2024/11/23 15:52:11.456	b135e9c82f3b5af8414a656ace8a78c8d45a7834	Windows 11  (10.0.22631) 64bit (Editor)	True	null	null	null	null	null	null	None	0	null	0	0	null	null	null	null	null	
2024/11/23 15:52:11.463	b135e9c82f3b5af8414a656ace8a78c8d45a7834	Windows 11  (10.0.22631) 64bit (Editor)	True	null	null	null	null	null	null	None	0	null	0	0	null	null	null	null	null	
2024/11/23 15:52:11.474	b135e9c82f3b5af8414a656ace8a78c8d45a7834	Windows 11  (10.0.22631) 64bit (Editor)	True	null	null	null	null	null	null	None	0	null	0	0	null	null	null	null	null	
2024/11/23 15:52:11.487	b135e9c82f3b5af8414a656ace8a78c8d45a7834	Windows 11  (10.0.22631) 64bit (Editor)	True	null	null	null	null	null	null	None	0	null	0	0	null	null	null	null	null	
2024/11/23 15:52:11.494	b135e9c82f3b5af8414a656ace8a78c8d45a7834	Windows 11  (10.0.22631) 64bit (Editor)	True	null	null	null	null	null	null	None	0	null	0	0	null	null	null	null	null	
2024/11/23 15:52:11.502	b135e9c82f3b5af8414a656ace8a78c8d45a7834	Windows 11  (10.0.22631) 64bit (Editor)	True	null	null	null	null	null	null	None	0	null	0	0	null	null	null	null	null	
2024/11/23 15:52:11.510	b135e9c82f3b5af8414a656ace8a78c8d45a7834	Windows 11  (10.0.22631) 64bit (Editor)	True	null	null	null	null	null	null	None	0	null	0	0	null	null	null	null	null	
2024/11/23 15:52:11.518	b135e9c82f3b5af8414a656ace8a78c8d45a7834	Windows 11  (10.0.22631) 64bit (Editor)	True	null	null	null	null	null	null	None	0	null	0	0	null	null	null	null	null	
2024/11/23 15:52:11.524	b135e9c82f3b5af8414a656ace8a78c8d45a7834	Windows 11  (10.0.22631) 64bit (Editor)	True	null	null	null	null	null	null	None	0	null	0	0	null	null	null	null	null	
2024/11/23 15:52:11.531	b135e9c82f3b5af8414a656ace8a78c8d45a7834	Windows 11  (10.0.22631) 64bit (Editor)	True	null	null	null	null	null	null	None	0	null	0	0	null	null	null	null	null	
2024/11/23 15:52:11.537	b135e9c82f3b5af8414a656ace8a78c8d45a7834	Windows 11  (10.0.22631) 64bit (Editor)	True	null	null	null	null	null	null	None	0	null	0	0	null	null	null	null	null	
2024/11/23 15:52:11.544	b135e9c82f3b5af8414a656ace8a78c8d45a7834	Windows 11  (10.0.22631) 64bit (Editor)	True	null	null	null	null	null	null	None	0	null	0	0	null	null	null	null	null	
2024/11/23 15:52:11.551	b135e9c82f3b5af8414a656ace8a78c8d45a7834	Windows 11  (10.0.22631) 64bit (Editor)	True	null	null	null	null	null	null	None	0	null	0	0	null	null	null	null	null	
2024/11/23 15:52:11.558	b135e9c82f3b5af8414a656ace8a78c8d45a7834	Windows 11  (10.0.22631) 64bit (Editor)	True	null	null	null	null	null	null	None	0	null	0	0	null	null	null	null	null	
2024/11/23 15:52:11.564	b135e9c82f3b5af8414a656ace8a78c8d45a7834	Windows 11  (10.0.22631) 64bit (Editor)	True	null	null	null	null	null	null	None	0	null	0	0	null	null	null	null	null	
2024/11/23 15:52:11.572	b135e9c82f3b5af8414a656ace8a78c8d45a7834	Windows 11  (10.0.22631) 64bit (Editor)	True	null	null	null	null	null	null	None	0	null	0	0	null	null	null	null	null	
2024/11/23 15:52:11.578	b135e9c82f3b5af8414a656ace8a78c8d45a7834	Windows 11  (10.0.22631) 64bit (Editor)	True	null	null	null	null	null	null	None	0	null	0	0	null	null	null	null	null	
2024/11/23 15:52:11.586	b135e9c82f3b5af8414a656ace8a78c8d45a7834	Windows 11  (10.0.22631) 64bit (Editor)	True	null	null	null	null	null	null	None	0	null	0	0	null	null	null	null	null	
2024/11/23 15:52:12.694	b135e9c82f3b5af8414a656ace8a78c8d45a7834	Windows 11  (10.0.22631) 64bit (Editor)	True	null	null	null	null	null	null	None	0	null	0	0	null	null	null	null	null	
2024/11/23 15:52:12.722	b135e9c82f3b5af8414a656ace8a78c8d45a7834	Windows 11  (10.0.22631) 64bit (Editor)	True	null	null	null	null	null	null	None	0	null	0	0	null	null	null	null	null	
2024/11/23 15:52:12.735	b135e9c82f3b5af8414a656ace8a78c8d45a7834	Windows 11  (10.0.22631) 64bit (Editor)	True	null	null	null	null	null	null	None	0	null	0	0	null	null	null	null	null	
2024/11/23 15:52:12.745	b135e9c82f3b5af8414a656ace8a78c8d45a7834	Windows 11  (10.0.22631) 64bit (Editor)	True	null	null	null	null	null	null	None	0	null	0	0	null	null	null	null	null	
2024/11/23 15:52:12.753	b135e9c82f3b5af8414a656ace8a78c8d45a7834	Windows 11  (10.0.22631) 64bit (Editor)	True	null	null	null	null	null	null	None	0	null	0	0	null	null	null	null	null	
2024/11/23 15:52:12.760	b135e9c82f3b5af8414a656ace8a78c8d45a7834	Windows 11  (10.0.22631) 64bit (Editor)	True	null	null	null	null	null	null	None	0	null	0	0	null	null	null	null	null	
2024/11/23 15:52:12.768	b135e9c82f3b5af8414a656ace8a78c8d45a7834	Windows 11  (10.0.22631) 64bit (Editor)	True	null	null	null	null	null	null	None	0	null	0	0	null	null	null	null	null	
2024/11/23 15:52:12.776	b135e9c82f3b5af8414a656ace8a78c8d45a7834	Windows 11  (10.0.22631) 64bit (Editor)	True	null	null	null	null	null	null	None	0	null	0	0	null	null	null	null	null	
2024/11/23 15:52:12.784	b135e9c82f3b5af8414a656ace8a78c8d45a7834	Windows 11  (10.0.22631) 64bit (Editor)	True	null	null	null	null	null	null	None	0	null	0	0	null	null	null	null	null	
2024/11/23 15:52:12.791	b135e9c82f3b5af8414a656ace8a78c8d45a7834	Windows 11  (10.0.22631) 64bit (Editor)	True	null	null	null	null	null	null	None	0	null	0	0	null	null	null	null	null	
2024/11/23 15:52:12.800	b135e9c82f3b5af8414a656ace8a78c8d45a7834	Windows 11  (10.0.22631) 64bit (Editor)	True	null	null	null	null	null	null	None	0	null	0	0	null	null	null	null	null	
2024/11/23 15:52:12.807	b135e9c82f3b5af8414a656ace8a78c8d45a7834	Windows 11  (10.0.22631) 64bit (Editor)	True	null	null	null	null	null	null	None	0	null	0	0	null	null	null	null	null	
2024/11/23 15:52:12.813	b135e9c82f3b5af8414a656ace8a78c8d45a7834	Windows 11  (10.0.22631) 64bit (Editor)	True	null	null	null	null	null	null	None	0	null	0	0	null	null	null	null	null	
2024/11/23 15:52:12.821	b135e9c82f3b5af8414a656ace8a78c8d45a7834	Windows 11  (10.0.22631) 64bit (Editor)	True	null	null	null	null	null	null	None	0	null	0	0	null	null	null	null	null	
2024/11/23 15:52:12.828	b135e9c82f3b5af8414a656ace8a78c8d45a7834	Windows 11  (10.0.22631) 64bit (Editor)	True	null	null	null	null	null	null	None	0	null	0	0	null	null	null	null	null	
2024/11/23 15:52:12.836	b135e9c82f3b5af8414a656ace8a78c8d45a7834	Windows 11  (10.0.22631) 64bit (Editor)	True	null	null	null	null	null	null	None	0	null	0	0	null	null	null	null	null	
2024/11/23 15:52:12.843	b135e9c82f3b5af8414a656ace8a78c8d45a7834	Windows 11  (10.0.22631) 64bit (Editor)	True	null	null	null	null	null	null	None	0	null	0	0	null	null	null	null	null	
2024/11/23 15:52:12.861	b135e9c82f3b5af8414a656ace8a78c8d45a7834	Windows 11  (10.0.22631) 64bit (Editor)	True	null	null	null	null	null	null	None	0	null	0	0	null	null	null	null	null	
2024/11/23 15:52:12.869	b135e9c82f3b5af8414a656ace8a78c8d45a7834	Windows 11  (10.0.22631) 64bit (Editor)	True	null	null	null	null	null	null	None	0	null	0	0	null	null	null	null	null	
2024/11/23 15:52:12.876	b135e9c82f3b5af8414a656ace8a78c8d45a7834	Windows 11  (10.0.22631) 64bit (Editor)	True	null	null	null	null	null	null	None	0	null	0	0	null	null	null	null	null	
2024/11/23 15:52:12.884	b135e9c82f3b5af8414a656ace8a78c8d45a7834	Windows 11  (10.0.22631) 64bit (Editor)	True	null	null	null	null	null	null	None	0	null	0	0	null	null	null	null	null	
2024/11/23 15:52:12.892	b135e9c82f3b5af8414a656ace8a78c8d45a7834	Windows 11  (10.0.22631) 64bit (Editor)	True	null	null	null	null	null	null	None	0	null	0	0	null	null	null	null	null	
2024/11/23 15:52:12.899	b135e9c82f3b5af8414a656ace8a78c8d45a7834	Windows 11  (10.0.22631) 64bit (Editor)	True	null	null	null	null	null	null	None	0	null	0	0	null	null	null	null	null	
2024/11/23 15:52:12.907	b135e9c82f3b5af8414a656ace8a78c8d45a7834	Windows 11  (10.0.22631) 64bit (Editor)	True	null	null	null	null	null	null	None	0	null	0	0	null	null	null	null	null	
2024/11/23 15:52:12.914	b135e9c82f3b5af8414a656ace8a78c8d45a7834	Windows 11  (10.0.22631) 64bit (Editor)	True	null	null	null	null	null	null	None	0	null	0	0	null	null	null	null	null	
2024/11/23 15:52:12.922	b135e9c82f3b5af8414a656ace8a78c8d45a7834	Windows 11  (10.0.22631) 64bit (Editor)	True	null	null	null	null	null	null	None	0	null	0	0	null	null	null	null	null	
2024/11/23 15:52:12.929	b135e9c82f3b5af8414a656ace8a78c8d45a7834	Windows 11  (10.0.22631) 64bit (Editor)	True	null	null	null	null	null	null	None	0	null	0	0	null	null	null	null	null	
2024/11/23 15:52:12.937	b135e9c82f3b5af8414a656ace8a78c8d45a7834	Windows 11  (10.0.22631) 64bit (Editor)	True	null	null	null	null	null	null	None	0	null	0	0	null	null	null	null	null	
2024/11/23 15:52:12.946	b135e9c82f3b5af8414a656ace8a78c8d45a7834	Windows 11  (10.0.22631) 64bit (Editor)	True	null	null	null	null	null	null	None	0	null	0	0	null	null	null	null	null	
2024/11/23 15:52:12.953	b135e9c82f3b5af8414a656ace8a78c8d45a7834	Windows 11  (10.0.22631) 64bit (Editor)	True	null	null	null	null	null	null	None	0	null	0	0	null	null	null	null	null	
2024/11/23 15:52:12.961	b135e9c82f3b5af8414a656ace8a78c8d45a7834	Windows 11  (10.0.22631) 64bit (Editor)	True	null	null	null	null	null	null	None	0	null	0	0	null	null	null	null	null	
2024/11/23 15:52:12.969	b135e9c82f3b5af8414a656ace8a78c8d45a7834	Windows 11  (10.0.22631) 64bit (Editor)	True	null	null	null	null	null	null	None	0	null	0	0	null	null	null	null	null	
2024/11/23 15:52:12.975	b135e9c82f3b5af8414a656ace8a78c8d45a7834	Windows 11  (10.0.22631) 64bit (Editor)	True	null	null	null	null	null	null	None	0	null	0	0	null	null	null	null	null	
2024/11/23 15:52:12.983	b135e9c82f3b5af8414a656ace8a78c8d45a7834	Windows 11  (10.0.22631) 64bit (Editor)	True	null	null	null	null	null	null	None	0	null	0	0	null	null	null	null	null	
2024/11/23 15:52:12.992	b135e9c82f3b5af8414a656ace8a78c8d45a7834	Windows 11  (10.0.22631) 64bit (Editor)	True	null	null	null	null	null	null	None	0	null	0	0	null	null	null	null	null	
2024/11/23 15:52:12.998	b135e9c82f3b5af8414a656ace8a78c8d45a7834	Windows 11  (10.0.22631) 64bit (Editor)	True	null	null	null	null	null	null	None	0	null	0	0	null	null	null	null	null	
2024/11/23 15:52:13.018	b135e9c82f3b5af8414a656ace8a78c8d45a7834	Windows 11  (10.0.22631) 64bit (Editor)	True	null	null	null	null	null	null	None	0	null	0	0	null	null	null	null	null	
2024/11/23 15:52:13.026	b135e9c82f3b5af8414a656ace8a78c8d45a7834	Windows 11  (10.0.22631) 64bit (Editor)	True	null	null	null	null	null	null	None	0	null	0	0	null	null	null	null	null	
2024/11/23 15:52:13.035	b135e9c82f3b5af8414a656ace8a78c8d45a7834	Windows 11  (10.0.22631) 64bit (Editor)	True	null	null	null	null	null	null	None	0	null	0	0	null	null	null	null	null	
2024/11/23 15:52:13.042	b135e9c82f3b5af8414a656ace8a78c8d45a7834	Windows 11  (10.0.22631) 64bit (Editor)	True	null	null	null	null	null	null	None	0	null	0	0	null	null	null	null	null	
2024/11/23 15:52:13.049	b135e9c82f3b5af8414a656ace8a78c8d45a7834	Windows 11  (10.0.22631) 64bit (Editor)	True	null	null	null	null	null	null	None	0	null	0	0	null	null	null	null	null	
2024/11/23 15:52:13.057	b135e9c82f3b5af8414a656ace8a78c8d45a7834	Windows 11  (10.0.22631) 64bit (Editor)	True	null	null	null	null	null	null	None	0	null	0	0	null	null	null	null	null	
2024/11/23 15:52:13.064	b135e9c82f3b5af8414a656ace8a78c8d45a7834	Windows 11  (10.0.22631) 64bit (Editor)	True	null	null	null	null	null	null	None	0	null	0	0	null	null	null	null	null	
2024/11/23 15:52:13.072	b135e9c82f3b5af8414a656ace8a78c8d45a7834	Windows 11  (10.0.22631) 64bit (Editor)	True	null	null	null	null	null	null	None	0	null	0	0	null	null	null	null	null	
2024/11/23 15:52:13.080	b135e9c82f3b5af8414a656ace8a78c8d45a7834	Windows 11  (10.0.22631) 64bit (Editor)	True	null	null	null	null	null	null	None	0	null	0	0	null	null	null	null	null	
2024/11/23 15:52:13.088	b135e9c82f3b5af8414a656ace8a78c8d45a7834	Windows 11  (10.0.22631) 64bit (Editor)	True	null	null	null	null	null	null	None	0	null	0	0	null	null	null	null	null	
2024/11/23 15:52:13.095	b135e9c82f3b5af8414a656ace8a78c8d45a7834	Windows 11  (10.0.22631) 64bit (Editor)	True	null	null	null	null	null	null	None	0	null	0	0	null	null	null	null	null	
2024/11/23 15:52:13.103	b135e9c82f3b5af8414a656ace8a78c8d45a7834	Windows 11  (10.0.22631) 64bit (Editor)	True	null	null	null	null	null	null	None	0	null	0	0	null	null	null	null	null	
2024/11/23 15:52:13.110	b135e9c82f3b5af8414a656ace8a78c8d45a7834	Windows 11  (10.0.22631) 64bit (Editor)	True	null	null	null	null	null	null	None	0	null	0	0	null	null	null	null	null	
2024/11/23 15:52:13.119	b135e9c82f3b5af8414a656ace8a78c8d45a7834	Windows 11  (10.0.22631) 64bit (Editor)	True	null	null	null	null	null	null	None	0	null	0	0	null	null	null	null	null	
2024/11/23 15:52:13.126	b135e9c82f3b5af8414a656ace8a78c8d45a7834	Windows 11  (10.0.22631) 64bit (Editor)	True	null	null	null	null	null	null	None	0	null	0	0	null	null	null	null	null	
2024/11/23 15:52:13.134	b135e9c82f3b5af8414a656ace8a78c8d45a7834	Windows 11  (10.0.22631) 64bit (Editor)	True	null	null	null	null	null	null	None	0	null	0	0	null	null	null	null	null	
2024/11/23 15:52:13.142	b135e9c82f3b5af8414a656ace8a78c8d45a7834	Windows 11  (10.0.22631) 64bit (Editor)	True	null	null	null	null	null	null	None	0	null	0	0	null	null	null	null	null	
2024/11/23 15:52:13.149	b135e9c82f3b5af8414a656ace8a78c8d45a7834	Windows 11  (10.0.22631) 64bit (Editor)	True	null	null	null	null	null	null	None	0	null	0	0	null	null	null	null	null	
2024/11/23 15:52:13.167	b135e9c82f3b5af8414a656ace8a78c8d45a7834	Windows 11  (10.0.22631) 64bit (Editor)	True	null	null	null	null	null	null	None	0	null	0	0	null	null	null	null	null	
2024/11/23 15:52:13.175	b135e9c82f3b5af8414a656ace8a78c8d45a7834	Windows 11  (10.0.22631) 64bit (Editor)	True	null	null	null	null	null	null	None	0	null	0	0	null	null	null	null	null	
2024/11/23 15:52:13.182	b135e9c82f3b5af8414a656ace8a78c8d45a7834	Windows 11  (10.0.22631) 64bit (Editor)	True	null	null	null	null	null	null	None	0	null	0	0	null	null	null	null	null	
2024/11/23 15:52:13.189	b135e9c82f3b5af8414a656ace8a78c8d45a7834	Windows 11  (10.0.22631) 64bit (Editor)	True	null	null	null	null	null	null	None	0	null	0	0	null	null	null	null	null	
2024/11/23 15:52:13.196	b135e9c82f3b5af8414a656ace8a78c8d45a7834	Windows 11  (10.0.22631) 64bit (Editor)	True	null	null	null	null	null	null	None	0	null	0	0	null	null	null	null	null	
2024/11/23 15:52:13.204	b135e9c82f3b5af8414a656ace8a78c8d45a7834	Windows 11  (10.0.22631) 64bit (Editor)	True	null	null	null	null	null	null	None	0	null	0	0	null	null	null	null	null	
2024/11/23 15:52:13.211	b135e9c82f3b5af8414a656ace8a78c8d45a7834	Windows 11  (10.0.22631) 64bit (Editor)	True	null	null	null	null	null	null	None	0	null	0	0	null	null	null	null	null	
2024/11/23 15:52:13.219	b135e9c82f3b5af8414a656ace8a78c8d45a7834	Windows 11  (10.0.22631) 64bit (Editor)	True	null	null	null	null	null	null	None	0	null	0	0	null	null	null	null	null	
2024/11/23 15:52:13.227	b135e9c82f3b5af8414a656ace8a78c8d45a7834	Windows 11  (10.0.22631) 64bit (Editor)	True	null	null	null	null	null	null	None	0	null	0	0	null	null	null	null	null	
2024/11/23 15:52:13.235	b135e9c82f3b5af8414a656ace8a78c8d45a7834	Windows 11  (10.0.22631) 64bit (Editor)	True	null	null	null	null	null	null	None	0	null	0	0	null	null	null	null	null	
2024/11/23 15:52:13.242	b135e9c82f3b5af8414a656ace8a78c8d45a7834	Windows 11  (10.0.22631) 64bit (Editor)	True	null	null	null	null	null	null	None	0	null	0	0	null	null	null	null	null	
2024/11/23 15:52:13.251	b135e9c82f3b5af8414a656ace8a78c8d45a7834	Windows 11  (10.0.22631) 64bit (Editor)	True	null	null	null	null	null	null	None	0	null	0	0	null	null	null	null	null	
2024/11/23 15:52:13.259	b135e9c82f3b5af8414a656ace8a78c8d45a7834	Windows 11  (10.0.22631) 64bit (Editor)	True	null	null	null	null	null	null	None	0	null	0	0	null	null	null	null	null	
2024/11/23 15:52:13.267	b135e9c82f3b5af8414a656ace8a78c8d45a7834	Windows 11  (10.0.22631) 64bit (Editor)	True	null	null	null	null	null	null	None	0	null	0	0	null	null	null	null	null	
2024/11/23 15:52:13.275	b135e9c82f3b5af8414a656ace8a78c8d45a7834	Windows 11  (10.0.22631) 64bit (Editor)	True	null	null	null	null	null	null	None	0	null	0	0	null	null	null	null	null	
2024/11/23 15:52:13.283	b135e9c82f3b5af8414a656ace8a78c8d45a7834	Windows 11  (10.0.22631) 64bit (Editor)	True	null	null	null	null	null	null	None	0	null	0	0	null	null	null	null	null	
2024/11/23 15:52:13.290	b135e9c82f3b5af8414a656ace8a78c8d45a7834	Windows 11  (10.0.22631) 64bit (Editor)	True	null	null	null	null	null	null	None	0	null	0	0	null	null	null	null	null	
2024/11/23 15:52:13.298	b135e9c82f3b5af8414a656ace8a78c8d45a7834	Windows 11  (10.0.22631) 64bit (Editor)	True	null	null	null	null	null	null	None	0	null	0	0	null	null	null	null	null	
2024/11/23 15:52:13.305	b135e9c82f3b5af8414a656ace8a78c8d45a7834	Windows 11  (10.0.22631) 64bit (Editor)	True	null	null	null	null	null	null	None	0	null	0	0	null	null	null	null	null	
2024/11/23 15:52:13.324	b135e9c82f3b5af8414a656ace8a78c8d45a7834	Windows 11  (10.0.22631) 64bit (Editor)	True	null	null	null	null	null	null	None	0	null	0	0	null	null	null	null	null	
2024/11/23 15:52:13.331	b135e9c82f3b5af8414a656ace8a78c8d45a7834	Windows 11  (10.0.22631) 64bit (Editor)	True	null	null	null	null	null	null	None	0	null	0	0	null	null	null	null	null	
2024/11/23 15:52:13.338	b135e9c82f3b5af8414a656ace8a78c8d45a7834	Windows 11  (10.0.22631) 64bit (Editor)	True	null	null	null	null	null	null	None	0	null	0	0	null	null	null	null	null	
2024/11/23 15:52:13.346	b135e9c82f3b5af8414a656ace8a78c8d45a7834	Windows 11  (10.0.22631) 64bit (Editor)	True	null	null	null	null	null	null	None	0	null	0	0	null	null	null	null	null	
2024/11/23 15:52:13.353	b135e9c82f3b5af8414a656ace8a78c8d45a7834	Windows 11  (10.0.22631) 64bit (Editor)	True	null	null	null	null	null	null	None	0	null	0	0	null	null	null	null	null	
2024/11/23 15:52:13.361	b135e9c82f3b5af8414a656ace8a78c8d45a7834	Windows 11  (10.0.22631) 64bit (Editor)	True	null	null	null	null	null	null	None	0	null	0	0	null	null	null	null	null	
2024/11/23 15:52:13.367	b135e9c82f3b5af8414a656ace8a78c8d45a7834	Windows 11  (10.0.22631) 64bit (Editor)	True	null	null	null	null	null	null	None	0	null	0	0	null	null	null	null	null	
2024/11/23 15:52:13.375	b135e9c82f3b5af8414a656ace8a78c8d45a7834	Windows 11  (10.0.22631) 64bit (Editor)	True	null	null	null	null	null	null	None	0	null	0	0	null	null	null	null	null	
2024/11/23 15:52:13.382	b135e9c82f3b5af8414a656ace8a78c8d45a7834	Windows 11  (10.0.22631) 64bit (Editor)	True	null	null	null	null	null	null	None	0	null	0	0	null	null	null	null	null	
2024/11/23 15:52:13.389	b135e9c82f3b5af8414a656ace8a78c8d45a7834	Windows 11  (10.0.22631) 64bit (Editor)	True	null	null	null	null	null	null	None	0	null	0	0	null	null	null	null	null	
2024/11/23 15:52:13.395	b135e9c82f3b5af8414a656ace8a78c8d45a7834	Windows 11  (10.0.22631) 64bit (Editor)	True	null	null	null	null	null	null	None	0	null	0	0	null	null	null	null	null	
2024/11/23 15:52:13.401	b135e9c82f3b5af8414a656ace8a78c8d45a7834	Windows 11  (10.0.22631) 64bit (Editor)	True	null	null	null	null	null	null	None	0	null	0	0	null	null	null	null	null	
2024/11/23 15:52:13.408	b135e9c82f3b5af8414a656ace8a78c8d45a7834	Windows 11  (10.0.22631) 64bit (Editor)	True	null	null	null	null	null	null	None	0	null	0	0	null	null	null	null	null	
2024/11/23 15:52:13.415	b135e9c82f3b5af8414a656ace8a78c8d45a7834	Windows 11  (10.0.22631) 64bit (Editor)	True	null	null	null	null	null	null	None	0	null	0	0	null	null	null	null	null	
2024/11/23 15:52:13.427	b135e9c82f3b5af8414a656ace8a78c8d45a7834	Windows 11  (10.0.22631) 64bit (Editor)	True	null	null	null	null	null	null	None	0	null	0	0	null	null	null	null	null	
2024/11/23 15:52:13.440	b135e9c82f3b5af8414a656ace8a78c8d45a7834	Windows 11  (10.0.22631) 64bit (Editor)	True	null	null	null	null	null	null	None	0	null	0	0	null	null	null	null	null	
2024/11/23 15:52:13.447	b135e9c82f3b5af8414a656ace8a78c8d45a7834	Windows 11  (10.0.22631) 64bit (Editor)	True	null	null	null	null	null	null	None	0	null	0	0	null	null	null	null	null	
2024/11/23 15:52:13.456	b135e9c82f3b5af8414a656ace8a78c8d45a7834	Windows 11  (10.0.22631) 64bit (Editor)	True	null	null	null	null	null	null	None	0	null	0	0	null	null	null	null	null	
2024/11/23 15:52:13.476	b135e9c82f3b5af8414a656ace8a78c8d45a7834	Windows 11  (10.0.22631) 64bit (Editor)	True	null	null	null	null	null	null	None	0	null	0	0	null	null	null	null	null	
2024/11/23 15:52:13.486	b135e9c82f3b5af8414a656ace8a78c8d45a7834	Windows 11  (10.0.22631) 64bit (Editor)	True	null	null	null	null	null	null	None	0	null	0	0	null	null	null	null	null	
2024/11/23 15:52:13.492	b135e9c82f3b5af8414a656ace8a78c8d45a7834	Windows 11  (10.0.22631) 64bit (Editor)	True	null	null	null	null	null	null	None	0	null	0	0	null	null	null	null	null	
2024/11/23 15:52:13.500	b135e9c82f3b5af8414a656ace8a78c8d45a7834	Windows 11  (10.0.22631) 64bit (Editor)	True	null	null	null	null	null	null	None	0	null	0	0	null	null	null	null	null	
2024/11/23 15:52:13.513	b135e9c82f3b5af8414a656ace8a78c8d45a7834	Windows 11  (10.0.22631) 64bit (Editor)	True	null	null	null	null	null	null	None	0	null	0	0	null	null	null	null	null	
2024/11/23 15:52:13.521	b135e9c82f3b5af8414a656ace8a78c8d45a7834	Windows 11  (10.0.22631) 64bit (Editor)	True	null	null	null	null	null	null	None	0	null	0	0	null	null	null	null	null	
2024/11/23 15:52:13.527	b135e9c82f3b5af8414a656ace8a78c8d45a7834	Windows 11  (10.0.22631) 64bit (Editor)	True	null	null	null	null	null	null	None	0	null	0	0	null	null	null	null	null	
2024/11/23 15:52:13.535	b135e9c82f3b5af8414a656ace8a78c8d45a7834	Windows 11  (10.0.22631) 64bit (Editor)	True	null	null	null	null	null	null	None	0	null	0	0	null	null	null	null	null	
2024/11/23 15:52:13.543	b135e9c82f3b5af8414a656ace8a78c8d45a7834	Windows 11  (10.0.22631) 64bit (Editor)	True	null	null	null	null	null	null	None	0	null	0	0	null	null	null	null	null	
2024/11/23 15:52:13.549	b135e9c82f3b5af8414a656ace8a78c8d45a7834	Windows 11  (10.0.22631) 64bit (Editor)	True	null	null	null	null	null	null	None	0	null	0	0	null	null	null	null	null	
2024/11/23 15:52:13.556	b135e9c82f3b5af8414a656ace8a78c8d45a7834	Windows 11  (10.0.22631) 64bit (Editor)	True	null	null	null	null	null	null	None	0	null	0	0	null	null	null	null	null	
2024/11/23 15:52:13.562	b135e9c82f3b5af8414a656ace8a78c8d45a7834	Windows 11  (10.0.22631) 64bit (Editor)	True	null	null	null	null	null	null	None	0	null	0	0	null	null	null	null	null	
2024/11/23 15:52:13.568	b135e9c82f3b5af8414a656ace8a78c8d45a7834	Windows 11  (10.0.22631) 64bit (Editor)	True	null	null	null	null	null	null	None	0	null	0	0	null	null	null	null	null	
2024/11/23 15:52:13.575	b135e9c82f3b5af8414a656ace8a78c8d45a7834	Windows 11  (10.0.22631) 64bit (Editor)	True	null	null	null	null	null	null	None	0	null	0	0	null	null	null	null	null	
2024/11/23 15:52:13.583	b135e9c82f3b5af8414a656ace8a78c8d45a7834	Windows 11  (10.0.22631) 64bit (Editor)	True	null	null	null	null	null	null	None	0	null	0	0	null	null	null	null	null	
2024/11/23 15:52:13.588	b135e9c82f3b5af8414a656ace8a78c8d45a7834	Windows 11  (10.0.22631) 64bit (Editor)	True	null	null	null	null	null	null	None	0	null	0	0	null	null	null	null	null	
2024/11/23 15:52:13.596	b135e9c82f3b5af8414a656ace8a78c8d45a7834	Windows 11  (10.0.22631) 64bit (Editor)	True	null	null	null	null	null	null	None	0	null	0	0	null	null	null	null	null	
2024/11/23 15:52:13.603	b135e9c82f3b5af8414a656ace8a78c8d45a7834	Windows 11  (10.0.22631) 64bit (Editor)	True	null	null	null	null	null	null	None	0	null	0	0	null	null	null	null	null	
2024/11/23 15:52:13.610	b135e9c82f3b5af8414a656ace8a78c8d45a7834	Windows 11  (10.0.22631) 64bit (Editor)	True	null	null	null	null	null	null	None	0	null	0	0	null	null	null	null	null	
2024/11/23 15:52:13.627	b135e9c82f3b5af8414a656ace8a78c8d45a7834	Windows 11  (10.0.22631) 64bit (Editor)	True	null	null	null	null	null	null	None	0	null	0	0	null	null	null	null	null	
2024/11/23 15:52:13.634	b135e9c82f3b5af8414a656ace8a78c8d45a7834	Windows 11  (10.0.22631) 64bit (Editor)	True	null	null	null	null	null	null	None	0	null	0	0	null	null	null	null	null	
2024/11/23 15:52:13.641	b135e9c82f3b5af8414a656ace8a78c8d45a7834	Windows 11  (10.0.22631) 64bit (Editor)	True	null	null	null	null	null	null	None	0	null	0	0	null	null	null	null	null	
2024/11/23 15:52:13.647	b135e9c82f3b5af8414a656ace8a78c8d45a7834	Windows 11  (10.0.22631) 64bit (Editor)	True	null	null	null	null	null	null	None	0	null	0	0	null	null	null	null	null	
2024/11/23 15:52:13.656	b135e9c82f3b5af8414a656ace8a78c8d45a7834	Windows 11  (10.0.22631) 64bit (Editor)	True	null	null	null	null	null	null	None	0	null	0	0	null	null	null	null	null	
2024/11/23 15:52:13.667	b135e9c82f3b5af8414a656ace8a78c8d45a7834	Windows 11  (10.0.22631) 64bit (Editor)	True	null	null	null	null	null	null	None	0	null	0	0	null	null	null	null	null	
2024/11/23 15:52:13.675	b135e9c82f3b5af8414a656ace8a78c8d45a7834	Windows 11  (10.0.22631) 64bit (Editor)	True	null	null	null	null	null	null	None	0	null	0	0	null	null	null	null	null	
2024/11/23 15:52:13.684	b135e9c82f3b5af8414a656ace8a78c8d45a7834	Windows 11  (10.0.22631) 64bit (Editor)	True	null	null	null	null	null	null	None	0	null	0	0	null	null	null	null	null	
2024/11/23 15:52:13.690	b135e9c82f3b5af8414a656ace8a78c8d45a7834	Windows 11  (10.0.22631) 64bit (Editor)	True	null	null	null	null	null	null	None	0	null	0	0	null	null	null	null	null	
2024/11/23 15:52:13.697	b135e9c82f3b5af8414a656ace8a78c8d45a7834	Windows 11  (10.0.22631) 64bit (Editor)	True	null	null	null	null	null	null	None	0	null	0	0	null	null	null	null	null	
2024/11/23 15:52:13.704	b135e9c82f3b5af8414a656ace8a78c8d45a7834	Windows 11  (10.0.22631) 64bit (Editor)	True	null	null	null	null	null	null	None	0	null	0	0	null	null	null	null	null	
2024/11/23 15:52:13.712	b135e9c82f3b5af8414a656ace8a78c8d45a7834	Windows 11  (10.0.22631) 64bit (Editor)	True	null	null	null	null	null	null	None	0	null	0	0	null	null	null	null	null	
2024/11/23 15:52:13.719	b135e9c82f3b5af8414a656ace8a78c8d45a7834	Windows 11  (10.0.22631) 64bit (Editor)	True	null	null	null	null	null	null	None	0	null	0	0	null	null	null	null	null	
2024/11/23 15:52:13.725	b135e9c82f3b5af8414a656ace8a78c8d45a7834	Windows 11  (10.0.22631) 64bit (Editor)	True	null	null	null	null	null	null	None	0	null	0	0	null	null	null	null	null	
2024/11/23 15:52:13.738	b135e9c82f3b5af8414a656ace8a78c8d45a7834	Windows 11  (10.0.22631) 64bit (Editor)	True	null	null	null	null	null	null	None	0	null	0	0	null	null	null	null	null	
2024/11/23 15:52:13.745	b135e9c82f3b5af8414a656ace8a78c8d45a7834	Windows 11  (10.0.22631) 64bit (Editor)	True	null	null	null	null	null	null	None	0	null	0	0	null	null	null	null	null	
2024/11/23 15:52:13.754	b135e9c82f3b5af8414a656ace8a78c8d45a7834	Windows 11  (10.0.22631) 64bit (Editor)	True	null	null	null	null	null	null	None	0	null	0	0	null	null	null	null	null	
2024/11/23 15:52:13.763	b135e9c82f3b5af8414a656ace8a78c8d45a7834	Windows 11  (10.0.22631) 64bit (Editor)	True	null	null	null	null	null	null	None	0	null	0	0	null	null	null	null	null	
2024/11/23 15:52:13.787	b135e9c82f3b5af8414a656ace8a78c8d45a7834	Windows 11  (10.0.22631) 64bit (Editor)	True	null	null	null	null	null	null	None	0	null	0	0	null	null	null	null	null	
2024/11/23 15:52:13.795	b135e9c82f3b5af8414a656ace8a78c8d45a7834	Windows 11  (10.0.22631) 64bit (Editor)	True	null	null	null	null	null	null	None	0	null	0	0	null	null	null	null	null	
2024/11/23 15:52:13.805	b135e9c82f3b5af8414a656ace8a78c8d45a7834	Windows 11  (10.0.22631) 64bit (Editor)	True	null	null	null	null	null	null	None	0	null	0	0	null	null	null	null	null	
2024/11/23 15:52:13.812	b135e9c82f3b5af8414a656ace8a78c8d45a7834	Windows 11  (10.0.22631) 64bit (Editor)	True	null	null	null	null	null	null	None	0	null	0	0	null	null	null	null	null	
2024/11/23 15:52:13.821	b135e9c82f3b5af8414a656ace8a78c8d45a7834	Windows 11  (10.0.22631) 64bit (Editor)	True	null	null	null	null	null	null	None	0	null	0	0	null	null	null	null	null	
2024/11/23 15:52:13.829	b135e9c82f3b5af8414a656ace8a78c8d45a7834	Windows 11  (10.0.22631) 64bit (Editor)	True	null	null	null	null	null	null	None	0	null	0	0	null	null	null	null	null	
2024/11/23 15:52:13.839	b135e9c82f3b5af8414a656ace8a78c8d45a7834	Windows 11  (10.0.22631) 64bit (Editor)	True	null	null	null	null	null	null	None	0	null	0	0	null	null	null	null	null	
2024/11/23 15:52:13.847	b135e9c82f3b5af8414a656ace8a78c8d45a7834	Windows 11  (10.0.22631) 64bit (Editor)	True	null	null	null	null	null	null	None	0	null	0	0	null	null	null	null	null	
2024/11/23 15:52:13.854	b135e9c82f3b5af8414a656ace8a78c8d45a7834	Windows 11  (10.0.22631) 64bit (Editor)	True	null	null	null	null	null	null	None	0	null	0	0	null	null	null	null	null	
2024/11/23 15:52:13.862	b135e9c82f3b5af8414a656ace8a78c8d45a7834	Windows 11  (10.0.22631) 64bit (Editor)	True	null	null	null	null	null	null	None	0	null	0	0	null	null	null	null	null	
2024/11/23 15:52:13.868	b135e9c82f3b5af8414a656ace8a78c8d45a7834	Windows 11  (10.0.22631) 64bit (Editor)	True	null	null	null	null	null	null	None	0	null	0	0	null	null	null	null	null	
2024/11/23 15:52:13.875	b135e9c82f3b5af8414a656ace8a78c8d45a7834	Windows 11  (10.0.22631) 64bit (Editor)	True	null	null	null	null	null	null	None	0	null	0	0	null	null	null	null	null	
2024/11/23 15:52:13.881	b135e9c82f3b5af8414a656ace8a78c8d45a7834	Windows 11  (10.0.22631) 64bit (Editor)	True	null	null	null	null	null	null	None	0	null	0	0	null	null	null	null	null	
2024/11/23 15:52:13.888	b135e9c82f3b5af8414a656ace8a78c8d45a7834	Windows 11  (10.0.22631) 64bit (Editor)	True	null	null	null	null	null	null	None	0	null	0	0	null	null	null	null	null	
2024/11/23 15:52:13.896	b135e9c82f3b5af8414a656ace8a78c8d45a7834	Windows 11  (10.0.22631) 64bit (Editor)	True	null	null	null	null	null	null	None	0	null	0	0	null	null	null	null	null	
2024/11/23 15:52:13.903	b135e9c82f3b5af8414a656ace8a78c8d45a7834	Windows 11  (10.0.22631) 64bit (Editor)	True	null	null	null	null	null	null	None	0	null	0	0	null	null	null	null	null	
2024/11/23 15:52:13.910	b135e9c82f3b5af8414a656ace8a78c8d45a7834	Windows 11  (10.0.22631) 64bit (Editor)	True	null	null	null	null	null	null	None	0	null	0	0	null	null	null	null	null	
2024/11/23 15:52:13.917	b135e9c82f3b5af8414a656ace8a78c8d45a7834	Windows 11  (10.0.22631) 64bit (Editor)	True	null	null	null	null	null	null	None	0	null	0	0	null	null	null	null	null	
2024/11/23 15:52:13.935	b135e9c82f3b5af8414a656ace8a78c8d45a7834	Windows 11  (10.0.22631) 64bit (Editor)	True	null	null	null	null	null	null	None	0	null	0	0	null	null	null	null	null	
2024/11/23 15:52:13.944	b135e9c82f3b5af8414a656ace8a78c8d45a7834	Windows 11  (10.0.22631) 64bit (Editor)	True	null	null	null	null	null	null	None	0	null	0	0	null	null	null	null	null	
2024/11/23 15:52:13.951	b135e9c82f3b5af8414a656ace8a78c8d45a7834	Windows 11  (10.0.22631) 64bit (Editor)	True	null	null	null	null	null	null	None	0	null	0	0	null	null	null	null	null	
2024/11/23 15:52:13.959	b135e9c82f3b5af8414a656ace8a78c8d45a7834	Windows 11  (10.0.22631) 64bit (Editor)	True	null	null	null	null	null	null	None	0	null	0	0	null	null	null	null	null	
2024/11/23 15:52:13.966	b135e9c82f3b5af8414a656ace8a78c8d45a7834	Windows 11  (10.0.22631) 64bit (Editor)	True	null	null	null	null	null	null	None	0	null	0	0	null	null	null	null	null	
2024/11/23 15:52:13.974	b135e9c82f3b5af8414a656ace8a78c8d45a7834	Windows 11  (10.0.22631) 64bit (Editor)	True	null	null	null	null	null	null	None	0	null	0	0	null	null	null	null	null	
2024/11/23 15:52:13.982	b135e9c82f3b5af8414a656ace8a78c8d45a7834	Windows 11  (10.0.22631) 64bit (Editor)	True	null	null	null	null	null	null	None	0	null	0	0	null	null	null	null	null	
2024/11/23 15:52:13.989	b135e9c82f3b5af8414a656ace8a78c8d45a7834	Windows 11  (10.0.22631) 64bit (Editor)	True	null	null	null	null	null	null	None	0	null	0	0	null	null	null	null	null	
2024/11/23 15:52:13.996	b135e9c82f3b5af8414a656ace8a78c8d45a7834	Windows 11  (10.0.22631) 64bit (Editor)	True	null	null	null	null	null	null	None	0	null	0	0	null	null	null	null	null	
2024/11/23 15:52:14.004	b135e9c82f3b5af8414a656ace8a78c8d45a7834	Windows 11  (10.0.22631) 64bit (Editor)	True	null	null	null	null	null	null	None	0	null	0	0	null	null	null	null	null	
2024/11/23 15:52:14.012	b135e9c82f3b5af8414a656ace8a78c8d45a7834	Windows 11  (10.0.22631) 64bit (Editor)	True	null	null	null	null	null	null	None	0	null	0	0	null	null	null	null	null	
2024/11/23 15:52:14.020	b135e9c82f3b5af8414a656ace8a78c8d45a7834	Windows 11  (10.0.22631) 64bit (Editor)	True	null	null	null	null	null	null	None	0	null	0	0	null	null	null	null	null	
2024/11/23 15:52:14.027	b135e9c82f3b5af8414a656ace8a78c8d45a7834	Windows 11  (10.0.22631) 64bit (Editor)	True	null	null	null	null	null	null	None	0	null	0	0	null	null	null	null	null	
2024/11/23 15:52:14.034	b135e9c82f3b5af8414a656ace8a78c8d45a7834	Windows 11  (10.0.22631) 64bit (Editor)	True	null	null	null	null	null	null	None	0	null	0	0	null	null	null	null	null	
2024/11/23 15:52:14.042	b135e9c82f3b5af8414a656ace8a78c8d45a7834	Windows 11  (10.0.22631) 64bit (Editor)	True	null	null	null	null	null	null	None	0	null	0	0	null	null	null	null	null	
2024/11/23 15:52:14.048	b135e9c82f3b5af8414a656ace8a78c8d45a7834	Windows 11  (10.0.22631) 64bit (Editor)	True	null	null	null	null	null	null	None	0	null	0	0	null	null	null	null	null	
2024/11/23 15:52:14.054	b135e9c82f3b5af8414a656ace8a78c8d45a7834	Windows 11  (10.0.22631) 64bit (Editor)	True	null	null	null	null	null	null	None	0	null	0	0	null	null	null	null	null	
2024/11/23 15:52:14.062	b135e9c82f3b5af8414a656ace8a78c8d45a7834	Windows 11  (10.0.22631) 64bit (Editor)	True	null	null	null	null	null	null	None	0	null	0	0	null	null	null	null	null	
2024/11/23 15:52:14.068	b135e9c82f3b5af8414a656ace8a78c8d45a7834	Windows 11  (10.0.22631) 64bit (Editor)	True	null	null	null	null	null	null	None	0	null	0	0	null	null	null	null	null	
2024/11/23 15:52:14.085	b135e9c82f3b5af8414a656ace8a78c8d45a7834	Windows 11  (10.0.22631) 64bit (Editor)	True	null	null	null	null	null	null	None	0	null	0	0	null	null	null	null	null	
2024/11/23 15:52:14.094	b135e9c82f3b5af8414a656ace8a78c8d45a7834	Windows 11  (10.0.22631) 64bit (Editor)	True	null	null	null	null	null	null	None	0	null	0	0	null	null	null	null	null	
2024/11/23 15:52:14.101	b135e9c82f3b5af8414a656ace8a78c8d45a7834	Windows 11  (10.0.22631) 64bit (Editor)	True	null	null	null	null	null	null	None	0	null	0	0	null	null	null	null	null	
2024/11/23 15:52:14.108	b135e9c82f3b5af8414a656ace8a78c8d45a7834	Windows 11  (10.0.22631) 64bit (Editor)	True	null	null	null	null	null	null	None	0	null	0	0	null	null	null	null	null	
2024/11/23 15:52:14.117	b135e9c82f3b5af8414a656ace8a78c8d45a7834	Windows 11  (10.0.22631) 64bit (Editor)	True	null	null	null	null	null	null	None	0	null	0	0	null	null	null	null	null	
2024/11/23 15:52:14.124	b135e9c82f3b5af8414a656ace8a78c8d45a7834	Windows 11  (10.0.22631) 64bit (Editor)	True	null	null	null	null	null	null	None	0	null	0	0	null	null	null	null	null	
2024/11/23 15:52:14.129	b135e9c82f3b5af8414a656ace8a78c8d45a7834	Windows 11  (10.0.22631) 64bit (Editor)	True	null	null	null	null	null	null	None	0	null	0	0	null	null	null	null	null	
2024/11/23 15:52:14.137	b135e9c82f3b5af8414a656ace8a78c8d45a7834	Windows 11  (10.0.22631) 64bit (Editor)	True	null	null	null	null	null	null	None	0	null	0	0	null	null	null	null	null	
2024/11/23 15:52:14.144	b135e9c82f3b5af8414a656ace8a78c8d45a7834	Windows 11  (10.0.22631) 64bit (Editor)	True	null	null	null	null	null	null	None	0	null	0	0	null	null	null	null	null	
2024/11/23 15:52:14.150	b135e9c82f3b5af8414a656ace8a78c8d45a7834	Windows 11  (10.0.22631) 64bit (Editor)	True	null	null	null	null	null	null	None	0	null	0	0	null	null	null	null	null	
2024/11/23 15:52:14.157	b135e9c82f3b5af8414a656ace8a78c8d45a7834	Windows 11  (10.0.22631) 64bit (Editor)	True	null	null	null	null	null	null	None	0	null	0	0	null	null	null	null	null	
2024/11/23 15:52:14.163	b135e9c82f3b5af8414a656ace8a78c8d45a7834	Windows 11  (10.0.22631) 64bit (Editor)	True	null	null	null	null	null	null	None	0	null	0	0	null	null	null	null	null	
2024/11/23 15:52:14.171	b135e9c82f3b5af8414a656ace8a78c8d45a7834	Windows 11  (10.0.22631) 64bit (Editor)	True	null	null	null	null	null	null	None	0	null	0	0	null	null	null	null	null	
2024/11/23 15:52:14.179	b135e9c82f3b5af8414a656ace8a78c8d45a7834	Windows 11  (10.0.22631) 64bit (Editor)	True	null	null	null	null	null	null	None	0	null	0	0	null	null	null	null	null	
2024/11/23 15:52:14.187	b135e9c82f3b5af8414a656ace8a78c8d45a7834	Windows 11  (10.0.22631) 64bit (Editor)	True	null	null	null	null	null	null	None	0	null	0	0	null	null	null	null	null	
2024/11/23 15:52:14.195	b135e9c82f3b5af8414a656ace8a78c8d45a7834	Windows 11  (10.0.22631) 64bit (Editor)	True	null	null	null	null	null	null	None	0	null	0	0	null	null	null	null	null	
2024/11/23 15:52:14.202	b135e9c82f3b5af8414a656ace8a78c8d45a7834	Windows 11  (10.0.22631) 64bit (Editor)	True	null	null	null	null	null	null	None	0	null	0	0	null	null	null	null	null	
2024/11/23 15:52:14.210	b135e9c82f3b5af8414a656ace8a78c8d45a7834	Windows 11  (10.0.22631) 64bit (Editor)	True	null	null	null	null	null	null	None	0	null	0	0	null	null	null	null	null	
2024/11/23 15:52:14.217	b135e9c82f3b5af8414a656ace8a78c8d45a7834	Windows 11  (10.0.22631) 64bit (Editor)	True	null	null	null	null	null	null	None	0	null	0	0	null	null	null	null	null	
2024/11/23 15:52:14.223	b135e9c82f3b5af8414a656ace8a78c8d45a7834	Windows 11  (10.0.22631) 64bit (Editor)	True	null	null	null	null	null	null	None	0	null	0	0	null	null	null	null	null	
2024/11/23 15:52:14.241	b135e9c82f3b5af8414a656ace8a78c8d45a7834	Windows 11  (10.0.22631) 64bit (Editor)	True	null	null	null	null	null	null	None	0	null	0	0	null	null	null	null	null	
2024/11/23 15:52:14.248	b135e9c82f3b5af8414a656ace8a78c8d45a7834	Windows 11  (10.0.22631) 64bit (Editor)	True	null	null	null	null	null	null	None	0	null	0	0	null	null	null	null	null	
2024/11/23 15:52:14.257	b135e9c82f3b5af8414a656ace8a78c8d45a7834	Windows 11  (10.0.22631) 64bit (Editor)	True	null	null	null	null	null	null	None	0	null	0	0	null	null	null	null	null	
2024/11/23 15:52:14.264	b135e9c82f3b5af8414a656ace8a78c8d45a7834	Windows 11  (10.0.22631) 64bit (Editor)	True	null	null	null	null	null	null	None	0	null	0	0	null	null	null	null	null	
2024/11/23 15:52:14.270	b135e9c82f3b5af8414a656ace8a78c8d45a7834	Windows 11  (10.0.22631) 64bit (Editor)	True	null	null	null	null	null	null	None	0	null	0	0	null	null	null	null	null	
2024/11/23 15:52:14.278	b135e9c82f3b5af8414a656ace8a78c8d45a7834	Windows 11  (10.0.22631) 64bit (Editor)	True	null	null	null	null	null	null	None	0	null	0	0	null	null	null	null	null	
2024/11/23 15:52:14.286	b135e9c82f3b5af8414a656ace8a78c8d45a7834	Windows 11  (10.0.22631) 64bit (Editor)	True	null	null	null	null	null	null	None	0	null	0	0	null	null	null	null	null	
2024/11/23 15:52:14.294	b135e9c82f3b5af8414a656ace8a78c8d45a7834	Windows 11  (10.0.22631) 64bit (Editor)	True	null	null	null	null	null	null	None	0	null	0	0	null	null	null	null	null	
2024/11/23 15:52:14.300	b135e9c82f3b5af8414a656ace8a78c8d45a7834	Windows 11  (10.0.22631) 64bit (Editor)	True	null	null	null	null	null	null	None	0	null	0	0	null	null	null	null	null	
2024/11/23 15:52:14.309	b135e9c82f3b5af8414a656ace8a78c8d45a7834	Windows 11  (10.0.22631) 64bit (Editor)	True	null	null	null	null	null	null	None	0	null	0	0	null	null	null	null	null	
2024/11/23 15:52:14.317	b135e9c82f3b5af8414a656ace8a78c8d45a7834	Windows 11  (10.0.22631) 64bit (Editor)	True	null	null	null	null	null	null	None	0	null	0	0	null	null	null	null	null	
2024/11/23 15:52:14.324	b135e9c82f3b5af8414a656ace8a78c8d45a7834	Windows 11  (10.0.22631) 64bit (Editor)	True	null	null	null	null	null	null	None	0	null	0	0	null	null	null	null	null	
2024/11/23 15:52:14.331	b135e9c82f3b5af8414a656ace8a78c8d45a7834	Windows 11  (10.0.22631) 64bit (Editor)	True	null	null	null	null	null	null	None	0	null	0	0	null	null	null	null	null	
2024/11/23 15:52:14.341	b135e9c82f3b5af8414a656ace8a78c8d45a7834	Windows 11  (10.0.22631) 64bit (Editor)	True	null	null	null	null	null	null	None	0	null	0	0	null	null	null	null	null	
2024/11/23 15:52:14.348	b135e9c82f3b5af8414a656ace8a78c8d45a7834	Windows 11  (10.0.22631) 64bit (Editor)	True	null	null	null	null	null	null	None	0	null	0	0	null	null	null	null	null	
2024/11/23 15:52:14.357	b135e9c82f3b5af8414a656ace8a78c8d45a7834	Windows 11  (10.0.22631) 64bit (Editor)	True	null	null	null	null	null	null	None	0	null	0	0	null	null	null	null	null	
2024/11/23 15:52:14.364	b135e9c82f3b5af8414a656ace8a78c8d45a7834	Windows 11  (10.0.22631) 64bit (Editor)	True	null	null	null	null	null	null	None	0	null	0	0	null	null	null	null	null	
2024/11/23 15:52:14.373	b135e9c82f3b5af8414a656ace8a78c8d45a7834	Windows 11  (10.0.22631) 64bit (Editor)	True	null	null	null	null	null	null	None	0	null	0	0	null	null	null	null	null	
2024/11/23 15:52:14.381	b135e9c82f3b5af8414a656ace8a78c8d45a7834	Windows 11  (10.0.22631) 64bit (Editor)	True	null	null	null	null	null	null	None	0	null	0	0	null	null	null	null	null	
2024/11/23 15:52:14.397	b135e9c82f3b5af8414a656ace8a78c8d45a7834	Windows 11  (10.0.22631) 64bit (Editor)	True	null	null	null	null	null	null	None	0	null	0	0	null	null	null	null	null	
2024/11/23 15:52:14.406	b135e9c82f3b5af8414a656ace8a78c8d45a7834	Windows 11  (10.0.22631) 64bit (Editor)	True	null	null	null	null	null	null	None	0	null	0	0	null	null	null	null	null	
2024/11/23 15:52:14.414	b135e9c82f3b5af8414a656ace8a78c8d45a7834	Windows 11  (10.0.22631) 64bit (Editor)	True	null	null	null	null	null	null	None	0	null	0	0	null	null	null	null	null	
2024/11/23 15:52:14.421	b135e9c82f3b5af8414a656ace8a78c8d45a7834	Windows 11  (10.0.22631) 64bit (Editor)	True	null	null	null	null	null	null	None	0	null	0	0	null	null	null	null	null	
2024/11/23 15:52:14.428	b135e9c82f3b5af8414a656ace8a78c8d45a7834	Windows 11  (10.0.22631) 64bit (Editor)	True	null	null	null	null	null	null	None	0	null	0	0	null	null	null	null	null	
2024/11/23 15:52:14.436	b135e9c82f3b5af8414a656ace8a78c8d45a7834	Windows 11  (10.0.22631) 64bit (Editor)	True	null	null	null	null	null	null	None	0	null	0	0	null	null	null	null	null	
2024/11/23 15:52:14.443	b135e9c82f3b5af8414a656ace8a78c8d45a7834	Windows 11  (10.0.22631) 64bit (Editor)	True	null	null	null	null	null	null	None	0	null	0	0	null	null	null	null	null	
2024/11/23 15:52:14.451	b135e9c82f3b5af8414a656ace8a78c8d45a7834	Windows 11  (10.0.22631) 64bit (Editor)	True	null	null	null	null	null	null	None	0	null	0	0	null	null	null	null	null	
2024/11/23 15:52:14.457	b135e9c82f3b5af8414a656ace8a78c8d45a7834	Windows 11  (10.0.22631) 64bit (Editor)	True	null	null	null	null	null	null	None	0	null	0	0	null	null	null	null	null	
2024/11/23 15:52:14.464	b135e9c82f3b5af8414a656ace8a78c8d45a7834	Windows 11  (10.0.22631) 64bit (Editor)	True	null	null	null	null	null	null	None	0	null	0	0	null	null	null	null	null	
2024/11/23 15:52:14.474	b135e9c82f3b5af8414a656ace8a78c8d45a7834	Windows 11  (10.0.22631) 64bit (Editor)	True	null	null	null	null	null	null	None	0	null	0	0	null	null	null	null	null	
2024/11/23 15:52:14.481	b135e9c82f3b5af8414a656ace8a78c8d45a7834	Windows 11  (10.0.22631) 64bit (Editor)	True	null	null	null	null	null	null	None	0	null	0	0	null	null	null	null	null	
2024/11/23 15:52:14.487	b135e9c82f3b5af8414a656ace8a78c8d45a7834	Windows 11  (10.0.22631) 64bit (Editor)	True	null	null	null	null	null	null	None	0	null	0	0	null	null	null	null	null	
2024/11/23 15:52:14.494	b135e9c82f3b5af8414a656ace8a78c8d45a7834	Windows 11  (10.0.22631) 64bit (Editor)	True	null	null	null	null	null	null	None	0	null	0	0	null	null	null	null	null	
2024/11/23 15:52:14.502	b135e9c82f3b5af8414a656ace8a78c8d45a7834	Windows 11  (10.0.22631) 64bit (Editor)	True	null	null	null	null	null	null	None	0	null	0	0	null	null	null	null	null	
2024/11/23 15:52:14.508	b135e9c82f3b5af8414a656ace8a78c8d45a7834	Windows 11  (10.0.22631) 64bit (Editor)	True	null	null	null	null	null	null	None	0	null	0	0	null	null	null	null	null	
2024/11/23 15:52:14.517	b135e9c82f3b5af8414a656ace8a78c8d45a7834	Windows 11  (10.0.22631) 64bit (Editor)	True	null	null	null	null	null	null	None	0	null	0	0	null	null	null	null	null	
2024/11/23 15:52:14.524	b135e9c82f3b5af8414a656ace8a78c8d45a7834	Windows 11  (10.0.22631) 64bit (Editor)	True	null	null	null	null	null	null	None	0	null	0	0	null	null	null	null	null	
2024/11/23 15:52:14.532	b135e9c82f3b5af8414a656ace8a78c8d45a7834	Windows 11  (10.0.22631) 64bit (Editor)	True	null	null	null	null	null	null	None	0	null	0	0	null	null	null	null	null	
2024/11/23 15:52:14.548	b135e9c82f3b5af8414a656ace8a78c8d45a7834	Windows 11  (10.0.22631) 64bit (Editor)	True	null	null	null	null	null	null	None	0	null	0	0	null	null	null	null	null	
2024/11/23 15:52:14.558	b135e9c82f3b5af8414a656ace8a78c8d45a7834	Windows 11  (10.0.22631) 64bit (Editor)	True	null	null	null	null	null	null	None	0	null	0	0	null	null	null	null	null	
2024/11/23 15:52:14.564	b135e9c82f3b5af8414a656ace8a78c8d45a7834	Windows 11  (10.0.22631) 64bit (Editor)	True	null	null	null	null	null	null	None	0	null	0	0	null	null	null	null	null	
2024/11/23 15:52:14.572	b135e9c82f3b5af8414a656ace8a78c8d45a7834	Windows 11  (10.0.22631) 64bit (Editor)	True	null	null	null	null	null	null	None	0	null	0	0	null	null	null	null	null	
2024/11/23 15:52:14.580	b135e9c82f3b5af8414a656ace8a78c8d45a7834	Windows 11  (10.0.22631) 64bit (Editor)	True	null	null	null	null	null	null	None	0	null	0	0	null	null	null	null	null	
2024/11/23 15:52:14.587	b135e9c82f3b5af8414a656ace8a78c8d45a7834	Windows 11  (10.0.22631) 64bit (Editor)	True	null	null	null	null	null	null	None	0	null	0	0	null	null	null	null	null	
2024/11/23 15:52:14.594	b135e9c82f3b5af8414a656ace8a78c8d45a7834	Windows 11  (10.0.22631) 64bit (Editor)	True	null	null	null	null	null	null	None	0	null	0	0	null	null	null	null	null	
2024/11/23 15:52:14.602	b135e9c82f3b5af8414a656ace8a78c8d45a7834	Windows 11  (10.0.22631) 64bit (Editor)	True	null	null	null	null	null	null	None	0	null	0	0	null	null	null	null	null	
2024/11/23 15:52:14.608	b135e9c82f3b5af8414a656ace8a78c8d45a7834	Windows 11  (10.0.22631) 64bit (Editor)	True	null	null	null	null	null	null	None	0	null	0	0	null	null	null	null	null	
2024/11/23 15:52:14.615	b135e9c82f3b5af8414a656ace8a78c8d45a7834	Windows 11  (10.0.22631) 64bit (Editor)	True	null	null	null	null	null	null	None	0	null	0	0	null	null	null	null	null	
2024/11/23 15:52:14.623	b135e9c82f3b5af8414a656ace8a78c8d45a7834	Windows 11  (10.0.22631) 64bit (Editor)	True	null	null	null	null	null	null	None	0	null	0	0	null	null	null	null	null	
2024/11/23 15:52:14.629	b135e9c82f3b5af8414a656ace8a78c8d45a7834	Windows 11  (10.0.22631) 64bit (Editor)	True	null	null	null	null	null	null	None	0	null	0	0	null	null	null	null	null	
2024/11/23 15:52:14.637	b135e9c82f3b5af8414a656ace8a78c8d45a7834	Windows 11  (10.0.22631) 64bit (Editor)	True	null	null	null	null	null	null	None	0	null	0	0	null	null	null	null	null	
2024/11/23 15:52:14.644	b135e9c82f3b5af8414a656ace8a78c8d45a7834	Windows 11  (10.0.22631) 64bit (Editor)	True	null	null	null	null	null	null	None	0	null	0	0	null	null	null	null	null	
2024/11/23 15:52:14.651	b135e9c82f3b5af8414a656ace8a78c8d45a7834	Windows 11  (10.0.22631) 64bit (Editor)	True	null	null	null	null	null	null	None	0	null	0	0	null	null	null	null	null	
2024/11/23 15:52:14.658	b135e9c82f3b5af8414a656ace8a78c8d45a7834	Windows 11  (10.0.22631) 64bit (Editor)	True	null	null	null	null	null	null	None	0	null	0	0	null	null	null	null	null	
2024/11/23 15:52:14.666	b135e9c82f3b5af8414a656ace8a78c8d45a7834	Windows 11  (10.0.22631) 64bit (Editor)	True	null	null	null	null	null	null	None	0	null	0	0	null	null	null	null	null	
2024/11/23 15:52:14.673	b135e9c82f3b5af8414a656ace8a78c8d45a7834	Windows 11  (10.0.22631) 64bit (Editor)	True	null	null	null	null	null	null	None	0	null	0	0	null	null	null	null	null	
2024/11/23 15:52:14.680	b135e9c82f3b5af8414a656ace8a78c8d45a7834	Windows 11  (10.0.22631) 64bit (Editor)	True	null	null	null	null	null	null	None	0	null	0	0	null	null	null	null	null	
2024/11/23 15:52:14.688	b135e9c82f3b5af8414a656ace8a78c8d45a7834	Windows 11  (10.0.22631) 64bit (Editor)	True	null	null	null	null	null	null	None	0	null	0	0	null	null	null	null	null	
2024/11/23 15:52:14.705	b135e9c82f3b5af8414a656ace8a78c8d45a7834	Windows 11  (10.0.22631) 64bit (Editor)	True	null	null	null	null	null	null	None	0	null	0	0	null	null	null	null	null	
2024/11/23 15:52:14.712	b135e9c82f3b5af8414a656ace8a78c8d45a7834	Windows 11  (10.0.22631) 64bit (Editor)	True	null	null	null	null	null	null	None	0	null	0	0	null	null	null	null	null	
2024/11/23 15:52:14.720	b135e9c82f3b5af8414a656ace8a78c8d45a7834	Windows 11  (10.0.22631) 64bit (Editor)	True	null	null	null	null	null	null	None	0	null	0	0	null	null	null	null	null	
2024/11/23 15:52:14.727	b135e9c82f3b5af8414a656ace8a78c8d45a7834	Windows 11  (10.0.22631) 64bit (Editor)	True	null	null	null	null	null	null	None	0	null	0	0	null	null	null	null	null	
2024/11/23 15:52:14.735	b135e9c82f3b5af8414a656ace8a78c8d45a7834	Windows 11  (10.0.22631) 64bit (Editor)	True	null	null	null	null	null	null	None	0	null	0	0	null	null	null	null	null	
2024/11/23 15:52:14.746	b135e9c82f3b5af8414a656ace8a78c8d45a7834	Windows 11  (10.0.22631) 64bit (Editor)	True	null	null	null	null	null	null	None	0	null	0	0	null	null	null	null	null	
2024/11/23 15:52:14.753	b135e9c82f3b5af8414a656ace8a78c8d45a7834	Windows 11  (10.0.22631) 64bit (Editor)	True	null	null	null	null	null	null	None	0	null	0	0	null	null	null	null	null	
2024/11/23 15:52:14.762	b135e9c82f3b5af8414a656ace8a78c8d45a7834	Windows 11  (10.0.22631) 64bit (Editor)	True	null	null	null	null	null	null	None	0	null	0	0	null	null	null	null	null	
2024/11/23 15:52:14.768	b135e9c82f3b5af8414a656ace8a78c8d45a7834	Windows 11  (10.0.22631) 64bit (Editor)	True	null	null	null	null	null	null	None	0	null	0	0	null	null	null	null	null	
2024/11/23 15:52:14.775	b135e9c82f3b5af8414a656ace8a78c8d45a7834	Windows 11  (10.0.22631) 64bit (Editor)	True	null	null	null	null	null	null	None	0	null	0	0	null	null	null	null	null	
2024/11/23 15:52:14.789	b135e9c82f3b5af8414a656ace8a78c8d45a7834	Windows 11  (10.0.22631) 64bit (Editor)	True	null	null	null	null	null	null	None	0	null	0	0	null	null	null	null	null	
2024/11/23 15:52:14.800	b135e9c82f3b5af8414a656ace8a78c8d45a7834	Windows 11  (10.0.22631) 64bit (Editor)	True	null	null	null	null	null	null	None	0	null	0	0	null	null	null	null	null	
2024/11/23 15:52:14.810	b135e9c82f3b5af8414a656ace8a78c8d45a7834	Windows 11  (10.0.22631) 64bit (Editor)	True	null	null	null	null	null	null	None	0	null	0	0	null	null	null	null	null	
2024/11/23 15:52:14.819	b135e9c82f3b5af8414a656ace8a78c8d45a7834	Windows 11  (10.0.22631) 64bit (Editor)	True	null	null	null	null	null	null	None	0	null	0	0	null	null	null	null	null	
2024/11/23 15:52:14.826	b135e9c82f3b5af8414a656ace8a78c8d45a7834	Windows 11  (10.0.22631) 64bit (Editor)	True	null	null	null	null	null	null	None	0	null	0	0	null	null	null	null	null	
2024/11/23 15:52:14.834	b135e9c82f3b5af8414a656ace8a78c8d45a7834	Windows 11  (10.0.22631) 64bit (Editor)	True	null	null	null	null	null	null	None	0	null	0	0	null	null	null	null	null	
2024/11/23 15:52:14.843	b135e9c82f3b5af8414a656ace8a78c8d45a7834	Windows 11  (10.0.22631) 64bit (Editor)	True	null	null	null	null	null	null	None	0	null	0	0	null	null	null	null	null	
2024/11/23 15:52:14.860	b135e9c82f3b5af8414a656ace8a78c8d45a7834	Windows 11  (10.0.22631) 64bit (Editor)	True	null	null	null	null	null	null	None	0	null	0	0	null	null	null	null	null	
2024/11/23 15:52:14.866	b135e9c82f3b5af8414a656ace8a78c8d45a7834	Windows 11  (10.0.22631) 64bit (Editor)	True	null	null	null	null	null	null	None	0	null	0	0	null	null	null	null	null	
2024/11/23 15:52:14.874	b135e9c82f3b5af8414a656ace8a78c8d45a7834	Windows 11  (10.0.22631) 64bit (Editor)	True	null	null	null	null	null	null	None	0	null	0	0	null	null	null	null	null	
2024/11/23 15:52:14.881	b135e9c82f3b5af8414a656ace8a78c8d45a7834	Windows 11  (10.0.22631) 64bit (Editor)	True	null	null	null	null	null	null	None	0	null	0	0	null	null	null	null	null	
2024/11/23 15:52:14.888	b135e9c82f3b5af8414a656ace8a78c8d45a7834	Windows 11  (10.0.22631) 64bit (Editor)	True	null	null	null	null	null	null	None	0	null	0	0	null	null	null	null	null	
2024/11/23 15:52:14.895	b135e9c82f3b5af8414a656ace8a78c8d45a7834	Windows 11  (10.0.22631) 64bit (Editor)	True	null	null	null	null	null	null	None	0	null	0	0	null	null	null	null	null	
2024/11/23 15:52:14.903	b135e9c82f3b5af8414a656ace8a78c8d45a7834	Windows 11  (10.0.22631) 64bit (Editor)	True	null	null	null	null	null	null	None	0	null	0	0	null	null	null	null	null	
2024/11/23 15:52:14.909	b135e9c82f3b5af8414a656ace8a78c8d45a7834	Windows 11  (10.0.22631) 64bit (Editor)	True	null	null	null	null	null	null	None	0	null	0	0	null	null	null	null	null	
2024/11/23 15:52:14.917	b135e9c82f3b5af8414a656ace8a78c8d45a7834	Windows 11  (10.0.22631) 64bit (Editor)	True	null	null	null	null	null	null	None	0	null	0	0	null	null	null	null	null	
2024/11/23 15:52:14.923	b135e9c82f3b5af8414a656ace8a78c8d45a7834	Windows 11  (10.0.22631) 64bit (Editor)	True	null	null	null	null	null	null	None	0	null	0	0	null	null	null	null	null	
2024/11/23 15:52:14.929	b135e9c82f3b5af8414a656ace8a78c8d45a7834	Windows 11  (10.0.22631) 64bit (Editor)	True	null	null	null	null	null	null	None	0	null	0	0	null	null	null	null	null	
2024/11/23 15:52:14.937	b135e9c82f3b5af8414a656ace8a78c8d45a7834	Windows 11  (10.0.22631) 64bit (Editor)	True	null	null	null	null	null	null	None	0	null	0	0	null	null	null	null	null	
2024/11/23 15:52:14.943	b135e9c82f3b5af8414a656ace8a78c8d45a7834	Windows 11  (10.0.22631) 64bit (Editor)	True	null	null	null	null	null	null	None	0	null	0	0	null	null	null	null	null	
2024/11/23 15:52:14.950	b135e9c82f3b5af8414a656ace8a78c8d45a7834	Windows 11  (10.0.22631) 64bit (Editor)	True	null	null	null	null	null	null	None	0	null	0	0	null	null	null	null	null	
2024/11/23 15:52:14.957	b135e9c82f3b5af8414a656ace8a78c8d45a7834	Windows 11  (10.0.22631) 64bit (Editor)	True	null	null	null	null	null	null	None	0	null	0	0	null	null	null	null	null	
2024/11/23 15:52:14.964	b135e9c82f3b5af8414a656ace8a78c8d45a7834	Windows 11  (10.0.22631) 64bit (Editor)	True	null	null	null	null	null	null	None	0	null	0	0	null	null	null	null	null	
2024/11/23 15:52:14.970	b135e9c82f3b5af8414a656ace8a78c8d45a7834	Windows 11  (10.0.22631) 64bit (Editor)	True	null	null	null	null	null	null	None	0	null	0	0	null	null	null	null	null	
2024/11/23 15:52:14.977	b135e9c82f3b5af8414a656ace8a78c8d45a7834	Windows 11  (10.0.22631) 64bit (Editor)	True	null	null	null	null	null	null	None	0	null	0	0	null	null	null	null	null	
2024/11/23 15:52:14.984	b135e9c82f3b5af8414a656ace8a78c8d45a7834	Windows 11  (10.0.22631) 64bit (Editor)	True	null	null	null	null	null	null	None	0	null	0	0	null	null	null	null	null	
2024/11/23 15:52:14.990	b135e9c82f3b5af8414a656ace8a78c8d45a7834	Windows 11  (10.0.22631) 64bit (Editor)	True	null	null	null	null	null	null	None	0	null	0	0	null	null	null	null	null	
2024/11/23 15:52:14.998	b135e9c82f3b5af8414a656ace8a78c8d45a7834	Windows 11  (10.0.22631) 64bit (Editor)	True	null	null	null	null	null	null	None	0	null	0	0	null	null	null	null	null	
2024/11/23 15:52:15.017	b135e9c82f3b5af8414a656ace8a78c8d45a7834	Windows 11  (10.0.22631) 64bit (Editor)	True	null	null	null	null	null	null	None	0	null	0	0	null	null	null	null	null	
2024/11/23 15:52:15.025	b135e9c82f3b5af8414a656ace8a78c8d45a7834	Windows 11  (10.0.22631) 64bit (Editor)	True	null	null	null	null	null	null	None	0	null	0	0	null	null	null	null	null	
2024/11/23 15:52:15.032	b135e9c82f3b5af8414a656ace8a78c8d45a7834	Windows 11  (10.0.22631) 64bit (Editor)	True	null	null	null	null	null	null	None	0	null	0	0	null	null	null	null	null	
2024/11/23 15:52:15.039	b135e9c82f3b5af8414a656ace8a78c8d45a7834	Windows 11  (10.0.22631) 64bit (Editor)	True	null	null	null	null	null	null	None	0	null	0	0	null	null	null	null	null	
2024/11/23 15:52:15.047	b135e9c82f3b5af8414a656ace8a78c8d45a7834	Windows 11  (10.0.22631) 64bit (Editor)	True	null	null	null	null	null	null	None	0	null	0	0	null	null	null	null	null	
2024/11/23 15:52:15.054	b135e9c82f3b5af8414a656ace8a78c8d45a7834	Windows 11  (10.0.22631) 64bit (Editor)	True	null	null	null	null	null	null	None	0	null	0	0	null	null	null	null	null	
2024/11/23 15:52:15.062	b135e9c82f3b5af8414a656ace8a78c8d45a7834	Windows 11  (10.0.22631) 64bit (Editor)	True	null	null	null	null	null	null	None	0	null	0	0	null	null	null	null	null	
2024/11/23 15:52:15.070	b135e9c82f3b5af8414a656ace8a78c8d45a7834	Windows 11  (10.0.22631) 64bit (Editor)	True	null	null	null	null	null	null	None	0	null	0	0	null	null	null	null	null	
2024/11/23 15:52:15.079	b135e9c82f3b5af8414a656ace8a78c8d45a7834	Windows 11  (10.0.22631) 64bit (Editor)	True	null	null	null	null	null	null	None	0	null	0	0	null	null	null	null	null	
2024/11/23 15:52:15.086	b135e9c82f3b5af8414a656ace8a78c8d45a7834	Windows 11  (10.0.22631) 64bit (Editor)	True	null	null	null	null	null	null	None	0	null	0	0	null	null	null	null	null	
2024/11/23 15:52:15.093	b135e9c82f3b5af8414a656ace8a78c8d45a7834	Windows 11  (10.0.22631) 64bit (Editor)	True	null	null	null	null	null	null	None	0	null	0	0	null	null	null	null	null	
2024/11/23 15:52:15.100	b135e9c82f3b5af8414a656ace8a78c8d45a7834	Windows 11  (10.0.22631) 64bit (Editor)	True	null	null	null	null	null	null	None	0	null	0	0	null	null	null	null	null	
2024/11/23 15:52:15.107	b135e9c82f3b5af8414a656ace8a78c8d45a7834	Windows 11  (10.0.22631) 64bit (Editor)	True	null	null	null	null	null	null	None	0	null	0	0	null	null	null	null	null	
2024/11/23 15:52:15.113	b135e9c82f3b5af8414a656ace8a78c8d45a7834	Windows 11  (10.0.22631) 64bit (Editor)	True	null	null	null	null	null	null	None	0	null	0	0	null	null	null	null	null	
2024/11/23 15:52:15.122	b135e9c82f3b5af8414a656ace8a78c8d45a7834	Windows 11  (10.0.22631) 64bit (Editor)	True	null	null	null	null	null	null	None	0	null	0	0	null	null	null	null	null	
2024/11/23 15:52:15.128	b135e9c82f3b5af8414a656ace8a78c8d45a7834	Windows 11  (10.0.22631) 64bit (Editor)	True	null	null	null	null	null	null	None	0	null	0	0	null	null	null	null	null	
2024/11/23 15:52:15.135	b135e9c82f3b5af8414a656ace8a78c8d45a7834	Windows 11  (10.0.22631) 64bit (Editor)	True	null	null	null	null	null	null	None	0	null	0	0	null	null	null	null	null	
2024/11/23 15:52:15.142	b135e9c82f3b5af8414a656ace8a78c8d45a7834	Windows 11  (10.0.22631) 64bit (Editor)	True	null	null	null	null	null	null	None	0	null	0	0	null	null	null	null	null	
2024/11/23 15:52:15.149	b135e9c82f3b5af8414a656ace8a78c8d45a7834	Windows 11  (10.0.22631) 64bit (Editor)	True	null	null	null	null	null	null	None	0	null	0	0	null	null	null	null	null	
2024/11/23 15:52:15.166	b135e9c82f3b5af8414a656ace8a78c8d45a7834	Windows 11  (10.0.22631) 64bit (Editor)	True	null	null	null	null	null	null	None	0	null	0	0	null	null	null	null	null	
2024/11/23 15:52:15.174	b135e9c82f3b5af8414a656ace8a78c8d45a7834	Windows 11  (10.0.22631) 64bit (Editor)	True	null	null	null	null	null	null	None	0	null	0	0	null	null	null	null	null	
2024/11/23 15:52:15.181	b135e9c82f3b5af8414a656ace8a78c8d45a7834	Windows 11  (10.0.22631) 64bit (Editor)	True	null	null	null	null	null	null	None	0	null	0	0	null	null	null	null	null	
2024/11/23 15:52:15.188	b135e9c82f3b5af8414a656ace8a78c8d45a7834	Windows 11  (10.0.22631) 64bit (Editor)	True	null	null	null	null	null	null	None	0	null	0	0	null	null	null	null	null	
2024/11/23 15:52:15.195	b135e9c82f3b5af8414a656ace8a78c8d45a7834	Windows 11  (10.0.22631) 64bit (Editor)	True	null	null	null	null	null	null	None	0	null	0	0	null	null	null	null	null	
2024/11/23 15:52:15.202	b135e9c82f3b5af8414a656ace8a78c8d45a7834	Windows 11  (10.0.22631) 64bit (Editor)	True	null	null	null	null	null	null	None	0	null	0	0	null	null	null	null	null	
2024/11/23 15:52:15.210	b135e9c82f3b5af8414a656ace8a78c8d45a7834	Windows 11  (10.0.22631) 64bit (Editor)	True	null	null	null	null	null	null	None	0	null	0	0	null	null	null	null	null	
2024/11/23 15:52:15.218	b135e9c82f3b5af8414a656ace8a78c8d45a7834	Windows 11  (10.0.22631) 64bit (Editor)	True	null	null	null	null	null	null	None	0	null	0	0	null	null	null	null	null	
2024/11/23 15:52:15.225	b135e9c82f3b5af8414a656ace8a78c8d45a7834	Windows 11  (10.0.22631) 64bit (Editor)	True	null	null	null	null	null	null	None	0	null	0	0	null	null	null	null	null	
2024/11/23 15:52:15.232	b135e9c82f3b5af8414a656ace8a78c8d45a7834	Windows 11  (10.0.22631) 64bit (Editor)	True	null	null	null	null	null	null	None	0	null	0	0	null	null	null	null	null	
2024/11/23 15:52:15.239	b135e9c82f3b5af8414a656ace8a78c8d45a7834	Windows 11  (10.0.22631) 64bit (Editor)	True	null	null	null	null	null	null	None	0	null	0	0	null	null	null	null	null	
2024/11/23 15:52:15.247	b135e9c82f3b5af8414a656ace8a78c8d45a7834	Windows 11  (10.0.22631) 64bit (Editor)	True	null	null	null	null	null	null	None	0	null	0	0	null	null	null	null	null	
2024/11/23 15:52:15.253	b135e9c82f3b5af8414a656ace8a78c8d45a7834	Windows 11  (10.0.22631) 64bit (Editor)	True	null	null	null	null	null	null	None	0	null	0	0	null	null	null	null	null	
2024/11/23 15:52:15.260	b135e9c82f3b5af8414a656ace8a78c8d45a7834	Windows 11  (10.0.22631) 64bit (Editor)	True	null	null	null	null	null	null	None	0	null	0	0	null	null	null	null	null	
2024/11/23 15:52:15.267	b135e9c82f3b5af8414a656ace8a78c8d45a7834	Windows 11  (10.0.22631) 64bit (Editor)	True	null	null	null	null	null	null	None	0	null	0	0	null	null	null	null	null	
2024/11/23 15:52:15.273	b135e9c82f3b5af8414a656ace8a78c8d45a7834	Windows 11  (10.0.22631) 64bit (Editor)	True	null	null	null	null	null	null	None	0	null	0	0	null	null	null	null	null	
2024/11/23 15:52:15.281	b135e9c82f3b5af8414a656ace8a78c8d45a7834	Windows 11  (10.0.22631) 64bit (Editor)	True	null	null	null	null	null	null	None	0	null	0	0	null	null	null	null	null	
2024/11/23 15:52:15.287	b135e9c82f3b5af8414a656ace8a78c8d45a7834	Windows 11  (10.0.22631) 64bit (Editor)	True	null	null	null	null	null	null	None	0	null	0	0	null	null	null	null	null	
2024/11/23 15:52:15.294	b135e9c82f3b5af8414a656ace8a78c8d45a7834	Windows 11  (10.0.22631) 64bit (Editor)	True	null	null	null	null	null	null	None	0	null	0	0	null	null	null	null	null	
2024/11/23 15:52:15.302	b135e9c82f3b5af8414a656ace8a78c8d45a7834	Windows 11  (10.0.22631) 64bit (Editor)	True	null	null	null	null	null	null	None	0	null	0	0	null	null	null	null	null	
2024/11/23 15:52:15.317	b135e9c82f3b5af8414a656ace8a78c8d45a7834	Windows 11  (10.0.22631) 64bit (Editor)	True	null	null	null	null	null	null	None	0	null	0	0	null	null	null	null	null	
2024/11/23 15:52:15.326	b135e9c82f3b5af8414a656ace8a78c8d45a7834	Windows 11  (10.0.22631) 64bit (Editor)	True	null	null	null	null	null	null	None	0	null	0	0	null	null	null	null	null	
2024/11/23 15:52:15.333	b135e9c82f3b5af8414a656ace8a78c8d45a7834	Windows 11  (10.0.22631) 64bit (Editor)	True	null	null	null	null	null	null	None	0	null	0	0	null	null	null	null	null	
2024/11/23 15:52:15.342	b135e9c82f3b5af8414a656ace8a78c8d45a7834	Windows 11  (10.0.22631) 64bit (Editor)	True	null	null	null	null	null	null	None	0	null	0	0	null	null	null	null	null	
2024/11/23 15:52:15.348	b135e9c82f3b5af8414a656ace8a78c8d45a7834	Windows 11  (10.0.22631) 64bit (Editor)	True	null	null	null	null	null	null	None	0	null	0	0	null	null	null	null	null	
2024/11/23 15:52:15.356	b135e9c82f3b5af8414a656ace8a78c8d45a7834	Windows 11  (10.0.22631) 64bit (Editor)	True	null	null	null	null	null	null	None	0	null	0	0	null	null	null	null	null	
2024/11/23 15:52:15.363	b135e9c82f3b5af8414a656ace8a78c8d45a7834	Windows 11  (10.0.22631) 64bit (Editor)	True	null	null	null	null	null	null	None	0	null	0	0	null	null	null	null	null	
2024/11/23 15:52:15.369	b135e9c82f3b5af8414a656ace8a78c8d45a7834	Windows 11  (10.0.22631) 64bit (Editor)	True	null	null	null	null	null	null	None	0	null	0	0	null	null	null	null	null	
2024/11/23 15:52:15.377	b135e9c82f3b5af8414a656ace8a78c8d45a7834	Windows 11  (10.0.22631) 64bit (Editor)	True	null	null	null	null	null	null	None	0	null	0	0	null	null	null	null	null	
2024/11/23 15:52:15.384	b135e9c82f3b5af8414a656ace8a78c8d45a7834	Windows 11  (10.0.22631) 64bit (Editor)	True	null	null	null	null	null	null	None	0	null	0	0	null	null	null	null	null	
2024/11/23 15:52:15.392	b135e9c82f3b5af8414a656ace8a78c8d45a7834	Windows 11  (10.0.22631) 64bit (Editor)	True	null	null	null	null	null	null	None	0	null	0	0	null	null	null	null	null	
2024/11/23 15:52:15.399	b135e9c82f3b5af8414a656ace8a78c8d45a7834	Windows 11  (10.0.22631) 64bit (Editor)	True	null	null	null	null	null	null	None	0	null	0	0	null	null	null	null	null	
2024/11/23 15:52:15.406	b135e9c82f3b5af8414a656ace8a78c8d45a7834	Windows 11  (10.0.22631) 64bit (Editor)	True	null	null	null	null	null	null	None	0	null	0	0	null	null	null	null	null	
2024/11/23 15:52:15.413	b135e9c82f3b5af8414a656ace8a78c8d45a7834	Windows 11  (10.0.22631) 64bit (Editor)	True	null	null	null	null	null	null	None	0	null	0	0	null	null	null	null	null	
2024/11/23 15:52:15.421	b135e9c82f3b5af8414a656ace8a78c8d45a7834	Windows 11  (10.0.22631) 64bit (Editor)	True	null	null	null	null	null	null	None	0	null	0	0	null	null	null	null	null	
2024/11/23 15:52:15.427	b135e9c82f3b5af8414a656ace8a78c8d45a7834	Windows 11  (10.0.22631) 64bit (Editor)	True	null	null	null	null	null	null	None	0	null	0	0	null	null	null	null	null	
2024/11/23 15:52:15.437	b135e9c82f3b5af8414a656ace8a78c8d45a7834	Windows 11  (10.0.22631) 64bit (Editor)	True	null	null	null	null	null	null	None	0	null	0	0	null	null	null	null	null	
2024/11/23 15:52:15.444	b135e9c82f3b5af8414a656ace8a78c8d45a7834	Windows 11  (10.0.22631) 64bit (Editor)	True	null	null	null	null	null	null	None	0	null	0	0	null	null	null	null	null	
2024/11/23 15:52:15.451	b135e9c82f3b5af8414a656ace8a78c8d45a7834	Windows 11  (10.0.22631) 64bit (Editor)	True	null	null	null	null	null	null	None	0	null	0	0	null	null	null	null	null	
2024/11/23 15:52:15.470	b135e9c82f3b5af8414a656ace8a78c8d45a7834	Windows 11  (10.0.22631) 64bit (Editor)	True	null	null	null	null	null	null	None	0	null	0	0	null	null	null	null	null	
2024/11/23 15:52:15.478	b135e9c82f3b5af8414a656ace8a78c8d45a7834	Windows 11  (10.0.22631) 64bit (Editor)	True	null	null	null	null	null	null	None	0	null	0	0	null	null	null	null	null	
2024/11/23 15:52:15.487	b135e9c82f3b5af8414a656ace8a78c8d45a7834	Windows 11  (10.0.22631) 64bit (Editor)	True	null	null	null	null	null	null	None	0	null	0	0	null	null	null	null	null	
2024/11/23 15:52:15.495	b135e9c82f3b5af8414a656ace8a78c8d45a7834	Windows 11  (10.0.22631) 64bit (Editor)	True	null	null	null	null	null	null	None	0	null	0	0	null	null	null	null	null	
2024/11/23 15:52:15.502	b135e9c82f3b5af8414a656ace8a78c8d45a7834	Windows 11  (10.0.22631) 64bit (Editor)	True	null	null	null	null	null	null	None	0	null	0	0	null	null	null	null	null	
2024/11/23 15:52:15.515	b135e9c82f3b5af8414a656ace8a78c8d45a7834	Windows 11  (10.0.22631) 64bit (Editor)	True	null	null	null	null	null	null	None	0	null	0	0	null	null	null	null	null	
2024/11/23 15:52:15.528	b135e9c82f3b5af8414a656ace8a78c8d45a7834	Windows 11  (10.0.22631) 64bit (Editor)	True	null	null	null	null	null	null	None	0	null	0	0	null	null	null	null	null	
2024/11/23 15:52:15.541	b135e9c82f3b5af8414a656ace8a78c8d45a7834	Windows 11  (10.0.22631) 64bit (Editor)	True	null	null	null	null	null	null	None	0	null	0	0	null	null	null	null	null	
2024/11/23 15:52:15.549	b135e9c82f3b5af8414a656ace8a78c8d45a7834	Windows 11  (10.0.22631) 64bit (Editor)	True	null	null	null	null	null	null	None	0	null	0	0	null	null	null	null	null	
2024/11/23 15:52:15.562	b135e9c82f3b5af8414a656ace8a78c8d45a7834	Windows 11  (10.0.22631) 64bit (Editor)	True	null	null	null	null	null	null	None	0	null	0	0	null	null	null	null	null	
2024/11/23 15:52:15.571	b135e9c82f3b5af8414a656ace8a78c8d45a7834	Windows 11  (10.0.22631) 64bit (Editor)	True	null	null	null	null	null	null	None	0	null	0	0	null	null	null	null	null	
2024/11/23 15:52:15.578	b135e9c82f3b5af8414a656ace8a78c8d45a7834	Windows 11  (10.0.22631) 64bit (Editor)	True	null	null	null	null	null	null	None	0	null	0	0	null	null	null	null	null	
2024/11/23 15:52:15.586	b135e9c82f3b5af8414a656ace8a78c8d45a7834	Windows 11  (10.0.22631) 64bit (Editor)	True	null	null	null	null	null	null	None	0	null	0	0	null	null	null	null	null	
2024/11/23 15:52:15.593	b135e9c82f3b5af8414a656ace8a78c8d45a7834	Windows 11  (10.0.22631) 64bit (Editor)	True	null	null	null	null	null	null	None	0	null	0	0	null	null	null	null	null	
2024/11/23 15:52:15.602	b135e9c82f3b5af8414a656ace8a78c8d45a7834	Windows 11  (10.0.22631) 64bit (Editor)	True	null	null	null	null	null	null	None	0	null	0	0	null	null	null	null	null	
2024/11/23 15:52:15.622	b135e9c82f3b5af8414a656ace8a78c8d45a7834	Windows 11  (10.0.22631) 64bit (Editor)	True	null	null	null	null	null	null	None	0	null	0	0	null	null	null	null	null	
2024/11/23 15:52:15.629	b135e9c82f3b5af8414a656ace8a78c8d45a7834	Windows 11  (10.0.22631) 64bit (Editor)	True	null	null	null	null	null	null	None	0	null	0	0	null	null	null	null	null	
2024/11/23 15:52:15.637	b135e9c82f3b5af8414a656ace8a78c8d45a7834	Windows 11  (10.0.22631) 64bit (Editor)	True	null	null	null	null	null	null	None	0	null	0	0	null	null	null	null	null	
2024/11/23 15:52:15.643	b135e9c82f3b5af8414a656ace8a78c8d45a7834	Windows 11  (10.0.22631) 64bit (Editor)	True	null	null	null	null	null	null	None	0	null	0	0	null	null	null	null	null	
2024/11/23 15:52:15.651	b135e9c82f3b5af8414a656ace8a78c8d45a7834	Windows 11  (10.0.22631) 64bit (Editor)	True	null	null	null	null	null	null	None	0	null	0	0	null	null	null	null	null	
2024/11/23 15:52:15.658	b135e9c82f3b5af8414a656ace8a78c8d45a7834	Windows 11  (10.0.22631) 64bit (Editor)	True	null	null	null	null	null	null	None	0	null	0	0	null	null	null	null	null	
2024/11/23 15:52:15.666	b135e9c82f3b5af8414a656ace8a78c8d45a7834	Windows 11  (10.0.22631) 64bit (Editor)	True	null	null	null	null	null	null	None	0	null	0	0	null	null	null	null	null	
2024/11/23 15:52:15.673	b135e9c82f3b5af8414a656ace8a78c8d45a7834	Windows 11  (10.0.22631) 64bit (Editor)	True	null	null	null	null	null	null	None	0	null	0	0	null	null	null	null	null	
2024/11/23 15:52:15.681	b135e9c82f3b5af8414a656ace8a78c8d45a7834	Windows 11  (10.0.22631) 64bit (Editor)	True	null	null	null	null	null	null	None	0	null	0	0	null	null	null	null	null	
2024/11/23 15:52:15.689	b135e9c82f3b5af8414a656ace8a78c8d45a7834	Windows 11  (10.0.22631) 64bit (Editor)	True	null	null	null	null	null	null	None	0	null	0	0	null	null	null	null	null	
2024/11/23 15:52:15.697	b135e9c82f3b5af8414a656ace8a78c8d45a7834	Windows 11  (10.0.22631) 64bit (Editor)	True	null	null	null	null	null	null	None	0	null	0	0	null	null	null	null	null	
2024/11/23 15:52:15.704	b135e9c82f3b5af8414a656ace8a78c8d45a7834	Windows 11  (10.0.22631) 64bit (Editor)	True	null	null	null	null	null	null	None	0	null	0	0	null	null	null	null	null	
2024/11/23 15:52:15.710	b135e9c82f3b5af8414a656ace8a78c8d45a7834	Windows 11  (10.0.22631) 64bit (Editor)	True	null	null	null	null	null	null	None	0	null	0	0	null	null	null	null	null	
2024/11/23 15:52:15.717	b135e9c82f3b5af8414a656ace8a78c8d45a7834	Windows 11  (10.0.22631) 64bit (Editor)	True	null	null	null	null	null	null	None	0	null	0	0	null	null	null	null	null	
2024/11/23 15:52:15.725	b135e9c82f3b5af8414a656ace8a78c8d45a7834	Windows 11  (10.0.22631) 64bit (Editor)	True	null	null	null	null	null	null	None	0	null	0	0	null	null	null	null	null	
2024/11/23 15:52:15.732	b135e9c82f3b5af8414a656ace8a78c8d45a7834	Windows 11  (10.0.22631) 64bit (Editor)	True	null	null	null	null	null	null	None	0	null	0	0	null	null	null	null	null	
2024/11/23 15:52:15.740	b135e9c82f3b5af8414a656ace8a78c8d45a7834	Windows 11  (10.0.22631) 64bit (Editor)	True	null	null	null	null	null	null	None	0	null	0	0	null	null	null	null	null	
2024/11/23 15:52:15.746	b135e9c82f3b5af8414a656ace8a78c8d45a7834	Windows 11  (10.0.22631) 64bit (Editor)	True	null	null	null	null	null	null	None	0	null	0	0	null	null	null	null	null	
2024/11/23 15:52:15.754	b135e9c82f3b5af8414a656ace8a78c8d45a7834	Windows 11  (10.0.22631) 64bit (Editor)	True	null	null	null	null	null	null	None	0	null	0	0	null	null	null	null	null	
2024/11/23 15:52:15.772	b135e9c82f3b5af8414a656ace8a78c8d45a7834	Windows 11  (10.0.22631) 64bit (Editor)	True	null	null	null	null	null	null	None	0	null	0	0	null	null	null	null	null	
2024/11/23 15:52:15.780	b135e9c82f3b5af8414a656ace8a78c8d45a7834	Windows 11  (10.0.22631) 64bit (Editor)	True	null	null	null	null	null	null	None	0	null	0	0	null	null	null	null	null	
2024/11/23 15:52:15.787	b135e9c82f3b5af8414a656ace8a78c8d45a7834	Windows 11  (10.0.22631) 64bit (Editor)	True	null	null	null	null	null	null	None	0	null	0	0	null	null	null	null	null	
2024/11/23 15:52:15.794	b135e9c82f3b5af8414a656ace8a78c8d45a7834	Windows 11  (10.0.22631) 64bit (Editor)	True	null	null	null	null	null	null	None	0	null	0	0	null	null	null	null	null	
2024/11/23 15:52:15.801	b135e9c82f3b5af8414a656ace8a78c8d45a7834	Windows 11  (10.0.22631) 64bit (Editor)	True	null	null	null	null	null	null	None	0	null	0	0	null	null	null	null	null	
2024/11/23 15:52:15.808	b135e9c82f3b5af8414a656ace8a78c8d45a7834	Windows 11  (10.0.22631) 64bit (Editor)	True	null	null	null	null	null	null	None	0	null	0	0	null	null	null	null	null	
2024/11/23 15:52:15.814	b135e9c82f3b5af8414a656ace8a78c8d45a7834	Windows 11  (10.0.22631) 64bit (Editor)	True	null	null	null	null	null	null	None	0	null	0	0	null	null	null	null	null	
2024/11/23 15:52:15.822	b135e9c82f3b5af8414a656ace8a78c8d45a7834	Windows 11  (10.0.22631) 64bit (Editor)	True	null	null	null	null	null	null	None	0	null	0	0	null	null	null	null	null	
2024/11/23 15:52:15.827	b135e9c82f3b5af8414a656ace8a78c8d45a7834	Windows 11  (10.0.22631) 64bit (Editor)	True	null	null	null	null	null	null	None	0	null	0	0	null	null	null	null	null	
2024/11/23 15:52:15.834	b135e9c82f3b5af8414a656ace8a78c8d45a7834	Windows 11  (10.0.22631) 64bit (Editor)	True	null	null	null	null	null	null	None	0	null	0	0	null	null	null	null	null	
2024/11/23 15:52:15.840	b135e9c82f3b5af8414a656ace8a78c8d45a7834	Windows 11  (10.0.22631) 64bit (Editor)	True	null	null	null	null	null	null	None	0	null	0	0	null	null	null	null	null	
2024/11/23 15:52:15.848	b135e9c82f3b5af8414a656ace8a78c8d45a7834	Windows 11  (10.0.22631) 64bit (Editor)	True	null	null	null	null	null	null	None	0	null	0	0	null	null	null	null	null	
2024/11/23 15:52:15.855	b135e9c82f3b5af8414a656ace8a78c8d45a7834	Windows 11  (10.0.22631) 64bit (Editor)	True	null	null	null	null	null	null	None	0	null	0	0	null	null	null	null	null	
2024/11/23 15:52:15.861	b135e9c82f3b5af8414a656ace8a78c8d45a7834	Windows 11  (10.0.22631) 64bit (Editor)	True	null	null	null	null	null	null	None	0	null	0	0	null	null	null	null	null	
2024/11/23 15:52:15.872	b135e9c82f3b5af8414a656ace8a78c8d45a7834	Windows 11  (10.0.22631) 64bit (Editor)	True	null	null	null	null	null	null	None	0	null	0	0	null	null	null	null	null	
2024/11/23 15:52:15.880	b135e9c82f3b5af8414a656ace8a78c8d45a7834	Windows 11  (10.0.22631) 64bit (Editor)	True	null	null	null	null	null	null	None	0	null	0	0	null	null	null	null	null	
2024/11/23 15:52:15.887	b135e9c82f3b5af8414a656ace8a78c8d45a7834	Windows 11  (10.0.22631) 64bit (Editor)	True	null	null	null	null	null	null	None	0	null	0	0	null	null	null	null	null	
2024/11/23 15:52:15.897	b135e9c82f3b5af8414a656ace8a78c8d45a7834	Windows 11  (10.0.22631) 64bit (Editor)	True	null	null	null	null	null	null	None	0	null	0	0	null	null	null	null	null	
2024/11/23 15:52:15.906	b135e9c82f3b5af8414a656ace8a78c8d45a7834	Windows 11  (10.0.22631) 64bit (Editor)	True	null	null	null	null	null	null	None	0	null	0	0	null	null	null	null	null	
2024/11/23 15:52:15.924	b135e9c82f3b5af8414a656ace8a78c8d45a7834	Windows 11  (10.0.22631) 64bit (Editor)	True	null	null	null	null	null	null	None	0	null	0	0	null	null	null	null	null	
2024/11/23 15:52:15.931	b135e9c82f3b5af8414a656ace8a78c8d45a7834	Windows 11  (10.0.22631) 64bit (Editor)	True	null	null	null	null	null	null	None	0	null	0	0	null	null	null	null	null	
2024/11/23 15:52:15.939	b135e9c82f3b5af8414a656ace8a78c8d45a7834	Windows 11  (10.0.22631) 64bit (Editor)	True	null	null	null	null	null	null	None	0	null	0	0	null	null	null	null	null	
2024/11/23 15:52:15.946	b135e9c82f3b5af8414a656ace8a78c8d45a7834	Windows 11  (10.0.22631) 64bit (Editor)	True	null	null	null	null	null	null	None	0	null	0	0	null	null	null	null	null	
2024/11/23 15:52:15.953	b135e9c82f3b5af8414a656ace8a78c8d45a7834	Windows 11  (10.0.22631) 64bit (Editor)	True	null	null	null	null	null	null	None	0	null	0	0	null	null	null	null	null	
2024/11/23 15:52:15.961	b135e9c82f3b5af8414a656ace8a78c8d45a7834	Windows 11  (10.0.22631) 64bit (Editor)	True	null	null	null	null	null	null	None	0	null	0	0	null	null	null	null	null	
2024/11/23 15:52:15.967	b135e9c82f3b5af8414a656ace8a78c8d45a7834	Windows 11  (10.0.22631) 64bit (Editor)	True	null	null	null	null	null	null	None	0	null	0	0	null	null	null	null	null	
2024/11/23 15:52:15.974	b135e9c82f3b5af8414a656ace8a78c8d45a7834	Windows 11  (10.0.22631) 64bit (Editor)	True	null	null	null	null	null	null	None	0	null	0	0	null	null	null	null	null	
2024/11/23 15:52:15.982	b135e9c82f3b5af8414a656ace8a78c8d45a7834	Windows 11  (10.0.22631) 64bit (Editor)	True	null	null	null	null	null	null	None	0	null	0	0	null	null	null	null	null	
2024/11/23 15:52:15.989	b135e9c82f3b5af8414a656ace8a78c8d45a7834	Windows 11  (10.0.22631) 64bit (Editor)	True	null	null	null	null	null	null	None	0	null	0	0	null	null	null	null	null	
2024/11/23 15:52:15.997	b135e9c82f3b5af8414a656ace8a78c8d45a7834	Windows 11  (10.0.22631) 64bit (Editor)	True	null	null	null	null	null	null	None	0	null	0	0	null	null	null	null	null	
2024/11/23 15:52:16.004	b135e9c82f3b5af8414a656ace8a78c8d45a7834	Windows 11  (10.0.22631) 64bit (Editor)	True	null	null	null	null	null	null	None	0	null	0	0	null	null	null	null	null	
2024/11/23 15:52:16.011	b135e9c82f3b5af8414a656ace8a78c8d45a7834	Windows 11  (10.0.22631) 64bit (Editor)	True	null	null	null	null	null	null	None	0	null	0	0	null	null	null	null	null	
2024/11/23 15:52:16.018	b135e9c82f3b5af8414a656ace8a78c8d45a7834	Windows 11  (10.0.22631) 64bit (Editor)	True	null	null	null	null	null	null	None	0	null	0	0	null	null	null	null	null	
2024/11/23 15:52:16.025	b135e9c82f3b5af8414a656ace8a78c8d45a7834	Windows 11  (10.0.22631) 64bit (Editor)	True	null	null	null	null	null	null	None	0	null	0	0	null	null	null	null	null	
2024/11/23 15:52:16.032	b135e9c82f3b5af8414a656ace8a78c8d45a7834	Windows 11  (10.0.22631) 64bit (Editor)	True	null	null	null	null	null	null	None	0	null	0	0	null	null	null	null	null	
2024/11/23 15:52:16.039	b135e9c82f3b5af8414a656ace8a78c8d45a7834	Windows 11  (10.0.22631) 64bit (Editor)	True	null	null	null	null	null	null	None	0	null	0	0	null	null	null	null	null	
2024/11/23 15:52:16.045	b135e9c82f3b5af8414a656ace8a78c8d45a7834	Windows 11  (10.0.22631) 64bit (Editor)	True	null	null	null	null	null	null	None	0	null	0	0	null	null	null	null	null	
2024/11/23 15:52:16.052	b135e9c82f3b5af8414a656ace8a78c8d45a7834	Windows 11  (10.0.22631) 64bit (Editor)	True	null	null	null	null	null	null	None	0	null	0	0	null	null	null	null	null	
2024/11/23 15:52:16.059	b135e9c82f3b5af8414a656ace8a78c8d45a7834	Windows 11  (10.0.22631) 64bit (Editor)	True	null	null	null	null	null	null	None	0	null	0	0	null	null	null	null	null	
2024/11/23 15:52:16.077	b135e9c82f3b5af8414a656ace8a78c8d45a7834	Windows 11  (10.0.22631) 64bit (Editor)	True	null	null	null	null	null	null	None	0	null	0	0	null	null	null	null	null	
2024/11/23 15:52:16.085	b135e9c82f3b5af8414a656ace8a78c8d45a7834	Windows 11  (10.0.22631) 64bit (Editor)	True	null	null	null	null	null	null	None	0	null	0	0	null	null	null	null	null	
2024/11/23 15:52:16.093	b135e9c82f3b5af8414a656ace8a78c8d45a7834	Windows 11  (10.0.22631) 64bit (Editor)	True	null	null	null	null	null	null	None	0	null	0	0	null	null	null	null	null	
2024/11/23 15:52:16.100	b135e9c82f3b5af8414a656ace8a78c8d45a7834	Windows 11  (10.0.22631) 64bit (Editor)	True	null	null	null	null	null	null	None	0	null	0	0	null	null	null	null	null	
2024/11/23 15:52:16.107	b135e9c82f3b5af8414a656ace8a78c8d45a7834	Windows 11  (10.0.22631) 64bit (Editor)	True	null	null	null	null	null	null	None	0	null	0	0	null	null	null	null	null	
2024/11/23 15:52:16.115	b135e9c82f3b5af8414a656ace8a78c8d45a7834	Windows 11  (10.0.22631) 64bit (Editor)	True	null	null	null	null	null	null	None	0	null	0	0	null	null	null	null	null	
2024/11/23 15:52:16.122	b135e9c82f3b5af8414a656ace8a78c8d45a7834	Windows 11  (10.0.22631) 64bit (Editor)	True	null	null	null	null	null	null	None	0	null	0	0	null	null	null	null	null	
2024/11/23 15:52:16.129	b135e9c82f3b5af8414a656ace8a78c8d45a7834	Windows 11  (10.0.22631) 64bit (Editor)	True	null	null	null	null	null	null	None	0	null	0	0	null	null	null	null	null	
2024/11/23 15:52:16.136	b135e9c82f3b5af8414a656ace8a78c8d45a7834	Windows 11  (10.0.22631) 64bit (Editor)	True	null	null	null	null	null	null	None	0	null	0	0	null	null	null	null	null	
2024/11/23 15:52:16.143	b135e9c82f3b5af8414a656ace8a78c8d45a7834	Windows 11  (10.0.22631) 64bit (Editor)	True	null	null	null	null	null	null	None	0	null	0	0	null	null	null	null	null	
2024/11/23 15:52:16.150	b135e9c82f3b5af8414a656ace8a78c8d45a7834	Windows 11  (10.0.22631) 64bit (Editor)	True	null	null	null	null	null	null	None	0	null	0	0	null	null	null	null	null	
2024/11/23 15:52:16.156	b135e9c82f3b5af8414a656ace8a78c8d45a7834	Windows 11  (10.0.22631) 64bit (Editor)	True	null	null	null	null	null	null	None	0	null	0	0	null	null	null	null	null	
2024/11/23 15:52:16.163	b135e9c82f3b5af8414a656ace8a78c8d45a7834	Windows 11  (10.0.22631) 64bit (Editor)	True	null	null	null	null	null	null	None	0	null	0	0	null	null	null	null	null	
2024/11/23 15:52:16.169	b135e9c82f3b5af8414a656ace8a78c8d45a7834	Windows 11  (10.0.22631) 64bit (Editor)	True	null	null	null	null	null	null	None	0	null	0	0	null	null	null	null	null	
2024/11/23 15:52:16.176	b135e9c82f3b5af8414a656ace8a78c8d45a7834	Windows 11  (10.0.22631) 64bit (Editor)	True	null	null	null	null	null	null	None	0	null	0	0	null	null	null	null	null	
2024/11/23 15:52:16.183	b135e9c82f3b5af8414a656ace8a78c8d45a7834	Windows 11  (10.0.22631) 64bit (Editor)	True	null	null	null	null	null	null	None	0	null	0	0	null	null	null	null	null	
2024/11/23 15:52:16.190	b135e9c82f3b5af8414a656ace8a78c8d45a7834	Windows 11  (10.0.22631) 64bit (Editor)	True	null	null	null	null	null	null	None	0	null	0	0	null	null	null	null	null	
2024/11/23 15:52:16.197	b135e9c82f3b5af8414a656ace8a78c8d45a7834	Windows 11  (10.0.22631) 64bit (Editor)	True	null	null	null	null	null	null	None	0	null	0	0	null	null	null	null	null	
2024/11/23 15:52:16.203	b135e9c82f3b5af8414a656ace8a78c8d45a7834	Windows 11  (10.0.22631) 64bit (Editor)	True	null	null	null	null	null	null	None	0	null	0	0	null	null	null	null	null	
2024/11/23 15:52:16.210	b135e9c82f3b5af8414a656ace8a78c8d45a7834	Windows 11  (10.0.22631) 64bit (Editor)	True	null	null	null	null	null	null	None	0	null	0	0	null	null	null	null	null	
2024/11/23 15:52:16.226	b135e9c82f3b5af8414a656ace8a78c8d45a7834	Windows 11  (10.0.22631) 64bit (Editor)	True	null	null	null	null	null	null	None	0	null	0	0	null	null	null	null	null	
2024/11/23 15:52:16.233	b135e9c82f3b5af8414a656ace8a78c8d45a7834	Windows 11  (10.0.22631) 64bit (Editor)	True	null	null	null	null	null	null	None	0	null	0	0	null	null	null	null	null	
2024/11/23 15:52:16.240	b135e9c82f3b5af8414a656ace8a78c8d45a7834	Windows 11  (10.0.22631) 64bit (Editor)	True	null	null	null	null	null	null	None	0	null	0	0	null	null	null	null	null	
2024/11/23 15:52:16.247	b135e9c82f3b5af8414a656ace8a78c8d45a7834	Windows 11  (10.0.22631) 64bit (Editor)	True	null	null	null	null	null	null	None	0	null	0	0	null	null	null	null	null	
2024/11/23 15:52:16.255	b135e9c82f3b5af8414a656ace8a78c8d45a7834	Windows 11  (10.0.22631) 64bit (Editor)	True	null	null	null	null	null	null	None	0	null	0	0	null	null	null	null	null	
2024/11/23 15:52:16.262	b135e9c82f3b5af8414a656ace8a78c8d45a7834	Windows 11  (10.0.22631) 64bit (Editor)	True	null	null	null	null	null	null	None	0	null	0	0	null	null	null	null	null	
2024/11/23 15:52:16.268	b135e9c82f3b5af8414a656ace8a78c8d45a7834	Windows 11  (10.0.22631) 64bit (Editor)	True	null	null	null	null	null	null	None	0	null	0	0	null	null	null	null	null	
2024/11/23 15:52:16.276	b135e9c82f3b5af8414a656ace8a78c8d45a7834	Windows 11  (10.0.22631) 64bit (Editor)	True	null	null	null	null	null	null	None	0	null	0	0	null	null	null	null	null	
2024/11/23 15:52:16.284	b135e9c82f3b5af8414a656ace8a78c8d45a7834	Windows 11  (10.0.22631) 64bit (Editor)	True	null	null	null	null	null	null	None	0	null	0	0	null	null	null	null	null	
2024/11/23 15:52:16.290	b135e9c82f3b5af8414a656ace8a78c8d45a7834	Windows 11  (10.0.22631) 64bit (Editor)	True	null	null	null	null	null	null	None	0	null	0	0	null	null	null	null	null	
2024/11/23 15:52:16.297	b135e9c82f3b5af8414a656ace8a78c8d45a7834	Windows 11  (10.0.22631) 64bit (Editor)	True	null	null	null	null	null	null	None	0	null	0	0	null	null	null	null	null	
2024/11/23 15:52:16.304	b135e9c82f3b5af8414a656ace8a78c8d45a7834	Windows 11  (10.0.22631) 64bit (Editor)	True	null	null	null	null	null	null	None	0	null	0	0	null	null	null	null	null	
2024/11/23 15:52:16.310	b135e9c82f3b5af8414a656ace8a78c8d45a7834	Windows 11  (10.0.22631) 64bit (Editor)	True	null	null	null	null	null	null	None	0	null	0	0	null	null	null	null	null	
2024/11/23 15:52:16.317	b135e9c82f3b5af8414a656ace8a78c8d45a7834	Windows 11  (10.0.22631) 64bit (Editor)	True	null	null	null	null	null	null	None	0	null	0	0	null	null	null	null	null	
2024/11/23 15:52:16.325	b135e9c82f3b5af8414a656ace8a78c8d45a7834	Windows 11  (10.0.22631) 64bit (Editor)	True	null	null	null	null	null	null	None	0	null	0	0	null	null	null	null	null	
2024/11/23 15:52:16.331	b135e9c82f3b5af8414a656ace8a78c8d45a7834	Windows 11  (10.0.22631) 64bit (Editor)	True	null	null	null	null	null	null	None	0	null	0	0	null	null	null	null	null	
2024/11/23 15:52:16.338	b135e9c82f3b5af8414a656ace8a78c8d45a7834	Windows 11  (10.0.22631) 64bit (Editor)	True	null	null	null	null	null	null	None	0	null	0	0	null	null	null	null	null	
2024/11/23 15:52:16.347	b135e9c82f3b5af8414a656ace8a78c8d45a7834	Windows 11  (10.0.22631) 64bit (Editor)	True	null	null	null	null	null	null	None	0	null	0	0	null	null	null	null	null	
2024/11/23 15:52:16.354	b135e9c82f3b5af8414a656ace8a78c8d45a7834	Windows 11  (10.0.22631) 64bit (Editor)	True	null	null	null	null	null	null	None	0	null	0	0	null	null	null	null	null	
2024/11/23 15:52:16.360	b135e9c82f3b5af8414a656ace8a78c8d45a7834	Windows 11  (10.0.22631) 64bit (Editor)	True	null	null	null	null	null	null	None	0	null	0	0	null	null	null	null	null	
2024/11/23 15:52:16.378	b135e9c82f3b5af8414a656ace8a78c8d45a7834	Windows 11  (10.0.22631) 64bit (Editor)	True	null	null	null	null	null	null	None	0	null	0	0	null	null	null	null	null	
2024/11/23 15:52:16.387	b135e9c82f3b5af8414a656ace8a78c8d45a7834	Windows 11  (10.0.22631) 64bit (Editor)	True	null	null	null	null	null	null	None	0	null	0	0	null	null	null	null	null	
2024/11/23 15:52:16.395	b135e9c82f3b5af8414a656ace8a78c8d45a7834	Windows 11  (10.0.22631) 64bit (Editor)	True	null	null	null	null	null	null	None	0	null	0	0	null	null	null	null	null	
2024/11/23 15:52:16.403	b135e9c82f3b5af8414a656ace8a78c8d45a7834	Windows 11  (10.0.22631) 64bit (Editor)	True	null	null	null	null	null	null	None	0	null	0	0	null	null	null	null	null	
2024/11/23 15:52:16.410	b135e9c82f3b5af8414a656ace8a78c8d45a7834	Windows 11  (10.0.22631) 64bit (Editor)	True	null	null	null	null	null	null	None	0	null	0	0	null	null	null	null	null	
2024/11/23 15:52:16.417	b135e9c82f3b5af8414a656ace8a78c8d45a7834	Windows 11  (10.0.22631) 64bit (Editor)	True	null	null	null	null	null	null	None	0	null	0	0	null	null	null	null	null	
2024/11/23 15:52:16.425	b135e9c82f3b5af8414a656ace8a78c8d45a7834	Windows 11  (10.0.22631) 64bit (Editor)	True	null	null	null	null	null	null	None	0	null	0	0	null	null	null	null	null	
2024/11/23 15:52:16.432	b135e9c82f3b5af8414a656ace8a78c8d45a7834	Windows 11  (10.0.22631) 64bit (Editor)	True	null	null	null	null	null	null	None	0	null	0	0	null	null	null	null	null	
2024/11/23 15:52:16.442	b135e9c82f3b5af8414a656ace8a78c8d45a7834	Windows 11  (10.0.22631) 64bit (Editor)	True	null	null	null	null	null	null	None	0	null	0	0	null	null	null	null	null	
2024/11/23 15:52:16.450	b135e9c82f3b5af8414a656ace8a78c8d45a7834	Windows 11  (10.0.22631) 64bit (Editor)	True	null	null	null	null	null	null	None	0	null	0	0	null	null	null	null	null	
2024/11/23 15:52:16.458	b135e9c82f3b5af8414a656ace8a78c8d45a7834	Windows 11  (10.0.22631) 64bit (Editor)	True	null	null	null	null	null	null	None	0	null	0	0	null	null	null	null	null	
2024/11/23 15:52:16.465	b135e9c82f3b5af8414a656ace8a78c8d45a7834	Windows 11  (10.0.22631) 64bit (Editor)	True	null	null	null	null	null	null	None	0	null	0	0	null	null	null	null	null	
2024/11/23 15:52:16.475	b135e9c82f3b5af8414a656ace8a78c8d45a7834	Windows 11  (10.0.22631) 64bit (Editor)	True	null	null	null	null	null	null	None	0	null	0	0	null	null	null	null	null	
2024/11/23 15:52:16.484	b135e9c82f3b5af8414a656ace8a78c8d45a7834	Windows 11  (10.0.22631) 64bit (Editor)	True	null	null	null	null	null	null	None	0	null	0	0	null	null	null	null	null	
2024/11/23 15:52:16.492	b135e9c82f3b5af8414a656ace8a78c8d45a7834	Windows 11  (10.0.22631) 64bit (Editor)	True	null	null	null	null	null	null	None	0	null	0	0	null	null	null	null	null	
2024/11/23 15:52:16.500	b135e9c82f3b5af8414a656ace8a78c8d45a7834	Windows 11  (10.0.22631) 64bit (Editor)	True	null	null	null	null	null	null	None	0	null	0	0	null	null	null	null	null	
2024/11/23 15:52:16.508	b135e9c82f3b5af8414a656ace8a78c8d45a7834	Windows 11  (10.0.22631) 64bit (Editor)	True	null	null	null	null	null	null	None	0	null	0	0	null	null	null	null	null	
2024/11/23 15:52:16.515	b135e9c82f3b5af8414a656ace8a78c8d45a7834	Windows 11  (10.0.22631) 64bit (Editor)	True	null	null	null	null	null	null	None	0	null	0	0	null	null	null	null	null	
2024/11/23 15:52:16.532	b135e9c82f3b5af8414a656ace8a78c8d45a7834	Windows 11  (10.0.22631) 64bit (Editor)	True	null	null	null	null	null	null	None	0	null	0	0	null	null	null	null	null	
2024/11/23 15:52:16.542	b135e9c82f3b5af8414a656ace8a78c8d45a7834	Windows 11  (10.0.22631) 64bit (Editor)	True	null	null	null	null	null	null	None	0	null	0	0	null	null	null	null	null	
2024/11/23 15:52:16.550	b135e9c82f3b5af8414a656ace8a78c8d45a7834	Windows 11  (10.0.22631) 64bit (Editor)	True	null	null	null	null	null	null	None	0	null	0	0	null	null	null	null	null	
2024/11/23 15:52:16.558	b135e9c82f3b5af8414a656ace8a78c8d45a7834	Windows 11  (10.0.22631) 64bit (Editor)	True	null	null	null	null	null	null	None	0	null	0	0	null	null	null	null	null	
2024/11/23 15:52:16.567	b135e9c82f3b5af8414a656ace8a78c8d45a7834	Windows 11  (10.0.22631) 64bit (Editor)	True	null	null	null	null	null	null	None	0	null	0	0	null	null	null	null	null	
2024/11/23 15:52:16.574	b135e9c82f3b5af8414a656ace8a78c8d45a7834	Windows 11  (10.0.22631) 64bit (Editor)	True	null	null	null	null	null	null	None	0	null	0	0	null	null	null	null	null	
2024/11/23 15:52:16.581	b135e9c82f3b5af8414a656ace8a78c8d45a7834	Windows 11  (10.0.22631) 64bit (Editor)	True	null	null	null	null	null	null	None	0	null	0	0	null	null	null	null	null	
2024/11/23 15:52:16.588	b135e9c82f3b5af8414a656ace8a78c8d45a7834	Windows 11  (10.0.22631) 64bit (Editor)	True	null	null	null	null	null	null	None	0	null	0	0	null	null	null	null	null	
2024/11/23 15:52:16.594	b135e9c82f3b5af8414a656ace8a78c8d45a7834	Windows 11  (10.0.22631) 64bit (Editor)	True	null	null	null	null	null	null	None	0	null	0	0	null	null	null	null	null	
2024/11/23 15:52:16.602	b135e9c82f3b5af8414a656ace8a78c8d45a7834	Windows 11  (10.0.22631) 64bit (Editor)	True	null	null	null	null	null	null	None	0	null	0	0	null	null	null	null	null	
2024/11/23 15:52:16.609	b135e9c82f3b5af8414a656ace8a78c8d45a7834	Windows 11  (10.0.22631) 64bit (Editor)	True	null	null	null	null	null	null	None	0	null	0	0	null	null	null	null	null	
2024/11/23 15:52:16.617	b135e9c82f3b5af8414a656ace8a78c8d45a7834	Windows 11  (10.0.22631) 64bit (Editor)	True	null	null	null	null	null	null	None	0	null	0	0	null	null	null	null	null	
2024/11/23 15:52:16.626	b135e9c82f3b5af8414a656ace8a78c8d45a7834	Windows 11  (10.0.22631) 64bit (Editor)	True	null	null	null	null	null	null	None	0	null	0	0	null	null	null	null	null	
2024/11/23 15:52:16.635	b135e9c82f3b5af8414a656ace8a78c8d45a7834	Windows 11  (10.0.22631) 64bit (Editor)	True	null	null	null	null	null	null	None	0	null	0	0	null	null	null	null	null	
2024/11/23 15:52:16.642	b135e9c82f3b5af8414a656ace8a78c8d45a7834	Windows 11  (10.0.22631) 64bit (Editor)	True	null	null	null	null	null	null	None	0	null	0	0	null	null	null	null	null	
2024/11/23 15:52:16.649	b135e9c82f3b5af8414a656ace8a78c8d45a7834	Windows 11  (10.0.22631) 64bit (Editor)	True	null	null	null	null	null	null	None	0	null	0	0	null	null	null	null	null	
2024/11/23 15:52:16.656	b135e9c82f3b5af8414a656ace8a78c8d45a7834	Windows 11  (10.0.22631) 64bit (Editor)	True	null	null	null	null	null	null	None	0	null	0	0	null	null	null	null	null	
2024/11/23 15:52:16.663	b135e9c82f3b5af8414a656ace8a78c8d45a7834	Windows 11  (10.0.22631) 64bit (Editor)	True	null	null	null	null	null	null	None	0	null	0	0	null	null	null	null	null	
2024/11/23 15:52:16.670	b135e9c82f3b5af8414a656ace8a78c8d45a7834	Windows 11  (10.0.22631) 64bit (Editor)	True	null	null	null	null	null	null	None	0	null	0	0	null	null	null	null	null	
2024/11/23 15:52:16.687	b135e9c82f3b5af8414a656ace8a78c8d45a7834	Windows 11  (10.0.22631) 64bit (Editor)	True	null	null	null	null	null	null	None	0	null	0	0	null	null	null	null	null	
2024/11/23 15:52:16.696	b135e9c82f3b5af8414a656ace8a78c8d45a7834	Windows 11  (10.0.22631) 64bit (Editor)	True	null	null	null	null	null	null	None	0	null	0	0	null	null	null	null	null	
2024/11/23 15:52:16.705	b135e9c82f3b5af8414a656ace8a78c8d45a7834	Windows 11  (10.0.22631) 64bit (Editor)	True	null	null	null	null	null	null	None	0	null	0	0	null	null	null	null	null	
2024/11/23 15:52:16.711	b135e9c82f3b5af8414a656ace8a78c8d45a7834	Windows 11  (10.0.22631) 64bit (Editor)	True	null	null	null	null	null	null	None	0	null	0	0	null	null	null	null	null	
2024/11/23 15:52:16.718	b135e9c82f3b5af8414a656ace8a78c8d45a7834	Windows 11  (10.0.22631) 64bit (Editor)	True	null	null	null	null	null	null	None	0	null	0	0	null	null	null	null	null	
2024/11/23 15:52:16.726	b135e9c82f3b5af8414a656ace8a78c8d45a7834	Windows 11  (10.0.22631) 64bit (Editor)	True	null	null	null	null	null	null	None	0	null	0	0	null	null	null	null	null	
2024/11/23 15:52:16.732	b135e9c82f3b5af8414a656ace8a78c8d45a7834	Windows 11  (10.0.22631) 64bit (Editor)	True	null	null	null	null	null	null	None	0	null	0	0	null	null	null	null	null	
2024/11/23 15:52:16.740	b135e9c82f3b5af8414a656ace8a78c8d45a7834	Windows 11  (10.0.22631) 64bit (Editor)	True	null	null	null	null	null	null	None	0	null	0	0	null	null	null	null	null	
2024/11/23 15:52:16.747	b135e9c82f3b5af8414a656ace8a78c8d45a7834	Windows 11  (10.0.22631) 64bit (Editor)	True	null	null	null	null	null	null	None	0	null	0	0	null	null	null	null	null	
2024/11/23 15:52:16.755	b135e9c82f3b5af8414a656ace8a78c8d45a7834	Windows 11  (10.0.22631) 64bit (Editor)	True	null	null	null	null	null	null	None	0	null	0	0	null	null	null	null	null	
2024/11/23 15:52:16.763	b135e9c82f3b5af8414a656ace8a78c8d45a7834	Windows 11  (10.0.22631) 64bit (Editor)	True	null	null	null	null	null	null	None	0	null	0	0	null	null	null	null	null	
2024/11/23 15:52:16.770	b135e9c82f3b5af8414a656ace8a78c8d45a7834	Windows 11  (10.0.22631) 64bit (Editor)	True	null	null	null	null	null	null	None	0	null	0	0	null	null	null	null	null	
2024/11/23 15:52:16.776	b135e9c82f3b5af8414a656ace8a78c8d45a7834	Windows 11  (10.0.22631) 64bit (Editor)	True	null	null	null	null	null	null	None	0	null	0	0	null	null	null	null	null	
2024/11/23 15:52:16.784	b135e9c82f3b5af8414a656ace8a78c8d45a7834	Windows 11  (10.0.22631) 64bit (Editor)	True	null	null	null	null	null	null	None	0	null	0	0	null	null	null	null	null	
2024/11/23 15:52:16.791	b135e9c82f3b5af8414a656ace8a78c8d45a7834	Windows 11  (10.0.22631) 64bit (Editor)	True	null	null	null	null	null	null	None	0	null	0	0	null	null	null	null	null	
2024/11/23 15:52:16.797	b135e9c82f3b5af8414a656ace8a78c8d45a7834	Windows 11  (10.0.22631) 64bit (Editor)	True	null	null	null	null	null	null	None	0	null	0	0	null	null	null	null	null	
2024/11/23 15:52:16.804	b135e9c82f3b5af8414a656ace8a78c8d45a7834	Windows 11  (10.0.22631) 64bit (Editor)	True	null	null	null	null	null	null	None	0	null	0	0	null	null	null	null	null	
2024/11/23 15:52:16.812	b135e9c82f3b5af8414a656ace8a78c8d45a7834	Windows 11  (10.0.22631) 64bit (Editor)	True	null	null	null	null	null	null	None	0	null	0	0	null	null	null	null	null	
2024/11/23 15:52:16.819	b135e9c82f3b5af8414a656ace8a78c8d45a7834	Windows 11  (10.0.22631) 64bit (Editor)	True	null	null	null	null	null	null	None	0	null	0	0	null	null	null	null	null	
2024/11/23 15:52:16.827	b135e9c82f3b5af8414a656ace8a78c8d45a7834	Windows 11  (10.0.22631) 64bit (Editor)	True	null	null	null	null	null	null	None	0	null	0	0	null	null	null	null	null	
2024/11/23 15:52:16.844	b135e9c82f3b5af8414a656ace8a78c8d45a7834	Windows 11  (10.0.22631) 64bit (Editor)	True	null	null	null	null	null	null	None	0	null	0	0	null	null	null	null	null	
2024/11/23 15:52:16.852	b135e9c82f3b5af8414a656ace8a78c8d45a7834	Windows 11  (10.0.22631) 64bit (Editor)	True	null	null	null	null	null	null	None	0	null	0	0	null	null	null	null	null	
2024/11/23 15:52:16.860	b135e9c82f3b5af8414a656ace8a78c8d45a7834	Windows 11  (10.0.22631) 64bit (Editor)	True	null	null	null	null	null	null	None	0	null	0	0	null	null	null	null	null	
2024/11/23 15:52:16.867	b135e9c82f3b5af8414a656ace8a78c8d45a7834	Windows 11  (10.0.22631) 64bit (Editor)	True	null	null	null	null	null	null	None	0	null	0	0	null	null	null	null	null	
2024/11/23 15:52:16.873	b135e9c82f3b5af8414a656ace8a78c8d45a7834	Windows 11  (10.0.22631) 64bit (Editor)	True	null	null	null	null	null	null	None	0	null	0	0	null	null	null	null	null	
2024/11/23 15:52:16.881	b135e9c82f3b5af8414a656ace8a78c8d45a7834	Windows 11  (10.0.22631) 64bit (Editor)	True	null	null	null	null	null	null	None	0	null	0	0	null	null	null	null	null	
2024/11/23 15:52:16.888	b135e9c82f3b5af8414a656ace8a78c8d45a7834	Windows 11  (10.0.22631) 64bit (Editor)	True	null	null	null	null	null	null	None	0	null	0	0	null	null	null	null	null	
2024/11/23 15:52:16.895	b135e9c82f3b5af8414a656ace8a78c8d45a7834	Windows 11  (10.0.22631) 64bit (Editor)	True	null	null	null	null	null	null	None	0	null	0	0	null	null	null	null	null	
2024/11/23 15:52:16.902	b135e9c82f3b5af8414a656ace8a78c8d45a7834	Windows 11  (10.0.22631) 64bit (Editor)	True	null	null	null	null	null	null	None	0	null	0	0	null	null	null	null	null	
2024/11/23 15:52:16.908	b135e9c82f3b5af8414a656ace8a78c8d45a7834	Windows 11  (10.0.22631) 64bit (Editor)	True	null	null	null	null	null	null	None	0	null	0	0	null	null	null	null	null	
2024/11/23 15:52:16.916	b135e9c82f3b5af8414a656ace8a78c8d45a7834	Windows 11  (10.0.22631) 64bit (Editor)	True	null	null	null	null	null	null	None	0	null	0	0	null	null	null	null	null	
2024/11/23 15:52:16.924	b135e9c82f3b5af8414a656ace8a78c8d45a7834	Windows 11  (10.0.22631) 64bit (Editor)	True	null	null	null	null	null	null	None	0	null	0	0	null	null	null	null	null	
2024/11/23 15:52:16.932	b135e9c82f3b5af8414a656ace8a78c8d45a7834	Windows 11  (10.0.22631) 64bit (Editor)	True	null	null	null	null	null	null	None	0	null	0	0	null	null	null	null	null	
2024/11/23 15:52:16.940	b135e9c82f3b5af8414a656ace8a78c8d45a7834	Windows 11  (10.0.22631) 64bit (Editor)	True	null	null	null	null	null	null	None	0	null	0	0	null	null	null	null	null	
2024/11/23 15:52:16.948	b135e9c82f3b5af8414a656ace8a78c8d45a7834	Windows 11  (10.0.22631) 64bit (Editor)	True	null	null	null	null	null	null	None	0	null	0	0	null	null	null	null	null	
2024/11/23 15:52:16.956	b135e9c82f3b5af8414a656ace8a78c8d45a7834	Windows 11  (10.0.22631) 64bit (Editor)	True	null	null	null	null	null	null	None	0	null	0	0	null	null	null	null	null	
2024/11/23 15:52:16.966	b135e9c82f3b5af8414a656ace8a78c8d45a7834	Windows 11  (10.0.22631) 64bit (Editor)	True	null	null	null	null	null	null	None	0	null	0	0	null	null	null	null	null	
2024/11/23 15:52:16.974	b135e9c82f3b5af8414a656ace8a78c8d45a7834	Windows 11  (10.0.22631) 64bit (Editor)	True	null	null	null	null	null	null	None	0	null	0	0	null	null	null	null	null	
2024/11/23 15:52:16.981	b135e9c82f3b5af8414a656ace8a78c8d45a7834	Windows 11  (10.0.22631) 64bit (Editor)	True	null	null	null	null	null	null	None	0	null	0	0	null	null	null	null	null	
2024/11/23 15:52:17.001	b135e9c82f3b5af8414a656ace8a78c8d45a7834	Windows 11  (10.0.22631) 64bit (Editor)	True	null	null	null	null	null	null	None	0	null	0	0	null	null	null	null	null	
2024/11/23 15:52:17.009	b135e9c82f3b5af8414a656ace8a78c8d45a7834	Windows 11  (10.0.22631) 64bit (Editor)	True	null	null	null	null	null	null	None	0	null	0	0	null	null	null	null	null	
2024/11/23 15:52:17.015	b135e9c82f3b5af8414a656ace8a78c8d45a7834	Windows 11  (10.0.22631) 64bit (Editor)	True	null	null	null	null	null	null	None	0	null	0	0	null	null	null	null	null	
2024/11/23 15:52:17.023	b135e9c82f3b5af8414a656ace8a78c8d45a7834	Windows 11  (10.0.22631) 64bit (Editor)	True	null	null	null	null	null	null	None	0	null	0	0	null	null	null	null	null	
2024/11/23 15:52:17.030	b135e9c82f3b5af8414a656ace8a78c8d45a7834	Windows 11  (10.0.22631) 64bit (Editor)	True	null	null	null	null	null	null	None	0	null	0	0	null	null	null	null	null	
2024/11/23 15:52:17.038	b135e9c82f3b5af8414a656ace8a78c8d45a7834	Windows 11  (10.0.22631) 64bit (Editor)	True	null	null	null	null	null	null	None	0	null	0	0	null	null	null	null	null	
2024/11/23 15:52:17.044	b135e9c82f3b5af8414a656ace8a78c8d45a7834	Windows 11  (10.0.22631) 64bit (Editor)	True	null	null	null	null	null	null	None	0	null	0	0	null	null	null	null	null	
2024/11/23 15:52:17.057	b135e9c82f3b5af8414a656ace8a78c8d45a7834	Windows 11  (10.0.22631) 64bit (Editor)	True	null	null	null	null	null	null	None	0	null	0	0	null	null	null	null	null	
2024/11/23 15:52:17.067	b135e9c82f3b5af8414a656ace8a78c8d45a7834	Windows 11  (10.0.22631) 64bit (Editor)	True	null	null	null	null	null	null	None	0	null	0	0	null	null	null	null	null	
2024/11/23 15:52:17.074	b135e9c82f3b5af8414a656ace8a78c8d45a7834	Windows 11  (10.0.22631) 64bit (Editor)	True	null	null	null	null	null	null	None	0	null	0	0	null	null	null	null	null	
2024/11/23 15:52:17.082	b135e9c82f3b5af8414a656ace8a78c8d45a7834	Windows 11  (10.0.22631) 64bit (Editor)	True	null	null	null	null	null	null	None	0	null	0	0	null	null	null	null	null	
2024/11/23 15:52:17.090	b135e9c82f3b5af8414a656ace8a78c8d45a7834	Windows 11  (10.0.22631) 64bit (Editor)	True	null	null	null	null	null	null	None	0	null	0	0	null	null	null	null	null	
2024/11/23 15:52:17.098	b135e9c82f3b5af8414a656ace8a78c8d45a7834	Windows 11  (10.0.22631) 64bit (Editor)	True	null	null	null	null	null	null	None	0	null	0	0	null	null	null	null	null	
2024/11/23 15:52:17.105	b135e9c82f3b5af8414a656ace8a78c8d45a7834	Windows 11  (10.0.22631) 64bit (Editor)	True	null	null	null	null	null	null	None	0	null	0	0	null	null	null	null	null	
2024/11/23 15:52:17.111	b135e9c82f3b5af8414a656ace8a78c8d45a7834	Windows 11  (10.0.22631) 64bit (Editor)	True	null	null	null	null	null	null	None	0	null	0	0	null	null	null	null	null	
2024/11/23 15:52:17.118	b135e9c82f3b5af8414a656ace8a78c8d45a7834	Windows 11  (10.0.22631) 64bit (Editor)	True	null	null	null	null	null	null	None	0	null	0	0	null	null	null	null	null	
2024/11/23 15:52:17.126	b135e9c82f3b5af8414a656ace8a78c8d45a7834	Windows 11  (10.0.22631) 64bit (Editor)	True	null	null	null	null	null	null	None	0	null	0	0	null	null	null	null	null	
2024/11/23 15:52:17.133	b135e9c82f3b5af8414a656ace8a78c8d45a7834	Windows 11  (10.0.22631) 64bit (Editor)	True	null	null	null	null	null	null	None	0	null	0	0	null	null	null	null	null	
2024/11/23 15:52:17.149	b135e9c82f3b5af8414a656ace8a78c8d45a7834	Windows 11  (10.0.22631) 64bit (Editor)	True	null	null	null	null	null	null	None	0	null	0	0	null	null	null	null	null	
2024/11/23 15:52:17.157	b135e9c82f3b5af8414a656ace8a78c8d45a7834	Windows 11  (10.0.22631) 64bit (Editor)	True	null	null	null	null	null	null	None	0	null	0	0	null	null	null	null	null	
2024/11/23 15:52:17.164	b135e9c82f3b5af8414a656ace8a78c8d45a7834	Windows 11  (10.0.22631) 64bit (Editor)	True	null	null	null	null	null	null	None	0	null	0	0	null	null	null	null	null	
2024/11/23 15:52:17.171	b135e9c82f3b5af8414a656ace8a78c8d45a7834	Windows 11  (10.0.22631) 64bit (Editor)	True	null	null	null	null	null	null	None	0	null	0	0	null	null	null	null	null	
2024/11/23 15:52:17.178	b135e9c82f3b5af8414a656ace8a78c8d45a7834	Windows 11  (10.0.22631) 64bit (Editor)	True	null	null	null	null	null	null	None	0	null	0	0	null	null	null	null	null	
2024/11/23 15:52:17.186	b135e9c82f3b5af8414a656ace8a78c8d45a7834	Windows 11  (10.0.22631) 64bit (Editor)	True	null	null	null	null	null	null	None	0	null	0	0	null	null	null	null	null	
2024/11/23 15:52:17.194	b135e9c82f3b5af8414a656ace8a78c8d45a7834	Windows 11  (10.0.22631) 64bit (Editor)	True	null	null	null	null	null	null	None	0	null	0	0	null	null	null	null	null	
2024/11/23 15:52:17.201	b135e9c82f3b5af8414a656ace8a78c8d45a7834	Windows 11  (10.0.22631) 64bit (Editor)	True	null	null	null	null	null	null	None	0	null	0	0	null	null	null	null	null	
2024/11/23 15:52:17.208	b135e9c82f3b5af8414a656ace8a78c8d45a7834	Windows 11  (10.0.22631) 64bit (Editor)	True	null	null	null	null	null	null	None	0	null	0	0	null	null	null	null	null	
2024/11/23 15:52:17.217	b135e9c82f3b5af8414a656ace8a78c8d45a7834	Windows 11  (10.0.22631) 64bit (Editor)	True	null	null	null	null	null	null	None	0	null	0	0	null	null	null	null	null	
2024/11/23 15:52:17.226	b135e9c82f3b5af8414a656ace8a78c8d45a7834	Windows 11  (10.0.22631) 64bit (Editor)	True	null	null	null	null	null	null	None	0	null	0	0	null	null	null	null	null	
2024/11/23 15:52:17.233	b135e9c82f3b5af8414a656ace8a78c8d45a7834	Windows 11  (10.0.22631) 64bit (Editor)	True	null	null	null	null	null	null	None	0	null	0	0	null	null	null	null	null	
2024/11/23 15:52:17.242	b135e9c82f3b5af8414a656ace8a78c8d45a7834	Windows 11  (10.0.22631) 64bit (Editor)	True	null	null	null	null	null	null	None	0	null	0	0	null	null	null	null	null	
2024/11/23 15:52:17.250	b135e9c82f3b5af8414a656ace8a78c8d45a7834	Windows 11  (10.0.22631) 64bit (Editor)	True	null	null	null	null	null	null	None	0	null	0	0	null	null	null	null	null	
2024/11/23 15:52:17.258	b135e9c82f3b5af8414a656ace8a78c8d45a7834	Windows 11  (10.0.22631) 64bit (Editor)	True	null	null	null	null	null	null	None	0	null	0	0	null	null	null	null	null	
2024/11/23 15:52:17.268	b135e9c82f3b5af8414a656ace8a78c8d45a7834	Windows 11  (10.0.22631) 64bit (Editor)	True	null	null	null	null	null	null	None	0	null	0	0	null	null	null	null	null	
2024/11/23 15:52:17.274	b135e9c82f3b5af8414a656ace8a78c8d45a7834	Windows 11  (10.0.22631) 64bit (Editor)	True	null	null	null	null	null	null	None	0	null	0	0	null	null	null	null	null	
2024/11/23 15:52:17.282	b135e9c82f3b5af8414a656ace8a78c8d45a7834	Windows 11  (10.0.22631) 64bit (Editor)	True	null	null	null	null	null	null	None	0	null	0	0	null	null	null	null	null	
2024/11/23 15:52:17.290	b135e9c82f3b5af8414a656ace8a78c8d45a7834	Windows 11  (10.0.22631) 64bit (Editor)	True	null	null	null	null	null	null	None	0	null	0	0	null	null	null	null	null	
2024/11/23 15:52:17.309	b135e9c82f3b5af8414a656ace8a78c8d45a7834	Windows 11  (10.0.22631) 64bit (Editor)	True	null	null	null	null	null	null	None	0	null	0	0	null	null	null	null	null	
2024/11/23 15:52:17.317	b135e9c82f3b5af8414a656ace8a78c8d45a7834	Windows 11  (10.0.22631) 64bit (Editor)	True	null	null	null	null	null	null	None	0	null	0	0	null	null	null	null	null	
2024/11/23 15:52:17.324	b135e9c82f3b5af8414a656ace8a78c8d45a7834	Windows 11  (10.0.22631) 64bit (Editor)	True	null	null	null	null	null	null	None	0	null	0	0	null	null	null	null	null	
2024/11/23 15:52:17.332	b135e9c82f3b5af8414a656ace8a78c8d45a7834	Windows 11  (10.0.22631) 64bit (Editor)	True	null	null	null	null	null	null	None	0	null	0	0	null	null	null	null	null	
2024/11/23 15:52:17.340	b135e9c82f3b5af8414a656ace8a78c8d45a7834	Windows 11  (10.0.22631) 64bit (Editor)	True	null	null	null	null	null	null	None	0	null	0	0	null	null	null	null	null	
2024/11/23 15:52:17.348	b135e9c82f3b5af8414a656ace8a78c8d45a7834	Windows 11  (10.0.22631) 64bit (Editor)	True	null	null	null	null	null	null	None	0	null	0	0	null	null	null	null	null	
2024/11/23 15:52:17.356	b135e9c82f3b5af8414a656ace8a78c8d45a7834	Windows 11  (10.0.22631) 64bit (Editor)	True	null	null	null	null	null	null	None	0	null	0	0	null	null	null	null	null	
2024/11/23 15:52:17.363	b135e9c82f3b5af8414a656ace8a78c8d45a7834	Windows 11  (10.0.22631) 64bit (Editor)	True	null	null	null	null	null	null	None	0	null	0	0	null	null	null	null	null	
2024/11/23 15:52:17.370	b135e9c82f3b5af8414a656ace8a78c8d45a7834	Windows 11  (10.0.22631) 64bit (Editor)	True	null	null	null	null	null	null	None	0	null	0	0	null	null	null	null	null	
2024/11/23 15:52:17.376	b135e9c82f3b5af8414a656ace8a78c8d45a7834	Windows 11  (10.0.22631) 64bit (Editor)	True	null	null	null	null	null	null	None	0	null	0	0	null	null	null	null	null	
2024/11/23 15:52:17.384	b135e9c82f3b5af8414a656ace8a78c8d45a7834	Windows 11  (10.0.22631) 64bit (Editor)	True	null	null	null	null	null	null	None	0	null	0	0	null	null	null	null	null	
2024/11/23 15:52:17.390	b135e9c82f3b5af8414a656ace8a78c8d45a7834	Windows 11  (10.0.22631) 64bit (Editor)	True	null	null	null	null	null	null	None	0	null	0	0	null	null	null	null	null	
2024/11/23 15:52:17.397	b135e9c82f3b5af8414a656ace8a78c8d45a7834	Windows 11  (10.0.22631) 64bit (Editor)	True	null	null	null	null	null	null	None	0	null	0	0	null	null	null	null	null	
2024/11/23 15:52:17.404	b135e9c82f3b5af8414a656ace8a78c8d45a7834	Windows 11  (10.0.22631) 64bit (Editor)	True	null	null	null	null	null	null	None	0	null	0	0	null	null	null	null	null	
2024/11/23 15:52:17.411	b135e9c82f3b5af8414a656ace8a78c8d45a7834	Windows 11  (10.0.22631) 64bit (Editor)	True	null	null	null	null	null	null	None	0	null	0	0	null	null	null	null	null	
2024/11/23 15:52:17.417	b135e9c82f3b5af8414a656ace8a78c8d45a7834	Windows 11  (10.0.22631) 64bit (Editor)	True	null	null	null	null	null	null	None	0	null	0	0	null	null	null	null	null	
2024/11/23 15:52:17.425	b135e9c82f3b5af8414a656ace8a78c8d45a7834	Windows 11  (10.0.22631) 64bit (Editor)	True	null	null	null	null	null	null	None	0	null	0	0	null	null	null	null	null	
2024/11/23 15:52:17.433	b135e9c82f3b5af8414a656ace8a78c8d45a7834	Windows 11  (10.0.22631) 64bit (Editor)	True	null	null	null	null	null	null	None	0	null	0	0	null	null	null	null	null	
2024/11/23 15:52:17.441	b135e9c82f3b5af8414a656ace8a78c8d45a7834	Windows 11  (10.0.22631) 64bit (Editor)	True	null	null	null	null	null	null	None	0	null	0	0	null	null	null	null	null	
2024/11/23 15:52:17.462	b135e9c82f3b5af8414a656ace8a78c8d45a7834	Windows 11  (10.0.22631) 64bit (Editor)	True	null	null	null	null	null	null	None	0	null	0	0	null	null	null	null	null	
2024/11/23 15:52:17.471	b135e9c82f3b5af8414a656ace8a78c8d45a7834	Windows 11  (10.0.22631) 64bit (Editor)	True	null	null	null	null	null	null	None	0	null	0	0	null	null	null	null	null	
2024/11/23 15:52:17.478	b135e9c82f3b5af8414a656ace8a78c8d45a7834	Windows 11  (10.0.22631) 64bit (Editor)	True	null	null	null	null	null	null	None	0	null	0	0	null	null	null	null	null	
2024/11/23 15:52:17.489	b135e9c82f3b5af8414a656ace8a78c8d45a7834	Windows 11  (10.0.22631) 64bit (Editor)	True	null	null	null	null	null	null	None	0	null	0	0	null	null	null	null	null	
2024/11/23 15:52:17.497	b135e9c82f3b5af8414a656ace8a78c8d45a7834	Windows 11  (10.0.22631) 64bit (Editor)	True	null	null	null	null	null	null	None	0	null	0	0	null	null	null	null	null	
2024/11/23 15:52:17.505	b135e9c82f3b5af8414a656ace8a78c8d45a7834	Windows 11  (10.0.22631) 64bit (Editor)	True	null	null	null	null	null	null	None	0	null	0	0	null	null	null	null	null	
2024/11/23 15:52:17.516	b135e9c82f3b5af8414a656ace8a78c8d45a7834	Windows 11  (10.0.22631) 64bit (Editor)	True	null	null	null	null	null	null	None	0	null	0	0	null	null	null	null	null	
2024/11/23 15:52:17.523	b135e9c82f3b5af8414a656ace8a78c8d45a7834	Windows 11  (10.0.22631) 64bit (Editor)	True	null	null	null	null	null	null	None	0	null	0	0	null	null	null	null	null	
2024/11/23 15:52:17.530	b135e9c82f3b5af8414a656ace8a78c8d45a7834	Windows 11  (10.0.22631) 64bit (Editor)	True	null	null	null	null	null	null	None	0	null	0	0	null	null	null	null	null	
2024/11/23 15:52:17.538	b135e9c82f3b5af8414a656ace8a78c8d45a7834	Windows 11  (10.0.22631) 64bit (Editor)	True	null	null	null	null	null	null	None	0	null	0	0	null	null	null	null	null	
2024/11/23 15:52:17.546	b135e9c82f3b5af8414a656ace8a78c8d45a7834	Windows 11  (10.0.22631) 64bit (Editor)	True	null	null	null	null	null	null	None	0	null	0	0	null	null	null	null	null	
2024/11/23 15:52:17.554	b135e9c82f3b5af8414a656ace8a78c8d45a7834	Windows 11  (10.0.22631) 64bit (Editor)	True	null	null	null	null	null	null	None	0	null	0	0	null	null	null	null	null	
2024/11/23 15:52:17.563	b135e9c82f3b5af8414a656ace8a78c8d45a7834	Windows 11  (10.0.22631) 64bit (Editor)	True	null	null	null	null	null	null	None	0	null	0	0	null	null	null	null	null	
2024/11/23 15:52:17.571	b135e9c82f3b5af8414a656ace8a78c8d45a7834	Windows 11  (10.0.22631) 64bit (Editor)	True	null	null	null	null	null	null	None	0	null	0	0	null	null	null	null	null	
2024/11/23 15:52:17.581	b135e9c82f3b5af8414a656ace8a78c8d45a7834	Windows 11  (10.0.22631) 64bit (Editor)	True	null	null	null	null	null	null	None	0	null	0	0	null	null	null	null	null	
2024/11/23 15:52:17.589	b135e9c82f3b5af8414a656ace8a78c8d45a7834	Windows 11  (10.0.22631) 64bit (Editor)	True	null	null	null	null	null	null	None	0	null	0	0	null	null	null	null	null	
2024/11/23 15:52:17.597	b135e9c82f3b5af8414a656ace8a78c8d45a7834	Windows 11  (10.0.22631) 64bit (Editor)	True	null	null	null	null	null	null	None	0	null	0	0	null	null	null	null	null	
2024/11/23 15:52:17.616	b135e9c82f3b5af8414a656ace8a78c8d45a7834	Windows 11  (10.0.22631) 64bit (Editor)	True	null	null	null	null	null	null	None	0	null	0	0	null	null	null	null	null	
2024/11/23 15:52:17.630	b135e9c82f3b5af8414a656ace8a78c8d45a7834	Windows 11  (10.0.22631) 64bit (Editor)	True	null	null	null	null	null	null	None	0	null	0	0	null	null	null	null	null	
2024/11/23 15:52:17.637	b135e9c82f3b5af8414a656ace8a78c8d45a7834	Windows 11  (10.0.22631) 64bit (Editor)	True	null	null	null	null	null	null	None	0	null	0	0	null	null	null	null	null	
2024/11/23 15:52:17.645	b135e9c82f3b5af8414a656ace8a78c8d45a7834	Windows 11  (10.0.22631) 64bit (Editor)	True	null	null	null	null	null	null	None	0	null	0	0	null	null	null	null	null	
2024/11/23 15:52:17.652	b135e9c82f3b5af8414a656ace8a78c8d45a7834	Windows 11  (10.0.22631) 64bit (Editor)	True	null	null	null	null	null	null	None	0	null	0	0	null	null	null	null	null	
2024/11/23 15:52:17.660	b135e9c82f3b5af8414a656ace8a78c8d45a7834	Windows 11  (10.0.22631) 64bit (Editor)	True	null	null	null	null	null	null	None	0	null	0	0	null	null	null	null	null	
2024/11/23 15:52:17.667	b135e9c82f3b5af8414a656ace8a78c8d45a7834	Windows 11  (10.0.22631) 64bit (Editor)	True	null	null	null	null	null	null	None	0	null	0	0	null	null	null	null	null	
2024/11/23 15:52:17.676	b135e9c82f3b5af8414a656ace8a78c8d45a7834	Windows 11  (10.0.22631) 64bit (Editor)	True	null	null	null	null	null	null	None	0	null	0	0	null	null	null	null	null	
2024/11/23 15:52:17.685	b135e9c82f3b5af8414a656ace8a78c8d45a7834	Windows 11  (10.0.22631) 64bit (Editor)	True	null	null	null	null	null	null	None	0	null	0	0	null	null	null	null	null	
2024/11/23 15:52:17.694	b135e9c82f3b5af8414a656ace8a78c8d45a7834	Windows 11  (10.0.22631) 64bit (Editor)	True	null	null	null	null	null	null	None	0	null	0	0	null	null	null	null	null	
2024/11/23 15:52:17.705	b135e9c82f3b5af8414a656ace8a78c8d45a7834	Windows 11  (10.0.22631) 64bit (Editor)	True	null	null	null	null	null	null	None	0	null	0	0	null	null	null	null	null	
2024/11/23 15:52:17.715	b135e9c82f3b5af8414a656ace8a78c8d45a7834	Windows 11  (10.0.22631) 64bit (Editor)	True	null	null	null	null	null	null	None	0	null	0	0	null	null	null	null	null	
2024/11/23 15:52:17.723	b135e9c82f3b5af8414a656ace8a78c8d45a7834	Windows 11  (10.0.22631) 64bit (Editor)	True	null	null	null	null	null	null	None	0	null	0	0	null	null	null	null	null	
2024/11/23 15:52:17.731	b135e9c82f3b5af8414a656ace8a78c8d45a7834	Windows 11  (10.0.22631) 64bit (Editor)	True	null	null	null	null	null	null	None	0	null	0	0	null	null	null	null	null	
2024/11/23 15:52:17.739	b135e9c82f3b5af8414a656ace8a78c8d45a7834	Windows 11  (10.0.22631) 64bit (Editor)	True	null	null	null	null	null	null	None	0	null	0	0	null	null	null	null	null	
2024/11/23 15:52:17.747	b135e9c82f3b5af8414a656ace8a78c8d45a7834	Windows 11  (10.0.22631) 64bit (Editor)	True	null	null	null	null	null	null	None	0	null	0	0	null	null	null	null	null	
2024/11/23 15:52:17.754	b135e9c82f3b5af8414a656ace8a78c8d45a7834	Windows 11  (10.0.22631) 64bit (Editor)	True	null	null	null	null	null	null	None	0	null	0	0	null	null	null	null	null	
2024/11/23 15:52:17.773	b135e9c82f3b5af8414a656ace8a78c8d45a7834	Windows 11  (10.0.22631) 64bit (Editor)	True	null	null	null	null	null	null	None	0	null	0	0	null	null	null	null	null	
2024/11/23 15:52:17.781	b135e9c82f3b5af8414a656ace8a78c8d45a7834	Windows 11  (10.0.22631) 64bit (Editor)	True	null	null	null	null	null	null	None	0	null	0	0	null	null	null	null	null	
2024/11/23 15:52:17.789	b135e9c82f3b5af8414a656ace8a78c8d45a7834	Windows 11  (10.0.22631) 64bit (Editor)	True	null	null	null	null	null	null	None	0	null	0	0	null	null	null	null	null	
2024/11/23 15:52:17.796	b135e9c82f3b5af8414a656ace8a78c8d45a7834	Windows 11  (10.0.22631) 64bit (Editor)	True	null	null	null	null	null	null	None	0	null	0	0	null	null	null	null	null	
2024/11/23 15:52:17.803	b135e9c82f3b5af8414a656ace8a78c8d45a7834	Windows 11  (10.0.22631) 64bit (Editor)	True	null	null	null	null	null	null	None	0	null	0	0	null	null	null	null	null	
2024/11/23 15:52:17.811	b135e9c82f3b5af8414a656ace8a78c8d45a7834	Windows 11  (10.0.22631) 64bit (Editor)	True	null	null	null	null	null	null	None	0	null	0	0	null	null	null	null	null	
2024/11/23 15:52:17.818	b135e9c82f3b5af8414a656ace8a78c8d45a7834	Windows 11  (10.0.22631) 64bit (Editor)	True	null	null	null	null	null	null	None	0	null	0	0	null	null	null	null	null	
2024/11/23 15:52:17.825	b135e9c82f3b5af8414a656ace8a78c8d45a7834	Windows 11  (10.0.22631) 64bit (Editor)	True	null	null	null	null	null	null	None	0	null	0	0	null	null	null	null	null	
2024/11/23 15:52:17.833	b135e9c82f3b5af8414a656ace8a78c8d45a7834	Windows 11  (10.0.22631) 64bit (Editor)	True	null	null	null	null	null	null	None	0	null	0	0	null	null	null	null	null	
2024/11/23 15:52:17.840	b135e9c82f3b5af8414a656ace8a78c8d45a7834	Windows 11  (10.0.22631) 64bit (Editor)	True	null	null	null	null	null	null	None	0	null	0	0	null	null	null	null	null	
2024/11/23 15:52:17.847	b135e9c82f3b5af8414a656ace8a78c8d45a7834	Windows 11  (10.0.22631) 64bit (Editor)	True	null	null	null	null	null	null	None	0	null	0	0	null	null	null	null	null	
2024/11/23 15:52:17.856	b135e9c82f3b5af8414a656ace8a78c8d45a7834	Windows 11  (10.0.22631) 64bit (Editor)	True	null	null	null	null	null	null	None	0	null	0	0	null	null	null	null	null	
2024/11/23 15:52:17.866	b135e9c82f3b5af8414a656ace8a78c8d45a7834	Windows 11  (10.0.22631) 64bit (Editor)	True	null	null	null	null	null	null	None	0	null	0	0	null	null	null	null	null	
2024/11/23 15:52:17.876	b135e9c82f3b5af8414a656ace8a78c8d45a7834	Windows 11  (10.0.22631) 64bit (Editor)	True	null	null	null	null	null	null	None	0	null	0	0	null	null	null	null	null	
2024/11/23 15:52:17.885	b135e9c82f3b5af8414a656ace8a78c8d45a7834	Windows 11  (10.0.22631) 64bit (Editor)	True	null	null	null	null	null	null	None	0	null	0	0	null	null	null	null	null	
2024/11/23 15:52:17.895	b135e9c82f3b5af8414a656ace8a78c8d45a7834	Windows 11  (10.0.22631) 64bit (Editor)	True	null	null	null	null	null	null	None	0	null	0	0	null	null	null	null	null	
2024/11/23 15:52:17.904	b135e9c82f3b5af8414a656ace8a78c8d45a7834	Windows 11  (10.0.22631) 64bit (Editor)	True	null	null	null	null	null	null	None	0	null	0	0	null	null	null	null	null	
2024/11/23 15:52:17.912	b135e9c82f3b5af8414a656ace8a78c8d45a7834	Windows 11  (10.0.22631) 64bit (Editor)	True	null	null	null	null	null	null	None	0	null	0	0	null	null	null	null	null	
2024/11/23 15:52:17.931	b135e9c82f3b5af8414a656ace8a78c8d45a7834	Windows 11  (10.0.22631) 64bit (Editor)	True	null	null	null	null	null	null	None	0	null	0	0	null	null	null	null	null	
2024/11/23 15:52:17.940	b135e9c82f3b5af8414a656ace8a78c8d45a7834	Windows 11  (10.0.22631) 64bit (Editor)	True	null	null	null	null	null	null	None	0	null	0	0	null	null	null	null	null	
2024/11/23 15:52:17.949	b135e9c82f3b5af8414a656ace8a78c8d45a7834	Windows 11  (10.0.22631) 64bit (Editor)	True	null	null	null	null	null	null	None	0	null	0	0	null	null	null	null	null	
2024/11/23 15:52:17.959	b135e9c82f3b5af8414a656ace8a78c8d45a7834	Windows 11  (10.0.22631) 64bit (Editor)	True	null	null	null	null	null	null	None	0	null	0	0	null	null	null	null	null	
2024/11/23 15:52:17.968	b135e9c82f3b5af8414a656ace8a78c8d45a7834	Windows 11  (10.0.22631) 64bit (Editor)	True	null	null	null	null	null	null	None	0	null	0	0	null	null	null	null	null	
2024/11/23 15:52:17.978	b135e9c82f3b5af8414a656ace8a78c8d45a7834	Windows 11  (10.0.22631) 64bit (Editor)	True	null	null	null	null	null	null	None	0	null	0	0	null	null	null	null	null	
2024/11/23 15:52:17.987	b135e9c82f3b5af8414a656ace8a78c8d45a7834	Windows 11  (10.0.22631) 64bit (Editor)	True	null	null	null	null	null	null	None	0	null	0	0	null	null	null	null	null	
2024/11/23 15:52:17.997	b135e9c82f3b5af8414a656ace8a78c8d45a7834	Windows 11  (10.0.22631) 64bit (Editor)	True	null	null	null	null	null	null	None	0	null	0	0	null	null	null	null	null	
2024/11/23 15:52:18.007	b135e9c82f3b5af8414a656ace8a78c8d45a7834	Windows 11  (10.0.22631) 64bit (Editor)	True	null	null	null	null	null	null	None	0	null	0	0	null	null	null	null	null	
2024/11/23 15:52:18.015	b135e9c82f3b5af8414a656ace8a78c8d45a7834	Windows 11  (10.0.22631) 64bit (Editor)	True	null	null	null	null	null	null	None	0	null	0	0	null	null	null	null	null	
2024/11/23 15:52:18.025	b135e9c82f3b5af8414a656ace8a78c8d45a7834	Windows 11  (10.0.22631) 64bit (Editor)	True	null	null	null	null	null	null	None	0	null	0	0	null	null	null	null	null	
2024/11/23 15:52:18.033	b135e9c82f3b5af8414a656ace8a78c8d45a7834	Windows 11  (10.0.22631) 64bit (Editor)	True	null	null	null	null	null	null	None	0	null	0	0	null	null	null	null	null	
2024/11/23 15:52:18.043	b135e9c82f3b5af8414a656ace8a78c8d45a7834	Windows 11  (10.0.22631) 64bit (Editor)	True	null	null	null	null	null	null	None	0	null	0	0	null	null	null	null	null	
2024/11/23 15:52:18.050	b135e9c82f3b5af8414a656ace8a78c8d45a7834	Windows 11  (10.0.22631) 64bit (Editor)	True	null	null	null	null	null	null	None	0	null	0	0	null	null	null	null	null	
2024/11/23 15:52:18.059	b135e9c82f3b5af8414a656ace8a78c8d45a7834	Windows 11  (10.0.22631) 64bit (Editor)	True	null	null	null	null	null	null	None	0	null	0	0	null	null	null	null	null	
2024/11/23 15:52:18.068	b135e9c82f3b5af8414a656ace8a78c8d45a7834	Windows 11  (10.0.22631) 64bit (Editor)	True	null	null	null	null	null	null	None	0	null	0	0	null	null	null	null	null	
2024/11/23 15:52:18.087	b135e9c82f3b5af8414a656ace8a78c8d45a7834	Windows 11  (10.0.22631) 64bit (Editor)	True	null	null	null	null	null	null	None	0	null	0	0	null	null	null	null	null	
2024/11/23 15:52:18.094	b135e9c82f3b5af8414a656ace8a78c8d45a7834	Windows 11  (10.0.22631) 64bit (Editor)	True	null	null	null	null	null	null	None	0	null	0	0	null	null	null	null	null	
2024/11/23 15:52:18.102	b135e9c82f3b5af8414a656ace8a78c8d45a7834	Windows 11  (10.0.22631) 64bit (Editor)	True	null	null	null	null	null	null	None	0	null	0	0	null	null	null	null	null	
2024/11/23 15:52:18.112	b135e9c82f3b5af8414a656ace8a78c8d45a7834	Windows 11  (10.0.22631) 64bit (Editor)	True	null	null	null	null	null	null	None	0	null	0	0	null	null	null	null	null	
2024/11/23 15:52:18.122	b135e9c82f3b5af8414a656ace8a78c8d45a7834	Windows 11  (10.0.22631) 64bit (Editor)	True	null	null	null	null	null	null	None	0	null	0	0	null	null	null	null	null	
2024/11/23 15:52:18.129	b135e9c82f3b5af8414a656ace8a78c8d45a7834	Windows 11  (10.0.22631) 64bit (Editor)	True	null	null	null	null	null	null	None	0	null	0	0	null	null	null	null	null	
2024/11/23 15:52:18.137	b135e9c82f3b5af8414a656ace8a78c8d45a7834	Windows 11  (10.0.22631) 64bit (Editor)	True	null	null	null	null	null	null	None	0	null	0	0	null	null	null	null	null	
2024/11/23 15:52:18.148	b135e9c82f3b5af8414a656ace8a78c8d45a7834	Windows 11  (10.0.22631) 64bit (Editor)	True	null	null	null	null	null	null	None	0	null	0	0	null	null	null	null	null	
2024/11/23 15:52:18.156	b135e9c82f3b5af8414a656ace8a78c8d45a7834	Windows 11  (10.0.22631) 64bit (Editor)	True	null	null	null	null	null	null	None	0	null	0	0	null	null	null	null	null	
2024/11/23 15:52:18.165	b135e9c82f3b5af8414a656ace8a78c8d45a7834	Windows 11  (10.0.22631) 64bit (Editor)	True	null	null	null	null	null	null	None	0	null	0	0	null	null	null	null	null	
2024/11/23 15:52:18.174	b135e9c82f3b5af8414a656ace8a78c8d45a7834	Windows 11  (10.0.22631) 64bit (Editor)	True	null	null	null	null	null	null	None	0	null	0	0	null	null	null	null	null	
2024/11/23 15:52:18.183	b135e9c82f3b5af8414a656ace8a78c8d45a7834	Windows 11  (10.0.22631) 64bit (Editor)	True	null	null	null	null	null	null	None	0	null	0	0	null	null	null	null	null	
2024/11/23 15:52:18.191	b135e9c82f3b5af8414a656ace8a78c8d45a7834	Windows 11  (10.0.22631) 64bit (Editor)	True	null	null	null	null	null	null	None	0	null	0	0	null	null	null	null	null	
2024/11/23 15:52:18.202	b135e9c82f3b5af8414a656ace8a78c8d45a7834	Windows 11  (10.0.22631) 64bit (Editor)	True	null	null	null	null	null	null	None	0	null	0	0	null	null	null	null	null	
2024/11/23 15:52:18.211	b135e9c82f3b5af8414a656ace8a78c8d45a7834	Windows 11  (10.0.22631) 64bit (Editor)	True	null	null	null	null	null	null	None	0	null	0	0	null	null	null	null	null	
2024/11/23 15:52:18.222	b135e9c82f3b5af8414a656ace8a78c8d45a7834	Windows 11  (10.0.22631) 64bit (Editor)	True	null	null	null	null	null	null	None	0	null	0	0	null	null	null	null	null	
2024/11/23 15:52:18.242	b135e9c82f3b5af8414a656ace8a78c8d45a7834	Windows 11  (10.0.22631) 64bit (Editor)	True	null	null	null	null	null	null	None	0	null	0	0	null	null	null	null	null	
2024/11/23 15:52:18.249	b135e9c82f3b5af8414a656ace8a78c8d45a7834	Windows 11  (10.0.22631) 64bit (Editor)	True	null	null	null	null	null	null	None	0	null	0	0	null	null	null	null	null	
2024/11/23 15:52:18.258	b135e9c82f3b5af8414a656ace8a78c8d45a7834	Windows 11  (10.0.22631) 64bit (Editor)	True	null	null	null	null	null	null	None	0	null	0	0	null	null	null	null	null	
2024/11/23 15:52:18.267	b135e9c82f3b5af8414a656ace8a78c8d45a7834	Windows 11  (10.0.22631) 64bit (Editor)	True	null	null	null	null	null	null	None	0	null	0	0	null	null	null	null	null	
2024/11/23 15:52:18.275	b135e9c82f3b5af8414a656ace8a78c8d45a7834	Windows 11  (10.0.22631) 64bit (Editor)	True	null	null	null	null	null	null	None	0	null	0	0	null	null	null	null	null	
2024/11/23 15:52:18.283	b135e9c82f3b5af8414a656ace8a78c8d45a7834	Windows 11  (10.0.22631) 64bit (Editor)	True	null	null	null	null	null	null	None	0	null	0	0	null	null	null	null	null	
2024/11/23 15:52:18.290	b135e9c82f3b5af8414a656ace8a78c8d45a7834	Windows 11  (10.0.22631) 64bit (Editor)	True	null	null	null	null	null	null	None	0	null	0	0	null	null	null	null	null	
2024/11/23 15:52:18.298	b135e9c82f3b5af8414a656ace8a78c8d45a7834	Windows 11  (10.0.22631) 64bit (Editor)	True	null	null	null	null	null	null	None	0	null	0	0	null	null	null	null	null	
2024/11/23 15:52:18.309	b135e9c82f3b5af8414a656ace8a78c8d45a7834	Windows 11  (10.0.22631) 64bit (Editor)	True	null	null	null	null	null	null	None	0	null	0	0	null	null	null	null	null	
2024/11/23 15:52:18.330	b135e9c82f3b5af8414a656ace8a78c8d45a7834	Windows 11  (10.0.22631) 64bit (Editor)	True	null	null	null	null	null	null	None	0	null	0	0	null	null	null	null	null	
2024/11/23 15:52:18.341	b135e9c82f3b5af8414a656ace8a78c8d45a7834	Windows 11  (10.0.22631) 64bit (Editor)	True	null	null	null	null	null	null	None	0	null	0	0	null	null	null	null	null	
2024/11/23 15:52:18.349	b135e9c82f3b5af8414a656ace8a78c8d45a7834	Windows 11  (10.0.22631) 64bit (Editor)	True	null	null	null	null	null	null	None	0	null	0	0	null	null	null	null	null	
2024/11/23 15:52:18.362	b135e9c82f3b5af8414a656ace8a78c8d45a7834	Windows 11  (10.0.22631) 64bit (Editor)	True	null	null	null	null	null	null	None	0	null	0	0	null	null	null	null	null	
2024/11/23 15:52:18.371	b135e9c82f3b5af8414a656ace8a78c8d45a7834	Windows 11  (10.0.22631) 64bit (Editor)	True	null	null	null	null	null	null	None	0	null	0	0	null	null	null	null	null	
2024/11/23 15:52:18.390	b135e9c82f3b5af8414a656ace8a78c8d45a7834	Windows 11  (10.0.22631) 64bit (Editor)	True	null	null	null	null	null	null	None	0	null	0	0	null	null	null	null	null	
2024/11/23 15:52:18.398	b135e9c82f3b5af8414a656ace8a78c8d45a7834	Windows 11  (10.0.22631) 64bit (Editor)	True	null	null	null	null	null	null	None	0	null	0	0	null	null	null	null	null	
2024/11/23 15:52:18.407	b135e9c82f3b5af8414a656ace8a78c8d45a7834	Windows 11  (10.0.22631) 64bit (Editor)	True	null	null	null	null	null	null	None	0	null	0	0	null	null	null	null	null	
2024/11/23 15:52:18.414	b135e9c82f3b5af8414a656ace8a78c8d45a7834	Windows 11  (10.0.22631) 64bit (Editor)	True	null	null	null	null	null	null	None	0	null	0	0	null	null	null	null	null	
2024/11/23 15:52:18.422	b135e9c82f3b5af8414a656ace8a78c8d45a7834	Windows 11  (10.0.22631) 64bit (Editor)	True	null	null	null	null	null	null	None	0	null	0	0	null	null	null	null	null	
2024/11/23 15:52:18.431	b135e9c82f3b5af8414a656ace8a78c8d45a7834	Windows 11  (10.0.22631) 64bit (Editor)	True	null	null	null	null	null	null	None	0	null	0	0	null	null	null	null	null	
2024/11/23 15:52:18.440	b135e9c82f3b5af8414a656ace8a78c8d45a7834	Windows 11  (10.0.22631) 64bit (Editor)	True	null	null	null	null	null	null	None	0	null	0	0	null	null	null	null	null	
2024/11/23 15:52:18.450	b135e9c82f3b5af8414a656ace8a78c8d45a7834	Windows 11  (10.0.22631) 64bit (Editor)	True	null	null	null	null	null	null	None	0	null	0	0	null	null	null	null	null	
2024/11/23 15:52:18.464	b135e9c82f3b5af8414a656ace8a78c8d45a7834	Windows 11  (10.0.22631) 64bit (Editor)	True	null	null	null	null	null	null	None	0	null	0	0	null	null	null	null	null	
2024/11/23 15:52:18.476	b135e9c82f3b5af8414a656ace8a78c8d45a7834	Windows 11  (10.0.22631) 64bit (Editor)	True	null	null	null	null	null	null	None	0	null	0	0	null	null	null	null	null	
2024/11/23 15:52:18.485	b135e9c82f3b5af8414a656ace8a78c8d45a7834	Windows 11  (10.0.22631) 64bit (Editor)	True	null	null	null	null	null	null	None	0	null	0	0	null	null	null	null	null	
2024/11/23 15:52:18.494	b135e9c82f3b5af8414a656ace8a78c8d45a7834	Windows 11  (10.0.22631) 64bit (Editor)	True	null	null	null	null	null	null	None	0	null	0	0	null	null	null	null	null	
2024/11/23 15:52:18.502	b135e9c82f3b5af8414a656ace8a78c8d45a7834	Windows 11  (10.0.22631) 64bit (Editor)	True	null	null	null	null	null	null	None	0	null	0	0	null	null	null	null	null	
2024/11/23 15:52:18.511	b135e9c82f3b5af8414a656ace8a78c8d45a7834	Windows 11  (10.0.22631) 64bit (Editor)	True	null	null	null	null	null	null	None	0	null	0	0	null	null	null	null	null	
2024/11/23 15:52:18.520	b135e9c82f3b5af8414a656ace8a78c8d45a7834	Windows 11  (10.0.22631) 64bit (Editor)	True	null	null	null	null	null	null	None	0	null	0	0	null	null	null	null	null	
2024/11/23 15:52:18.529	b135e9c82f3b5af8414a656ace8a78c8d45a7834	Windows 11  (10.0.22631) 64bit (Editor)	True	null	null	null	null	null	null	None	0	null	0	0	null	null	null	null	null	
2024/11/23 15:52:18.552	b135e9c82f3b5af8414a656ace8a78c8d45a7834	Windows 11  (10.0.22631) 64bit (Editor)	True	null	null	null	null	null	null	None	0	null	0	0	null	null	null	null	null	
2024/11/23 15:52:18.560	b135e9c82f3b5af8414a656ace8a78c8d45a7834	Windows 11  (10.0.22631) 64bit (Editor)	True	null	null	null	null	null	null	None	0	null	0	0	null	null	null	null	null	
2024/11/23 15:52:18.568	b135e9c82f3b5af8414a656ace8a78c8d45a7834	Windows 11  (10.0.22631) 64bit (Editor)	True	null	null	null	null	null	null	None	0	null	0	0	null	null	null	null	null	
2024/11/23 15:52:18.577	b135e9c82f3b5af8414a656ace8a78c8d45a7834	Windows 11  (10.0.22631) 64bit (Editor)	True	null	null	null	null	null	null	None	0	null	0	0	null	null	null	null	null	
2024/11/23 15:52:18.586	b135e9c82f3b5af8414a656ace8a78c8d45a7834	Windows 11  (10.0.22631) 64bit (Editor)	True	null	null	null	null	null	null	None	0	null	0	0	null	null	null	null	null	
2024/11/23 15:52:18.595	b135e9c82f3b5af8414a656ace8a78c8d45a7834	Windows 11  (10.0.22631) 64bit (Editor)	True	null	null	null	null	null	null	None	0	null	0	0	null	null	null	null	null	
2024/11/23 15:52:18.604	b135e9c82f3b5af8414a656ace8a78c8d45a7834	Windows 11  (10.0.22631) 64bit (Editor)	True	null	null	null	null	null	null	None	0	null	0	0	null	null	null	null	null	
2024/11/23 15:52:18.613	b135e9c82f3b5af8414a656ace8a78c8d45a7834	Windows 11  (10.0.22631) 64bit (Editor)	True	null	null	null	null	null	null	None	0	null	0	0	null	null	null	null	null	
2024/11/23 15:52:18.622	b135e9c82f3b5af8414a656ace8a78c8d45a7834	Windows 11  (10.0.22631) 64bit (Editor)	True	null	null	null	null	null	null	None	0	null	0	0	null	null	null	null	null	
2024/11/23 15:52:18.630	b135e9c82f3b5af8414a656ace8a78c8d45a7834	Windows 11  (10.0.22631) 64bit (Editor)	True	null	null	null	null	null	null	None	0	null	0	0	null	null	null	null	null	
2024/11/23 15:52:18.637	b135e9c82f3b5af8414a656ace8a78c8d45a7834	Windows 11  (10.0.22631) 64bit (Editor)	True	null	null	null	null	null	null	None	0	null	0	0	null	null	null	null	null	
2024/11/23 15:52:18.647	b135e9c82f3b5af8414a656ace8a78c8d45a7834	Windows 11  (10.0.22631) 64bit (Editor)	True	null	null	null	null	null	null	None	0	null	0	0	null	null	null	null	null	
2024/11/23 15:52:18.658	b135e9c82f3b5af8414a656ace8a78c8d45a7834	Windows 11  (10.0.22631) 64bit (Editor)	True	null	null	null	null	null	null	None	0	null	0	0	null	null	null	null	null	
2024/11/23 15:52:18.671	b135e9c82f3b5af8414a656ace8a78c8d45a7834	Windows 11  (10.0.22631) 64bit (Editor)	True	null	null	null	null	null	null	None	0	null	0	0	null	null	null	null	null	
2024/11/23 15:52:18.681	b135e9c82f3b5af8414a656ace8a78c8d45a7834	Windows 11  (10.0.22631) 64bit (Editor)	True	null	null	null	null	null	null	None	0	null	0	0	null	null	null	null	null	
2024/11/23 15:52:18.707	b135e9c82f3b5af8414a656ace8a78c8d45a7834	Windows 11  (10.0.22631) 64bit (Editor)	True	null	null	null	null	null	null	None	0	null	0	0	null	null	null	null	null	
2024/11/23 15:52:18.716	b135e9c82f3b5af8414a656ace8a78c8d45a7834	Windows 11  (10.0.22631) 64bit (Editor)	True	null	null	null	null	null	null	None	0	null	0	0	null	null	null	null	null	
2024/11/23 15:52:18.725	b135e9c82f3b5af8414a656ace8a78c8d45a7834	Windows 11  (10.0.22631) 64bit (Editor)	True	null	null	null	null	null	null	None	0	null	0	0	null	null	null	null	null	
2024/11/23 15:52:18.735	b135e9c82f3b5af8414a656ace8a78c8d45a7834	Windows 11  (10.0.22631) 64bit (Editor)	True	null	null	null	null	null	null	None	0	null	0	0	null	null	null	null	null	
2024/11/23 15:52:18.744	b135e9c82f3b5af8414a656ace8a78c8d45a7834	Windows 11  (10.0.22631) 64bit (Editor)	True	null	null	null	null	null	null	None	0	null	0	0	null	null	null	null	null	
2024/11/23 15:52:18.752	b135e9c82f3b5af8414a656ace8a78c8d45a7834	Windows 11  (10.0.22631) 64bit (Editor)	True	null	null	null	null	null	null	None	0	null	0	0	null	null	null	null	null	
2024/11/23 15:52:18.761	b135e9c82f3b5af8414a656ace8a78c8d45a7834	Windows 11  (10.0.22631) 64bit (Editor)	True	null	null	null	null	null	null	None	0	null	0	0	null	null	null	null	null	
2024/11/23 15:52:18.773	b135e9c82f3b5af8414a656ace8a78c8d45a7834	Windows 11  (10.0.22631) 64bit (Editor)	True	null	null	null	null	null	null	None	0	null	0	0	null	null	null	null	null	
2024/11/23 15:52:18.783	b135e9c82f3b5af8414a656ace8a78c8d45a7834	Windows 11  (10.0.22631) 64bit (Editor)	True	null	null	null	null	null	null	None	0	null	0	0	null	null	null	null	null	
2024/11/23 15:52:18.793	b135e9c82f3b5af8414a656ace8a78c8d45a7834	Windows 11  (10.0.22631) 64bit (Editor)	True	null	null	null	null	null	null	None	0	null	0	0	null	null	null	null	null	
2024/11/23 15:52:18.802	b135e9c82f3b5af8414a656ace8a78c8d45a7834	Windows 11  (10.0.22631) 64bit (Editor)	True	null	null	null	null	null	null	None	0	null	0	0	null	null	null	null	null	
2024/11/23 15:52:18.812	b135e9c82f3b5af8414a656ace8a78c8d45a7834	Windows 11  (10.0.22631) 64bit (Editor)	True	null	null	null	null	null	null	None	0	null	0	0	null	null	null	null	null	
2024/11/23 15:52:18.821	b135e9c82f3b5af8414a656ace8a78c8d45a7834	Windows 11  (10.0.22631) 64bit (Editor)	True	null	null	null	null	null	null	None	0	null	0	0	null	null	null	null	null	
2024/11/23 15:52:18.830	b135e9c82f3b5af8414a656ace8a78c8d45a7834	Windows 11  (10.0.22631) 64bit (Editor)	True	null	null	null	null	null	null	None	0	null	0	0	null	null	null	null	null	
2024/11/23 15:52:18.839	b135e9c82f3b5af8414a656ace8a78c8d45a7834	Windows 11  (10.0.22631) 64bit (Editor)	True	null	null	null	null	null	null	None	0	null	0	0	null	null	null	null	null	
2024/11/23 15:52:18.858	b135e9c82f3b5af8414a656ace8a78c8d45a7834	Windows 11  (10.0.22631) 64bit (Editor)	True	null	null	null	null	null	null	None	0	null	0	0	null	null	null	null	null	
2024/11/23 15:52:18.867	b135e9c82f3b5af8414a656ace8a78c8d45a7834	Windows 11  (10.0.22631) 64bit (Editor)	True	null	null	null	null	null	null	None	0	null	0	0	null	null	null	null	null	
2024/11/23 15:52:18.874	b135e9c82f3b5af8414a656ace8a78c8d45a7834	Windows 11  (10.0.22631) 64bit (Editor)	True	null	null	null	null	null	null	None	0	null	0	0	null	null	null	null	null	
2024/11/23 15:52:18.884	b135e9c82f3b5af8414a656ace8a78c8d45a7834	Windows 11  (10.0.22631) 64bit (Editor)	True	null	null	null	null	null	null	None	0	null	0	0	null	null	null	null	null	
2024/11/23 15:52:18.896	b135e9c82f3b5af8414a656ace8a78c8d45a7834	Windows 11  (10.0.22631) 64bit (Editor)	True	null	null	null	null	null	null	None	0	null	0	0	null	null	null	null	null	
2024/11/23 15:52:18.904	b135e9c82f3b5af8414a656ace8a78c8d45a7834	Windows 11  (10.0.22631) 64bit (Editor)	True	null	null	null	null	null	null	None	0	null	0	0	null	null	null	null	null	
2024/11/23 15:52:18.913	b135e9c82f3b5af8414a656ace8a78c8d45a7834	Windows 11  (10.0.22631) 64bit (Editor)	True	null	null	null	null	null	null	None	0	null	0	0	null	null	null	null	null	
2024/11/23 15:52:18.922	b135e9c82f3b5af8414a656ace8a78c8d45a7834	Windows 11  (10.0.22631) 64bit (Editor)	True	null	null	null	null	null	null	None	0	null	0	0	null	null	null	null	null	
2024/11/23 15:52:18.929	b135e9c82f3b5af8414a656ace8a78c8d45a7834	Windows 11  (10.0.22631) 64bit (Editor)	True	null	null	null	null	null	null	None	0	null	0	0	null	null	null	null	null	
2024/11/23 15:52:18.937	b135e9c82f3b5af8414a656ace8a78c8d45a7834	Windows 11  (10.0.22631) 64bit (Editor)	True	null	null	null	null	null	null	None	0	null	0	0	null	null	null	null	null	
2024/11/23 15:52:18.945	b135e9c82f3b5af8414a656ace8a78c8d45a7834	Windows 11  (10.0.22631) 64bit (Editor)	True	null	null	null	null	null	null	None	0	null	0	0	null	null	null	null	null	
2024/11/23 15:52:18.954	b135e9c82f3b5af8414a656ace8a78c8d45a7834	Windows 11  (10.0.22631) 64bit (Editor)	True	null	null	null	null	null	null	None	0	null	0	0	null	null	null	null	null	
2024/11/23 15:52:18.961	b135e9c82f3b5af8414a656ace8a78c8d45a7834	Windows 11  (10.0.22631) 64bit (Editor)	True	null	null	null	null	null	null	None	0	null	0	0	null	null	null	null	null	
2024/11/23 15:52:18.969	b135e9c82f3b5af8414a656ace8a78c8d45a7834	Windows 11  (10.0.22631) 64bit (Editor)	True	null	null	null	null	null	null	None	0	null	0	0	null	null	null	null	null	
2024/11/23 15:52:18.976	b135e9c82f3b5af8414a656ace8a78c8d45a7834	Windows 11  (10.0.22631) 64bit (Editor)	True	null	null	null	null	null	null	None	0	null	0	0	null	null	null	null	null	
2024/11/23 15:52:18.983	b135e9c82f3b5af8414a656ace8a78c8d45a7834	Windows 11  (10.0.22631) 64bit (Editor)	True	null	null	null	null	null	null	None	0	null	0	0	null	null	null	null	null	
2024/11/23 15:52:18.989	b135e9c82f3b5af8414a656ace8a78c8d45a7834	Windows 11  (10.0.22631) 64bit (Editor)	True	null	null	null	null	null	null	None	0	null	0	0	null	null	null	null	null	
2024/11/23 15:52:19.007	b135e9c82f3b5af8414a656ace8a78c8d45a7834	Windows 11  (10.0.22631) 64bit (Editor)	True	null	null	null	null	null	null	None	0	null	0	0	null	null	null	null	null	
2024/11/23 15:52:19.016	b135e9c82f3b5af8414a656ace8a78c8d45a7834	Windows 11  (10.0.22631) 64bit (Editor)	True	null	null	null	null	null	null	None	0	null	0	0	null	null	null	null	null	
2024/11/23 15:52:19.026	b135e9c82f3b5af8414a656ace8a78c8d45a7834	Windows 11  (10.0.22631) 64bit (Editor)	True	null	null	null	null	null	null	None	0	null	0	0	null	null	null	null	null	
2024/11/23 15:52:19.034	b135e9c82f3b5af8414a656ace8a78c8d45a7834	Windows 11  (10.0.22631) 64bit (Editor)	True	null	null	null	null	null	null	None	0	null	0	0	null	null	null	null	null	
2024/11/23 15:52:19.042	b135e9c82f3b5af8414a656ace8a78c8d45a7834	Windows 11  (10.0.22631) 64bit (Editor)	True	null	null	null	null	null	null	None	0	null	0	0	null	null	null	null	null	
2024/11/23 15:52:19.048	b135e9c82f3b5af8414a656ace8a78c8d45a7834	Windows 11  (10.0.22631) 64bit (Editor)	True	null	null	null	null	null	null	None	0	null	0	0	null	null	null	null	null	
2024/11/23 15:52:19.056	b135e9c82f3b5af8414a656ace8a78c8d45a7834	Windows 11  (10.0.22631) 64bit (Editor)	True	null	null	null	null	null	null	None	0	null	0	0	null	null	null	null	null	
2024/11/23 15:52:19.062	b135e9c82f3b5af8414a656ace8a78c8d45a7834	Windows 11  (10.0.22631) 64bit (Editor)	True	null	null	null	null	null	null	None	0	null	0	0	null	null	null	null	null	
2024/11/23 15:52:19.071	b135e9c82f3b5af8414a656ace8a78c8d45a7834	Windows 11  (10.0.22631) 64bit (Editor)	True	null	null	null	null	null	null	None	0	null	0	0	null	null	null	null	null	
2024/11/23 15:52:19.079	b135e9c82f3b5af8414a656ace8a78c8d45a7834	Windows 11  (10.0.22631) 64bit (Editor)	True	null	null	null	null	null	null	None	0	null	0	0	null	null	null	null	null	
2024/11/23 15:52:19.087	b135e9c82f3b5af8414a656ace8a78c8d45a7834	Windows 11  (10.0.22631) 64bit (Editor)	True	null	null	null	null	null	null	None	0	null	0	0	null	null	null	null	null	
2024/11/23 15:52:19.096	b135e9c82f3b5af8414a656ace8a78c8d45a7834	Windows 11  (10.0.22631) 64bit (Editor)	True	null	null	null	null	null	null	None	0	null	0	0	null	null	null	null	null	
2024/11/23 15:52:19.104	b135e9c82f3b5af8414a656ace8a78c8d45a7834	Windows 11  (10.0.22631) 64bit (Editor)	True	null	null	null	null	null	null	None	0	null	0	0	null	null	null	null	null	
2024/11/23 15:52:19.113	b135e9c82f3b5af8414a656ace8a78c8d45a7834	Windows 11  (10.0.22631) 64bit (Editor)	True	null	null	null	null	null	null	None	0	null	0	0	null	null	null	null	null	
2024/11/23 15:52:19.122	b135e9c82f3b5af8414a656ace8a78c8d45a7834	Windows 11  (10.0.22631) 64bit (Editor)	True	null	null	null	null	null	null	None	0	null	0	0	null	null	null	null	null	
2024/11/23 15:52:19.131	b135e9c82f3b5af8414a656ace8a78c8d45a7834	Windows 11  (10.0.22631) 64bit (Editor)	True	null	null	null	null	null	null	None	0	null	0	0	null	null	null	null	null	
2024/11/23 15:52:19.138	b135e9c82f3b5af8414a656ace8a78c8d45a7834	Windows 11  (10.0.22631) 64bit (Editor)	True	null	null	null	null	null	null	None	0	null	0	0	null	null	null	null	null	
2024/11/23 15:52:19.146	b135e9c82f3b5af8414a656ace8a78c8d45a7834	Windows 11  (10.0.22631) 64bit (Editor)	True	null	null	null	null	null	null	None	0	null	0	0	null	null	null	null	null	
2024/11/23 15:52:19.167	b135e9c82f3b5af8414a656ace8a78c8d45a7834	Windows 11  (10.0.22631) 64bit (Editor)	True	null	null	null	null	null	null	None	0	null	0	0	null	null	null	null	null	
2024/11/23 15:52:19.177	b135e9c82f3b5af8414a656ace8a78c8d45a7834	Windows 11  (10.0.22631) 64bit (Editor)	True	null	null	null	null	null	null	None	0	null	0	0	null	null	null	null	null	
2024/11/23 15:52:19.185	b135e9c82f3b5af8414a656ace8a78c8d45a7834	Windows 11  (10.0.22631) 64bit (Editor)	True	null	null	null	null	null	null	None	0	null	0	0	null	null	null	null	null	
2024/11/23 15:52:19.193	b135e9c82f3b5af8414a656ace8a78c8d45a7834	Windows 11  (10.0.22631) 64bit (Editor)	True	null	null	null	null	null	null	None	0	null	0	0	null	null	null	null	null	
2024/11/23 15:52:19.201	b135e9c82f3b5af8414a656ace8a78c8d45a7834	Windows 11  (10.0.22631) 64bit (Editor)	True	null	null	null	null	null	null	None	0	null	0	0	null	null	null	null	null	
2024/11/23 15:52:19.209	b135e9c82f3b5af8414a656ace8a78c8d45a7834	Windows 11  (10.0.22631) 64bit (Editor)	True	null	null	null	null	null	null	None	0	null	0	0	null	null	null	null	null	
2024/11/23 15:52:19.217	b135e9c82f3b5af8414a656ace8a78c8d45a7834	Windows 11  (10.0.22631) 64bit (Editor)	True	null	null	null	null	null	null	None	0	null	0	0	null	null	null	null	null	
2024/11/23 15:52:19.225	b135e9c82f3b5af8414a656ace8a78c8d45a7834	Windows 11  (10.0.22631) 64bit (Editor)	True	null	null	null	null	null	null	None	0	null	0	0	null	null	null	null	null	
2024/11/23 15:52:19.233	b135e9c82f3b5af8414a656ace8a78c8d45a7834	Windows 11  (10.0.22631) 64bit (Editor)	True	null	null	null	null	null	null	None	0	null	0	0	null	null	null	null	null	
2024/11/23 15:52:19.241	b135e9c82f3b5af8414a656ace8a78c8d45a7834	Windows 11  (10.0.22631) 64bit (Editor)	True	null	null	null	null	null	null	None	0	null	0	0	null	null	null	null	null	
2024/11/23 15:52:19.249	b135e9c82f3b5af8414a656ace8a78c8d45a7834	Windows 11  (10.0.22631) 64bit (Editor)	True	null	null	null	null	null	null	None	0	null	0	0	null	null	null	null	null	
2024/11/23 15:52:19.257	b135e9c82f3b5af8414a656ace8a78c8d45a7834	Windows 11  (10.0.22631) 64bit (Editor)	True	null	null	null	null	null	null	None	0	null	0	0	null	null	null	null	null	
2024/11/23 15:52:19.263	b135e9c82f3b5af8414a656ace8a78c8d45a7834	Windows 11  (10.0.22631) 64bit (Editor)	True	null	null	null	null	null	null	None	0	null	0	0	null	null	null	null	null	
2024/11/23 15:52:19.272	b135e9c82f3b5af8414a656ace8a78c8d45a7834	Windows 11  (10.0.22631) 64bit (Editor)	True	null	null	null	null	null	null	None	0	null	0	0	null	null	null	null	null	
2024/11/23 15:52:19.280	b135e9c82f3b5af8414a656ace8a78c8d45a7834	Windows 11  (10.0.22631) 64bit (Editor)	True	null	null	null	null	null	null	None	0	null	0	0	null	null	null	null	null	
2024/11/23 15:52:19.289	b135e9c82f3b5af8414a656ace8a78c8d45a7834	Windows 11  (10.0.22631) 64bit (Editor)	True	null	null	null	null	null	null	None	0	null	0	0	null	null	null	null	null	
2024/11/23 15:52:19.297	b135e9c82f3b5af8414a656ace8a78c8d45a7834	Windows 11  (10.0.22631) 64bit (Editor)	True	null	null	null	null	null	null	None	0	null	0	0	null	null	null	null	null	
2024/11/23 15:52:19.318	b135e9c82f3b5af8414a656ace8a78c8d45a7834	Windows 11  (10.0.22631) 64bit (Editor)	True	null	null	null	null	null	null	None	0	null	0	0	null	null	null	null	null	
2024/11/23 15:52:19.326	b135e9c82f3b5af8414a656ace8a78c8d45a7834	Windows 11  (10.0.22631) 64bit (Editor)	True	null	null	null	null	null	null	None	0	null	0	0	null	null	null	null	null	
2024/11/23 15:52:19.335	b135e9c82f3b5af8414a656ace8a78c8d45a7834	Windows 11  (10.0.22631) 64bit (Editor)	True	null	null	null	null	null	null	None	0	null	0	0	null	null	null	null	null	
2024/11/23 15:52:19.343	b135e9c82f3b5af8414a656ace8a78c8d45a7834	Windows 11  (10.0.22631) 64bit (Editor)	True	null	null	null	null	null	null	None	0	null	0	0	null	null	null	null	null	
2024/11/23 15:52:19.350	b135e9c82f3b5af8414a656ace8a78c8d45a7834	Windows 11  (10.0.22631) 64bit (Editor)	True	null	null	null	null	null	null	None	0	null	0	0	null	null	null	null	null	
2024/11/23 15:52:19.358	b135e9c82f3b5af8414a656ace8a78c8d45a7834	Windows 11  (10.0.22631) 64bit (Editor)	True	null	null	null	null	null	null	None	0	null	0	0	null	null	null	null	null	
2024/11/23 15:52:19.368	b135e9c82f3b5af8414a656ace8a78c8d45a7834	Windows 11  (10.0.22631) 64bit (Editor)	True	null	null	null	null	null	null	None	0	null	0	0	null	null	null	null	null	
2024/11/23 15:52:19.376	b135e9c82f3b5af8414a656ace8a78c8d45a7834	Windows 11  (10.0.22631) 64bit (Editor)	True	null	null	null	null	null	null	None	0	null	0	0	null	null	null	null	null	
2024/11/23 15:52:19.384	b135e9c82f3b5af8414a656ace8a78c8d45a7834	Windows 11  (10.0.22631) 64bit (Editor)	True	null	null	null	null	null	null	None	0	null	0	0	null	null	null	null	null	
2024/11/23 15:52:19.391	b135e9c82f3b5af8414a656ace8a78c8d45a7834	Windows 11  (10.0.22631) 64bit (Editor)	True	null	null	null	null	null	null	None	0	null	0	0	null	null	null	null	null	
2024/11/23 15:52:19.399	b135e9c82f3b5af8414a656ace8a78c8d45a7834	Windows 11  (10.0.22631) 64bit (Editor)	True	null	null	null	null	null	null	None	0	null	0	0	null	null	null	null	null	
2024/11/23 15:52:19.406	b135e9c82f3b5af8414a656ace8a78c8d45a7834	Windows 11  (10.0.22631) 64bit (Editor)	True	null	null	null	null	null	null	None	0	null	0	0	null	null	null	null	null	
2024/11/23 15:52:19.415	b135e9c82f3b5af8414a656ace8a78c8d45a7834	Windows 11  (10.0.22631) 64bit (Editor)	True	null	null	null	null	null	null	None	0	null	0	0	null	null	null	null	null	
2024/11/23 15:52:19.423	b135e9c82f3b5af8414a656ace8a78c8d45a7834	Windows 11  (10.0.22631) 64bit (Editor)	True	null	null	null	null	null	null	None	0	null	0	0	null	null	null	null	null	
2024/11/23 15:52:19.431	b135e9c82f3b5af8414a656ace8a78c8d45a7834	Windows 11  (10.0.22631) 64bit (Editor)	True	null	null	null	null	null	null	None	0	null	0	0	null	null	null	null	null	
2024/11/23 15:52:19.440	b135e9c82f3b5af8414a656ace8a78c8d45a7834	Windows 11  (10.0.22631) 64bit (Editor)	True	null	null	null	null	null	null	None	0	null	0	0	null	null	null	null	null	
2024/11/23 15:52:19.449	b135e9c82f3b5af8414a656ace8a78c8d45a7834	Windows 11  (10.0.22631) 64bit (Editor)	True	null	null	null	null	null	null	None	0	null	0	0	null	null	null	null	null	
2024/11/23 15:52:19.468	b135e9c82f3b5af8414a656ace8a78c8d45a7834	Windows 11  (10.0.22631) 64bit (Editor)	True	null	null	null	null	null	null	None	0	null	0	0	null	null	null	null	null	
2024/11/23 15:52:19.480	b135e9c82f3b5af8414a656ace8a78c8d45a7834	Windows 11  (10.0.22631) 64bit (Editor)	True	null	null	null	null	null	null	None	0	null	0	0	null	null	null	null	null	
2024/11/23 15:52:19.489	b135e9c82f3b5af8414a656ace8a78c8d45a7834	Windows 11  (10.0.22631) 64bit (Editor)	True	null	null	null	null	null	null	None	0	null	0	0	null	null	null	null	null	
2024/11/23 15:52:19.497	b135e9c82f3b5af8414a656ace8a78c8d45a7834	Windows 11  (10.0.22631) 64bit (Editor)	True	null	null	null	null	null	null	None	0	null	0	0	null	null	null	null	null	
2024/11/23 15:52:19.505	b135e9c82f3b5af8414a656ace8a78c8d45a7834	Windows 11  (10.0.22631) 64bit (Editor)	True	null	null	null	null	null	null	None	0	null	0	0	null	null	null	null	null	
2024/11/23 15:52:19.513	b135e9c82f3b5af8414a656ace8a78c8d45a7834	Windows 11  (10.0.22631) 64bit (Editor)	True	null	null	null	null	null	null	None	0	null	0	0	null	null	null	null	null	
2024/11/23 15:52:19.521	b135e9c82f3b5af8414a656ace8a78c8d45a7834	Windows 11  (10.0.22631) 64bit (Editor)	True	null	null	null	null	null	null	None	0	null	0	0	null	null	null	null	null	
2024/11/23 15:52:19.528	b135e9c82f3b5af8414a656ace8a78c8d45a7834	Windows 11  (10.0.22631) 64bit (Editor)	True	null	null	null	null	null	null	None	0	null	0	0	null	null	null	null	null	
2024/11/23 15:52:19.537	b135e9c82f3b5af8414a656ace8a78c8d45a7834	Windows 11  (10.0.22631) 64bit (Editor)	True	null	null	null	null	null	null	None	0	null	0	0	null	null	null	null	null	
2024/11/23 15:52:19.543	b135e9c82f3b5af8414a656ace8a78c8d45a7834	Windows 11  (10.0.22631) 64bit (Editor)	True	null	null	null	null	null	null	None	0	null	0	0	null	null	null	null	null	
2024/11/23 15:52:19.551	b135e9c82f3b5af8414a656ace8a78c8d45a7834	Windows 11  (10.0.22631) 64bit (Editor)	True	null	null	null	null	null	null	None	0	null	0	0	null	null	null	null	null	
2024/11/23 15:52:19.557	b135e9c82f3b5af8414a656ace8a78c8d45a7834	Windows 11  (10.0.22631) 64bit (Editor)	True	null	null	null	null	null	null	None	0	null	0	0	null	null	null	null	null	
2024/11/23 15:52:19.565	b135e9c82f3b5af8414a656ace8a78c8d45a7834	Windows 11  (10.0.22631) 64bit (Editor)	True	null	null	null	null	null	null	None	0	null	0	0	null	null	null	null	null	
2024/11/23 15:52:19.574	b135e9c82f3b5af8414a656ace8a78c8d45a7834	Windows 11  (10.0.22631) 64bit (Editor)	True	null	null	null	null	null	null	None	0	null	0	0	null	null	null	null	null	
2024/11/23 15:52:19.582	b135e9c82f3b5af8414a656ace8a78c8d45a7834	Windows 11  (10.0.22631) 64bit (Editor)	True	null	null	null	null	null	null	None	0	null	0	0	null	null	null	null	null	
2024/11/23 15:52:19.588	b135e9c82f3b5af8414a656ace8a78c8d45a7834	Windows 11  (10.0.22631) 64bit (Editor)	True	null	null	null	null	null	null	None	0	null	0	0	null	null	null	null	null	
2024/11/23 15:52:19.595	b135e9c82f3b5af8414a656ace8a78c8d45a7834	Windows 11  (10.0.22631) 64bit (Editor)	True	null	null	null	null	null	null	None	0	null	0	0	null	null	null	null	null	
2024/11/23 15:52:19.607	b135e9c82f3b5af8414a656ace8a78c8d45a7834	Windows 11  (10.0.22631) 64bit (Editor)	True	null	null	null	null	null	null	None	0	null	0	0	null	null	null	null	null	
2024/11/23 15:52:19.626	b135e9c82f3b5af8414a656ace8a78c8d45a7834	Windows 11  (10.0.22631) 64bit (Editor)	True	null	null	null	null	null	null	None	0	null	0	0	null	null	null	null	null	
2024/11/23 15:52:19.634	b135e9c82f3b5af8414a656ace8a78c8d45a7834	Windows 11  (10.0.22631) 64bit (Editor)	True	null	null	null	null	null	null	None	0	null	0	0	null	null	null	null	null	
2024/11/23 15:52:19.643	b135e9c82f3b5af8414a656ace8a78c8d45a7834	Windows 11  (10.0.22631) 64bit (Editor)	True	null	null	null	null	null	null	None	0	null	0	0	null	null	null	null	null	
2024/11/23 15:52:19.652	b135e9c82f3b5af8414a656ace8a78c8d45a7834	Windows 11  (10.0.22631) 64bit (Editor)	True	null	null	null	null	null	null	None	0	null	0	0	null	null	null	null	null	
2024/11/23 15:52:19.659	b135e9c82f3b5af8414a656ace8a78c8d45a7834	Windows 11  (10.0.22631) 64bit (Editor)	True	null	null	null	null	null	null	None	0	null	0	0	null	null	null	null	null	
2024/11/23 15:52:19.668	b135e9c82f3b5af8414a656ace8a78c8d45a7834	Windows 11  (10.0.22631) 64bit (Editor)	True	null	null	null	null	null	null	None	0	null	0	0	null	null	null	null	null	
2024/11/23 15:52:19.680	b135e9c82f3b5af8414a656ace8a78c8d45a7834	Windows 11  (10.0.22631) 64bit (Editor)	True	null	null	null	null	null	null	None	0	null	0	0	null	null	null	null	null	
2024/11/23 15:52:19.687	b135e9c82f3b5af8414a656ace8a78c8d45a7834	Windows 11  (10.0.22631) 64bit (Editor)	True	null	null	null	null	null	null	None	0	null	0	0	null	null	null	null	null	
2024/11/23 15:52:19.695	b135e9c82f3b5af8414a656ace8a78c8d45a7834	Windows 11  (10.0.22631) 64bit (Editor)	True	null	null	null	null	null	null	None	0	null	0	0	null	null	null	null	null	
2024/11/23 15:52:19.703	b135e9c82f3b5af8414a656ace8a78c8d45a7834	Windows 11  (10.0.22631) 64bit (Editor)	True	null	null	null	null	null	null	None	0	null	0	0	null	null	null	null	null	
2024/11/23 15:52:19.711	b135e9c82f3b5af8414a656ace8a78c8d45a7834	Windows 11  (10.0.22631) 64bit (Editor)	True	null	null	null	null	null	null	None	0	null	0	0	null	null	null	null	null	
2024/11/23 15:52:19.719	b135e9c82f3b5af8414a656ace8a78c8d45a7834	Windows 11  (10.0.22631) 64bit (Editor)	True	null	null	null	null	null	null	None	0	null	0	0	null	null	null	null	null	
2024/11/23 15:52:19.727	b135e9c82f3b5af8414a656ace8a78c8d45a7834	Windows 11  (10.0.22631) 64bit (Editor)	True	null	null	null	null	null	null	None	0	null	0	0	null	null	null	null	null	
2024/11/23 15:52:19.734	b135e9c82f3b5af8414a656ace8a78c8d45a7834	Windows 11  (10.0.22631) 64bit (Editor)	True	null	null	null	null	null	null	None	0	null	0	0	null	null	null	null	null	
2024/11/23 15:52:19.743	b135e9c82f3b5af8414a656ace8a78c8d45a7834	Windows 11  (10.0.22631) 64bit (Editor)	True	null	null	null	null	null	null	None	0	null	0	0	null	null	null	null	null	
2024/11/23 15:52:19.752	b135e9c82f3b5af8414a656ace8a78c8d45a7834	Windows 11  (10.0.22631) 64bit (Editor)	True	null	null	null	null	null	null	None	0	null	0	0	null	null	null	null	null	
2024/11/23 15:52:19.760	b135e9c82f3b5af8414a656ace8a78c8d45a7834	Windows 11  (10.0.22631) 64bit (Editor)	True	null	null	null	null	null	null	None	0	null	0	0	null	null	null	null	null	
2024/11/23 15:52:19.781	b135e9c82f3b5af8414a656ace8a78c8d45a7834	Windows 11  (10.0.22631) 64bit (Editor)	True	null	null	null	null	null	null	None	0	null	0	0	null	null	null	null	null	
2024/11/23 15:52:19.789	b135e9c82f3b5af8414a656ace8a78c8d45a7834	Windows 11  (10.0.22631) 64bit (Editor)	True	null	null	null	null	null	null	None	0	null	0	0	null	null	null	null	null	
2024/11/23 15:52:19.797	b135e9c82f3b5af8414a656ace8a78c8d45a7834	Windows 11  (10.0.22631) 64bit (Editor)	True	null	null	null	null	null	null	None	0	null	0	0	null	null	null	null	null	
2024/11/23 15:52:19.807	b135e9c82f3b5af8414a656ace8a78c8d45a7834	Windows 11  (10.0.22631) 64bit (Editor)	True	null	null	null	null	null	null	None	0	null	0	0	null	null	null	null	null	
2024/11/23 15:52:19.816	b135e9c82f3b5af8414a656ace8a78c8d45a7834	Windows 11  (10.0.22631) 64bit (Editor)	True	null	null	null	null	null	null	None	0	null	0	0	null	null	null	null	null	
2024/11/23 15:52:19.824	b135e9c82f3b5af8414a656ace8a78c8d45a7834	Windows 11  (10.0.22631) 64bit (Editor)	True	null	null	null	null	null	null	None	0	null	0	0	null	null	null	null	null	
2024/11/23 15:52:19.832	b135e9c82f3b5af8414a656ace8a78c8d45a7834	Windows 11  (10.0.22631) 64bit (Editor)	True	null	null	null	null	null	null	None	0	null	0	0	null	null	null	null	null	
2024/11/23 15:52:19.840	b135e9c82f3b5af8414a656ace8a78c8d45a7834	Windows 11  (10.0.22631) 64bit (Editor)	True	null	null	null	null	null	null	None	0	null	0	0	null	null	null	null	null	
2024/11/23 15:52:19.848	b135e9c82f3b5af8414a656ace8a78c8d45a7834	Windows 11  (10.0.22631) 64bit (Editor)	True	null	null	null	null	null	null	None	0	null	0	0	null	null	null	null	null	
2024/11/23 15:52:19.856	b135e9c82f3b5af8414a656ace8a78c8d45a7834	Windows 11  (10.0.22631) 64bit (Editor)	True	null	null	null	null	null	null	None	0	null	0	0	null	null	null	null	null	
2024/11/23 15:52:19.864	b135e9c82f3b5af8414a656ace8a78c8d45a7834	Windows 11  (10.0.22631) 64bit (Editor)	True	null	null	null	null	null	null	None	0	null	0	0	null	null	null	null	null	
2024/11/23 15:52:19.871	b135e9c82f3b5af8414a656ace8a78c8d45a7834	Windows 11  (10.0.22631) 64bit (Editor)	True	null	null	null	null	null	null	None	0	null	0	0	null	null	null	null	null	
2024/11/23 15:52:19.880	b135e9c82f3b5af8414a656ace8a78c8d45a7834	Windows 11  (10.0.22631) 64bit (Editor)	True	null	null	null	null	null	null	None	0	null	0	0	null	null	null	null	null	
2024/11/23 15:52:19.887	b135e9c82f3b5af8414a656ace8a78c8d45a7834	Windows 11  (10.0.22631) 64bit (Editor)	True	null	null	null	null	null	null	None	0	null	0	0	null	null	null	null	null	
2024/11/23 15:52:19.897	b135e9c82f3b5af8414a656ace8a78c8d45a7834	Windows 11  (10.0.22631) 64bit (Editor)	True	null	null	null	null	null	null	None	0	null	0	0	null	null	null	null	null	
2024/11/23 15:52:19.905	b135e9c82f3b5af8414a656ace8a78c8d45a7834	Windows 11  (10.0.22631) 64bit (Editor)	True	null	null	null	null	null	null	None	0	null	0	0	null	null	null	null	null	
2024/11/23 15:52:19.913	b135e9c82f3b5af8414a656ace8a78c8d45a7834	Windows 11  (10.0.22631) 64bit (Editor)	True	null	null	null	null	null	null	None	0	null	0	0	null	null	null	null	null	
2024/11/23 15:52:19.933	b135e9c82f3b5af8414a656ace8a78c8d45a7834	Windows 11  (10.0.22631) 64bit (Editor)	True	null	null	null	null	null	null	None	0	null	0	0	null	null	null	null	null	
2024/11/23 15:52:19.942	b135e9c82f3b5af8414a656ace8a78c8d45a7834	Windows 11  (10.0.22631) 64bit (Editor)	True	null	null	null	null	null	null	None	0	null	0	0	null	null	null	null	null	
2024/11/23 15:52:19.951	b135e9c82f3b5af8414a656ace8a78c8d45a7834	Windows 11  (10.0.22631) 64bit (Editor)	True	null	null	null	null	null	null	None	0	null	0	0	null	null	null	null	null	
2024/11/23 15:52:19.960	b135e9c82f3b5af8414a656ace8a78c8d45a7834	Windows 11  (10.0.22631) 64bit (Editor)	True	null	null	null	null	null	null	None	0	null	0	0	null	null	null	null	null	
2024/11/23 15:52:19.970	b135e9c82f3b5af8414a656ace8a78c8d45a7834	Windows 11  (10.0.22631) 64bit (Editor)	True	null	null	null	null	null	null	None	0	null	0	0	null	null	null	null	null	
2024/11/23 15:52:19.978	b135e9c82f3b5af8414a656ace8a78c8d45a7834	Windows 11  (10.0.22631) 64bit (Editor)	True	null	null	null	null	null	null	None	0	null	0	0	null	null	null	null	null	
2024/11/23 15:52:19.986	b135e9c82f3b5af8414a656ace8a78c8d45a7834	Windows 11  (10.0.22631) 64bit (Editor)	True	null	null	null	null	null	null	None	0	null	0	0	null	null	null	null	null	
2024/11/23 15:52:19.994	b135e9c82f3b5af8414a656ace8a78c8d45a7834	Windows 11  (10.0.22631) 64bit (Editor)	True	null	null	null	null	null	null	None	0	null	0	0	null	null	null	null	null	
2024/11/23 15:52:20.002	b135e9c82f3b5af8414a656ace8a78c8d45a7834	Windows 11  (10.0.22631) 64bit (Editor)	True	null	null	null	null	null	null	None	0	null	0	0	null	null	null	null	null	
2024/11/23 15:52:20.010	b135e9c82f3b5af8414a656ace8a78c8d45a7834	Windows 11  (10.0.22631) 64bit (Editor)	True	null	null	null	null	null	null	None	0	null	0	0	null	null	null	null	null	
2024/11/23 15:52:20.019	b135e9c82f3b5af8414a656ace8a78c8d45a7834	Windows 11  (10.0.22631) 64bit (Editor)	True	null	null	null	null	null	null	None	0	null	0	0	null	null	null	null	null	
2024/11/23 15:52:20.028	b135e9c82f3b5af8414a656ace8a78c8d45a7834	Windows 11  (10.0.22631) 64bit (Editor)	True	null	null	null	null	null	null	None	0	null	0	0	null	null	null	null	null	
2024/11/23 15:52:20.038	b135e9c82f3b5af8414a656ace8a78c8d45a7834	Windows 11  (10.0.22631) 64bit (Editor)	True	null	null	null	null	null	null	None	0	null	0	0	null	null	null	null	null	
2024/11/23 15:52:20.047	b135e9c82f3b5af8414a656ace8a78c8d45a7834	Windows 11  (10.0.22631) 64bit (Editor)	True	null	null	null	null	null	null	None	0	null	0	0	null	null	null	null	null	
2024/11/23 15:52:20.054	b135e9c82f3b5af8414a656ace8a78c8d45a7834	Windows 11  (10.0.22631) 64bit (Editor)	True	null	null	null	null	null	null	None	0	null	0	0	null	null	null	null	null	
2024/11/23 15:52:20.062	b135e9c82f3b5af8414a656ace8a78c8d45a7834	Windows 11  (10.0.22631) 64bit (Editor)	True	null	null	null	null	null	null	None	0	null	0	0	null	null	null	null	null	
2024/11/23 15:52:20.071	b135e9c82f3b5af8414a656ace8a78c8d45a7834	Windows 11  (10.0.22631) 64bit (Editor)	True	null	null	null	null	null	null	None	0	null	0	0	null	null	null	null	null	
2024/11/23 15:52:20.088	b135e9c82f3b5af8414a656ace8a78c8d45a7834	Windows 11  (10.0.22631) 64bit (Editor)	True	null	null	null	null	null	null	None	0	null	0	0	null	null	null	null	null	
2024/11/23 15:52:20.095	b135e9c82f3b5af8414a656ace8a78c8d45a7834	Windows 11  (10.0.22631) 64bit (Editor)	True	null	null	null	null	null	null	None	0	null	0	0	null	null	null	null	null	
2024/11/23 15:52:20.103	b135e9c82f3b5af8414a656ace8a78c8d45a7834	Windows 11  (10.0.22631) 64bit (Editor)	True	null	null	null	null	null	null	None	0	null	0	0	null	null	null	null	null	
2024/11/23 15:52:20.109	b135e9c82f3b5af8414a656ace8a78c8d45a7834	Windows 11  (10.0.22631) 64bit (Editor)	True	null	null	null	null	null	null	None	0	null	0	0	null	null	null	null	null	
2024/11/23 15:52:20.117	b135e9c82f3b5af8414a656ace8a78c8d45a7834	Windows 11  (10.0.22631) 64bit (Editor)	True	null	null	null	null	null	null	None	0	null	0	0	null	null	null	null	null	
2024/11/23 15:52:20.123	b135e9c82f3b5af8414a656ace8a78c8d45a7834	Windows 11  (10.0.22631) 64bit (Editor)	True	null	null	null	null	null	null	None	0	null	0	0	null	null	null	null	null	
2024/11/23 15:52:20.131	b135e9c82f3b5af8414a656ace8a78c8d45a7834	Windows 11  (10.0.22631) 64bit (Editor)	True	null	null	null	null	null	null	None	0	null	0	0	null	null	null	null	null	
2024/11/23 15:52:20.137	b135e9c82f3b5af8414a656ace8a78c8d45a7834	Windows 11  (10.0.22631) 64bit (Editor)	True	null	null	null	null	null	null	None	0	null	0	0	null	null	null	null	null	
2024/11/23 15:52:20.144	b135e9c82f3b5af8414a656ace8a78c8d45a7834	Windows 11  (10.0.22631) 64bit (Editor)	True	null	null	null	null	null	null	None	0	null	0	0	null	null	null	null	null	
2024/11/23 15:52:20.152	b135e9c82f3b5af8414a656ace8a78c8d45a7834	Windows 11  (10.0.22631) 64bit (Editor)	True	null	null	null	null	null	null	None	0	null	0	0	null	null	null	null	null	
2024/11/23 15:52:20.158	b135e9c82f3b5af8414a656ace8a78c8d45a7834	Windows 11  (10.0.22631) 64bit (Editor)	True	null	null	null	null	null	null	None	0	null	0	0	null	null	null	null	null	
2024/11/23 15:52:20.166	b135e9c82f3b5af8414a656ace8a78c8d45a7834	Windows 11  (10.0.22631) 64bit (Editor)	True	null	null	null	null	null	null	None	0	null	0	0	null	null	null	null	null	
2024/11/23 15:52:20.172	b135e9c82f3b5af8414a656ace8a78c8d45a7834	Windows 11  (10.0.22631) 64bit (Editor)	True	null	null	null	null	null	null	None	0	null	0	0	null	null	null	null	null	
2024/11/23 15:52:20.180	b135e9c82f3b5af8414a656ace8a78c8d45a7834	Windows 11  (10.0.22631) 64bit (Editor)	True	null	null	null	null	null	null	None	0	null	0	0	null	null	null	null	null	
2024/11/23 15:52:20.187	b135e9c82f3b5af8414a656ace8a78c8d45a7834	Windows 11  (10.0.22631) 64bit (Editor)	True	null	null	null	null	null	null	None	0	null	0	0	null	null	null	null	null	
2024/11/23 15:52:20.194	b135e9c82f3b5af8414a656ace8a78c8d45a7834	Windows 11  (10.0.22631) 64bit (Editor)	True	null	null	null	null	null	null	None	0	null	0	0	null	null	null	null	null	
2024/11/23 15:52:20.201	b135e9c82f3b5af8414a656ace8a78c8d45a7834	Windows 11  (10.0.22631) 64bit (Editor)	True	null	null	null	null	null	null	None	0	null	0	0	null	null	null	null	null	
2024/11/23 15:52:20.209	b135e9c82f3b5af8414a656ace8a78c8d45a7834	Windows 11  (10.0.22631) 64bit (Editor)	True	null	null	null	null	null	null	None	0	null	0	0	null	null	null	null	null	
2024/11/23 15:52:20.215	b135e9c82f3b5af8414a656ace8a78c8d45a7834	Windows 11  (10.0.22631) 64bit (Editor)	True	null	null	null	null	null	null	None	0	null	0	0	null	null	null	null	null	
2024/11/23 15:52:20.222	b135e9c82f3b5af8414a656ace8a78c8d45a7834	Windows 11  (10.0.22631) 64bit (Editor)	True	null	null	null	null	null	null	None	0	null	0	0	null	null	null	null	null	
2024/11/23 15:52:20.240	b135e9c82f3b5af8414a656ace8a78c8d45a7834	Windows 11  (10.0.22631) 64bit (Editor)	True	null	null	null	null	null	null	None	0	null	0	0	null	null	null	null	null	
2024/11/23 15:52:20.246	b135e9c82f3b5af8414a656ace8a78c8d45a7834	Windows 11  (10.0.22631) 64bit (Editor)	True	null	null	null	null	null	null	None	0	null	0	0	null	null	null	null	null	
2024/11/23 15:52:20.254	b135e9c82f3b5af8414a656ace8a78c8d45a7834	Windows 11  (10.0.22631) 64bit (Editor)	True	null	null	null	null	null	null	None	0	null	0	0	null	null	null	null	null	
2024/11/23 15:52:20.261	b135e9c82f3b5af8414a656ace8a78c8d45a7834	Windows 11  (10.0.22631) 64bit (Editor)	True	null	null	null	null	null	null	None	0	null	0	0	null	null	null	null	null	
2024/11/23 15:52:20.267	b135e9c82f3b5af8414a656ace8a78c8d45a7834	Windows 11  (10.0.22631) 64bit (Editor)	True	null	null	null	null	null	null	None	0	null	0	0	null	null	null	null	null	
2024/11/23 15:52:20.274	b135e9c82f3b5af8414a656ace8a78c8d45a7834	Windows 11  (10.0.22631) 64bit (Editor)	True	null	null	null	null	null	null	None	0	null	0	0	null	null	null	null	null	
2024/11/23 15:52:20.281	b135e9c82f3b5af8414a656ace8a78c8d45a7834	Windows 11  (10.0.22631) 64bit (Editor)	True	null	null	null	null	null	null	None	0	null	0	0	null	null	null	null	null	
2024/11/23 15:52:20.288	b135e9c82f3b5af8414a656ace8a78c8d45a7834	Windows 11  (10.0.22631) 64bit (Editor)	True	null	null	null	null	null	null	None	0	null	0	0	null	null	null	null	null	
2024/11/23 15:52:20.294	b135e9c82f3b5af8414a656ace8a78c8d45a7834	Windows 11  (10.0.22631) 64bit (Editor)	True	null	null	null	null	null	null	None	0	null	0	0	null	null	null	null	null	
2024/11/23 15:52:20.302	b135e9c82f3b5af8414a656ace8a78c8d45a7834	Windows 11  (10.0.22631) 64bit (Editor)	True	null	null	null	null	null	null	None	0	null	0	0	null	null	null	null	null	
2024/11/23 15:52:20.308	b135e9c82f3b5af8414a656ace8a78c8d45a7834	Windows 11  (10.0.22631) 64bit (Editor)	True	null	null	null	null	null	null	None	0	null	0	0	null	null	null	null	null	
2024/11/23 15:52:20.316	b135e9c82f3b5af8414a656ace8a78c8d45a7834	Windows 11  (10.0.22631) 64bit (Editor)	True	null	null	null	null	null	null	None	0	null	0	0	null	null	null	null	null	
2024/11/23 15:52:20.322	b135e9c82f3b5af8414a656ace8a78c8d45a7834	Windows 11  (10.0.22631) 64bit (Editor)	True	null	null	null	null	null	null	None	0	null	0	0	null	null	null	null	null	
2024/11/23 15:52:20.329	b135e9c82f3b5af8414a656ace8a78c8d45a7834	Windows 11  (10.0.22631) 64bit (Editor)	True	null	null	null	null	null	null	None	0	null	0	0	null	null	null	null	null	
2024/11/23 15:52:20.336	b135e9c82f3b5af8414a656ace8a78c8d45a7834	Windows 11  (10.0.22631) 64bit (Editor)	True	null	null	null	null	null	null	None	0	null	0	0	null	null	null	null	null	
2024/11/23 15:52:20.344	b135e9c82f3b5af8414a656ace8a78c8d45a7834	Windows 11  (10.0.22631) 64bit (Editor)	True	null	null	null	null	null	null	None	0	null	0	0	null	null	null	null	null	
2024/11/23 15:52:20.351	b135e9c82f3b5af8414a656ace8a78c8d45a7834	Windows 11  (10.0.22631) 64bit (Editor)	True	null	null	null	null	null	null	None	0	null	0	0	null	null	null	null	null	
2024/11/23 15:52:20.357	b135e9c82f3b5af8414a656ace8a78c8d45a7834	Windows 11  (10.0.22631) 64bit (Editor)	True	null	null	null	null	null	null	None	0	null	0	0	null	null	null	null	null	
2024/11/23 15:52:20.364	b135e9c82f3b5af8414a656ace8a78c8d45a7834	Windows 11  (10.0.22631) 64bit (Editor)	True	null	null	null	null	null	null	None	0	null	0	0	null	null	null	null	null	
2024/11/23 15:52:20.372	b135e9c82f3b5af8414a656ace8a78c8d45a7834	Windows 11  (10.0.22631) 64bit (Editor)	True	null	null	null	null	null	null	None	0	null	0	0	null	null	null	null	null	
2024/11/23 15:52:20.379	b135e9c82f3b5af8414a656ace8a78c8d45a7834	Windows 11  (10.0.22631) 64bit (Editor)	True	null	null	null	null	null	null	None	0	null	0	0	null	null	null	null	null	
2024/11/23 15:52:20.396	b135e9c82f3b5af8414a656ace8a78c8d45a7834	Windows 11  (10.0.22631) 64bit (Editor)	True	null	null	null	null	null	null	None	0	null	0	0	null	null	null	null	null	
2024/11/23 15:52:20.404	b135e9c82f3b5af8414a656ace8a78c8d45a7834	Windows 11  (10.0.22631) 64bit (Editor)	True	null	null	null	null	null	null	None	0	null	0	0	null	null	null	null	null	
2024/11/23 15:52:20.411	b135e9c82f3b5af8414a656ace8a78c8d45a7834	Windows 11  (10.0.22631) 64bit (Editor)	True	null	null	null	null	null	null	None	0	null	0	0	null	null	null	null	null	
2024/11/23 15:52:20.419	b135e9c82f3b5af8414a656ace8a78c8d45a7834	Windows 11  (10.0.22631) 64bit (Editor)	True	null	null	null	null	null	null	None	0	null	0	0	null	null	null	null	null	
2024/11/23 15:52:20.426	b135e9c82f3b5af8414a656ace8a78c8d45a7834	Windows 11  (10.0.22631) 64bit (Editor)	True	null	null	null	null	null	null	None	0	null	0	0	null	null	null	null	null	
2024/11/23 15:52:20.433	b135e9c82f3b5af8414a656ace8a78c8d45a7834	Windows 11  (10.0.22631) 64bit (Editor)	True	null	null	null	null	null	null	None	0	null	0	0	null	null	null	null	null	
2024/11/23 15:52:20.441	b135e9c82f3b5af8414a656ace8a78c8d45a7834	Windows 11  (10.0.22631) 64bit (Editor)	True	null	null	null	null	null	null	None	0	null	0	0	null	null	null	null	null	
2024/11/23 15:52:20.447	b135e9c82f3b5af8414a656ace8a78c8d45a7834	Windows 11  (10.0.22631) 64bit (Editor)	True	null	null	null	null	null	null	None	0	null	0	0	null	null	null	null	null	
2024/11/23 15:52:20.455	b135e9c82f3b5af8414a656ace8a78c8d45a7834	Windows 11  (10.0.22631) 64bit (Editor)	True	null	null	null	null	null	null	None	0	null	0	0	null	null	null	null	null	
2024/11/23 15:52:20.462	b135e9c82f3b5af8414a656ace8a78c8d45a7834	Windows 11  (10.0.22631) 64bit (Editor)	True	null	null	null	null	null	null	None	0	null	0	0	null	null	null	null	null	
2024/11/23 15:52:20.470	b135e9c82f3b5af8414a656ace8a78c8d45a7834	Windows 11  (10.0.22631) 64bit (Editor)	True	null	null	null	null	null	null	None	0	null	0	0	null	null	null	null	null	
2024/11/23 15:52:20.478	b135e9c82f3b5af8414a656ace8a78c8d45a7834	Windows 11  (10.0.22631) 64bit (Editor)	True	null	null	null	null	null	null	None	0	null	0	0	null	null	null	null	null	
2024/11/23 15:52:20.485	b135e9c82f3b5af8414a656ace8a78c8d45a7834	Windows 11  (10.0.22631) 64bit (Editor)	True	null	null	null	null	null	null	None	0	null	0	0	null	null	null	null	null	
2024/11/23 15:52:20.493	b135e9c82f3b5af8414a656ace8a78c8d45a7834	Windows 11  (10.0.22631) 64bit (Editor)	True	null	null	null	null	null	null	None	0	null	0	0	null	null	null	null	null	
2024/11/23 15:52:20.500	b135e9c82f3b5af8414a656ace8a78c8d45a7834	Windows 11  (10.0.22631) 64bit (Editor)	True	null	null	null	null	null	null	None	0	null	0	0	null	null	null	null	null	
2024/11/23 15:52:20.507	b135e9c82f3b5af8414a656ace8a78c8d45a7834	Windows 11  (10.0.22631) 64bit (Editor)	True	null	null	null	null	null	null	None	0	null	0	0	null	null	null	null	null	
2024/11/23 15:52:20.513	b135e9c82f3b5af8414a656ace8a78c8d45a7834	Windows 11  (10.0.22631) 64bit (Editor)	True	null	null	null	null	null	null	None	0	null	0	0	null	null	null	null	null	
2024/11/23 15:52:20.521	b135e9c82f3b5af8414a656ace8a78c8d45a7834	Windows 11  (10.0.22631) 64bit (Editor)	True	null	null	null	null	null	null	None	0	null	0	0	null	null	null	null	null	
2024/11/23 15:52:20.528	b135e9c82f3b5af8414a656ace8a78c8d45a7834	Windows 11  (10.0.22631) 64bit (Editor)	True	null	null	null	null	null	null	None	0	null	0	0	null	null	null	null	null	
2024/11/23 15:52:20.548	b135e9c82f3b5af8414a656ace8a78c8d45a7834	Windows 11  (10.0.22631) 64bit (Editor)	True	null	null	null	null	null	null	None	0	null	0	0	null	null	null	null	null	
2024/11/23 15:52:20.557	b135e9c82f3b5af8414a656ace8a78c8d45a7834	Windows 11  (10.0.22631) 64bit (Editor)	True	null	null	null	null	null	null	None	0	null	0	0	null	null	null	null	null	
2024/11/23 15:52:20.567	b135e9c82f3b5af8414a656ace8a78c8d45a7834	Windows 11  (10.0.22631) 64bit (Editor)	True	null	null	null	null	null	null	None	0	null	0	0	null	null	null	null	null	
2024/11/23 15:52:20.575	b135e9c82f3b5af8414a656ace8a78c8d45a7834	Windows 11  (10.0.22631) 64bit (Editor)	True	null	null	null	null	null	null	None	0	null	0	0	null	null	null	null	null	
2024/11/23 15:52:20.589	b135e9c82f3b5af8414a656ace8a78c8d45a7834	Windows 11  (10.0.22631) 64bit (Editor)	True	null	null	null	null	null	null	None	0	null	0	0	null	null	null	null	null	
2024/11/23 15:52:20.602	b135e9c82f3b5af8414a656ace8a78c8d45a7834	Windows 11  (10.0.22631) 64bit (Editor)	True	null	null	null	null	null	null	None	0	null	0	0	null	null	null	null	null	
2024/11/23 15:52:20.610	b135e9c82f3b5af8414a656ace8a78c8d45a7834	Windows 11  (10.0.22631) 64bit (Editor)	True	null	null	null	null	null	null	None	0	null	0	0	null	null	null	null	null	
2024/11/23 15:52:20.619	b135e9c82f3b5af8414a656ace8a78c8d45a7834	Windows 11  (10.0.22631) 64bit (Editor)	True	null	null	null	null	null	null	None	0	null	0	0	null	null	null	null	null	
2024/11/23 15:52:20.628	b135e9c82f3b5af8414a656ace8a78c8d45a7834	Windows 11  (10.0.22631) 64bit (Editor)	True	null	null	null	null	null	null	None	0	null	0	0	null	null	null	null	null	
2024/11/23 15:52:20.639	b135e9c82f3b5af8414a656ace8a78c8d45a7834	Windows 11  (10.0.22631) 64bit (Editor)	True	null	null	null	null	null	null	None	0	null	0	0	null	null	null	null	null	
2024/11/23 15:52:20.645	b135e9c82f3b5af8414a656ace8a78c8d45a7834	Windows 11  (10.0.22631) 64bit (Editor)	True	null	null	null	null	null	null	None	0	null	0	0	null	null	null	null	null	
2024/11/23 15:52:20.654	b135e9c82f3b5af8414a656ace8a78c8d45a7834	Windows 11  (10.0.22631) 64bit (Editor)	True	null	null	null	null	null	null	None	0	null	0	0	null	null	null	null	null	
2024/11/23 15:52:20.662	b135e9c82f3b5af8414a656ace8a78c8d45a7834	Windows 11  (10.0.22631) 64bit (Editor)	True	null	null	null	null	null	null	None	0	null	0	0	null	null	null	null	null	
2024/11/23 15:52:20.671	b135e9c82f3b5af8414a656ace8a78c8d45a7834	Windows 11  (10.0.22631) 64bit (Editor)	True	null	null	null	null	null	null	None	0	null	0	0	null	null	null	null	null	
2024/11/23 15:52:20.679	b135e9c82f3b5af8414a656ace8a78c8d45a7834	Windows 11  (10.0.22631) 64bit (Editor)	True	null	null	null	null	null	null	None	0	null	0	0	null	null	null	null	null	
2024/11/23 15:52:20.707	b135e9c82f3b5af8414a656ace8a78c8d45a7834	Windows 11  (10.0.22631) 64bit (Editor)	True	null	null	null	null	null	null	None	0	null	0	0	null	null	null	null	null	
2024/11/23 15:52:20.715	b135e9c82f3b5af8414a656ace8a78c8d45a7834	Windows 11  (10.0.22631) 64bit (Editor)	True	null	null	null	null	null	null	None	0	null	0	0	null	null	null	null	null	
2024/11/23 15:52:20.726	b135e9c82f3b5af8414a656ace8a78c8d45a7834	Windows 11  (10.0.22631) 64bit (Editor)	True	null	null	null	null	null	null	None	0	null	0	0	null	null	null	null	null	
2024/11/23 15:52:20.737	b135e9c82f3b5af8414a656ace8a78c8d45a7834	Windows 11  (10.0.22631) 64bit (Editor)	True	null	null	null	null	null	null	None	0	null	0	0	null	null	null	null	null	
2024/11/23 15:52:20.750	b135e9c82f3b5af8414a656ace8a78c8d45a7834	Windows 11  (10.0.22631) 64bit (Editor)	True	null	null	null	null	null	null	None	0	null	0	0	null	null	null	null	null	
2024/11/23 15:52:20.759	b135e9c82f3b5af8414a656ace8a78c8d45a7834	Windows 11  (10.0.22631) 64bit (Editor)	True	null	null	null	null	null	null	None	0	null	0	0	null	null	null	null	null	
2024/11/23 15:52:20.768	b135e9c82f3b5af8414a656ace8a78c8d45a7834	Windows 11  (10.0.22631) 64bit (Editor)	True	null	null	null	null	null	null	None	0	null	0	0	null	null	null	null	null	
2024/11/23 15:52:20.776	b135e9c82f3b5af8414a656ace8a78c8d45a7834	Windows 11  (10.0.22631) 64bit (Editor)	True	null	null	null	null	null	null	None	0	null	0	0	null	null	null	null	null	
2024/11/23 15:52:20.786	b135e9c82f3b5af8414a656ace8a78c8d45a7834	Windows 11  (10.0.22631) 64bit (Editor)	True	null	null	null	null	null	null	None	0	null	0	0	null	null	null	null	null	
2024/11/23 15:52:20.793	b135e9c82f3b5af8414a656ace8a78c8d45a7834	Windows 11  (10.0.22631) 64bit (Editor)	True	null	null	null	null	null	null	None	0	null	0	0	null	null	null	null	null	
2024/11/23 15:52:20.802	b135e9c82f3b5af8414a656ace8a78c8d45a7834	Windows 11  (10.0.22631) 64bit (Editor)	True	null	null	null	null	null	null	None	0	null	0	0	null	null	null	null	null	
2024/11/23 15:52:20.808	b135e9c82f3b5af8414a656ace8a78c8d45a7834	Windows 11  (10.0.22631) 64bit (Editor)	True	null	null	null	null	null	null	None	0	null	0	0	null	null	null	null	null	
2024/11/23 15:52:20.816	b135e9c82f3b5af8414a656ace8a78c8d45a7834	Windows 11  (10.0.22631) 64bit (Editor)	True	null	null	null	null	null	null	None	0	null	0	0	null	null	null	null	null	
2024/11/23 15:52:20.824	b135e9c82f3b5af8414a656ace8a78c8d45a7834	Windows 11  (10.0.22631) 64bit (Editor)	True	null	null	null	null	null	null	None	0	null	0	0	null	null	null	null	null	
2024/11/23 15:52:20.831	b135e9c82f3b5af8414a656ace8a78c8d45a7834	Windows 11  (10.0.22631) 64bit (Editor)	True	null	null	null	null	null	null	None	0	null	0	0	null	null	null	null	null	
2024/11/23 15:52:20.849	b135e9c82f3b5af8414a656ace8a78c8d45a7834	Windows 11  (10.0.22631) 64bit (Editor)	True	null	null	null	null	null	null	None	0	null	0	0	null	null	null	null	null	
2024/11/23 15:52:20.859	b135e9c82f3b5af8414a656ace8a78c8d45a7834	Windows 11  (10.0.22631) 64bit (Editor)	True	null	null	null	null	null	null	None	0	null	0	0	null	null	null	null	null	
2024/11/23 15:52:20.868	b135e9c82f3b5af8414a656ace8a78c8d45a7834	Windows 11  (10.0.22631) 64bit (Editor)	True	null	null	null	null	null	null	None	0	null	0	0	null	null	null	null	null	
2024/11/23 15:52:20.877	b135e9c82f3b5af8414a656ace8a78c8d45a7834	Windows 11  (10.0.22631) 64bit (Editor)	True	null	null	null	null	null	null	None	0	null	0	0	null	null	null	null	null	
2024/11/23 15:52:20.887	b135e9c82f3b5af8414a656ace8a78c8d45a7834	Windows 11  (10.0.22631) 64bit (Editor)	True	null	null	null	null	null	null	None	0	null	0	0	null	null	null	null	null	
2024/11/23 15:52:20.897	b135e9c82f3b5af8414a656ace8a78c8d45a7834	Windows 11  (10.0.22631) 64bit (Editor)	True	null	null	null	null	null	null	None	0	null	0	0	null	null	null	null	null	
2024/11/23 15:52:20.907	b135e9c82f3b5af8414a656ace8a78c8d45a7834	Windows 11  (10.0.22631) 64bit (Editor)	True	null	null	null	null	null	null	None	0	null	0	0	null	null	null	null	null	
2024/11/23 15:52:20.914	b135e9c82f3b5af8414a656ace8a78c8d45a7834	Windows 11  (10.0.22631) 64bit (Editor)	True	null	null	null	null	null	null	None	0	null	0	0	null	null	null	null	null	
2024/11/23 15:52:20.929	b135e9c82f3b5af8414a656ace8a78c8d45a7834	Windows 11  (10.0.22631) 64bit (Editor)	True	null	null	null	null	null	null	None	0	null	0	0	null	null	null	null	null	
2024/11/23 15:52:20.942	b135e9c82f3b5af8414a656ace8a78c8d45a7834	Windows 11  (10.0.22631) 64bit (Editor)	True	null	null	null	null	null	null	None	0	null	0	0	null	null	null	null	null	
2024/11/23 15:52:20.959	b135e9c82f3b5af8414a656ace8a78c8d45a7834	Windows 11  (10.0.22631) 64bit (Editor)	True	null	null	null	null	null	null	None	0	null	0	0	null	null	null	null	null	
2024/11/23 15:52:20.967	b135e9c82f3b5af8414a656ace8a78c8d45a7834	Windows 11  (10.0.22631) 64bit (Editor)	True	null	null	null	null	null	null	None	0	null	0	0	null	null	null	null	null	
2024/11/23 15:52:20.975	b135e9c82f3b5af8414a656ace8a78c8d45a7834	Windows 11  (10.0.22631) 64bit (Editor)	True	null	null	null	null	null	null	None	0	null	0	0	null	null	null	null	null	
2024/11/23 15:52:20.984	b135e9c82f3b5af8414a656ace8a78c8d45a7834	Windows 11  (10.0.22631) 64bit (Editor)	True	null	null	null	null	null	null	None	0	null	0	0	null	null	null	null	null	
2024/11/23 15:52:21.002	b135e9c82f3b5af8414a656ace8a78c8d45a7834	Windows 11  (10.0.22631) 64bit (Editor)	True	null	null	null	null	null	null	None	0	null	0	0	null	null	null	null	null	
2024/11/23 15:52:21.010	b135e9c82f3b5af8414a656ace8a78c8d45a7834	Windows 11  (10.0.22631) 64bit (Editor)	True	null	null	null	null	null	null	None	0	null	0	0	null	null	null	null	null	
2024/11/23 15:52:21.020	b135e9c82f3b5af8414a656ace8a78c8d45a7834	Windows 11  (10.0.22631) 64bit (Editor)	True	null	null	null	null	null	null	None	0	null	0	0	null	null	null	null	null	
2024/11/23 15:52:21.027	b135e9c82f3b5af8414a656ace8a78c8d45a7834	Windows 11  (10.0.22631) 64bit (Editor)	True	null	null	null	null	null	null	None	0	null	0	0	null	null	null	null	null	
2024/11/23 15:52:21.035	b135e9c82f3b5af8414a656ace8a78c8d45a7834	Windows 11  (10.0.22631) 64bit (Editor)	True	null	null	null	null	null	null	None	0	null	0	0	null	null	null	null	null	
2024/11/23 15:52:21.043	b135e9c82f3b5af8414a656ace8a78c8d45a7834	Windows 11  (10.0.22631) 64bit (Editor)	True	null	null	null	null	null	null	None	0	null	0	0	null	null	null	null	null	
2024/11/23 15:52:21.050	b135e9c82f3b5af8414a656ace8a78c8d45a7834	Windows 11  (10.0.22631) 64bit (Editor)	True	null	null	null	null	null	null	None	0	null	0	0	null	null	null	null	null	
2024/11/23 15:52:21.062	b135e9c82f3b5af8414a656ace8a78c8d45a7834	Windows 11  (10.0.22631) 64bit (Editor)	True	null	null	null	null	null	null	None	0	null	0	0	null	null	null	null	null	
2024/11/23 15:52:21.071	b135e9c82f3b5af8414a656ace8a78c8d45a7834	Windows 11  (10.0.22631) 64bit (Editor)	True	null	null	null	null	null	null	None	0	null	0	0	null	null	null	null	null	
2024/11/23 15:52:21.080	b135e9c82f3b5af8414a656ace8a78c8d45a7834	Windows 11  (10.0.22631) 64bit (Editor)	True	null	null	null	null	null	null	None	0	null	0	0	null	null	null	null	null	
2024/11/23 15:52:21.089	b135e9c82f3b5af8414a656ace8a78c8d45a7834	Windows 11  (10.0.22631) 64bit (Editor)	True	null	null	null	null	null	null	None	0	null	0	0	null	null	null	null	null	
2024/11/23 15:52:21.097	b135e9c82f3b5af8414a656ace8a78c8d45a7834	Windows 11  (10.0.22631) 64bit (Editor)	True	null	null	null	null	null	null	None	0	null	0	0	null	null	null	null	null	
2024/11/23 15:52:21.107	b135e9c82f3b5af8414a656ace8a78c8d45a7834	Windows 11  (10.0.22631) 64bit (Editor)	True	null	null	null	null	null	null	None	0	null	0	0	null	null	null	null	null	
2024/11/23 15:52:21.114	b135e9c82f3b5af8414a656ace8a78c8d45a7834	Windows 11  (10.0.22631) 64bit (Editor)	True	null	null	null	null	null	null	None	0	null	0	0	null	null	null	null	null	
2024/11/23 15:52:21.124	b135e9c82f3b5af8414a656ace8a78c8d45a7834	Windows 11  (10.0.22631) 64bit (Editor)	True	null	null	null	null	null	null	None	0	null	0	0	null	null	null	null	null	
2024/11/23 15:52:21.132	b135e9c82f3b5af8414a656ace8a78c8d45a7834	Windows 11  (10.0.22631) 64bit (Editor)	True	null	null	null	null	null	null	None	0	null	0	0	null	null	null	null	null	
2024/11/23 15:52:21.141	b135e9c82f3b5af8414a656ace8a78c8d45a7834	Windows 11  (10.0.22631) 64bit (Editor)	True	null	null	null	null	null	null	None	0	null	0	0	null	null	null	null	null	
2024/11/23 15:52:21.160	b135e9c82f3b5af8414a656ace8a78c8d45a7834	Windows 11  (10.0.22631) 64bit (Editor)	True	null	null	null	null	null	null	None	0	null	0	0	null	null	null	null	null	
2024/11/23 15:52:21.171	b135e9c82f3b5af8414a656ace8a78c8d45a7834	Windows 11  (10.0.22631) 64bit (Editor)	True	null	null	null	null	null	null	None	0	null	0	0	null	null	null	null	null	
2024/11/23 15:52:21.178	b135e9c82f3b5af8414a656ace8a78c8d45a7834	Windows 11  (10.0.22631) 64bit (Editor)	True	null	null	null	null	null	null	None	0	null	0	0	null	null	null	null	null	
2024/11/23 15:52:21.187	b135e9c82f3b5af8414a656ace8a78c8d45a7834	Windows 11  (10.0.22631) 64bit (Editor)	True	null	null	null	null	null	null	None	0	null	0	0	null	null	null	null	null	
2024/11/23 15:52:21.194	b135e9c82f3b5af8414a656ace8a78c8d45a7834	Windows 11  (10.0.22631) 64bit (Editor)	True	null	null	null	null	null	null	None	0	null	0	0	null	null	null	null	null	
2024/11/23 15:52:21.202	b135e9c82f3b5af8414a656ace8a78c8d45a7834	Windows 11  (10.0.22631) 64bit (Editor)	True	null	null	null	null	null	null	None	0	null	0	0	null	null	null	null	null	
2024/11/23 15:52:21.210	b135e9c82f3b5af8414a656ace8a78c8d45a7834	Windows 11  (10.0.22631) 64bit (Editor)	True	null	null	null	null	null	null	None	0	null	0	0	null	null	null	null	null	
2024/11/23 15:52:21.218	b135e9c82f3b5af8414a656ace8a78c8d45a7834	Windows 11  (10.0.22631) 64bit (Editor)	True	null	null	null	null	null	null	None	0	null	0	0	null	null	null	null	null	
2024/11/23 15:52:21.227	b135e9c82f3b5af8414a656ace8a78c8d45a7834	Windows 11  (10.0.22631) 64bit (Editor)	True	null	null	null	null	null	null	None	0	null	0	0	null	null	null	null	null	
2024/11/23 15:52:21.236	b135e9c82f3b5af8414a656ace8a78c8d45a7834	Windows 11  (10.0.22631) 64bit (Editor)	True	null	null	null	null	null	null	None	0	null	0	0	null	null	null	null	null	
2024/11/23 15:52:21.243	b135e9c82f3b5af8414a656ace8a78c8d45a7834	Windows 11  (10.0.22631) 64bit (Editor)	True	null	null	null	null	null	null	None	0	null	0	0	null	null	null	null	null	
2024/11/23 15:52:21.252	b135e9c82f3b5af8414a656ace8a78c8d45a7834	Windows 11  (10.0.22631) 64bit (Editor)	True	null	null	null	null	null	null	None	0	null	0	0	null	null	null	null	null	
2024/11/23 15:52:21.259	b135e9c82f3b5af8414a656ace8a78c8d45a7834	Windows 11  (10.0.22631) 64bit (Editor)	True	null	null	null	null	null	null	None	0	null	0	0	null	null	null	null	null	
2024/11/23 15:52:21.267	b135e9c82f3b5af8414a656ace8a78c8d45a7834	Windows 11  (10.0.22631) 64bit (Editor)	True	null	null	null	null	null	null	None	0	null	0	0	null	null	null	null	null	
2024/11/23 15:52:21.275	b135e9c82f3b5af8414a656ace8a78c8d45a7834	Windows 11  (10.0.22631) 64bit (Editor)	True	null	null	null	null	null	null	None	0	null	0	0	null	null	null	null	null	
2024/11/23 15:52:21.285	b135e9c82f3b5af8414a656ace8a78c8d45a7834	Windows 11  (10.0.22631) 64bit (Editor)	True	null	null	null	null	null	null	None	0	null	0	0	null	null	null	null	null	
2024/11/23 15:52:21.292	b135e9c82f3b5af8414a656ace8a78c8d45a7834	Windows 11  (10.0.22631) 64bit (Editor)	True	null	null	null	null	null	null	None	0	null	0	0	null	null	null	null	null	
2024/11/23 15:52:21.313	b135e9c82f3b5af8414a656ace8a78c8d45a7834	Windows 11  (10.0.22631) 64bit (Editor)	True	null	null	null	null	null	null	None	0	null	0	0	null	null	null	null	null	
2024/11/23 15:52:21.324	b135e9c82f3b5af8414a656ace8a78c8d45a7834	Windows 11  (10.0.22631) 64bit (Editor)	True	null	null	null	null	null	null	None	0	null	0	0	null	null	null	null	null	
2024/11/23 15:52:21.331	b135e9c82f3b5af8414a656ace8a78c8d45a7834	Windows 11  (10.0.22631) 64bit (Editor)	True	null	null	null	null	null	null	None	0	null	0	0	null	null	null	null	null	
2024/11/23 15:52:21.339	b135e9c82f3b5af8414a656ace8a78c8d45a7834	Windows 11  (10.0.22631) 64bit (Editor)	True	null	null	null	null	null	null	None	0	null	0	0	null	null	null	null	null	
2024/11/23 15:52:21.347	b135e9c82f3b5af8414a656ace8a78c8d45a7834	Windows 11  (10.0.22631) 64bit (Editor)	True	null	null	null	null	null	null	None	0	null	0	0	null	null	null	null	null	
2024/11/23 15:52:21.355	b135e9c82f3b5af8414a656ace8a78c8d45a7834	Windows 11  (10.0.22631) 64bit (Editor)	True	null	null	null	null	null	null	None	0	null	0	0	null	null	null	null	null	
2024/11/23 15:52:21.362	b135e9c82f3b5af8414a656ace8a78c8d45a7834	Windows 11  (10.0.22631) 64bit (Editor)	True	null	null	null	null	null	null	None	0	null	0	0	null	null	null	null	null	
2024/11/23 15:52:21.368	b135e9c82f3b5af8414a656ace8a78c8d45a7834	Windows 11  (10.0.22631) 64bit (Editor)	True	null	null	null	null	null	null	None	0	null	0	0	null	null	null	null	null	
2024/11/23 15:52:21.377	b135e9c82f3b5af8414a656ace8a78c8d45a7834	Windows 11  (10.0.22631) 64bit (Editor)	True	null	null	null	null	null	null	None	0	null	0	0	null	null	null	null	null	
2024/11/23 15:52:21.385	b135e9c82f3b5af8414a656ace8a78c8d45a7834	Windows 11  (10.0.22631) 64bit (Editor)	True	null	null	null	null	null	null	None	0	null	0	0	null	null	null	null	null	
2024/11/23 15:52:21.394	b135e9c82f3b5af8414a656ace8a78c8d45a7834	Windows 11  (10.0.22631) 64bit (Editor)	True	null	null	null	null	null	null	None	0	null	0	0	null	null	null	null	null	
2024/11/23 15:52:21.404	b135e9c82f3b5af8414a656ace8a78c8d45a7834	Windows 11  (10.0.22631) 64bit (Editor)	True	null	null	null	null	null	null	None	0	null	0	0	null	null	null	null	null	
2024/11/23 15:52:21.412	b135e9c82f3b5af8414a656ace8a78c8d45a7834	Windows 11  (10.0.22631) 64bit (Editor)	True	null	null	null	null	null	null	None	0	null	0	0	null	null	null	null	null	
2024/11/23 15:52:21.421	b135e9c82f3b5af8414a656ace8a78c8d45a7834	Windows 11  (10.0.22631) 64bit (Editor)	True	null	null	null	null	null	null	None	0	null	0	0	null	null	null	null	null	
2024/11/23 15:52:21.429	b135e9c82f3b5af8414a656ace8a78c8d45a7834	Windows 11  (10.0.22631) 64bit (Editor)	True	null	null	null	null	null	null	None	0	null	0	0	null	null	null	null	null	
2024/11/23 15:52:21.437	b135e9c82f3b5af8414a656ace8a78c8d45a7834	Windows 11  (10.0.22631) 64bit (Editor)	True	null	null	null	null	null	null	None	0	null	0	0	null	null	null	null	null	
2024/11/23 15:52:21.445	b135e9c82f3b5af8414a656ace8a78c8d45a7834	Windows 11  (10.0.22631) 64bit (Editor)	True	null	null	null	null	null	null	None	0	null	0	0	null	null	null	null	null	
2024/11/23 15:52:21.466	b135e9c82f3b5af8414a656ace8a78c8d45a7834	Windows 11  (10.0.22631) 64bit (Editor)	True	null	null	null	null	null	null	None	0	null	0	0	null	null	null	null	null	
2024/11/23 15:52:21.476	b135e9c82f3b5af8414a656ace8a78c8d45a7834	Windows 11  (10.0.22631) 64bit (Editor)	True	null	null	null	null	null	null	None	0	null	0	0	null	null	null	null	null	
2024/11/23 15:52:21.487	b135e9c82f3b5af8414a656ace8a78c8d45a7834	Windows 11  (10.0.22631) 64bit (Editor)	True	null	null	null	null	null	null	None	0	null	0	0	null	null	null	null	null	
2024/11/23 15:52:21.498	b135e9c82f3b5af8414a656ace8a78c8d45a7834	Windows 11  (10.0.22631) 64bit (Editor)	True	null	null	null	null	null	null	None	0	null	0	0	null	null	null	null	null	
2024/11/23 15:52:21.506	b135e9c82f3b5af8414a656ace8a78c8d45a7834	Windows 11  (10.0.22631) 64bit (Editor)	True	null	null	null	null	null	null	None	0	null	0	0	null	null	null	null	null	
2024/11/23 15:52:21.516	b135e9c82f3b5af8414a656ace8a78c8d45a7834	Windows 11  (10.0.22631) 64bit (Editor)	True	null	null	null	null	null	null	None	0	null	0	0	null	null	null	null	null	
2024/11/23 15:52:21.525	b135e9c82f3b5af8414a656ace8a78c8d45a7834	Windows 11  (10.0.22631) 64bit (Editor)	True	null	null	null	null	null	null	None	0	null	0	0	null	null	null	null	null	
2024/11/23 15:52:21.537	b135e9c82f3b5af8414a656ace8a78c8d45a7834	Windows 11  (10.0.22631) 64bit (Editor)	True	null	null	null	null	null	null	None	0	null	0	0	null	null	null	null	null	
2024/11/23 15:52:21.545	b135e9c82f3b5af8414a656ace8a78c8d45a7834	Windows 11  (10.0.22631) 64bit (Editor)	True	null	null	null	null	null	null	None	0	null	0	0	null	null	null	null	null	
2024/11/23 15:52:21.554	b135e9c82f3b5af8414a656ace8a78c8d45a7834	Windows 11  (10.0.22631) 64bit (Editor)	True	null	null	null	null	null	null	None	0	null	0	0	null	null	null	null	null	
2024/11/23 15:52:21.562	b135e9c82f3b5af8414a656ace8a78c8d45a7834	Windows 11  (10.0.22631) 64bit (Editor)	True	null	null	null	null	null	null	None	0	null	0	0	null	null	null	null	null	
2024/11/23 15:52:21.571	b135e9c82f3b5af8414a656ace8a78c8d45a7834	Windows 11  (10.0.22631) 64bit (Editor)	True	null	null	null	null	null	null	None	0	null	0	0	null	null	null	null	null	
2024/11/23 15:52:21.581	b135e9c82f3b5af8414a656ace8a78c8d45a7834	Windows 11  (10.0.22631) 64bit (Editor)	True	null	null	null	null	null	null	None	0	null	0	0	null	null	null	null	null	
2024/11/23 15:52:21.590	b135e9c82f3b5af8414a656ace8a78c8d45a7834	Windows 11  (10.0.22631) 64bit (Editor)	True	null	null	null	null	null	null	None	0	null	0	0	null	null	null	null	null	
2024/11/23 15:52:21.599	b135e9c82f3b5af8414a656ace8a78c8d45a7834	Windows 11  (10.0.22631) 64bit (Editor)	True	null	null	null	null	null	null	None	0	null	0	0	null	null	null	null	null	
2024/11/23 15:52:21.620	b135e9c82f3b5af8414a656ace8a78c8d45a7834	Windows 11  (10.0.22631) 64bit (Editor)	True	null	null	null	null	null	null	None	0	null	0	0	null	null	null	null	null	
2024/11/23 15:52:21.627	b135e9c82f3b5af8414a656ace8a78c8d45a7834	Windows 11  (10.0.22631) 64bit (Editor)	True	null	null	null	null	null	null	None	0	null	0	0	null	null	null	null	null	
2024/11/23 15:52:21.634	b135e9c82f3b5af8414a656ace8a78c8d45a7834	Windows 11  (10.0.22631) 64bit (Editor)	True	null	null	null	null	null	null	None	0	null	0	0	null	null	null	null	null	
2024/11/23 15:52:21.642	b135e9c82f3b5af8414a656ace8a78c8d45a7834	Windows 11  (10.0.22631) 64bit (Editor)	True	null	null	null	null	null	null	None	0	null	0	0	null	null	null	null	null	
2024/11/23 15:52:21.652	b135e9c82f3b5af8414a656ace8a78c8d45a7834	Windows 11  (10.0.22631) 64bit (Editor)	True	null	null	null	null	null	null	None	0	null	0	0	null	null	null	null	null	
2024/11/23 15:52:21.661	b135e9c82f3b5af8414a656ace8a78c8d45a7834	Windows 11  (10.0.22631) 64bit (Editor)	True	null	null	null	null	null	null	None	0	null	0	0	null	null	null	null	null	
2024/11/23 15:52:21.668	b135e9c82f3b5af8414a656ace8a78c8d45a7834	Windows 11  (10.0.22631) 64bit (Editor)	True	null	null	null	null	null	null	None	0	null	0	0	null	null	null	null	null	
2024/11/23 15:52:21.677	b135e9c82f3b5af8414a656ace8a78c8d45a7834	Windows 11  (10.0.22631) 64bit (Editor)	True	null	null	null	null	null	null	None	0	null	0	0	null	null	null	null	null	
2024/11/23 15:52:21.685	b135e9c82f3b5af8414a656ace8a78c8d45a7834	Windows 11  (10.0.22631) 64bit (Editor)	True	null	null	null	null	null	null	None	0	null	0	0	null	null	null	null	null	
2024/11/23 15:52:21.691	b135e9c82f3b5af8414a656ace8a78c8d45a7834	Windows 11  (10.0.22631) 64bit (Editor)	True	null	null	null	null	null	null	None	0	null	0	0	null	null	null	null	null	
2024/11/23 15:52:21.698	b135e9c82f3b5af8414a656ace8a78c8d45a7834	Windows 11  (10.0.22631) 64bit (Editor)	True	null	null	null	null	null	null	None	0	null	0	0	null	null	null	null	null	
2024/11/23 15:52:21.707	b135e9c82f3b5af8414a656ace8a78c8d45a7834	Windows 11  (10.0.22631) 64bit (Editor)	True	null	null	null	null	null	null	None	0	null	0	0	null	null	null	null	null	
2024/11/23 15:52:21.713	b135e9c82f3b5af8414a656ace8a78c8d45a7834	Windows 11  (10.0.22631) 64bit (Editor)	True	null	null	null	null	null	null	None	0	null	0	0	null	null	null	null	null	
2024/11/23 15:52:21.721	b135e9c82f3b5af8414a656ace8a78c8d45a7834	Windows 11  (10.0.22631) 64bit (Editor)	True	null	null	null	null	null	null	None	0	null	0	0	null	null	null	null	null	
2024/11/23 15:52:21.727	b135e9c82f3b5af8414a656ace8a78c8d45a7834	Windows 11  (10.0.22631) 64bit (Editor)	True	null	null	null	null	null	null	None	0	null	0	0	null	null	null	null	null	
2024/11/23 15:52:21.737	b135e9c82f3b5af8414a656ace8a78c8d45a7834	Windows 11  (10.0.22631) 64bit (Editor)	True	null	null	null	null	null	null	None	0	null	0	0	null	null	null	null	null	
2024/11/23 15:52:21.746	b135e9c82f3b5af8414a656ace8a78c8d45a7834	Windows 11  (10.0.22631) 64bit (Editor)	True	null	null	null	null	null	null	None	0	null	0	0	null	null	null	null	null	
2024/11/23 15:52:21.753	b135e9c82f3b5af8414a656ace8a78c8d45a7834	Windows 11  (10.0.22631) 64bit (Editor)	True	null	null	null	null	null	null	None	0	null	0	0	null	null	null	null	null	
2024/11/23 15:52:21.770	b135e9c82f3b5af8414a656ace8a78c8d45a7834	Windows 11  (10.0.22631) 64bit (Editor)	True	null	null	null	null	null	null	None	0	null	0	0	null	null	null	null	null	
2024/11/23 15:52:21.779	b135e9c82f3b5af8414a656ace8a78c8d45a7834	Windows 11  (10.0.22631) 64bit (Editor)	True	null	null	null	null	null	null	None	0	null	0	0	null	null	null	null	null	
2024/11/23 15:52:21.788	b135e9c82f3b5af8414a656ace8a78c8d45a7834	Windows 11  (10.0.22631) 64bit (Editor)	True	null	null	null	null	null	null	None	0	null	0	0	null	null	null	null	null	
2024/11/23 15:52:21.797	b135e9c82f3b5af8414a656ace8a78c8d45a7834	Windows 11  (10.0.22631) 64bit (Editor)	True	null	null	null	null	null	null	None	0	null	0	0	null	null	null	null	null	
2024/11/23 15:52:21.806	b135e9c82f3b5af8414a656ace8a78c8d45a7834	Windows 11  (10.0.22631) 64bit (Editor)	True	null	null	null	null	null	null	None	0	null	0	0	null	null	null	null	null	
2024/11/23 15:52:21.813	b135e9c82f3b5af8414a656ace8a78c8d45a7834	Windows 11  (10.0.22631) 64bit (Editor)	True	null	null	null	null	null	null	None	0	null	0	0	null	null	null	null	null	
2024/11/23 15:52:21.822	b135e9c82f3b5af8414a656ace8a78c8d45a7834	Windows 11  (10.0.22631) 64bit (Editor)	True	null	null	null	null	null	null	None	0	null	0	0	null	null	null	null	null	
2024/11/23 15:52:21.831	b135e9c82f3b5af8414a656ace8a78c8d45a7834	Windows 11  (10.0.22631) 64bit (Editor)	True	null	null	null	null	null	null	None	0	null	0	0	null	null	null	null	null	
2024/11/23 15:52:21.840	b135e9c82f3b5af8414a656ace8a78c8d45a7834	Windows 11  (10.0.22631) 64bit (Editor)	True	null	null	null	null	null	null	None	0	null	0	0	null	null	null	null	null	
2024/11/23 15:52:21.847	b135e9c82f3b5af8414a656ace8a78c8d45a7834	Windows 11  (10.0.22631) 64bit (Editor)	True	null	null	null	null	null	null	None	0	null	0	0	null	null	null	null	null	
2024/11/23 15:52:21.854	b135e9c82f3b5af8414a656ace8a78c8d45a7834	Windows 11  (10.0.22631) 64bit (Editor)	True	null	null	null	null	null	null	None	0	null	0	0	null	null	null	null	null	
2024/11/23 15:52:21.864	b135e9c82f3b5af8414a656ace8a78c8d45a7834	Windows 11  (10.0.22631) 64bit (Editor)	True	null	null	null	null	null	null	None	0	null	0	0	null	null	null	null	null	
2024/11/23 15:52:21.872	b135e9c82f3b5af8414a656ace8a78c8d45a7834	Windows 11  (10.0.22631) 64bit (Editor)	True	null	null	null	null	null	null	None	0	null	0	0	null	null	null	null	null	
2024/11/23 15:52:21.879	b135e9c82f3b5af8414a656ace8a78c8d45a7834	Windows 11  (10.0.22631) 64bit (Editor)	True	null	null	null	null	null	null	None	0	null	0	0	null	null	null	null	null	
2024/11/23 15:52:21.889	b135e9c82f3b5af8414a656ace8a78c8d45a7834	Windows 11  (10.0.22631) 64bit (Editor)	True	null	null	null	null	null	null	None	0	null	0	0	null	null	null	null	null	
2024/11/23 15:52:21.895	b135e9c82f3b5af8414a656ace8a78c8d45a7834	Windows 11  (10.0.22631) 64bit (Editor)	True	null	null	null	null	null	null	None	0	null	0	0	null	null	null	null	null	
2024/11/23 15:52:21.904	b135e9c82f3b5af8414a656ace8a78c8d45a7834	Windows 11  (10.0.22631) 64bit (Editor)	True	null	null	null	null	null	null	None	0	null	0	0	null	null	null	null	null	
2024/11/23 15:52:21.922	b135e9c82f3b5af8414a656ace8a78c8d45a7834	Windows 11  (10.0.22631) 64bit (Editor)	True	null	null	null	null	null	null	None	0	null	0	0	null	null	null	null	null	
2024/11/23 15:52:21.929	b135e9c82f3b5af8414a656ace8a78c8d45a7834	Windows 11  (10.0.22631) 64bit (Editor)	True	null	null	null	null	null	null	None	0	null	0	0	null	null	null	null	null	
2024/11/23 15:52:21.938	b135e9c82f3b5af8414a656ace8a78c8d45a7834	Windows 11  (10.0.22631) 64bit (Editor)	True	null	null	null	null	null	null	None	0	null	0	0	null	null	null	null	null	
2024/11/23 15:52:21.947	b135e9c82f3b5af8414a656ace8a78c8d45a7834	Windows 11  (10.0.22631) 64bit (Editor)	True	null	null	null	null	null	null	None	0	null	0	0	null	null	null	null	null	
2024/11/23 15:52:21.955	b135e9c82f3b5af8414a656ace8a78c8d45a7834	Windows 11  (10.0.22631) 64bit (Editor)	True	null	null	null	null	null	null	None	0	null	0	0	null	null	null	null	null	
2024/11/23 15:52:21.962	b135e9c82f3b5af8414a656ace8a78c8d45a7834	Windows 11  (10.0.22631) 64bit (Editor)	True	null	null	null	null	null	null	None	0	null	0	0	null	null	null	null	null	
2024/11/23 15:52:21.970	b135e9c82f3b5af8414a656ace8a78c8d45a7834	Windows 11  (10.0.22631) 64bit (Editor)	True	null	null	null	null	null	null	None	0	null	0	0	null	null	null	null	null	
2024/11/23 15:52:21.977	b135e9c82f3b5af8414a656ace8a78c8d45a7834	Windows 11  (10.0.22631) 64bit (Editor)	True	null	null	null	null	null	null	None	0	null	0	0	null	null	null	null	null	
2024/11/23 15:52:21.985	b135e9c82f3b5af8414a656ace8a78c8d45a7834	Windows 11  (10.0.22631) 64bit (Editor)	True	null	null	null	null	null	null	None	0	null	0	0	null	null	null	null	null	
2024/11/23 15:52:21.991	b135e9c82f3b5af8414a656ace8a78c8d45a7834	Windows 11  (10.0.22631) 64bit (Editor)	True	null	null	null	null	null	null	None	0	null	0	0	null	null	null	null	null	
2024/11/23 15:52:21.999	b135e9c82f3b5af8414a656ace8a78c8d45a7834	Windows 11  (10.0.22631) 64bit (Editor)	True	null	null	null	null	null	null	None	0	null	0	0	null	null	null	null	null	
2024/11/23 15:52:22.006	b135e9c82f3b5af8414a656ace8a78c8d45a7834	Windows 11  (10.0.22631) 64bit (Editor)	True	null	null	null	null	null	null	None	0	null	0	0	null	null	null	null	null	
2024/11/23 15:52:22.015	b135e9c82f3b5af8414a656ace8a78c8d45a7834	Windows 11  (10.0.22631) 64bit (Editor)	True	null	null	null	null	null	null	None	0	null	0	0	null	null	null	null	null	
2024/11/23 15:52:22.022	b135e9c82f3b5af8414a656ace8a78c8d45a7834	Windows 11  (10.0.22631) 64bit (Editor)	True	null	null	null	null	null	null	None	0	null	0	0	null	null	null	null	null	
2024/11/23 15:52:22.030	b135e9c82f3b5af8414a656ace8a78c8d45a7834	Windows 11  (10.0.22631) 64bit (Editor)	True	null	null	null	null	null	null	None	0	null	0	0	null	null	null	null	null	
2024/11/23 15:52:22.037	b135e9c82f3b5af8414a656ace8a78c8d45a7834	Windows 11  (10.0.22631) 64bit (Editor)	True	null	null	null	null	null	null	None	0	null	0	0	null	null	null	null	null	
2024/11/23 15:52:22.044	b135e9c82f3b5af8414a656ace8a78c8d45a7834	Windows 11  (10.0.22631) 64bit (Editor)	True	null	null	null	null	null	null	None	0	null	0	0	null	null	null	null	null	
2024/11/23 15:52:22.053	b135e9c82f3b5af8414a656ace8a78c8d45a7834	Windows 11  (10.0.22631) 64bit (Editor)	True	null	null	null	null	null	null	None	0	null	0	0	null	null	null	null	null	
2024/11/23 15:52:22.061	b135e9c82f3b5af8414a656ace8a78c8d45a7834	Windows 11  (10.0.22631) 64bit (Editor)	True	null	null	null	null	null	null	None	0	null	0	0	null	null	null	null	null	
2024/11/23 15:52:22.079	b135e9c82f3b5af8414a656ace8a78c8d45a7834	Windows 11  (10.0.22631) 64bit (Editor)	True	null	null	null	null	null	null	None	0	null	0	0	null	null	null	null	null	
2024/11/23 15:52:22.092	b135e9c82f3b5af8414a656ace8a78c8d45a7834	Windows 11  (10.0.22631) 64bit (Editor)	True	null	null	null	null	null	null	None	0	null	0	0	null	null	null	null	null	
2024/11/23 15:52:22.100	b135e9c82f3b5af8414a656ace8a78c8d45a7834	Windows 11  (10.0.22631) 64bit (Editor)	True	null	null	null	null	null	null	None	0	null	0	0	null	null	null	null	null	
2024/11/23 15:52:22.107	b135e9c82f3b5af8414a656ace8a78c8d45a7834	Windows 11  (10.0.22631) 64bit (Editor)	True	null	null	null	null	null	null	None	0	null	0	0	null	null	null	null	null	
2024/11/23 15:52:22.115	b135e9c82f3b5af8414a656ace8a78c8d45a7834	Windows 11  (10.0.22631) 64bit (Editor)	True	null	null	null	null	null	null	None	0	null	0	0	null	null	null	null	null	
2024/11/23 15:52:22.124	b135e9c82f3b5af8414a656ace8a78c8d45a7834	Windows 11  (10.0.22631) 64bit (Editor)	True	null	null	null	null	null	null	None	0	null	0	0	null	null	null	null	null	
2024/11/23 15:52:22.133	b135e9c82f3b5af8414a656ace8a78c8d45a7834	Windows 11  (10.0.22631) 64bit (Editor)	True	null	null	null	null	null	null	None	0	null	0	0	null	null	null	null	null	
2024/11/23 15:52:22.145	b135e9c82f3b5af8414a656ace8a78c8d45a7834	Windows 11  (10.0.22631) 64bit (Editor)	True	null	null	null	null	null	null	None	0	null	0	0	null	null	null	null	null	
2024/11/23 15:52:22.155	b135e9c82f3b5af8414a656ace8a78c8d45a7834	Windows 11  (10.0.22631) 64bit (Editor)	True	null	null	null	null	null	null	None	0	null	0	0	null	null	null	null	null	
2024/11/23 15:52:22.164	b135e9c82f3b5af8414a656ace8a78c8d45a7834	Windows 11  (10.0.22631) 64bit (Editor)	True	null	null	null	null	null	null	None	0	null	0	0	null	null	null	null	null	
2024/11/23 15:52:22.173	b135e9c82f3b5af8414a656ace8a78c8d45a7834	Windows 11  (10.0.22631) 64bit (Editor)	True	null	null	null	null	null	null	None	0	null	0	0	null	null	null	null	null	
2024/11/23 15:52:22.182	b135e9c82f3b5af8414a656ace8a78c8d45a7834	Windows 11  (10.0.22631) 64bit (Editor)	True	null	null	null	null	null	null	None	0	null	0	0	null	null	null	null	null	
2024/11/23 15:52:22.190	b135e9c82f3b5af8414a656ace8a78c8d45a7834	Windows 11  (10.0.22631) 64bit (Editor)	True	null	null	null	null	null	null	None	0	null	0	0	null	null	null	null	null	
2024/11/23 15:52:22.198	b135e9c82f3b5af8414a656ace8a78c8d45a7834	Windows 11  (10.0.22631) 64bit (Editor)	True	null	null	null	null	null	null	None	0	null	0	0	null	null	null	null	null	
2024/11/23 15:52:22.207	b135e9c82f3b5af8414a656ace8a78c8d45a7834	Windows 11  (10.0.22631) 64bit (Editor)	True	null	null	null	null	null	null	None	0	null	0	0	null	null	null	null	null	
2024/11/23 15:52:22.214	b135e9c82f3b5af8414a656ace8a78c8d45a7834	Windows 11  (10.0.22631) 64bit (Editor)	True	null	null	null	null	null	null	None	0	null	0	0	null	null	null	null	null	
2024/11/23 15:52:22.232	b135e9c82f3b5af8414a656ace8a78c8d45a7834	Windows 11  (10.0.22631) 64bit (Editor)	True	null	null	null	null	null	null	None	0	null	0	0	null	null	null	null	null	
2024/11/23 15:52:22.241	b135e9c82f3b5af8414a656ace8a78c8d45a7834	Windows 11  (10.0.22631) 64bit (Editor)	True	null	null	null	null	null	null	None	0	null	0	0	null	null	null	null	null	
2024/11/23 15:52:22.252	b135e9c82f3b5af8414a656ace8a78c8d45a7834	Windows 11  (10.0.22631) 64bit (Editor)	True	null	null	null	null	null	null	None	0	null	0	0	null	null	null	null	null	
2024/11/23 15:52:22.261	b135e9c82f3b5af8414a656ace8a78c8d45a7834	Windows 11  (10.0.22631) 64bit (Editor)	True	null	null	null	null	null	null	None	0	null	0	0	null	null	null	null	null	
2024/11/23 15:52:22.270	b135e9c82f3b5af8414a656ace8a78c8d45a7834	Windows 11  (10.0.22631) 64bit (Editor)	True	null	null	null	null	null	null	None	0	null	0	0	null	null	null	null	null	
2024/11/23 15:52:22.279	b135e9c82f3b5af8414a656ace8a78c8d45a7834	Windows 11  (10.0.22631) 64bit (Editor)	True	null	null	null	null	null	null	None	0	null	0	0	null	null	null	null	null	
2024/11/23 15:52:22.287	b135e9c82f3b5af8414a656ace8a78c8d45a7834	Windows 11  (10.0.22631) 64bit (Editor)	True	null	null	null	null	null	null	None	0	null	0	0	null	null	null	null	null	
2024/11/23 15:52:22.295	b135e9c82f3b5af8414a656ace8a78c8d45a7834	Windows 11  (10.0.22631) 64bit (Editor)	True	null	null	null	null	null	null	None	0	null	0	0	null	null	null	null	null	
2024/11/23 15:52:22.304	b135e9c82f3b5af8414a656ace8a78c8d45a7834	Windows 11  (10.0.22631) 64bit (Editor)	True	null	null	null	null	null	null	None	0	null	0	0	null	null	null	null	null	
2024/11/23 15:52:22.311	b135e9c82f3b5af8414a656ace8a78c8d45a7834	Windows 11  (10.0.22631) 64bit (Editor)	True	null	null	null	null	null	null	None	0	null	0	0	null	null	null	null	null	
2024/11/23 15:52:22.322	b135e9c82f3b5af8414a656ace8a78c8d45a7834	Windows 11  (10.0.22631) 64bit (Editor)	True	null	null	null	null	null	null	None	0	null	0	0	null	null	null	null	null	
2024/11/23 15:52:22.333	b135e9c82f3b5af8414a656ace8a78c8d45a7834	Windows 11  (10.0.22631) 64bit (Editor)	True	null	null	null	null	null	null	None	0	null	0	0	null	null	null	null	null	
2024/11/23 15:52:22.345	b135e9c82f3b5af8414a656ace8a78c8d45a7834	Windows 11  (10.0.22631) 64bit (Editor)	True	null	null	null	null	null	null	None	0	null	0	0	null	null	null	null	null	
2024/11/23 15:52:22.352	b135e9c82f3b5af8414a656ace8a78c8d45a7834	Windows 11  (10.0.22631) 64bit (Editor)	True	null	null	null	null	null	null	None	0	null	0	0	null	null	null	null	null	
2024/11/23 15:52:22.360	b135e9c82f3b5af8414a656ace8a78c8d45a7834	Windows 11  (10.0.22631) 64bit (Editor)	True	null	null	null	null	null	null	None	0	null	0	0	null	null	null	null	null	
2024/11/23 15:52:22.368	b135e9c82f3b5af8414a656ace8a78c8d45a7834	Windows 11  (10.0.22631) 64bit (Editor)	True	null	null	null	null	null	null	None	0	null	0	0	null	null	null	null	null	
2024/11/23 15:52:22.388	b135e9c82f3b5af8414a656ace8a78c8d45a7834	Windows 11  (10.0.22631) 64bit (Editor)	True	null	null	null	null	null	null	None	0	null	0	0	null	null	null	null	null	
2024/11/23 15:52:22.395	b135e9c82f3b5af8414a656ace8a78c8d45a7834	Windows 11  (10.0.22631) 64bit (Editor)	True	null	null	null	null	null	null	None	0	null	0	0	null	null	null	null	null	
2024/11/23 15:52:22.404	b135e9c82f3b5af8414a656ace8a78c8d45a7834	Windows 11  (10.0.22631) 64bit (Editor)	True	null	null	null	null	null	null	None	0	null	0	0	null	null	null	null	null	
2024/11/23 15:52:22.411	b135e9c82f3b5af8414a656ace8a78c8d45a7834	Windows 11  (10.0.22631) 64bit (Editor)	True	null	null	null	null	null	null	None	0	null	0	0	null	null	null	null	null	
2024/11/23 15:52:22.420	b135e9c82f3b5af8414a656ace8a78c8d45a7834	Windows 11  (10.0.22631) 64bit (Editor)	True	null	null	null	null	null	null	None	0	null	0	0	null	null	null	null	null	
2024/11/23 15:52:22.427	b135e9c82f3b5af8414a656ace8a78c8d45a7834	Windows 11  (10.0.22631) 64bit (Editor)	True	null	null	null	null	null	null	None	0	null	0	0	null	null	null	null	null	
2024/11/23 15:52:22.436	b135e9c82f3b5af8414a656ace8a78c8d45a7834	Windows 11  (10.0.22631) 64bit (Editor)	True	null	null	null	null	null	null	None	0	null	0	0	null	null	null	null	null	
2024/11/23 15:52:22.444	b135e9c82f3b5af8414a656ace8a78c8d45a7834	Windows 11  (10.0.22631) 64bit (Editor)	True	null	null	null	null	null	null	None	0	null	0	0	null	null	null	null	null	
2024/11/23 15:52:22.452	b135e9c82f3b5af8414a656ace8a78c8d45a7834	Windows 11  (10.0.22631) 64bit (Editor)	True	null	null	null	null	null	null	None	0	null	0	0	null	null	null	null	null	
2024/11/23 15:52:22.459	b135e9c82f3b5af8414a656ace8a78c8d45a7834	Windows 11  (10.0.22631) 64bit (Editor)	True	null	null	null	null	null	null	None	0	null	0	0	null	null	null	null	null	
2024/11/23 15:52:22.467	b135e9c82f3b5af8414a656ace8a78c8d45a7834	Windows 11  (10.0.22631) 64bit (Editor)	True	null	null	null	null	null	null	None	0	null	0	0	null	null	null	null	null	
2024/11/23 15:52:22.475	b135e9c82f3b5af8414a656ace8a78c8d45a7834	Windows 11  (10.0.22631) 64bit (Editor)	True	null	null	null	null	null	null	None	0	null	0	0	null	null	null	null	null	
2024/11/23 15:52:22.483	b135e9c82f3b5af8414a656ace8a78c8d45a7834	Windows 11  (10.0.22631) 64bit (Editor)	True	null	null	null	null	null	null	None	0	null	0	0	null	null	null	null	null	
2024/11/23 15:52:22.489	b135e9c82f3b5af8414a656ace8a78c8d45a7834	Windows 11  (10.0.22631) 64bit (Editor)	True	null	null	null	null	null	null	None	0	null	0	0	null	null	null	null	null	
2024/11/23 15:52:22.498	b135e9c82f3b5af8414a656ace8a78c8d45a7834	Windows 11  (10.0.22631) 64bit (Editor)	True	null	null	null	null	null	null	None	0	null	0	0	null	null	null	null	null	
2024/11/23 15:52:22.506	b135e9c82f3b5af8414a656ace8a78c8d45a7834	Windows 11  (10.0.22631) 64bit (Editor)	True	null	null	null	null	null	null	None	0	null	0	0	null	null	null	null	null	
2024/11/23 15:52:22.514	b135e9c82f3b5af8414a656ace8a78c8d45a7834	Windows 11  (10.0.22631) 64bit (Editor)	True	null	null	null	null	null	null	None	0	null	0	0	null	null	null	null	null	
2024/11/23 15:52:22.521	b135e9c82f3b5af8414a656ace8a78c8d45a7834	Windows 11  (10.0.22631) 64bit (Editor)	True	null	null	null	null	null	null	None	0	null	0	0	null	null	null	null	null	
2024/11/23 15:52:22.539	b135e9c82f3b5af8414a656ace8a78c8d45a7834	Windows 11  (10.0.22631) 64bit (Editor)	True	null	null	null	null	null	null	None	0	null	0	0	null	null	null	null	null	
2024/11/23 15:52:22.546	b135e9c82f3b5af8414a656ace8a78c8d45a7834	Windows 11  (10.0.22631) 64bit (Editor)	True	null	null	null	null	null	null	None	0	null	0	0	null	null	null	null	null	
2024/11/23 15:52:22.554	b135e9c82f3b5af8414a656ace8a78c8d45a7834	Windows 11  (10.0.22631) 64bit (Editor)	True	null	null	null	null	null	null	None	0	null	0	0	null	null	null	null	null	
2024/11/23 15:52:22.561	b135e9c82f3b5af8414a656ace8a78c8d45a7834	Windows 11  (10.0.22631) 64bit (Editor)	True	null	null	null	null	null	null	None	0	null	0	0	null	null	null	null	null	
2024/11/23 15:52:22.568	b135e9c82f3b5af8414a656ace8a78c8d45a7834	Windows 11  (10.0.22631) 64bit (Editor)	True	null	null	null	null	null	null	None	0	null	0	0	null	null	null	null	null	
2024/11/23 15:52:22.577	b135e9c82f3b5af8414a656ace8a78c8d45a7834	Windows 11  (10.0.22631) 64bit (Editor)	True	null	null	null	null	null	null	None	0	null	0	0	null	null	null	null	null	
2024/11/23 15:52:22.584	b135e9c82f3b5af8414a656ace8a78c8d45a7834	Windows 11  (10.0.22631) 64bit (Editor)	True	null	null	null	null	null	null	None	0	null	0	0	null	null	null	null	null	
2024/11/23 15:52:22.593	b135e9c82f3b5af8414a656ace8a78c8d45a7834	Windows 11  (10.0.22631) 64bit (Editor)	True	null	null	null	null	null	null	None	0	null	0	0	null	null	null	null	null	
2024/11/23 15:52:22.601	b135e9c82f3b5af8414a656ace8a78c8d45a7834	Windows 11  (10.0.22631) 64bit (Editor)	True	null	null	null	null	null	null	None	0	null	0	0	null	null	null	null	null	
2024/11/23 15:52:22.610	b135e9c82f3b5af8414a656ace8a78c8d45a7834	Windows 11  (10.0.22631) 64bit (Editor)	True	null	null	null	null	null	null	None	0	null	0	0	null	null	null	null	null	
2024/11/23 15:52:22.618	b135e9c82f3b5af8414a656ace8a78c8d45a7834	Windows 11  (10.0.22631) 64bit (Editor)	True	null	null	null	null	null	null	None	0	null	0	0	null	null	null	null	null	
2024/11/23 15:52:22.626	b135e9c82f3b5af8414a656ace8a78c8d45a7834	Windows 11  (10.0.22631) 64bit (Editor)	True	null	null	null	null	null	null	None	0	null	0	0	null	null	null	null	null	
2024/11/23 15:52:22.634	b135e9c82f3b5af8414a656ace8a78c8d45a7834	Windows 11  (10.0.22631) 64bit (Editor)	True	null	null	null	null	null	null	None	0	null	0	0	null	null	null	null	null	
2024/11/23 15:52:22.643	b135e9c82f3b5af8414a656ace8a78c8d45a7834	Windows 11  (10.0.22631) 64bit (Editor)	True	null	null	null	null	null	null	None	0	null	0	0	null	null	null	null	null	
2024/11/23 15:52:22.652	b135e9c82f3b5af8414a656ace8a78c8d45a7834	Windows 11  (10.0.22631) 64bit (Editor)	True	null	null	null	null	null	null	None	0	null	0	0	null	null	null	null	null	
2024/11/23 15:52:22.660	b135e9c82f3b5af8414a656ace8a78c8d45a7834	Windows 11  (10.0.22631) 64bit (Editor)	True	null	null	null	null	null	null	None	0	null	0	0	null	null	null	null	null	
2024/11/23 15:52:22.668	b135e9c82f3b5af8414a656ace8a78c8d45a7834	Windows 11  (10.0.22631) 64bit (Editor)	True	null	null	null	null	null	null	None	0	null	0	0	null	null	null	null	null	
2024/11/23 15:52:22.677	b135e9c82f3b5af8414a656ace8a78c8d45a7834	Windows 11  (10.0.22631) 64bit (Editor)	True	null	null	null	null	null	null	None	0	null	0	0	null	null	null	null	null	
2024/11/23 15:52:22.697	b135e9c82f3b5af8414a656ace8a78c8d45a7834	Windows 11  (10.0.22631) 64bit (Editor)	True	null	null	null	null	null	null	None	0	null	0	0	null	null	null	null	null	
2024/11/23 15:52:22.706	b135e9c82f3b5af8414a656ace8a78c8d45a7834	Windows 11  (10.0.22631) 64bit (Editor)	True	null	null	null	null	null	null	None	0	null	0	0	null	null	null	null	null	
2024/11/23 15:52:22.714	b135e9c82f3b5af8414a656ace8a78c8d45a7834	Windows 11  (10.0.22631) 64bit (Editor)	True	null	null	null	null	null	null	None	0	null	0	0	null	null	null	null	null	
2024/11/23 15:52:22.722	b135e9c82f3b5af8414a656ace8a78c8d45a7834	Windows 11  (10.0.22631) 64bit (Editor)	True	null	null	null	null	null	null	None	0	null	0	0	null	null	null	null	null	
2024/11/23 15:52:22.730	b135e9c82f3b5af8414a656ace8a78c8d45a7834	Windows 11  (10.0.22631) 64bit (Editor)	True	null	null	null	null	null	null	None	0	null	0	0	null	null	null	null	null	
2024/11/23 15:52:22.739	b135e9c82f3b5af8414a656ace8a78c8d45a7834	Windows 11  (10.0.22631) 64bit (Editor)	True	null	null	null	null	null	null	None	0	null	0	0	null	null	null	null	null	
2024/11/23 15:52:22.748	b135e9c82f3b5af8414a656ace8a78c8d45a7834	Windows 11  (10.0.22631) 64bit (Editor)	True	null	null	null	null	null	null	None	0	null	0	0	null	null	null	null	null	
2024/11/23 15:52:22.758	b135e9c82f3b5af8414a656ace8a78c8d45a7834	Windows 11  (10.0.22631) 64bit (Editor)	True	null	null	null	null	null	null	None	0	null	0	0	null	null	null	null	null	
2024/11/23 15:52:22.767	b135e9c82f3b5af8414a656ace8a78c8d45a7834	Windows 11  (10.0.22631) 64bit (Editor)	True	null	null	null	null	null	null	None	0	null	0	0	null	null	null	null	null	
2024/11/23 15:52:22.774	b135e9c82f3b5af8414a656ace8a78c8d45a7834	Windows 11  (10.0.22631) 64bit (Editor)	True	null	null	null	null	null	null	None	0	null	0	0	null	null	null	null	null	
2024/11/23 15:52:22.781	b135e9c82f3b5af8414a656ace8a78c8d45a7834	Windows 11  (10.0.22631) 64bit (Editor)	True	null	null	null	null	null	null	None	0	null	0	0	null	null	null	null	null	
2024/11/23 15:52:22.789	b135e9c82f3b5af8414a656ace8a78c8d45a7834	Windows 11  (10.0.22631) 64bit (Editor)	True	null	null	null	null	null	null	None	0	null	0	0	null	null	null	null	null	
2024/11/23 15:52:22.796	b135e9c82f3b5af8414a656ace8a78c8d45a7834	Windows 11  (10.0.22631) 64bit (Editor)	True	null	null	null	null	null	null	None	0	null	0	0	null	null	null	null	null	
2024/11/23 15:52:22.804	b135e9c82f3b5af8414a656ace8a78c8d45a7834	Windows 11  (10.0.22631) 64bit (Editor)	True	null	null	null	null	null	null	None	0	null	0	0	null	null	null	null	null	
2024/11/23 15:52:22.812	b135e9c82f3b5af8414a656ace8a78c8d45a7834	Windows 11  (10.0.22631) 64bit (Editor)	True	null	null	null	null	null	null	None	0	null	0	0	null	null	null	null	null	
2024/11/23 15:52:22.820	b135e9c82f3b5af8414a656ace8a78c8d45a7834	Windows 11  (10.0.22631) 64bit (Editor)	True	null	null	null	null	null	null	None	0	null	0	0	null	null	null	null	null	
2024/11/23 15:52:22.827	b135e9c82f3b5af8414a656ace8a78c8d45a7834	Windows 11  (10.0.22631) 64bit (Editor)	True	null	null	null	null	null	null	None	0	null	0	0	null	null	null	null	null	
2024/11/23 15:52:22.845	b135e9c82f3b5af8414a656ace8a78c8d45a7834	Windows 11  (10.0.22631) 64bit (Editor)	True	null	null	null	null	null	null	None	0	null	0	0	null	null	null	null	null	
2024/11/23 15:52:22.854	b135e9c82f3b5af8414a656ace8a78c8d45a7834	Windows 11  (10.0.22631) 64bit (Editor)	True	null	null	null	null	null	null	None	0	null	0	0	null	null	null	null	null	
2024/11/23 15:52:22.864	b135e9c82f3b5af8414a656ace8a78c8d45a7834	Windows 11  (10.0.22631) 64bit (Editor)	True	null	null	null	null	null	null	None	0	null	0	0	null	null	null	null	null	
2024/11/23 15:52:22.873	b135e9c82f3b5af8414a656ace8a78c8d45a7834	Windows 11  (10.0.22631) 64bit (Editor)	True	null	null	null	null	null	null	None	0	null	0	0	null	null	null	null	null	
2024/11/23 15:52:22.883	b135e9c82f3b5af8414a656ace8a78c8d45a7834	Windows 11  (10.0.22631) 64bit (Editor)	True	null	null	null	null	null	null	None	0	null	0	0	null	null	null	null	null	
2024/11/23 15:52:22.891	b135e9c82f3b5af8414a656ace8a78c8d45a7834	Windows 11  (10.0.22631) 64bit (Editor)	True	null	null	null	null	null	null	None	0	null	0	0	null	null	null	null	null	
2024/11/23 15:52:22.900	b135e9c82f3b5af8414a656ace8a78c8d45a7834	Windows 11  (10.0.22631) 64bit (Editor)	True	null	null	null	null	null	null	None	0	null	0	0	null	null	null	null	null	
2024/11/23 15:52:22.907	b135e9c82f3b5af8414a656ace8a78c8d45a7834	Windows 11  (10.0.22631) 64bit (Editor)	True	null	null	null	null	null	null	None	0	null	0	0	null	null	null	null	null	
2024/11/23 15:52:22.916	b135e9c82f3b5af8414a656ace8a78c8d45a7834	Windows 11  (10.0.22631) 64bit (Editor)	True	null	null	null	null	null	null	None	0	null	0	0	null	null	null	null	null	
2024/11/23 15:52:22.925	b135e9c82f3b5af8414a656ace8a78c8d45a7834	Windows 11  (10.0.22631) 64bit (Editor)	True	null	null	null	null	null	null	None	0	null	0	0	null	null	null	null	null	
2024/11/23 15:52:22.933	b135e9c82f3b5af8414a656ace8a78c8d45a7834	Windows 11  (10.0.22631) 64bit (Editor)	True	null	null	null	null	null	null	None	0	null	0	0	null	null	null	null	null	
2024/11/23 15:52:22.942	b135e9c82f3b5af8414a656ace8a78c8d45a7834	Windows 11  (10.0.22631) 64bit (Editor)	True	null	null	null	null	null	null	None	0	null	0	0	null	null	null	null	null	
2024/11/23 15:52:22.950	b135e9c82f3b5af8414a656ace8a78c8d45a7834	Windows 11  (10.0.22631) 64bit (Editor)	True	null	null	null	null	null	null	None	0	null	0	0	null	null	null	null	null	
2024/11/23 15:52:22.959	b135e9c82f3b5af8414a656ace8a78c8d45a7834	Windows 11  (10.0.22631) 64bit (Editor)	True	null	null	null	null	null	null	None	0	null	0	0	null	null	null	null	null	
2024/11/23 15:52:22.967	b135e9c82f3b5af8414a656ace8a78c8d45a7834	Windows 11  (10.0.22631) 64bit (Editor)	True	null	null	null	null	null	null	None	0	null	0	0	null	null	null	null	null	
2024/11/23 15:52:22.976	b135e9c82f3b5af8414a656ace8a78c8d45a7834	Windows 11  (10.0.22631) 64bit (Editor)	True	null	null	null	null	null	null	None	0	null	0	0	null	null	null	null	null	
2024/11/23 15:52:22.987	b135e9c82f3b5af8414a656ace8a78c8d45a7834	Windows 11  (10.0.22631) 64bit (Editor)	True	null	null	null	null	null	null	None	0	null	0	0	null	null	null	null	null	
2024/11/23 15:52:23.007	b135e9c82f3b5af8414a656ace8a78c8d45a7834	Windows 11  (10.0.22631) 64bit (Editor)	True	null	null	null	null	null	null	None	0	null	0	0	null	null	null	null	null	
2024/11/23 15:52:23.016	b135e9c82f3b5af8414a656ace8a78c8d45a7834	Windows 11  (10.0.22631) 64bit (Editor)	True	null	null	null	null	null	null	None	0	null	0	0	null	null	null	null	null	
2024/11/23 15:52:23.024	b135e9c82f3b5af8414a656ace8a78c8d45a7834	Windows 11  (10.0.22631) 64bit (Editor)	True	null	null	null	null	null	null	None	0	null	0	0	null	null	null	null	null	
2024/11/23 15:52:23.030	b135e9c82f3b5af8414a656ace8a78c8d45a7834	Windows 11  (10.0.22631) 64bit (Editor)	True	null	null	null	null	null	null	None	0	null	0	0	null	null	null	null	null	
2024/11/23 15:52:23.038	b135e9c82f3b5af8414a656ace8a78c8d45a7834	Windows 11  (10.0.22631) 64bit (Editor)	True	null	null	null	null	null	null	None	0	null	0	0	null	null	null	null	null	
2024/11/23 15:52:23.046	b135e9c82f3b5af8414a656ace8a78c8d45a7834	Windows 11  (10.0.22631) 64bit (Editor)	True	null	null	null	null	null	null	None	0	null	0	0	null	null	null	null	null	
2024/11/23 15:52:23.056	b135e9c82f3b5af8414a656ace8a78c8d45a7834	Windows 11  (10.0.22631) 64bit (Editor)	True	null	null	null	null	null	null	None	0	null	0	0	null	null	null	null	null	
2024/11/23 15:52:23.066	b135e9c82f3b5af8414a656ace8a78c8d45a7834	Windows 11  (10.0.22631) 64bit (Editor)	True	null	null	null	null	null	null	None	0	null	0	0	null	null	null	null	null	
2024/11/23 15:52:23.074	b135e9c82f3b5af8414a656ace8a78c8d45a7834	Windows 11  (10.0.22631) 64bit (Editor)	True	null	null	null	null	null	null	None	0	null	0	0	null	null	null	null	null	
2024/11/23 15:52:23.083	b135e9c82f3b5af8414a656ace8a78c8d45a7834	Windows 11  (10.0.22631) 64bit (Editor)	True	null	null	null	null	null	null	None	0	null	0	0	null	null	null	null	null	
2024/11/23 15:52:23.096	b135e9c82f3b5af8414a656ace8a78c8d45a7834	Windows 11  (10.0.22631) 64bit (Editor)	True	null	null	null	null	null	null	None	0	null	0	0	null	null	null	null	null	
2024/11/23 15:52:23.103	b135e9c82f3b5af8414a656ace8a78c8d45a7834	Windows 11  (10.0.22631) 64bit (Editor)	True	null	null	null	null	null	null	None	0	null	0	0	null	null	null	null	null	
2024/11/23 15:52:23.110	b135e9c82f3b5af8414a656ace8a78c8d45a7834	Windows 11  (10.0.22631) 64bit (Editor)	True	null	null	null	null	null	null	None	0	null	0	0	null	null	null	null	null	
2024/11/23 15:52:23.117	b135e9c82f3b5af8414a656ace8a78c8d45a7834	Windows 11  (10.0.22631) 64bit (Editor)	True	null	null	null	null	null	null	None	0	null	0	0	null	null	null	null	null	
2024/11/23 15:52:23.125	b135e9c82f3b5af8414a656ace8a78c8d45a7834	Windows 11  (10.0.22631) 64bit (Editor)	True	null	null	null	null	null	null	None	0	null	0	0	null	null	null	null	null	
2024/11/23 15:52:23.132	b135e9c82f3b5af8414a656ace8a78c8d45a7834	Windows 11  (10.0.22631) 64bit (Editor)	True	null	null	null	null	null	null	None	0	null	0	0	null	null	null	null	null	
2024/11/23 15:52:23.140	b135e9c82f3b5af8414a656ace8a78c8d45a7834	Windows 11  (10.0.22631) 64bit (Editor)	True	null	null	null	null	null	null	None	0	null	0	0	null	null	null	null	null	
2024/11/23 15:52:23.158	b135e9c82f3b5af8414a656ace8a78c8d45a7834	Windows 11  (10.0.22631) 64bit (Editor)	True	null	null	null	null	null	null	None	0	null	0	0	null	null	null	null	null	
2024/11/23 15:52:23.167	b135e9c82f3b5af8414a656ace8a78c8d45a7834	Windows 11  (10.0.22631) 64bit (Editor)	True	null	null	null	null	null	null	None	0	null	0	0	null	null	null	null	null	
2024/11/23 15:52:23.177	b135e9c82f3b5af8414a656ace8a78c8d45a7834	Windows 11  (10.0.22631) 64bit (Editor)	True	null	null	null	null	null	null	None	0	null	0	0	null	null	null	null	null	
2024/11/23 15:52:23.186	b135e9c82f3b5af8414a656ace8a78c8d45a7834	Windows 11  (10.0.22631) 64bit (Editor)	True	null	null	null	null	null	null	None	0	null	0	0	null	null	null	null	null	
2024/11/23 15:52:23.193	b135e9c82f3b5af8414a656ace8a78c8d45a7834	Windows 11  (10.0.22631) 64bit (Editor)	True	null	null	null	null	null	null	None	0	null	0	0	null	null	null	null	null	
2024/11/23 15:52:23.203	b135e9c82f3b5af8414a656ace8a78c8d45a7834	Windows 11  (10.0.22631) 64bit (Editor)	True	null	null	null	null	null	null	None	0	null	0	0	null	null	null	null	null	
2024/11/23 15:52:23.210	b135e9c82f3b5af8414a656ace8a78c8d45a7834	Windows 11  (10.0.22631) 64bit (Editor)	True	null	null	null	null	null	null	None	0	null	0	0	null	null	null	null	null	
2024/11/23 15:52:23.218	b135e9c82f3b5af8414a656ace8a78c8d45a7834	Windows 11  (10.0.22631) 64bit (Editor)	True	null	null	null	null	null	null	None	0	null	0	0	null	null	null	null	null	
2024/11/23 15:52:23.226	b135e9c82f3b5af8414a656ace8a78c8d45a7834	Windows 11  (10.0.22631) 64bit (Editor)	True	null	null	null	null	null	null	None	0	null	0	0	null	null	null	null	null	
2024/11/23 15:52:23.234	b135e9c82f3b5af8414a656ace8a78c8d45a7834	Windows 11  (10.0.22631) 64bit (Editor)	True	null	null	null	null	null	null	None	0	null	0	0	null	null	null	null	null	
2024/11/23 15:52:23.243	b135e9c82f3b5af8414a656ace8a78c8d45a7834	Windows 11  (10.0.22631) 64bit (Editor)	True	null	null	null	null	null	null	None	0	null	0	0	null	null	null	null	null	
2024/11/23 15:52:23.253	b135e9c82f3b5af8414a656ace8a78c8d45a7834	Windows 11  (10.0.22631) 64bit (Editor)	True	null	null	null	null	null	null	None	0	null	0	0	null	null	null	null	null	
2024/11/23 15:52:23.264	b135e9c82f3b5af8414a656ace8a78c8d45a7834	Windows 11  (10.0.22631) 64bit (Editor)	True	null	null	null	null	null	null	None	0	null	0	0	null	null	null	null	null	
2024/11/23 15:52:23.273	b135e9c82f3b5af8414a656ace8a78c8d45a7834	Windows 11  (10.0.22631) 64bit (Editor)	True	null	null	null	null	null	null	None	0	null	0	0	null	null	null	null	null	
2024/11/23 15:52:23.284	b135e9c82f3b5af8414a656ace8a78c8d45a7834	Windows 11  (10.0.22631) 64bit (Editor)	True	null	null	null	null	null	null	None	0	null	0	0	null	null	null	null	null	
2024/11/23 15:52:23.292	b135e9c82f3b5af8414a656ace8a78c8d45a7834	Windows 11  (10.0.22631) 64bit (Editor)	True	null	null	null	null	null	null	None	0	null	0	0	null	null	null	null	null	
2024/11/23 15:52:23.314	b135e9c82f3b5af8414a656ace8a78c8d45a7834	Windows 11  (10.0.22631) 64bit (Editor)	True	null	null	null	null	null	null	None	0	null	0	0	null	null	null	null	null	
2024/11/23 15:52:23.326	b135e9c82f3b5af8414a656ace8a78c8d45a7834	Windows 11  (10.0.22631) 64bit (Editor)	True	null	null	null	null	null	null	None	0	null	0	0	null	null	null	null	null	
2024/11/23 15:52:23.340	b135e9c82f3b5af8414a656ace8a78c8d45a7834	Windows 11  (10.0.22631) 64bit (Editor)	True	null	null	null	null	null	null	None	0	null	0	0	null	null	null	null	null	
2024/11/23 15:52:23.361	b135e9c82f3b5af8414a656ace8a78c8d45a7834	Windows 11  (10.0.22631) 64bit (Editor)	True	null	null	null	null	null	null	None	0	null	0	0	null	null	null	null	null	
2024/11/23 15:52:23.374	b135e9c82f3b5af8414a656ace8a78c8d45a7834	Windows 11  (10.0.22631) 64bit (Editor)	True	null	null	null	null	null	null	None	0	null	0	0	null	null	null	null	null	
2024/11/23 15:52:23.387	b135e9c82f3b5af8414a656ace8a78c8d45a7834	Windows 11  (10.0.22631) 64bit (Editor)	True	null	null	null	null	null	null	None	0	null	0	0	null	null	null	null	null	
2024/11/23 15:52:23.400	b135e9c82f3b5af8414a656ace8a78c8d45a7834	Windows 11  (10.0.22631) 64bit (Editor)	True	null	null	null	null	null	null	None	0	null	0	0	null	null	null	null	null	
2024/11/23 15:52:23.410	b135e9c82f3b5af8414a656ace8a78c8d45a7834	Windows 11  (10.0.22631) 64bit (Editor)	True	null	null	null	null	null	null	None	0	null	0	0	null	null	null	null	null	
2024/11/23 15:52:23.420	b135e9c82f3b5af8414a656ace8a78c8d45a7834	Windows 11  (10.0.22631) 64bit (Editor)	True	null	null	null	null	null	null	None	0	null	0	0	null	null	null	null	null	
2024/11/23 15:52:23.428	b135e9c82f3b5af8414a656ace8a78c8d45a7834	Windows 11  (10.0.22631) 64bit (Editor)	True	null	null	null	null	null	null	None	0	null	0	0	null	null	null	null	null	
2024/11/23 15:52:23.439	b135e9c82f3b5af8414a656ace8a78c8d45a7834	Windows 11  (10.0.22631) 64bit (Editor)	True	null	null	null	null	null	null	None	0	null	0	0	null	null	null	null	null	
2024/11/23 15:52:23.449	b135e9c82f3b5af8414a656ace8a78c8d45a7834	Windows 11  (10.0.22631) 64bit (Editor)	True	null	null	null	null	null	null	None	0	null	0	0	null	null	null	null	null	
2024/11/23 15:52:23.472	b135e9c82f3b5af8414a656ace8a78c8d45a7834	Windows 11  (10.0.22631) 64bit (Editor)	True	null	null	null	null	null	null	None	0	null	0	0	null	null	null	null	null	
2024/11/23 15:52:23.485	b135e9c82f3b5af8414a656ace8a78c8d45a7834	Windows 11  (10.0.22631) 64bit (Editor)	True	null	null	null	null	null	null	None	0	null	0	0	null	null	null	null	null	
2024/11/23 15:52:23.496	b135e9c82f3b5af8414a656ace8a78c8d45a7834	Windows 11  (10.0.22631) 64bit (Editor)	True	null	null	null	null	null	null	None	0	null	0	0	null	null	null	null	null	
2024/11/23 15:52:23.512	b135e9c82f3b5af8414a656ace8a78c8d45a7834	Windows 11  (10.0.22631) 64bit (Editor)	True	null	null	null	null	null	null	None	0	null	0	0	null	null	null	null	null	
2024/11/23 15:52:23.524	b135e9c82f3b5af8414a656ace8a78c8d45a7834	Windows 11  (10.0.22631) 64bit (Editor)	True	null	null	null	null	null	null	None	0	null	0	0	null	null	null	null	null	
2024/11/23 15:52:23.533	b135e9c82f3b5af8414a656ace8a78c8d45a7834	Windows 11  (10.0.22631) 64bit (Editor)	True	null	null	null	null	null	null	None	0	null	0	0	null	null	null	null	null	
2024/11/23 15:52:23.541	b135e9c82f3b5af8414a656ace8a78c8d45a7834	Windows 11  (10.0.22631) 64bit (Editor)	True	null	null	null	null	null	null	None	0	null	0	0	null	null	null	null	null	
2024/11/23 15:52:23.551	b135e9c82f3b5af8414a656ace8a78c8d45a7834	Windows 11  (10.0.22631) 64bit (Editor)	True	null	null	null	null	null	null	None	0	null	0	0	null	null	null	null	null	
2024/11/23 15:52:23.560	b135e9c82f3b5af8414a656ace8a78c8d45a7834	Windows 11  (10.0.22631) 64bit (Editor)	True	null	null	null	null	null	null	None	0	null	0	0	null	null	null	null	null	
2024/11/23 15:52:23.570	b135e9c82f3b5af8414a656ace8a78c8d45a7834	Windows 11  (10.0.22631) 64bit (Editor)	True	null	null	null	null	null	null	None	0	null	0	0	null	null	null	null	null	
2024/11/23 15:52:23.577	b135e9c82f3b5af8414a656ace8a78c8d45a7834	Windows 11  (10.0.22631) 64bit (Editor)	True	null	null	null	null	null	null	None	0	null	0	0	null	null	null	null	null	
2024/11/23 15:52:23.590	b135e9c82f3b5af8414a656ace8a78c8d45a7834	Windows 11  (10.0.22631) 64bit (Editor)	True	null	null	null	null	null	null	None	0	null	0	0	null	null	null	null	null	
2024/11/23 15:52:23.597	b135e9c82f3b5af8414a656ace8a78c8d45a7834	Windows 11  (10.0.22631) 64bit (Editor)	True	null	null	null	null	null	null	None	0	null	0	0	null	null	null	null	null	
2024/11/23 15:52:23.605	b135e9c82f3b5af8414a656ace8a78c8d45a7834	Windows 11  (10.0.22631) 64bit (Editor)	True	null	null	null	null	null	null	None	0	null	0	0	null	null	null	null	null	
2024/11/23 15:52:23.624	b135e9c82f3b5af8414a656ace8a78c8d45a7834	Windows 11  (10.0.22631) 64bit (Editor)	True	null	null	null	null	null	null	None	0	null	0	0	null	null	null	null	null	
2024/11/23 15:52:23.631	b135e9c82f3b5af8414a656ace8a78c8d45a7834	Windows 11  (10.0.22631) 64bit (Editor)	True	null	null	null	null	null	null	None	0	null	0	0	null	null	null	null	null	
2024/11/23 15:52:23.639	b135e9c82f3b5af8414a656ace8a78c8d45a7834	Windows 11  (10.0.22631) 64bit (Editor)	True	null	null	null	null	null	null	None	0	null	0	0	null	null	null	null	null	
2024/11/23 15:52:23.646	b135e9c82f3b5af8414a656ace8a78c8d45a7834	Windows 11  (10.0.22631) 64bit (Editor)	True	null	null	null	null	null	null	None	0	null	0	0	null	null	null	null	null	
2024/11/23 15:52:23.653	b135e9c82f3b5af8414a656ace8a78c8d45a7834	Windows 11  (10.0.22631) 64bit (Editor)	True	null	null	null	null	null	null	None	0	null	0	0	null	null	null	null	null	
2024/11/23 15:52:23.661	b135e9c82f3b5af8414a656ace8a78c8d45a7834	Windows 11  (10.0.22631) 64bit (Editor)	True	null	null	null	null	null	null	None	0	null	0	0	null	null	null	null	null	
2024/11/23 15:52:23.669	b135e9c82f3b5af8414a656ace8a78c8d45a7834	Windows 11  (10.0.22631) 64bit (Editor)	True	null	null	null	null	null	null	None	0	null	0	0	null	null	null	null	null	
2024/11/23 15:52:23.675	b135e9c82f3b5af8414a656ace8a78c8d45a7834	Windows 11  (10.0.22631) 64bit (Editor)	True	null	null	null	null	null	null	None	0	null	0	0	null	null	null	null	null	
2024/11/23 15:52:23.683	b135e9c82f3b5af8414a656ace8a78c8d45a7834	Windows 11  (10.0.22631) 64bit (Editor)	True	null	null	null	null	null	null	None	0	null	0	0	null	null	null	null	null	
2024/11/23 15:52:23.690	b135e9c82f3b5af8414a656ace8a78c8d45a7834	Windows 11  (10.0.22631) 64bit (Editor)	True	null	null	null	null	null	null	None	0	null	0	0	null	null	null	null	null	
2024/11/23 15:52:23.698	b135e9c82f3b5af8414a656ace8a78c8d45a7834	Windows 11  (10.0.22631) 64bit (Editor)	True	null	null	null	null	null	null	None	0	null	0	0	null	null	null	null	null	
2024/11/23 15:52:23.706	b135e9c82f3b5af8414a656ace8a78c8d45a7834	Windows 11  (10.0.22631) 64bit (Editor)	True	null	null	null	null	null	null	None	0	null	0	0	null	null	null	null	null	
2024/11/23 15:52:23.713	b135e9c82f3b5af8414a656ace8a78c8d45a7834	Windows 11  (10.0.22631) 64bit (Editor)	True	null	null	null	null	null	null	None	0	null	0	0	null	null	null	null	null	
2024/11/23 15:52:23.721	b135e9c82f3b5af8414a656ace8a78c8d45a7834	Windows 11  (10.0.22631) 64bit (Editor)	True	null	null	null	null	null	null	None	0	null	0	0	null	null	null	null	null	
2024/11/23 15:52:23.730	b135e9c82f3b5af8414a656ace8a78c8d45a7834	Windows 11  (10.0.22631) 64bit (Editor)	True	null	null	null	null	null	null	None	0	null	0	0	null	null	null	null	null	
2024/11/23 15:52:23.738	b135e9c82f3b5af8414a656ace8a78c8d45a7834	Windows 11  (10.0.22631) 64bit (Editor)	True	null	null	null	null	null	null	None	0	null	0	0	null	null	null	null	null	
2024/11/23 15:52:23.746	b135e9c82f3b5af8414a656ace8a78c8d45a7834	Windows 11  (10.0.22631) 64bit (Editor)	True	null	null	null	null	null	null	None	0	null	0	0	null	null	null	null	null	
2024/11/23 15:52:23.754	b135e9c82f3b5af8414a656ace8a78c8d45a7834	Windows 11  (10.0.22631) 64bit (Editor)	True	null	null	null	null	null	null	None	0	null	0	0	null	null	null	null	null	
2024/11/23 15:52:23.762	b135e9c82f3b5af8414a656ace8a78c8d45a7834	Windows 11  (10.0.22631) 64bit (Editor)	True	null	null	null	null	null	null	None	0	null	0	0	null	null	null	null	null	
2024/11/23 15:52:23.780	b135e9c82f3b5af8414a656ace8a78c8d45a7834	Windows 11  (10.0.22631) 64bit (Editor)	True	null	null	null	null	null	null	None	0	null	0	0	null	null	null	null	null	
2024/11/23 15:52:23.789	b135e9c82f3b5af8414a656ace8a78c8d45a7834	Windows 11  (10.0.22631) 64bit (Editor)	True	null	null	null	null	null	null	None	0	null	0	0	null	null	null	null	null	
2024/11/23 15:52:23.797	b135e9c82f3b5af8414a656ace8a78c8d45a7834	Windows 11  (10.0.22631) 64bit (Editor)	True	null	null	null	null	null	null	None	0	null	0	0	null	null	null	null	null	
2024/11/23 15:52:23.805	b135e9c82f3b5af8414a656ace8a78c8d45a7834	Windows 11  (10.0.22631) 64bit (Editor)	True	null	null	null	null	null	null	None	0	null	0	0	null	null	null	null	null	
2024/11/23 15:52:23.814	b135e9c82f3b5af8414a656ace8a78c8d45a7834	Windows 11  (10.0.22631) 64bit (Editor)	True	null	null	null	null	null	null	None	0	null	0	0	null	null	null	null	null	
2024/11/23 15:52:23.822	b135e9c82f3b5af8414a656ace8a78c8d45a7834	Windows 11  (10.0.22631) 64bit (Editor)	True	null	null	null	null	null	null	None	0	null	0	0	null	null	null	null	null	
2024/11/23 15:52:23.829	b135e9c82f3b5af8414a656ace8a78c8d45a7834	Windows 11  (10.0.22631) 64bit (Editor)	True	null	null	null	null	null	null	None	0	null	0	0	null	null	null	null	null	
2024/11/23 15:52:23.837	b135e9c82f3b5af8414a656ace8a78c8d45a7834	Windows 11  (10.0.22631) 64bit (Editor)	True	null	null	null	null	null	null	None	0	null	0	0	null	null	null	null	null	
2024/11/23 15:52:23.846	b135e9c82f3b5af8414a656ace8a78c8d45a7834	Windows 11  (10.0.22631) 64bit (Editor)	True	null	null	null	null	null	null	None	0	null	0	0	null	null	null	null	null	
2024/11/23 15:52:23.854	b135e9c82f3b5af8414a656ace8a78c8d45a7834	Windows 11  (10.0.22631) 64bit (Editor)	True	null	null	null	null	null	null	None	0	null	0	0	null	null	null	null	null	
2024/11/23 15:52:23.865	b135e9c82f3b5af8414a656ace8a78c8d45a7834	Windows 11  (10.0.22631) 64bit (Editor)	True	null	null	null	null	null	null	None	0	null	0	0	null	null	null	null	null	
2024/11/23 15:52:23.872	b135e9c82f3b5af8414a656ace8a78c8d45a7834	Windows 11  (10.0.22631) 64bit (Editor)	True	null	null	null	null	null	null	None	0	null	0	0	null	null	null	null	null	
2024/11/23 15:52:23.882	b135e9c82f3b5af8414a656ace8a78c8d45a7834	Windows 11  (10.0.22631) 64bit (Editor)	True	null	null	null	null	null	null	None	0	null	0	0	null	null	null	null	null	
2024/11/23 15:52:23.888	b135e9c82f3b5af8414a656ace8a78c8d45a7834	Windows 11  (10.0.22631) 64bit (Editor)	True	null	null	null	null	null	null	None	0	null	0	0	null	null	null	null	null	
2024/11/23 15:52:23.897	b135e9c82f3b5af8414a656ace8a78c8d45a7834	Windows 11  (10.0.22631) 64bit (Editor)	True	null	null	null	null	null	null	None	0	null	0	0	null	null	null	null	null	
2024/11/23 15:52:23.904	b135e9c82f3b5af8414a656ace8a78c8d45a7834	Windows 11  (10.0.22631) 64bit (Editor)	True	null	null	null	null	null	null	None	0	null	0	0	null	null	null	null	null	
2024/11/23 15:52:23.912	b135e9c82f3b5af8414a656ace8a78c8d45a7834	Windows 11  (10.0.22631) 64bit (Editor)	True	null	null	null	null	null	null	None	0	null	0	0	null	null	null	null	null	
2024/11/23 15:52:23.920	b135e9c82f3b5af8414a656ace8a78c8d45a7834	Windows 11  (10.0.22631) 64bit (Editor)	True	null	null	null	null	null	null	None	0	null	0	0	null	null	null	null	null	
2024/11/23 15:52:23.937	b135e9c82f3b5af8414a656ace8a78c8d45a7834	Windows 11  (10.0.22631) 64bit (Editor)	True	null	null	null	null	null	null	None	0	null	0	0	null	null	null	null	null	
2024/11/23 15:52:23.945	b135e9c82f3b5af8414a656ace8a78c8d45a7834	Windows 11  (10.0.22631) 64bit (Editor)	True	null	null	null	null	null	null	None	0	null	0	0	null	null	null	null	null	
2024/11/23 15:52:23.954	b135e9c82f3b5af8414a656ace8a78c8d45a7834	Windows 11  (10.0.22631) 64bit (Editor)	True	null	null	null	null	null	null	None	0	null	0	0	null	null	null	null	null	
2024/11/23 15:52:23.961	b135e9c82f3b5af8414a656ace8a78c8d45a7834	Windows 11  (10.0.22631) 64bit (Editor)	True	null	null	null	null	null	null	None	0	null	0	0	null	null	null	null	null	
2024/11/23 15:52:23.968	b135e9c82f3b5af8414a656ace8a78c8d45a7834	Windows 11  (10.0.22631) 64bit (Editor)	True	null	null	null	null	null	null	None	0	null	0	0	null	null	null	null	null	
2024/11/23 15:52:23.977	b135e9c82f3b5af8414a656ace8a78c8d45a7834	Windows 11  (10.0.22631) 64bit (Editor)	True	null	null	null	null	null	null	None	0	null	0	0	null	null	null	null	null	
2024/11/23 15:52:23.984	b135e9c82f3b5af8414a656ace8a78c8d45a7834	Windows 11  (10.0.22631) 64bit (Editor)	True	null	null	null	null	null	null	None	0	null	0	0	null	null	null	null	null	
2024/11/23 15:52:23.993	b135e9c82f3b5af8414a656ace8a78c8d45a7834	Windows 11  (10.0.22631) 64bit (Editor)	True	null	null	null	null	null	null	None	0	null	0	0	null	null	null	null	null	
2024/11/23 15:52:24.002	b135e9c82f3b5af8414a656ace8a78c8d45a7834	Windows 11  (10.0.22631) 64bit (Editor)	True	null	null	null	null	null	null	None	0	null	0	0	null	null	null	null	null	
2024/11/23 15:52:24.010	b135e9c82f3b5af8414a656ace8a78c8d45a7834	Windows 11  (10.0.22631) 64bit (Editor)	True	null	null	null	null	null	null	None	0	null	0	0	null	null	null	null	null	
2024/11/23 15:52:24.018	b135e9c82f3b5af8414a656ace8a78c8d45a7834	Windows 11  (10.0.22631) 64bit (Editor)	True	null	null	null	null	null	null	None	0	null	0	0	null	null	null	null	null	
2024/11/23 15:52:24.026	b135e9c82f3b5af8414a656ace8a78c8d45a7834	Windows 11  (10.0.22631) 64bit (Editor)	True	null	null	null	null	null	null	None	0	null	0	0	null	null	null	null	null	
2024/11/23 15:52:24.034	b135e9c82f3b5af8414a656ace8a78c8d45a7834	Windows 11  (10.0.22631) 64bit (Editor)	True	null	null	null	null	null	null	None	0	null	0	0	null	null	null	null	null	
2024/11/23 15:52:24.041	b135e9c82f3b5af8414a656ace8a78c8d45a7834	Windows 11  (10.0.22631) 64bit (Editor)	True	null	null	null	null	null	null	None	0	null	0	0	null	null	null	null	null	
2024/11/23 15:52:24.050	b135e9c82f3b5af8414a656ace8a78c8d45a7834	Windows 11  (10.0.22631) 64bit (Editor)	True	null	null	null	null	null	null	None	0	null	0	0	null	null	null	null	null	
2024/11/23 15:52:24.056	b135e9c82f3b5af8414a656ace8a78c8d45a7834	Windows 11  (10.0.22631) 64bit (Editor)	True	null	null	null	null	null	null	None	0	null	0	0	null	null	null	null	null	
2024/11/23 15:52:24.063	b135e9c82f3b5af8414a656ace8a78c8d45a7834	Windows 11  (10.0.22631) 64bit (Editor)	True	null	null	null	null	null	null	None	0	null	0	0	null	null	null	null	null	
2024/11/23 15:52:24.071	b135e9c82f3b5af8414a656ace8a78c8d45a7834	Windows 11  (10.0.22631) 64bit (Editor)	True	null	null	null	null	null	null	None	0	null	0	0	null	null	null	null	null	
2024/11/23 15:52:24.089	b135e9c82f3b5af8414a656ace8a78c8d45a7834	Windows 11  (10.0.22631) 64bit (Editor)	True	null	null	null	null	null	null	None	0	null	0	0	null	null	null	null	null	
2024/11/23 15:52:24.097	b135e9c82f3b5af8414a656ace8a78c8d45a7834	Windows 11  (10.0.22631) 64bit (Editor)	True	null	null	null	null	null	null	None	0	null	0	0	null	null	null	null	null	
2024/11/23 15:52:24.105	b135e9c82f3b5af8414a656ace8a78c8d45a7834	Windows 11  (10.0.22631) 64bit (Editor)	True	null	null	null	null	null	null	None	0	null	0	0	null	null	null	null	null	
2024/11/23 15:52:24.112	b135e9c82f3b5af8414a656ace8a78c8d45a7834	Windows 11  (10.0.22631) 64bit (Editor)	True	null	null	null	null	null	null	None	0	null	0	0	null	null	null	null	null	
2024/11/23 15:52:24.120	b135e9c82f3b5af8414a656ace8a78c8d45a7834	Windows 11  (10.0.22631) 64bit (Editor)	True	null	null	null	null	null	null	None	0	null	0	0	null	null	null	null	null	
2024/11/23 15:52:24.127	b135e9c82f3b5af8414a656ace8a78c8d45a7834	Windows 11  (10.0.22631) 64bit (Editor)	True	null	null	null	null	null	null	None	0	null	0	0	null	null	null	null	null	
2024/11/23 15:52:24.135	b135e9c82f3b5af8414a656ace8a78c8d45a7834	Windows 11  (10.0.22631) 64bit (Editor)	True	null	null	null	null	null	null	None	0	null	0	0	null	null	null	null	null	
2024/11/23 15:52:24.143	b135e9c82f3b5af8414a656ace8a78c8d45a7834	Windows 11  (10.0.22631) 64bit (Editor)	True	null	null	null	null	null	null	None	0	null	0	0	null	null	null	null	null	
2024/11/23 15:52:24.151	b135e9c82f3b5af8414a656ace8a78c8d45a7834	Windows 11  (10.0.22631) 64bit (Editor)	True	null	null	null	null	null	null	None	0	null	0	0	null	null	null	null	null	
2024/11/23 15:52:24.158	b135e9c82f3b5af8414a656ace8a78c8d45a7834	Windows 11  (10.0.22631) 64bit (Editor)	True	null	null	null	null	null	null	None	0	null	0	0	null	null	null	null	null	
2024/11/23 15:52:24.166	b135e9c82f3b5af8414a656ace8a78c8d45a7834	Windows 11  (10.0.22631) 64bit (Editor)	True	null	null	null	null	null	null	None	0	null	0	0	null	null	null	null	null	
2024/11/23 15:52:24.174	b135e9c82f3b5af8414a656ace8a78c8d45a7834	Windows 11  (10.0.22631) 64bit (Editor)	True	null	null	null	null	null	null	None	0	null	0	0	null	null	null	null	null	
2024/11/23 15:52:24.182	b135e9c82f3b5af8414a656ace8a78c8d45a7834	Windows 11  (10.0.22631) 64bit (Editor)	True	null	null	null	null	null	null	None	0	null	0	0	null	null	null	null	null	
2024/11/23 15:52:24.190	b135e9c82f3b5af8414a656ace8a78c8d45a7834	Windows 11  (10.0.22631) 64bit (Editor)	True	null	null	null	null	null	null	None	0	null	0	0	null	null	null	null	null	
2024/11/23 15:52:24.197	b135e9c82f3b5af8414a656ace8a78c8d45a7834	Windows 11  (10.0.22631) 64bit (Editor)	True	null	null	null	null	null	null	None	0	null	0	0	null	null	null	null	null	
2024/11/23 15:52:24.206	b135e9c82f3b5af8414a656ace8a78c8d45a7834	Windows 11  (10.0.22631) 64bit (Editor)	True	null	null	null	null	null	null	None	0	null	0	0	null	null	null	null	null	
2024/11/23 15:52:24.213	b135e9c82f3b5af8414a656ace8a78c8d45a7834	Windows 11  (10.0.22631) 64bit (Editor)	True	null	null	null	null	null	null	None	0	null	0	0	null	null	null	null	null	
2024/11/23 15:52:24.221	b135e9c82f3b5af8414a656ace8a78c8d45a7834	Windows 11  (10.0.22631) 64bit (Editor)	True	null	null	null	null	null	null	None	0	null	0	0	null	null	null	null	null	
2024/11/23 15:52:24.228	b135e9c82f3b5af8414a656ace8a78c8d45a7834	Windows 11  (10.0.22631) 64bit (Editor)	True	null	null	null	null	null	null	None	0	null	0	0	null	null	null	null	null	
2024/11/23 15:52:24.247	b135e9c82f3b5af8414a656ace8a78c8d45a7834	Windows 11  (10.0.22631) 64bit (Editor)	True	null	null	null	null	null	null	None	0	null	0	0	null	null	null	null	null	
2024/11/23 15:52:24.256	b135e9c82f3b5af8414a656ace8a78c8d45a7834	Windows 11  (10.0.22631) 64bit (Editor)	True	null	null	null	null	null	null	None	0	null	0	0	null	null	null	null	null	
2024/11/23 15:52:24.263	b135e9c82f3b5af8414a656ace8a78c8d45a7834	Windows 11  (10.0.22631) 64bit (Editor)	True	null	null	null	null	null	null	None	0	null	0	0	null	null	null	null	null	
2024/11/23 15:52:24.271	b135e9c82f3b5af8414a656ace8a78c8d45a7834	Windows 11  (10.0.22631) 64bit (Editor)	True	null	null	null	null	null	null	None	0	null	0	0	null	null	null	null	null	
2024/11/23 15:52:24.279	b135e9c82f3b5af8414a656ace8a78c8d45a7834	Windows 11  (10.0.22631) 64bit (Editor)	True	null	null	null	null	null	null	None	0	null	0	0	null	null	null	null	null	
2024/11/23 15:52:24.287	b135e9c82f3b5af8414a656ace8a78c8d45a7834	Windows 11  (10.0.22631) 64bit (Editor)	True	null	null	null	null	null	null	None	0	null	0	0	null	null	null	null	null	
2024/11/23 15:52:24.293	b135e9c82f3b5af8414a656ace8a78c8d45a7834	Windows 11  (10.0.22631) 64bit (Editor)	True	null	null	null	null	null	null	None	0	null	0	0	null	null	null	null	null	
2024/11/23 15:52:24.301	b135e9c82f3b5af8414a656ace8a78c8d45a7834	Windows 11  (10.0.22631) 64bit (Editor)	True	null	null	null	null	null	null	None	0	null	0	0	null	null	null	null	null	
2024/11/23 15:52:24.308	b135e9c82f3b5af8414a656ace8a78c8d45a7834	Windows 11  (10.0.22631) 64bit (Editor)	True	null	null	null	null	null	null	None	0	null	0	0	null	null	null	null	null	
2024/11/23 15:52:24.319	b135e9c82f3b5af8414a656ace8a78c8d45a7834	Windows 11  (10.0.22631) 64bit (Editor)	True	null	null	null	null	null	null	None	0	null	0	0	null	null	null	null	null	
2024/11/23 15:52:24.328	b135e9c82f3b5af8414a656ace8a78c8d45a7834	Windows 11  (10.0.22631) 64bit (Editor)	True	null	null	null	null	null	null	None	0	null	0	0	null	null	null	null	null	
2024/11/23 15:52:24.336	b135e9c82f3b5af8414a656ace8a78c8d45a7834	Windows 11  (10.0.22631) 64bit (Editor)	True	null	null	null	null	null	null	None	0	null	0	0	null	null	null	null	null	
2024/11/23 15:52:24.346	b135e9c82f3b5af8414a656ace8a78c8d45a7834	Windows 11  (10.0.22631) 64bit (Editor)	True	null	null	null	null	null	null	None	0	null	0	0	null	null	null	null	null	
2024/11/23 15:52:24.357	b135e9c82f3b5af8414a656ace8a78c8d45a7834	Windows 11  (10.0.22631) 64bit (Editor)	True	null	null	null	null	null	null	None	0	null	0	0	null	null	null	null	null	
2024/11/23 15:52:24.367	b135e9c82f3b5af8414a656ace8a78c8d45a7834	Windows 11  (10.0.22631) 64bit (Editor)	True	null	null	null	null	null	null	None	0	null	0	0	null	null	null	null	null	
2024/11/23 15:52:24.377	b135e9c82f3b5af8414a656ace8a78c8d45a7834	Windows 11  (10.0.22631) 64bit (Editor)	True	null	null	null	null	null	null	None	0	null	0	0	null	null	null	null	null	
2024/11/23 15:52:24.386	b135e9c82f3b5af8414a656ace8a78c8d45a7834	Windows 11  (10.0.22631) 64bit (Editor)	True	null	null	null	null	null	null	None	0	null	0	0	null	null	null	null	null	
2024/11/23 15:52:24.405	b135e9c82f3b5af8414a656ace8a78c8d45a7834	Windows 11  (10.0.22631) 64bit (Editor)	True	null	null	null	null	null	null	None	0	null	0	0	null	null	null	null	null	
2024/11/23 15:52:24.414	b135e9c82f3b5af8414a656ace8a78c8d45a7834	Windows 11  (10.0.22631) 64bit (Editor)	True	null	null	null	null	null	null	None	0	null	0	0	null	null	null	null	null	
2024/11/23 15:52:24.425	b135e9c82f3b5af8414a656ace8a78c8d45a7834	Windows 11  (10.0.22631) 64bit (Editor)	True	null	null	null	null	null	null	None	0	null	0	0	null	null	null	null	null	
2024/11/23 15:52:24.432	b135e9c82f3b5af8414a656ace8a78c8d45a7834	Windows 11  (10.0.22631) 64bit (Editor)	True	null	null	null	null	null	null	None	0	null	0	0	null	null	null	null	null	
2024/11/23 15:52:24.442	b135e9c82f3b5af8414a656ace8a78c8d45a7834	Windows 11  (10.0.22631) 64bit (Editor)	True	null	null	null	null	null	null	None	0	null	0	0	null	null	null	null	null	
2024/11/23 15:52:24.449	b135e9c82f3b5af8414a656ace8a78c8d45a7834	Windows 11  (10.0.22631) 64bit (Editor)	True	null	null	null	null	null	null	None	0	null	0	0	null	null	null	null	null	
2024/11/23 15:52:24.461	b135e9c82f3b5af8414a656ace8a78c8d45a7834	Windows 11  (10.0.22631) 64bit (Editor)	True	null	null	null	null	null	null	None	0	null	0	0	null	null	null	null	null	
2024/11/23 15:52:24.470	b135e9c82f3b5af8414a656ace8a78c8d45a7834	Windows 11  (10.0.22631) 64bit (Editor)	True	null	null	null	null	null	null	None	0	null	0	0	null	null	null	null	null	
2024/11/23 15:52:24.478	b135e9c82f3b5af8414a656ace8a78c8d45a7834	Windows 11  (10.0.22631) 64bit (Editor)	True	null	null	null	null	null	null	None	0	null	0	0	null	null	null	null	null	
2024/11/23 15:52:24.498	b135e9c82f3b5af8414a656ace8a78c8d45a7834	Windows 11  (10.0.22631) 64bit (Editor)	True	null	null	null	null	null	null	None	0	null	0	0	null	null	null	null	null	
2024/11/23 15:52:24.512	b135e9c82f3b5af8414a656ace8a78c8d45a7834	Windows 11  (10.0.22631) 64bit (Editor)	True	null	null	null	null	null	null	None	0	null	0	0	null	null	null	null	null	
2024/11/23 15:52:24.521	b135e9c82f3b5af8414a656ace8a78c8d45a7834	Windows 11  (10.0.22631) 64bit (Editor)	True	null	null	null	null	null	null	None	0	null	0	0	null	null	null	null	null	
2024/11/23 15:52:24.530	b135e9c82f3b5af8414a656ace8a78c8d45a7834	Windows 11  (10.0.22631) 64bit (Editor)	True	null	null	null	null	null	null	None	0	null	0	0	null	null	null	null	null	
2024/11/23 15:52:24.539	b135e9c82f3b5af8414a656ace8a78c8d45a7834	Windows 11  (10.0.22631) 64bit (Editor)	True	null	null	null	null	null	null	None	0	null	0	0	null	null	null	null	null	
2024/11/23 15:52:24.559	b135e9c82f3b5af8414a656ace8a78c8d45a7834	Windows 11  (10.0.22631) 64bit (Editor)	True	null	null	null	null	null	null	None	0	null	0	0	null	null	null	null	null	
2024/11/23 15:52:24.568	b135e9c82f3b5af8414a656ace8a78c8d45a7834	Windows 11  (10.0.22631) 64bit (Editor)	True	null	null	null	null	null	null	None	0	null	0	0	null	null	null	null	null	
2024/11/23 15:52:24.577	b135e9c82f3b5af8414a656ace8a78c8d45a7834	Windows 11  (10.0.22631) 64bit (Editor)	True	null	null	null	null	null	null	None	0	null	0	0	null	null	null	null	null	
2024/11/23 15:52:24.587	b135e9c82f3b5af8414a656ace8a78c8d45a7834	Windows 11  (10.0.22631) 64bit (Editor)	True	null	null	null	null	null	null	None	0	null	0	0	null	null	null	null	null	
2024/11/23 15:52:24.596	b135e9c82f3b5af8414a656ace8a78c8d45a7834	Windows 11  (10.0.22631) 64bit (Editor)	True	null	null	null	null	null	null	None	0	null	0	0	null	null	null	null	null	
2024/11/23 15:52:24.605	b135e9c82f3b5af8414a656ace8a78c8d45a7834	Windows 11  (10.0.22631) 64bit (Editor)	True	null	null	null	null	null	null	None	0	null	0	0	null	null	null	null	null	
2024/11/23 15:52:24.613	b135e9c82f3b5af8414a656ace8a78c8d45a7834	Windows 11  (10.0.22631) 64bit (Editor)	True	null	null	null	null	null	null	None	0	null	0	0	null	null	null	null	null	
2024/11/23 15:52:24.622	b135e9c82f3b5af8414a656ace8a78c8d45a7834	Windows 11  (10.0.22631) 64bit (Editor)	True	null	null	null	null	null	null	None	0	null	0	0	null	null	null	null	null	
2024/11/23 15:52:24.631	b135e9c82f3b5af8414a656ace8a78c8d45a7834	Windows 11  (10.0.22631) 64bit (Editor)	True	null	null	null	null	null	null	None	0	null	0	0	null	null	null	null	null	
2024/11/23 15:52:24.639	b135e9c82f3b5af8414a656ace8a78c8d45a7834	Windows 11  (10.0.22631) 64bit (Editor)	True	null	null	null	null	null	null	None	0	null	0	0	null	null	null	null	null	
2024/11/23 15:52:24.647	b135e9c82f3b5af8414a656ace8a78c8d45a7834	Windows 11  (10.0.22631) 64bit (Editor)	True	null	null	null	null	null	null	None	0	null	0	0	null	null	null	null	null	
2024/11/23 15:52:24.658	b135e9c82f3b5af8414a656ace8a78c8d45a7834	Windows 11  (10.0.22631) 64bit (Editor)	True	null	null	null	null	null	null	None	0	null	0	0	null	null	null	null	null	
2024/11/23 15:52:24.666	b135e9c82f3b5af8414a656ace8a78c8d45a7834	Windows 11  (10.0.22631) 64bit (Editor)	True	null	null	null	null	null	null	None	0	null	0	0	null	null	null	null	null	
2024/11/23 15:52:24.676	b135e9c82f3b5af8414a656ace8a78c8d45a7834	Windows 11  (10.0.22631) 64bit (Editor)	True	null	null	null	null	null	null	None	0	null	0	0	null	null	null	null	null	
2024/11/23 15:52:24.686	b135e9c82f3b5af8414a656ace8a78c8d45a7834	Windows 11  (10.0.22631) 64bit (Editor)	True	null	null	null	null	null	null	None	0	null	0	0	null	null	null	null	null	
2024/11/23 15:52:24.694	b135e9c82f3b5af8414a656ace8a78c8d45a7834	Windows 11  (10.0.22631) 64bit (Editor)	True	null	null	null	null	null	null	None	0	null	0	0	null	null	null	null	null	
2024/11/23 15:52:24.713	b135e9c82f3b5af8414a656ace8a78c8d45a7834	Windows 11  (10.0.22631) 64bit (Editor)	True	null	null	null	null	null	null	None	0	null	0	0	null	null	null	null	null	
2024/11/23 15:52:24.723	b135e9c82f3b5af8414a656ace8a78c8d45a7834	Windows 11  (10.0.22631) 64bit (Editor)	True	null	null	null	null	null	null	None	0	null	0	0	null	null	null	null	null	
2024/11/23 15:52:24.731	b135e9c82f3b5af8414a656ace8a78c8d45a7834	Windows 11  (10.0.22631) 64bit (Editor)	True	null	null	null	null	null	null	None	0	null	0	0	null	null	null	null	null	
2024/11/23 15:52:24.740	b135e9c82f3b5af8414a656ace8a78c8d45a7834	Windows 11  (10.0.22631) 64bit (Editor)	True	null	null	null	null	null	null	None	0	null	0	0	null	null	null	null	null	
2024/11/23 15:52:24.749	b135e9c82f3b5af8414a656ace8a78c8d45a7834	Windows 11  (10.0.22631) 64bit (Editor)	True	null	null	null	null	null	null	None	0	null	0	0	null	null	null	null	null	
2024/11/23 15:52:24.757	b135e9c82f3b5af8414a656ace8a78c8d45a7834	Windows 11  (10.0.22631) 64bit (Editor)	True	null	null	null	null	null	null	None	0	null	0	0	null	null	null	null	null	
2024/11/23 15:52:24.765	b135e9c82f3b5af8414a656ace8a78c8d45a7834	Windows 11  (10.0.22631) 64bit (Editor)	True	null	null	null	null	null	null	None	0	null	0	0	null	null	null	null	null	
2024/11/23 15:52:24.775	b135e9c82f3b5af8414a656ace8a78c8d45a7834	Windows 11  (10.0.22631) 64bit (Editor)	True	null	null	null	null	null	null	None	0	null	0	0	null	null	null	null	null	
2024/11/23 15:52:24.785	b135e9c82f3b5af8414a656ace8a78c8d45a7834	Windows 11  (10.0.22631) 64bit (Editor)	True	null	null	null	null	null	null	None	0	null	0	0	null	null	null	null	null	
2024/11/23 15:52:24.793	b135e9c82f3b5af8414a656ace8a78c8d45a7834	Windows 11  (10.0.22631) 64bit (Editor)	True	null	null	null	null	null	null	None	0	null	0	0	null	null	null	null	null	
2024/11/23 15:52:24.802	b135e9c82f3b5af8414a656ace8a78c8d45a7834	Windows 11  (10.0.22631) 64bit (Editor)	True	null	null	null	null	null	null	None	0	null	0	0	null	null	null	null	null	
2024/11/23 15:52:24.812	b135e9c82f3b5af8414a656ace8a78c8d45a7834	Windows 11  (10.0.22631) 64bit (Editor)	True	null	null	null	null	null	null	None	0	null	0	0	null	null	null	null	null	
2024/11/23 15:52:24.822	b135e9c82f3b5af8414a656ace8a78c8d45a7834	Windows 11  (10.0.22631) 64bit (Editor)	True	null	null	null	null	null	null	None	0	null	0	0	null	null	null	null	null	
2024/11/23 15:52:24.829	b135e9c82f3b5af8414a656ace8a78c8d45a7834	Windows 11  (10.0.22631) 64bit (Editor)	True	null	null	null	null	null	null	None	0	null	0	0	null	null	null	null	null	
2024/11/23 15:52:24.839	b135e9c82f3b5af8414a656ace8a78c8d45a7834	Windows 11  (10.0.22631) 64bit (Editor)	True	null	null	null	null	null	null	None	0	null	0	0	null	null	null	null	null	
2024/11/23 15:52:24.848	b135e9c82f3b5af8414a656ace8a78c8d45a7834	Windows 11  (10.0.22631) 64bit (Editor)	True	null	null	null	null	null	null	None	0	null	0	0	null	null	null	null	null	
2024/11/23 15:52:24.867	b135e9c82f3b5af8414a656ace8a78c8d45a7834	Windows 11  (10.0.22631) 64bit (Editor)	True	null	null	null	null	null	null	None	0	null	0	0	null	null	null	null	null	
2024/11/23 15:52:24.875	b135e9c82f3b5af8414a656ace8a78c8d45a7834	Windows 11  (10.0.22631) 64bit (Editor)	True	null	null	null	null	null	null	None	0	null	0	0	null	null	null	null	null	
2024/11/23 15:52:24.882	b135e9c82f3b5af8414a656ace8a78c8d45a7834	Windows 11  (10.0.22631) 64bit (Editor)	True	null	null	null	null	null	null	None	0	null	0	0	null	null	null	null	null	
2024/11/23 15:52:24.892	b135e9c82f3b5af8414a656ace8a78c8d45a7834	Windows 11  (10.0.22631) 64bit (Editor)	True	null	null	null	null	null	null	None	0	null	0	0	null	null	null	null	null	
2024/11/23 15:52:24.901	b135e9c82f3b5af8414a656ace8a78c8d45a7834	Windows 11  (10.0.22631) 64bit (Editor)	True	null	null	null	null	null	null	None	0	null	0	0	null	null	null	null	null	
2024/11/23 15:52:24.909	b135e9c82f3b5af8414a656ace8a78c8d45a7834	Windows 11  (10.0.22631) 64bit (Editor)	True	null	null	null	null	null	null	None	0	null	0	0	null	null	null	null	null	
2024/11/23 15:52:24.917	b135e9c82f3b5af8414a656ace8a78c8d45a7834	Windows 11  (10.0.22631) 64bit (Editor)	True	null	null	null	null	null	null	None	0	null	0	0	null	null	null	null	null	
2024/11/23 15:52:24.925	b135e9c82f3b5af8414a656ace8a78c8d45a7834	Windows 11  (10.0.22631) 64bit (Editor)	True	null	null	null	null	null	null	None	0	null	0	0	null	null	null	null	null	
2024/11/23 15:52:24.932	b135e9c82f3b5af8414a656ace8a78c8d45a7834	Windows 11  (10.0.22631) 64bit (Editor)	True	null	null	null	null	null	null	None	0	null	0	0	null	null	null	null	null	
2024/11/23 15:52:24.941	b135e9c82f3b5af8414a656ace8a78c8d45a7834	Windows 11  (10.0.22631) 64bit (Editor)	True	null	null	null	null	null	null	None	0	null	0	0	null	null	null	null	null	
2024/11/23 15:52:24.947	b135e9c82f3b5af8414a656ace8a78c8d45a7834	Windows 11  (10.0.22631) 64bit (Editor)	True	null	null	null	null	null	null	None	0	null	0	0	null	null	null	null	null	
2024/11/23 15:52:24.957	b135e9c82f3b5af8414a656ace8a78c8d45a7834	Windows 11  (10.0.22631) 64bit (Editor)	True	null	null	null	null	null	null	None	0	null	0	0	null	null	null	null	null	
2024/11/23 15:52:24.963	b135e9c82f3b5af8414a656ace8a78c8d45a7834	Windows 11  (10.0.22631) 64bit (Editor)	True	null	null	null	null	null	null	None	0	null	0	0	null	null	null	null	null	
2024/11/23 15:52:24.971	b135e9c82f3b5af8414a656ace8a78c8d45a7834	Windows 11  (10.0.22631) 64bit (Editor)	True	null	null	null	null	null	null	None	0	null	0	0	null	null	null	null	null	
2024/11/23 15:52:24.978	b135e9c82f3b5af8414a656ace8a78c8d45a7834	Windows 11  (10.0.22631) 64bit (Editor)	True	null	null	null	null	null	null	None	0	null	0	0	null	null	null	null	null	
2024/11/23 15:52:24.987	b135e9c82f3b5af8414a656ace8a78c8d45a7834	Windows 11  (10.0.22631) 64bit (Editor)	True	null	null	null	null	null	null	None	0	null	0	0	null	null	null	null	null	
2024/11/23 15:52:24.994	b135e9c82f3b5af8414a656ace8a78c8d45a7834	Windows 11  (10.0.22631) 64bit (Editor)	True	null	null	null	null	null	null	None	0	null	0	0	null	null	null	null	null	
2024/11/23 15:52:25.004	b135e9c82f3b5af8414a656ace8a78c8d45a7834	Windows 11  (10.0.22631) 64bit (Editor)	True	null	null	null	null	null	null	None	0	null	0	0	null	null	null	null	null	
2024/11/23 15:52:25.021	b135e9c82f3b5af8414a656ace8a78c8d45a7834	Windows 11  (10.0.22631) 64bit (Editor)	True	null	null	null	null	null	null	None	0	null	0	0	null	null	null	null	null	
2024/11/23 15:52:25.030	b135e9c82f3b5af8414a656ace8a78c8d45a7834	Windows 11  (10.0.22631) 64bit (Editor)	True	null	null	null	null	null	null	None	0	null	0	0	null	null	null	null	null	
2024/11/23 15:52:25.038	b135e9c82f3b5af8414a656ace8a78c8d45a7834	Windows 11  (10.0.22631) 64bit (Editor)	True	null	null	null	null	null	null	None	0	null	0	0	null	null	null	null	null	
2024/11/23 15:52:25.045	b135e9c82f3b5af8414a656ace8a78c8d45a7834	Windows 11  (10.0.22631) 64bit (Editor)	True	null	null	null	null	null	null	None	0	null	0	0	null	null	null	null	null	
2024/11/23 15:52:25.053	b135e9c82f3b5af8414a656ace8a78c8d45a7834	Windows 11  (10.0.22631) 64bit (Editor)	True	null	null	null	null	null	null	None	0	null	0	0	null	null	null	null	null	
2024/11/23 15:52:25.060	b135e9c82f3b5af8414a656ace8a78c8d45a7834	Windows 11  (10.0.22631) 64bit (Editor)	True	null	null	null	null	null	null	None	0	null	0	0	null	null	null	null	null	
2024/11/23 15:52:25.067	b135e9c82f3b5af8414a656ace8a78c8d45a7834	Windows 11  (10.0.22631) 64bit (Editor)	True	null	null	null	null	null	null	None	0	null	0	0	null	null	null	null	null	
2024/11/23 15:52:25.074	b135e9c82f3b5af8414a656ace8a78c8d45a7834	Windows 11  (10.0.22631) 64bit (Editor)	True	null	null	null	null	null	null	None	0	null	0	0	null	null	null	null	null	
2024/11/23 15:52:25.080	b135e9c82f3b5af8414a656ace8a78c8d45a7834	Windows 11  (10.0.22631) 64bit (Editor)	True	null	null	null	null	null	null	None	0	null	0	0	null	null	null	null	null	
2024/11/23 15:52:25.088	b135e9c82f3b5af8414a656ace8a78c8d45a7834	Windows 11  (10.0.22631) 64bit (Editor)	True	null	null	null	null	null	null	None	0	null	0	0	null	null	null	null	null	
2024/11/23 15:52:25.094	b135e9c82f3b5af8414a656ace8a78c8d45a7834	Windows 11  (10.0.22631) 64bit (Editor)	True	null	null	null	null	null	null	None	0	null	0	0	null	null	null	null	null	
2024/11/23 15:52:25.102	b135e9c82f3b5af8414a656ace8a78c8d45a7834	Windows 11  (10.0.22631) 64bit (Editor)	True	null	null	null	null	null	null	None	0	null	0	0	null	null	null	null	null	
2024/11/23 15:52:25.109	b135e9c82f3b5af8414a656ace8a78c8d45a7834	Windows 11  (10.0.22631) 64bit (Editor)	True	null	null	null	null	null	null	None	0	null	0	0	null	null	null	null	null	
2024/11/23 15:52:25.116	b135e9c82f3b5af8414a656ace8a78c8d45a7834	Windows 11  (10.0.22631) 64bit (Editor)	True	null	null	null	null	null	null	None	0	null	0	0	null	null	null	null	null	
2024/11/23 15:52:25.123	b135e9c82f3b5af8414a656ace8a78c8d45a7834	Windows 11  (10.0.22631) 64bit (Editor)	True	null	null	null	null	null	null	None	0	null	0	0	null	null	null	null	null	
2024/11/23 15:52:25.130	b135e9c82f3b5af8414a656ace8a78c8d45a7834	Windows 11  (10.0.22631) 64bit (Editor)	True	null	null	null	null	null	null	None	0	null	0	0	null	null	null	null	null	
2024/11/23 15:52:25.138	b135e9c82f3b5af8414a656ace8a78c8d45a7834	Windows 11  (10.0.22631) 64bit (Editor)	True	null	null	null	null	null	null	None	0	null	0	0	null	null	null	null	null	
2024/11/23 15:52:25.145	b135e9c82f3b5af8414a656ace8a78c8d45a7834	Windows 11  (10.0.22631) 64bit (Editor)	True	null	null	null	null	null	null	None	0	null	0	0	null	null	null	null	null	
2024/11/23 15:52:25.153	b135e9c82f3b5af8414a656ace8a78c8d45a7834	Windows 11  (10.0.22631) 64bit (Editor)	True	null	null	null	null	null	null	None	0	null	0	0	null	null	null	null	null	
2024/11/23 15:52:25.158	b135e9c82f3b5af8414a656ace8a78c8d45a7834	Windows 11  (10.0.22631) 64bit (Editor)	True	null	null	null	null	null	null	None	0	null	0	0	null	null	null	null	null	
2024/11/23 15:52:25.175	b135e9c82f3b5af8414a656ace8a78c8d45a7834	Windows 11  (10.0.22631) 64bit (Editor)	True	null	null	null	null	null	null	None	0	null	0	0	null	null	null	null	null	
2024/11/23 15:52:25.183	b135e9c82f3b5af8414a656ace8a78c8d45a7834	Windows 11  (10.0.22631) 64bit (Editor)	True	null	null	null	null	null	null	None	0	null	0	0	null	null	null	null	null	
2024/11/23 15:52:25.191	b135e9c82f3b5af8414a656ace8a78c8d45a7834	Windows 11  (10.0.22631) 64bit (Editor)	True	null	null	null	null	null	null	None	0	null	0	0	null	null	null	null	null	
2024/11/23 15:52:25.198	b135e9c82f3b5af8414a656ace8a78c8d45a7834	Windows 11  (10.0.22631) 64bit (Editor)	True	null	null	null	null	null	null	None	0	null	0	0	null	null	null	null	null	
2024/11/23 15:52:25.205	b135e9c82f3b5af8414a656ace8a78c8d45a7834	Windows 11  (10.0.22631) 64bit (Editor)	True	null	null	null	null	null	null	None	0	null	0	0	null	null	null	null	null	
2024/11/23 15:52:25.212	b135e9c82f3b5af8414a656ace8a78c8d45a7834	Windows 11  (10.0.22631) 64bit (Editor)	True	null	null	null	null	null	null	None	0	null	0	0	null	null	null	null	null	
2024/11/23 15:52:25.221	b135e9c82f3b5af8414a656ace8a78c8d45a7834	Windows 11  (10.0.22631) 64bit (Editor)	True	null	null	null	null	null	null	None	0	null	0	0	null	null	null	null	null	
2024/11/23 15:52:25.228	b135e9c82f3b5af8414a656ace8a78c8d45a7834	Windows 11  (10.0.22631) 64bit (Editor)	True	null	null	null	null	null	null	None	0	null	0	0	null	null	null	null	null	
2024/11/23 15:52:25.237	b135e9c82f3b5af8414a656ace8a78c8d45a7834	Windows 11  (10.0.22631) 64bit (Editor)	True	null	null	null	null	null	null	None	0	null	0	0	null	null	null	null	null	
2024/11/23 15:52:25.244	b135e9c82f3b5af8414a656ace8a78c8d45a7834	Windows 11  (10.0.22631) 64bit (Editor)	True	null	null	null	null	null	null	None	0	null	0	0	null	null	null	null	null	
2024/11/23 15:52:25.251	b135e9c82f3b5af8414a656ace8a78c8d45a7834	Windows 11  (10.0.22631) 64bit (Editor)	True	null	null	null	null	null	null	None	0	null	0	0	null	null	null	null	null	
2024/11/23 15:52:25.258	b135e9c82f3b5af8414a656ace8a78c8d45a7834	Windows 11  (10.0.22631) 64bit (Editor)	True	null	null	null	null	null	null	None	0	null	0	0	null	null	null	null	null	
2024/11/23 15:52:25.265	b135e9c82f3b5af8414a656ace8a78c8d45a7834	Windows 11  (10.0.22631) 64bit (Editor)	True	null	null	null	null	null	null	None	0	null	0	0	null	null	null	null	null	
2024/11/23 15:52:25.272	b135e9c82f3b5af8414a656ace8a78c8d45a7834	Windows 11  (10.0.22631) 64bit (Editor)	True	null	null	null	null	null	null	None	0	null	0	0	null	null	null	null	null	
2024/11/23 15:52:25.280	b135e9c82f3b5af8414a656ace8a78c8d45a7834	Windows 11  (10.0.22631) 64bit (Editor)	True	null	null	null	null	null	null	None	0	null	0	0	null	null	null	null	null	
2024/11/23 15:52:25.288	b135e9c82f3b5af8414a656ace8a78c8d45a7834	Windows 11  (10.0.22631) 64bit (Editor)	True	null	null	null	null	null	null	None	0	null	0	0	null	null	null	null	null	
2024/11/23 15:52:25.296	b135e9c82f3b5af8414a656ace8a78c8d45a7834	Windows 11  (10.0.22631) 64bit (Editor)	True	null	null	null	null	null	null	None	0	null	0	0	null	null	null	null	null	
2024/11/23 15:52:25.305	b135e9c82f3b5af8414a656ace8a78c8d45a7834	Windows 11  (10.0.22631) 64bit (Editor)	True	null	null	null	null	null	null	None	0	null	0	0	null	null	null	null	null	
2024/11/23 15:52:25.312	b135e9c82f3b5af8414a656ace8a78c8d45a7834	Windows 11  (10.0.22631) 64bit (Editor)	True	null	null	null	null	null	null	None	0	null	0	0	null	null	null	null	null	
2024/11/23 15:52:25.329	b135e9c82f3b5af8414a656ace8a78c8d45a7834	Windows 11  (10.0.22631) 64bit (Editor)	True	null	null	null	null	null	null	None	0	null	0	0	null	null	null	null	null	
2024/11/23 15:52:25.338	b135e9c82f3b5af8414a656ace8a78c8d45a7834	Windows 11  (10.0.22631) 64bit (Editor)	True	null	null	null	null	null	null	None	0	null	0	0	null	null	null	null	null	
2024/11/23 15:52:25.345	b135e9c82f3b5af8414a656ace8a78c8d45a7834	Windows 11  (10.0.22631) 64bit (Editor)	True	null	null	null	null	null	null	None	0	null	0	0	null	null	null	null	null	
2024/11/23 15:52:25.352	b135e9c82f3b5af8414a656ace8a78c8d45a7834	Windows 11  (10.0.22631) 64bit (Editor)	True	null	null	null	null	null	null	None	0	null	0	0	null	null	null	null	null	
2024/11/23 15:52:25.360	b135e9c82f3b5af8414a656ace8a78c8d45a7834	Windows 11  (10.0.22631) 64bit (Editor)	True	null	null	null	null	null	null	None	0	null	0	0	null	null	null	null	null	
2024/11/23 15:52:25.367	b135e9c82f3b5af8414a656ace8a78c8d45a7834	Windows 11  (10.0.22631) 64bit (Editor)	True	null	null	null	null	null	null	None	0	null	0	0	null	null	null	null	null	
2024/11/23 15:52:25.375	b135e9c82f3b5af8414a656ace8a78c8d45a7834	Windows 11  (10.0.22631) 64bit (Editor)	True	null	null	null	null	null	null	None	0	null	0	0	null	null	null	null	null	
2024/11/23 15:52:25.383	b135e9c82f3b5af8414a656ace8a78c8d45a7834	Windows 11  (10.0.22631) 64bit (Editor)	True	null	null	null	null	null	null	None	0	null	0	0	null	null	null	null	null	
2024/11/23 15:52:25.389	b135e9c82f3b5af8414a656ace8a78c8d45a7834	Windows 11  (10.0.22631) 64bit (Editor)	True	null	null	null	null	null	null	None	0	null	0	0	null	null	null	null	null	
2024/11/23 15:52:25.396	b135e9c82f3b5af8414a656ace8a78c8d45a7834	Windows 11  (10.0.22631) 64bit (Editor)	True	null	null	null	null	null	null	None	0	null	0	0	null	null	null	null	null	
2024/11/23 15:52:25.406	b135e9c82f3b5af8414a656ace8a78c8d45a7834	Windows 11  (10.0.22631) 64bit (Editor)	True	null	null	null	null	null	null	None	0	null	0	0	null	null	null	null	null	
2024/11/23 15:52:25.413	b135e9c82f3b5af8414a656ace8a78c8d45a7834	Windows 11  (10.0.22631) 64bit (Editor)	True	null	null	null	null	null	null	None	0	null	0	0	null	null	null	null	null	
2024/11/23 15:52:25.420	b135e9c82f3b5af8414a656ace8a78c8d45a7834	Windows 11  (10.0.22631) 64bit (Editor)	True	null	null	null	null	null	null	None	0	null	0	0	null	null	null	null	null	
2024/11/23 15:52:25.427	b135e9c82f3b5af8414a656ace8a78c8d45a7834	Windows 11  (10.0.22631) 64bit (Editor)	True	null	null	null	null	null	null	None	0	null	0	0	null	null	null	null	null	
2024/11/23 15:52:25.434	b135e9c82f3b5af8414a656ace8a78c8d45a7834	Windows 11  (10.0.22631) 64bit (Editor)	True	null	null	null	null	null	null	None	0	null	0	0	null	null	null	null	null	
2024/11/23 15:52:25.442	b135e9c82f3b5af8414a656ace8a78c8d45a7834	Windows 11  (10.0.22631) 64bit (Editor)	True	null	null	null	null	null	null	None	0	null	0	0	null	null	null	null	null	
2024/11/23 15:52:25.449	b135e9c82f3b5af8414a656ace8a78c8d45a7834	Windows 11  (10.0.22631) 64bit (Editor)	True	null	null	null	null	null	null	None	0	null	0	0	null	null	null	null	null	
2024/11/23 15:52:25.457	b135e9c82f3b5af8414a656ace8a78c8d45a7834	Windows 11  (10.0.22631) 64bit (Editor)	True	null	null	null	null	null	null	None	0	null	0	0	null	null	null	null	null	
2024/11/23 15:52:25.466	b135e9c82f3b5af8414a656ace8a78c8d45a7834	Windows 11  (10.0.22631) 64bit (Editor)	True	null	null	null	null	null	null	None	0	null	0	0	null	null	null	null	null	
2024/11/23 15:52:25.484	b135e9c82f3b5af8414a656ace8a78c8d45a7834	Windows 11  (10.0.22631) 64bit (Editor)	True	null	null	null	null	null	null	None	0	null	0	0	null	null	null	null	null	
2024/11/23 15:52:25.491	b135e9c82f3b5af8414a656ace8a78c8d45a7834	Windows 11  (10.0.22631) 64bit (Editor)	True	null	null	null	null	null	null	None	0	null	0	0	null	null	null	null	null	
2024/11/23 15:52:25.498	b135e9c82f3b5af8414a656ace8a78c8d45a7834	Windows 11  (10.0.22631) 64bit (Editor)	True	null	null	null	null	null	null	None	0	null	0	0	null	null	null	null	null	
2024/11/23 15:52:25.507	b135e9c82f3b5af8414a656ace8a78c8d45a7834	Windows 11  (10.0.22631) 64bit (Editor)	True	null	null	null	null	null	null	None	0	null	0	0	null	null	null	null	null	
2024/11/23 15:52:25.515	b135e9c82f3b5af8414a656ace8a78c8d45a7834	Windows 11  (10.0.22631) 64bit (Editor)	True	null	null	null	null	null	null	None	0	null	0	0	null	null	null	null	null	
2024/11/23 15:52:25.523	b135e9c82f3b5af8414a656ace8a78c8d45a7834	Windows 11  (10.0.22631) 64bit (Editor)	True	null	null	null	null	null	null	None	0	null	0	0	null	null	null	null	null	
2024/11/23 15:52:25.530	b135e9c82f3b5af8414a656ace8a78c8d45a7834	Windows 11  (10.0.22631) 64bit (Editor)	True	null	null	null	null	null	null	None	0	null	0	0	null	null	null	null	null	
2024/11/23 15:52:25.539	b135e9c82f3b5af8414a656ace8a78c8d45a7834	Windows 11  (10.0.22631) 64bit (Editor)	True	null	null	null	null	null	null	None	0	null	0	0	null	null	null	null	null	
2024/11/23 15:52:25.546	b135e9c82f3b5af8414a656ace8a78c8d45a7834	Windows 11  (10.0.22631) 64bit (Editor)	True	null	null	null	null	null	null	None	0	null	0	0	null	null	null	null	null	
2024/11/23 15:52:25.553	b135e9c82f3b5af8414a656ace8a78c8d45a7834	Windows 11  (10.0.22631) 64bit (Editor)	True	null	null	null	null	null	null	None	0	null	0	0	null	null	null	null	null	
2024/11/23 15:52:25.560	b135e9c82f3b5af8414a656ace8a78c8d45a7834	Windows 11  (10.0.22631) 64bit (Editor)	True	null	null	null	null	null	null	None	0	null	0	0	null	null	null	null	null	
2024/11/23 15:52:25.567	b135e9c82f3b5af8414a656ace8a78c8d45a7834	Windows 11  (10.0.22631) 64bit (Editor)	True	null	null	null	null	null	null	None	0	null	0	0	null	null	null	null	null	
2024/11/23 15:52:25.573	b135e9c82f3b5af8414a656ace8a78c8d45a7834	Windows 11  (10.0.22631) 64bit (Editor)	True	null	null	null	null	null	null	None	0	null	0	0	null	null	null	null	null	
2024/11/23 15:52:25.580	b135e9c82f3b5af8414a656ace8a78c8d45a7834	Windows 11  (10.0.22631) 64bit (Editor)	True	null	null	null	null	null	null	None	0	null	0	0	null	null	null	null	null	
2024/11/23 15:52:25.588	b135e9c82f3b5af8414a656ace8a78c8d45a7834	Windows 11  (10.0.22631) 64bit (Editor)	True	null	null	null	null	null	null	None	0	null	0	0	null	null	null	null	null	
2024/11/23 15:52:25.594	b135e9c82f3b5af8414a656ace8a78c8d45a7834	Windows 11  (10.0.22631) 64bit (Editor)	True	null	null	null	null	null	null	None	0	null	0	0	null	null	null	null	null	
2024/11/23 15:52:25.601	b135e9c82f3b5af8414a656ace8a78c8d45a7834	Windows 11  (10.0.22631) 64bit (Editor)	True	null	null	null	null	null	null	None	0	null	0	0	null	null	null	null	null	
2024/11/23 15:52:25.607	b135e9c82f3b5af8414a656ace8a78c8d45a7834	Windows 11  (10.0.22631) 64bit (Editor)	True	null	null	null	null	null	null	None	0	null	0	0	null	null	null	null	null	
2024/11/23 15:52:25.614	b135e9c82f3b5af8414a656ace8a78c8d45a7834	Windows 11  (10.0.22631) 64bit (Editor)	True	null	null	null	null	null	null	None	0	null	0	0	null	null	null	null	null	
2024/11/23 15:52:25.622	b135e9c82f3b5af8414a656ace8a78c8d45a7834	Windows 11  (10.0.22631) 64bit (Editor)	True	null	null	null	null	null	null	None	0	null	0	0	null	null	null	null	null	
2024/11/23 15:52:25.640	b135e9c82f3b5af8414a656ace8a78c8d45a7834	Windows 11  (10.0.22631) 64bit (Editor)	True	null	null	null	null	null	null	None	0	null	0	0	null	null	null	null	null	
2024/11/23 15:52:25.652	b135e9c82f3b5af8414a656ace8a78c8d45a7834	Windows 11  (10.0.22631) 64bit (Editor)	True	null	null	null	null	null	null	None	0	null	0	0	null	null	null	null	null	
2024/11/23 15:52:25.659	b135e9c82f3b5af8414a656ace8a78c8d45a7834	Windows 11  (10.0.22631) 64bit (Editor)	True	null	null	null	null	null	null	None	0	null	0	0	null	null	null	null	null	
2024/11/23 15:52:25.671	b135e9c82f3b5af8414a656ace8a78c8d45a7834	Windows 11  (10.0.22631) 64bit (Editor)	True	null	null	null	null	null	null	None	0	null	0	0	null	null	null	null	null	
2024/11/23 15:52:25.678	b135e9c82f3b5af8414a656ace8a78c8d45a7834	Windows 11  (10.0.22631) 64bit (Editor)	True	null	null	null	null	null	null	None	0	null	0	0	null	null	null	null	null	
2024/11/23 15:52:25.685	b135e9c82f3b5af8414a656ace8a78c8d45a7834	Windows 11  (10.0.22631) 64bit (Editor)	True	null	null	null	null	null	null	None	0	null	0	0	null	null	null	null	null	
2024/11/23 15:52:25.691	b135e9c82f3b5af8414a656ace8a78c8d45a7834	Windows 11  (10.0.22631) 64bit (Editor)	True	null	null	null	null	null	null	None	0	null	0	0	null	null	null	null	null	
2024/11/23 15:52:25.698	b135e9c82f3b5af8414a656ace8a78c8d45a7834	Windows 11  (10.0.22631) 64bit (Editor)	True	null	null	null	null	null	null	None	0	null	0	0	null	null	null	null	null	
2024/11/23 15:52:25.706	b135e9c82f3b5af8414a656ace8a78c8d45a7834	Windows 11  (10.0.22631) 64bit (Editor)	True	null	null	null	null	null	null	None	0	null	0	0	null	null	null	null	null	
2024/11/23 15:52:25.713	b135e9c82f3b5af8414a656ace8a78c8d45a7834	Windows 11  (10.0.22631) 64bit (Editor)	True	null	null	null	null	null	null	None	0	null	0	0	null	null	null	null	null	
2024/11/23 15:52:25.721	b135e9c82f3b5af8414a656ace8a78c8d45a7834	Windows 11  (10.0.22631) 64bit (Editor)	True	null	null	null	null	null	null	None	0	null	0	0	null	null	null	null	null	
2024/11/23 15:52:25.728	b135e9c82f3b5af8414a656ace8a78c8d45a7834	Windows 11  (10.0.22631) 64bit (Editor)	True	null	null	null	null	null	null	None	0	null	0	0	null	null	null	null	null	
2024/11/23 15:52:25.735	b135e9c82f3b5af8414a656ace8a78c8d45a7834	Windows 11  (10.0.22631) 64bit (Editor)	True	null	null	null	null	null	null	None	0	null	0	0	null	null	null	null	null	
2024/11/23 15:52:25.742	b135e9c82f3b5af8414a656ace8a78c8d45a7834	Windows 11  (10.0.22631) 64bit (Editor)	True	null	null	null	null	null	null	None	0	null	0	0	null	null	null	null	null	
2024/11/23 15:52:25.748	b135e9c82f3b5af8414a656ace8a78c8d45a7834	Windows 11  (10.0.22631) 64bit (Editor)	True	null	null	null	null	null	null	None	0	null	0	0	null	null	null	null	null	
2024/11/23 15:52:25.755	b135e9c82f3b5af8414a656ace8a78c8d45a7834	Windows 11  (10.0.22631) 64bit (Editor)	True	null	null	null	null	null	null	None	0	null	0	0	null	null	null	null	null	
2024/11/23 15:52:25.763	b135e9c82f3b5af8414a656ace8a78c8d45a7834	Windows 11  (10.0.22631) 64bit (Editor)	True	null	null	null	null	null	null	None	0	null	0	0	null	null	null	null	null	
2024/11/23 15:52:25.769	b135e9c82f3b5af8414a656ace8a78c8d45a7834	Windows 11  (10.0.22631) 64bit (Editor)	True	null	null	null	null	null	null	None	0	null	0	0	null	null	null	null	null	
2024/11/23 15:52:25.776	b135e9c82f3b5af8414a656ace8a78c8d45a7834	Windows 11  (10.0.22631) 64bit (Editor)	True	null	null	null	null	null	null	None	0	null	0	0	null	null	null	null	null	
2024/11/23 15:52:25.792	b135e9c82f3b5af8414a656ace8a78c8d45a7834	Windows 11  (10.0.22631) 64bit (Editor)	True	null	null	null	null	null	null	None	0	null	0	0	null	null	null	null	null	
2024/11/23 15:52:25.800	b135e9c82f3b5af8414a656ace8a78c8d45a7834	Windows 11  (10.0.22631) 64bit (Editor)	True	null	null	null	null	null	null	None	0	null	0	0	null	null	null	null	null	
2024/11/23 15:52:25.807	b135e9c82f3b5af8414a656ace8a78c8d45a7834	Windows 11  (10.0.22631) 64bit (Editor)	True	null	null	null	null	null	null	None	0	null	0	0	null	null	null	null	null	
2024/11/23 15:52:25.813	b135e9c82f3b5af8414a656ace8a78c8d45a7834	Windows 11  (10.0.22631) 64bit (Editor)	True	null	null	null	null	null	null	None	0	null	0	0	null	null	null	null	null	
2024/11/23 15:52:25.822	b135e9c82f3b5af8414a656ace8a78c8d45a7834	Windows 11  (10.0.22631) 64bit (Editor)	True	null	null	null	null	null	null	None	0	null	0	0	null	null	null	null	null	
2024/11/23 15:52:25.828	b135e9c82f3b5af8414a656ace8a78c8d45a7834	Windows 11  (10.0.22631) 64bit (Editor)	True	null	null	null	null	null	null	None	0	null	0	0	null	null	null	null	null	
2024/11/23 15:52:25.836	b135e9c82f3b5af8414a656ace8a78c8d45a7834	Windows 11  (10.0.22631) 64bit (Editor)	True	null	null	null	null	null	null	None	0	null	0	0	null	null	null	null	null	
2024/11/23 15:52:25.843	b135e9c82f3b5af8414a656ace8a78c8d45a7834	Windows 11  (10.0.22631) 64bit (Editor)	True	null	null	null	null	null	null	None	0	null	0	0	null	null	null	null	null	
2024/11/23 15:52:25.850	b135e9c82f3b5af8414a656ace8a78c8d45a7834	Windows 11  (10.0.22631) 64bit (Editor)	True	null	null	null	null	null	null	None	0	null	0	0	null	null	null	null	null	
2024/11/23 15:52:25.857	b135e9c82f3b5af8414a656ace8a78c8d45a7834	Windows 11  (10.0.22631) 64bit (Editor)	True	null	null	null	null	null	null	None	0	null	0	0	null	null	null	null	null	
2024/11/23 15:52:25.864	b135e9c82f3b5af8414a656ace8a78c8d45a7834	Windows 11  (10.0.22631) 64bit (Editor)	True	null	null	null	null	null	null	None	0	null	0	0	null	null	null	null	null	
2024/11/23 15:52:25.871	b135e9c82f3b5af8414a656ace8a78c8d45a7834	Windows 11  (10.0.22631) 64bit (Editor)	True	null	null	null	null	null	null	None	0	null	0	0	null	null	null	null	null	
2024/11/23 15:52:25.878	b135e9c82f3b5af8414a656ace8a78c8d45a7834	Windows 11  (10.0.22631) 64bit (Editor)	True	null	null	null	null	null	null	None	0	null	0	0	null	null	null	null	null	
2024/11/23 15:52:25.885	b135e9c82f3b5af8414a656ace8a78c8d45a7834	Windows 11  (10.0.22631) 64bit (Editor)	True	null	null	null	null	null	null	None	0	null	0	0	null	null	null	null	null	
2024/11/23 15:52:25.892	b135e9c82f3b5af8414a656ace8a78c8d45a7834	Windows 11  (10.0.22631) 64bit (Editor)	True	null	null	null	null	null	null	None	0	null	0	0	null	null	null	null	null	
2024/11/23 15:52:25.899	b135e9c82f3b5af8414a656ace8a78c8d45a7834	Windows 11  (10.0.22631) 64bit (Editor)	True	null	null	null	null	null	null	None	0	null	0	0	null	null	null	null	null	
2024/11/23 15:52:25.906	b135e9c82f3b5af8414a656ace8a78c8d45a7834	Windows 11  (10.0.22631) 64bit (Editor)	True	null	null	null	null	null	null	None	0	null	0	0	null	null	null	null	null	
2024/11/23 15:52:25.914	b135e9c82f3b5af8414a656ace8a78c8d45a7834	Windows 11  (10.0.22631) 64bit (Editor)	True	null	null	null	null	null	null	None	0	null	0	0	null	null	null	null	null	
2024/11/23 15:52:25.922	b135e9c82f3b5af8414a656ace8a78c8d45a7834	Windows 11  (10.0.22631) 64bit (Editor)	True	null	null	null	null	null	null	None	0	null	0	0	null	null	null	null	null	
2024/11/23 15:52:25.929	b135e9c82f3b5af8414a656ace8a78c8d45a7834	Windows 11  (10.0.22631) 64bit (Editor)	True	null	null	null	null	null	null	None	0	null	0	0	null	null	null	null	null	
2024/11/23 15:52:25.947	b135e9c82f3b5af8414a656ace8a78c8d45a7834	Windows 11  (10.0.22631) 64bit (Editor)	True	null	null	null	null	null	null	None	0	null	0	0	null	null	null	null	null	
2024/11/23 15:52:25.953	b135e9c82f3b5af8414a656ace8a78c8d45a7834	Windows 11  (10.0.22631) 64bit (Editor)	True	null	null	null	null	null	null	None	0	null	0	0	null	null	null	null	null	
2024/11/23 15:52:25.962	b135e9c82f3b5af8414a656ace8a78c8d45a7834	Windows 11  (10.0.22631) 64bit (Editor)	True	null	null	null	null	null	null	None	0	null	0	0	null	null	null	null	null	
2024/11/23 15:52:25.968	b135e9c82f3b5af8414a656ace8a78c8d45a7834	Windows 11  (10.0.22631) 64bit (Editor)	True	null	null	null	null	null	null	None	0	null	0	0	null	null	null	null	null	
2024/11/23 15:52:25.975	b135e9c82f3b5af8414a656ace8a78c8d45a7834	Windows 11  (10.0.22631) 64bit (Editor)	True	null	null	null	null	null	null	None	0	null	0	0	null	null	null	null	null	
2024/11/23 15:52:25.982	b135e9c82f3b5af8414a656ace8a78c8d45a7834	Windows 11  (10.0.22631) 64bit (Editor)	True	null	null	null	null	null	null	None	0	null	0	0	null	null	null	null	null	
2024/11/23 15:52:25.990	b135e9c82f3b5af8414a656ace8a78c8d45a7834	Windows 11  (10.0.22631) 64bit (Editor)	True	null	null	null	null	null	null	None	0	null	0	0	null	null	null	null	null	
2024/11/23 15:52:25.997	b135e9c82f3b5af8414a656ace8a78c8d45a7834	Windows 11  (10.0.22631) 64bit (Editor)	True	null	null	null	null	null	null	None	0	null	0	0	null	null	null	null	null	
2024/11/23 15:52:26.005	b135e9c82f3b5af8414a656ace8a78c8d45a7834	Windows 11  (10.0.22631) 64bit (Editor)	True	null	null	null	null	null	null	None	0	null	0	0	null	null	null	null	null	
2024/11/23 15:52:26.013	b135e9c82f3b5af8414a656ace8a78c8d45a7834	Windows 11  (10.0.22631) 64bit (Editor)	True	null	null	null	null	null	null	None	0	null	0	0	null	null	null	null	null	
2024/11/23 15:52:26.021	b135e9c82f3b5af8414a656ace8a78c8d45a7834	Windows 11  (10.0.22631) 64bit (Editor)	True	null	null	null	null	null	null	None	0	null	0	0	null	null	null	null	null	
2024/11/23 15:52:26.028	b135e9c82f3b5af8414a656ace8a78c8d45a7834	Windows 11  (10.0.22631) 64bit (Editor)	True	null	null	null	null	null	null	None	0	null	0	0	null	null	null	null	null	
2024/11/23 15:52:26.037	b135e9c82f3b5af8414a656ace8a78c8d45a7834	Windows 11  (10.0.22631) 64bit (Editor)	True	null	null	null	null	null	null	None	0	null	0	0	null	null	null	null	null	
2024/11/23 15:52:26.045	b135e9c82f3b5af8414a656ace8a78c8d45a7834	Windows 11  (10.0.22631) 64bit (Editor)	True	null	null	null	null	null	null	None	0	null	0	0	null	null	null	null	null	
2024/11/23 15:52:26.051	b135e9c82f3b5af8414a656ace8a78c8d45a7834	Windows 11  (10.0.22631) 64bit (Editor)	True	null	null	null	null	null	null	None	0	null	0	0	null	null	null	null	null	
2024/11/23 15:52:26.058	b135e9c82f3b5af8414a656ace8a78c8d45a7834	Windows 11  (10.0.22631) 64bit (Editor)	True	null	null	null	null	null	null	None	0	null	0	0	null	null	null	null	null	
2024/11/23 15:52:26.065	b135e9c82f3b5af8414a656ace8a78c8d45a7834	Windows 11  (10.0.22631) 64bit (Editor)	True	null	null	null	null	null	null	None	0	null	0	0	null	null	null	null	null	
2024/11/23 15:52:26.072	b135e9c82f3b5af8414a656ace8a78c8d45a7834	Windows 11  (10.0.22631) 64bit (Editor)	True	null	null	null	null	null	null	None	0	null	0	0	null	null	null	null	null	
2024/11/23 15:52:26.078	b135e9c82f3b5af8414a656ace8a78c8d45a7834	Windows 11  (10.0.22631) 64bit (Editor)	True	null	null	null	null	null	null	None	0	null	0	0	null	null	null	null	null	
2024/11/23 15:52:26.087	b135e9c82f3b5af8414a656ace8a78c8d45a7834	Windows 11  (10.0.22631) 64bit (Editor)	True	null	null	null	null	null	null	None	0	null	0	0	null	null	null	null	null	
2024/11/23 15:52:26.106	b135e9c82f3b5af8414a656ace8a78c8d45a7834	Windows 11  (10.0.22631) 64bit (Editor)	True	null	null	null	null	null	null	None	0	null	0	0	null	null	null	null	null	
2024/11/23 15:52:26.112	b135e9c82f3b5af8414a656ace8a78c8d45a7834	Windows 11  (10.0.22631) 64bit (Editor)	True	null	null	null	null	null	null	None	0	null	0	0	null	null	null	null	null	
2024/11/23 15:52:26.120	b135e9c82f3b5af8414a656ace8a78c8d45a7834	Windows 11  (10.0.22631) 64bit (Editor)	True	null	null	null	null	null	null	None	0	null	0	0	null	null	null	null	null	
2024/11/23 15:52:26.127	b135e9c82f3b5af8414a656ace8a78c8d45a7834	Windows 11  (10.0.22631) 64bit (Editor)	True	null	null	null	null	null	null	None	0	null	0	0	null	null	null	null	null	
2024/11/23 15:52:26.134	b135e9c82f3b5af8414a656ace8a78c8d45a7834	Windows 11  (10.0.22631) 64bit (Editor)	True	null	null	null	null	null	null	None	0	null	0	0	null	null	null	null	null	
2024/11/23 15:52:26.142	b135e9c82f3b5af8414a656ace8a78c8d45a7834	Windows 11  (10.0.22631) 64bit (Editor)	True	null	null	null	null	null	null	None	0	null	0	0	null	null	null	null	null	
2024/11/23 15:52:26.149	b135e9c82f3b5af8414a656ace8a78c8d45a7834	Windows 11  (10.0.22631) 64bit (Editor)	True	null	null	null	null	null	null	None	0	null	0	0	null	null	null	null	null	
2024/11/23 15:52:26.156	b135e9c82f3b5af8414a656ace8a78c8d45a7834	Windows 11  (10.0.22631) 64bit (Editor)	True	null	null	null	null	null	null	None	0	null	0	0	null	null	null	null	null	
2024/11/23 15:52:26.163	b135e9c82f3b5af8414a656ace8a78c8d45a7834	Windows 11  (10.0.22631) 64bit (Editor)	True	null	null	null	null	null	null	None	0	null	0	0	null	null	null	null	null	
2024/11/23 15:52:26.172	b135e9c82f3b5af8414a656ace8a78c8d45a7834	Windows 11  (10.0.22631) 64bit (Editor)	True	null	null	null	null	null	null	None	0	null	0	0	null	null	null	null	null	
2024/11/23 15:52:26.178	b135e9c82f3b5af8414a656ace8a78c8d45a7834	Windows 11  (10.0.22631) 64bit (Editor)	True	null	null	null	null	null	null	None	0	null	0	0	null	null	null	null	null	
2024/11/23 15:52:26.186	b135e9c82f3b5af8414a656ace8a78c8d45a7834	Windows 11  (10.0.22631) 64bit (Editor)	True	null	null	null	null	null	null	None	0	null	0	0	null	null	null	null	null	
2024/11/23 15:52:26.194	b135e9c82f3b5af8414a656ace8a78c8d45a7834	Windows 11  (10.0.22631) 64bit (Editor)	True	null	null	null	null	null	null	None	0	null	0	0	null	null	null	null	null	
2024/11/23 15:52:26.202	b135e9c82f3b5af8414a656ace8a78c8d45a7834	Windows 11  (10.0.22631) 64bit (Editor)	True	null	null	null	null	null	null	None	0	null	0	0	null	null	null	null	null	
2024/11/23 15:52:26.210	b135e9c82f3b5af8414a656ace8a78c8d45a7834	Windows 11  (10.0.22631) 64bit (Editor)	True	null	null	null	null	null	null	None	0	null	0	0	null	null	null	null	null	
2024/11/23 15:52:26.220	b135e9c82f3b5af8414a656ace8a78c8d45a7834	Windows 11  (10.0.22631) 64bit (Editor)	True	null	null	null	null	null	null	None	0	null	0	0	null	null	null	null	null	
2024/11/23 15:52:26.230	b135e9c82f3b5af8414a656ace8a78c8d45a7834	Windows 11  (10.0.22631) 64bit (Editor)	True	null	null	null	null	null	null	None	0	null	0	0	null	null	null	null	null	
2024/11/23 15:52:26.238	b135e9c82f3b5af8414a656ace8a78c8d45a7834	Windows 11  (10.0.22631) 64bit (Editor)	True	null	null	null	null	null	null	None	0	null	0	0	null	null	null	null	null	
2024/11/23 15:52:26.259	b135e9c82f3b5af8414a656ace8a78c8d45a7834	Windows 11  (10.0.22631) 64bit (Editor)	True	null	null	null	null	null	null	None	0	null	0	0	null	null	null	null	null	
2024/11/23 15:52:26.266	b135e9c82f3b5af8414a656ace8a78c8d45a7834	Windows 11  (10.0.22631) 64bit (Editor)	True	null	null	null	null	null	null	None	0	null	0	0	null	null	null	null	null	
2024/11/23 15:52:26.276	b135e9c82f3b5af8414a656ace8a78c8d45a7834	Windows 11  (10.0.22631) 64bit (Editor)	True	null	null	null	null	null	null	None	0	null	0	0	null	null	null	null	null	
2024/11/23 15:52:26.283	b135e9c82f3b5af8414a656ace8a78c8d45a7834	Windows 11  (10.0.22631) 64bit (Editor)	True	null	null	null	null	null	null	None	0	null	0	0	null	null	null	null	null	
2024/11/23 15:52:26.293	b135e9c82f3b5af8414a656ace8a78c8d45a7834	Windows 11  (10.0.22631) 64bit (Editor)	True	null	null	null	null	null	null	None	0	null	0	0	null	null	null	null	null	
2024/11/23 15:52:26.301	b135e9c82f3b5af8414a656ace8a78c8d45a7834	Windows 11  (10.0.22631) 64bit (Editor)	True	null	null	null	null	null	null	None	0	null	0	0	null	null	null	null	null	
2024/11/23 15:52:26.308	b135e9c82f3b5af8414a656ace8a78c8d45a7834	Windows 11  (10.0.22631) 64bit (Editor)	True	null	null	null	null	null	null	None	0	null	0	0	null	null	null	null	null	
2024/11/23 15:52:26.317	b135e9c82f3b5af8414a656ace8a78c8d45a7834	Windows 11  (10.0.22631) 64bit (Editor)	True	null	null	null	null	null	null	None	0	null	0	0	null	null	null	null	null	
2024/11/23 15:52:26.324	b135e9c82f3b5af8414a656ace8a78c8d45a7834	Windows 11  (10.0.22631) 64bit (Editor)	True	null	null	null	null	null	null	None	0	null	0	0	null	null	null	null	null	
2024/11/23 15:52:26.331	b135e9c82f3b5af8414a656ace8a78c8d45a7834	Windows 11  (10.0.22631) 64bit (Editor)	True	null	null	null	null	null	null	None	0	null	0	0	null	null	null	null	null	
2024/11/23 15:52:26.340	b135e9c82f3b5af8414a656ace8a78c8d45a7834	Windows 11  (10.0.22631) 64bit (Editor)	True	null	null	null	null	null	null	None	0	null	0	0	null	null	null	null	null	
2024/11/23 15:52:26.347	b135e9c82f3b5af8414a656ace8a78c8d45a7834	Windows 11  (10.0.22631) 64bit (Editor)	True	null	null	null	null	null	null	None	0	null	0	0	null	null	null	null	null	
2024/11/23 15:52:26.357	b135e9c82f3b5af8414a656ace8a78c8d45a7834	Windows 11  (10.0.22631) 64bit (Editor)	True	null	null	null	null	null	null	None	0	null	0	0	null	null	null	null	null	
2024/11/23 15:52:26.364	b135e9c82f3b5af8414a656ace8a78c8d45a7834	Windows 11  (10.0.22631) 64bit (Editor)	True	null	null	null	null	null	null	None	0	null	0	0	null	null	null	null	null	
2024/11/23 15:52:26.374	b135e9c82f3b5af8414a656ace8a78c8d45a7834	Windows 11  (10.0.22631) 64bit (Editor)	True	null	null	null	null	null	null	None	0	null	0	0	null	null	null	null	null	
2024/11/23 15:52:26.382	b135e9c82f3b5af8414a656ace8a78c8d45a7834	Windows 11  (10.0.22631) 64bit (Editor)	True	null	null	null	null	null	null	None	0	null	0	0	null	null	null	null	null	
2024/11/23 15:52:26.390	b135e9c82f3b5af8414a656ace8a78c8d45a7834	Windows 11  (10.0.22631) 64bit (Editor)	True	null	null	null	null	null	null	None	0	null	0	0	null	null	null	null	null	
2024/11/23 15:52:26.409	b135e9c82f3b5af8414a656ace8a78c8d45a7834	Windows 11  (10.0.22631) 64bit (Editor)	True	null	null	null	null	null	null	None	0	null	0	0	null	null	null	null	null	
2024/11/23 15:52:26.418	b135e9c82f3b5af8414a656ace8a78c8d45a7834	Windows 11  (10.0.22631) 64bit (Editor)	True	null	null	null	null	null	null	None	0	null	0	0	null	null	null	null	null	
2024/11/23 15:52:26.424	b135e9c82f3b5af8414a656ace8a78c8d45a7834	Windows 11  (10.0.22631) 64bit (Editor)	True	null	null	null	null	null	null	None	0	null	0	0	null	null	null	null	null	
2024/11/23 15:52:26.432	b135e9c82f3b5af8414a656ace8a78c8d45a7834	Windows 11  (10.0.22631) 64bit (Editor)	True	null	null	null	null	null	null	None	0	null	0	0	null	null	null	null	null	
2024/11/23 15:52:26.441	b135e9c82f3b5af8414a656ace8a78c8d45a7834	Windows 11  (10.0.22631) 64bit (Editor)	True	null	null	null	null	null	null	None	0	null	0	0	null	null	null	null	null	
2024/11/23 15:52:26.448	b135e9c82f3b5af8414a656ace8a78c8d45a7834	Windows 11  (10.0.22631) 64bit (Editor)	True	null	null	null	null	null	null	None	0	null	0	0	null	null	null	null	null	
2024/11/23 15:52:26.457	b135e9c82f3b5af8414a656ace8a78c8d45a7834	Windows 11  (10.0.22631) 64bit (Editor)	True	null	null	null	null	null	null	None	0	null	0	0	null	null	null	null	null	
2024/11/23 15:52:26.465	b135e9c82f3b5af8414a656ace8a78c8d45a7834	Windows 11  (10.0.22631) 64bit (Editor)	True	null	null	null	null	null	null	None	0	null	0	0	null	null	null	null	null	
2024/11/23 15:52:26.473	b135e9c82f3b5af8414a656ace8a78c8d45a7834	Windows 11  (10.0.22631) 64bit (Editor)	True	null	null	null	null	null	null	None	0	null	0	0	null	null	null	null	null	
2024/11/23 15:52:26.482	b135e9c82f3b5af8414a656ace8a78c8d45a7834	Windows 11  (10.0.22631) 64bit (Editor)	True	null	null	null	null	null	null	None	0	null	0	0	null	null	null	null	null	
2024/11/23 15:52:26.492	b135e9c82f3b5af8414a656ace8a78c8d45a7834	Windows 11  (10.0.22631) 64bit (Editor)	True	null	null	null	null	null	null	None	0	null	0	0	null	null	null	null	null	
2024/11/23 15:52:26.501	b135e9c82f3b5af8414a656ace8a78c8d45a7834	Windows 11  (10.0.22631) 64bit (Editor)	True	null	null	null	null	null	null	None	0	null	0	0	null	null	null	null	null	
2024/11/23 15:52:26.508	b135e9c82f3b5af8414a656ace8a78c8d45a7834	Windows 11  (10.0.22631) 64bit (Editor)	True	null	null	null	null	null	null	None	0	null	0	0	null	null	null	null	null	
2024/11/23 15:52:26.516	b135e9c82f3b5af8414a656ace8a78c8d45a7834	Windows 11  (10.0.22631) 64bit (Editor)	True	null	null	null	null	null	null	None	0	null	0	0	null	null	null	null	null	
2024/11/23 15:52:26.525	b135e9c82f3b5af8414a656ace8a78c8d45a7834	Windows 11  (10.0.22631) 64bit (Editor)	True	null	null	null	null	null	null	None	0	null	0	0	null	null	null	null	null	
2024/11/23 15:52:26.533	b135e9c82f3b5af8414a656ace8a78c8d45a7834	Windows 11  (10.0.22631) 64bit (Editor)	True	null	null	null	null	null	null	None	0	null	0	0	null	null	null	null	null	
2024/11/23 15:52:26.542	b135e9c82f3b5af8414a656ace8a78c8d45a7834	Windows 11  (10.0.22631) 64bit (Editor)	True	null	null	null	null	null	null	None	0	null	0	0	null	null	null	null	null	
2024/11/23 15:52:26.562	b135e9c82f3b5af8414a656ace8a78c8d45a7834	Windows 11  (10.0.22631) 64bit (Editor)	True	null	null	null	null	null	null	None	0	null	0	0	null	null	null	null	null	
2024/11/23 15:52:26.573	b135e9c82f3b5af8414a656ace8a78c8d45a7834	Windows 11  (10.0.22631) 64bit (Editor)	True	null	null	null	null	null	null	None	0	null	0	0	null	null	null	null	null	
2024/11/23 15:52:26.579	b135e9c82f3b5af8414a656ace8a78c8d45a7834	Windows 11  (10.0.22631) 64bit (Editor)	True	null	null	null	null	null	null	None	0	null	0	0	null	null	null	null	null	
2024/11/23 15:52:26.588	b135e9c82f3b5af8414a656ace8a78c8d45a7834	Windows 11  (10.0.22631) 64bit (Editor)	True	null	null	null	null	null	null	None	0	null	0	0	null	null	null	null	null	
2024/11/23 15:52:26.596	b135e9c82f3b5af8414a656ace8a78c8d45a7834	Windows 11  (10.0.22631) 64bit (Editor)	True	null	null	null	null	null	null	None	0	null	0	0	null	null	null	null	null	
2024/11/23 15:52:26.606	b135e9c82f3b5af8414a656ace8a78c8d45a7834	Windows 11  (10.0.22631) 64bit (Editor)	True	null	null	null	null	null	null	None	0	null	0	0	null	null	null	null	null	
2024/11/23 15:52:26.614	b135e9c82f3b5af8414a656ace8a78c8d45a7834	Windows 11  (10.0.22631) 64bit (Editor)	True	null	null	null	null	null	null	None	0	null	0	0	null	null	null	null	null	
2024/11/23 15:52:26.624	b135e9c82f3b5af8414a656ace8a78c8d45a7834	Windows 11  (10.0.22631) 64bit (Editor)	True	null	null	null	null	null	null	None	0	null	0	0	null	null	null	null	null	
2024/11/23 15:52:26.632	b135e9c82f3b5af8414a656ace8a78c8d45a7834	Windows 11  (10.0.22631) 64bit (Editor)	True	null	null	null	null	null	null	None	0	null	0	0	null	null	null	null	null	
2024/11/23 15:52:26.642	b135e9c82f3b5af8414a656ace8a78c8d45a7834	Windows 11  (10.0.22631) 64bit (Editor)	True	null	null	null	null	null	null	None	0	null	0	0	null	null	null	null	null	
2024/11/23 15:52:26.654	b135e9c82f3b5af8414a656ace8a78c8d45a7834	Windows 11  (10.0.22631) 64bit (Editor)	True	null	null	null	null	null	null	None	0	null	0	0	null	null	null	null	null	
2024/11/23 15:52:26.662	b135e9c82f3b5af8414a656ace8a78c8d45a7834	Windows 11  (10.0.22631) 64bit (Editor)	True	null	null	null	null	null	null	None	0	null	0	0	null	null	null	null	null	
2024/11/23 15:52:26.671	b135e9c82f3b5af8414a656ace8a78c8d45a7834	Windows 11  (10.0.22631) 64bit (Editor)	True	null	null	null	null	null	null	None	0	null	0	0	null	null	null	null	null	
2024/11/23 15:52:26.681	b135e9c82f3b5af8414a656ace8a78c8d45a7834	Windows 11  (10.0.22631) 64bit (Editor)	True	null	null	null	null	null	null	None	0	null	0	0	null	null	null	null	null	
2024/11/23 15:52:26.690	b135e9c82f3b5af8414a656ace8a78c8d45a7834	Windows 11  (10.0.22631) 64bit (Editor)	True	null	null	null	null	null	null	None	0	null	0	0	null	null	null	null	null	
2024/11/23 15:52:26.698	b135e9c82f3b5af8414a656ace8a78c8d45a7834	Windows 11  (10.0.22631) 64bit (Editor)	True	null	null	null	null	null	null	None	0	null	0	0	null	null	null	null	null	
2024/11/23 15:52:26.720	b135e9c82f3b5af8414a656ace8a78c8d45a7834	Windows 11  (10.0.22631) 64bit (Editor)	True	null	null	null	null	null	null	None	0	null	0	0	null	null	null	null	null	
2024/11/23 15:52:26.728	b135e9c82f3b5af8414a656ace8a78c8d45a7834	Windows 11  (10.0.22631) 64bit (Editor)	True	null	null	null	null	null	null	None	0	null	0	0	null	null	null	null	null	
2024/11/23 15:52:26.737	b135e9c82f3b5af8414a656ace8a78c8d45a7834	Windows 11  (10.0.22631) 64bit (Editor)	True	null	null	null	null	null	null	None	0	null	0	0	null	null	null	null	null	
2024/11/23 15:52:26.744	b135e9c82f3b5af8414a656ace8a78c8d45a7834	Windows 11  (10.0.22631) 64bit (Editor)	True	null	null	null	null	null	null	None	0	null	0	0	null	null	null	null	null	
2024/11/23 15:52:26.753	b135e9c82f3b5af8414a656ace8a78c8d45a7834	Windows 11  (10.0.22631) 64bit (Editor)	True	null	null	null	null	null	null	None	0	null	0	0	null	null	null	null	null	
2024/11/23 15:52:26.761	b135e9c82f3b5af8414a656ace8a78c8d45a7834	Windows 11  (10.0.22631) 64bit (Editor)	True	null	null	null	null	null	null	None	0	null	0	0	null	null	null	null	null	
2024/11/23 15:52:26.771	b135e9c82f3b5af8414a656ace8a78c8d45a7834	Windows 11  (10.0.22631) 64bit (Editor)	True	null	null	null	null	null	null	None	0	null	0	0	null	null	null	null	null	
2024/11/23 15:52:26.780	b135e9c82f3b5af8414a656ace8a78c8d45a7834	Windows 11  (10.0.22631) 64bit (Editor)	True	null	null	null	null	null	null	None	0	null	0	0	null	null	null	null	null	
2024/11/23 15:52:26.789	b135e9c82f3b5af8414a656ace8a78c8d45a7834	Windows 11  (10.0.22631) 64bit (Editor)	True	null	null	null	null	null	null	None	0	null	0	0	null	null	null	null	null	
2024/11/23 15:52:26.797	b135e9c82f3b5af8414a656ace8a78c8d45a7834	Windows 11  (10.0.22631) 64bit (Editor)	True	null	null	null	null	null	null	None	0	null	0	0	null	null	null	null	null	
2024/11/23 15:52:26.806	b135e9c82f3b5af8414a656ace8a78c8d45a7834	Windows 11  (10.0.22631) 64bit (Editor)	True	null	null	null	null	null	null	None	0	null	0	0	null	null	null	null	null	
2024/11/23 15:52:26.811	b135e9c82f3b5af8414a656ace8a78c8d45a7834	Windows 11  (10.0.22631) 64bit (Editor)	True	null	null	null	null	null	null	None	0	null	0	0	null	null	null	null	null	
2024/11/23 15:52:26.821	b135e9c82f3b5af8414a656ace8a78c8d45a7834	Windows 11  (10.0.22631) 64bit (Editor)	True	null	null	null	null	null	null	None	0	null	0	0	null	null	null	null	null	
2024/11/23 15:52:26.827	b135e9c82f3b5af8414a656ace8a78c8d45a7834	Windows 11  (10.0.22631) 64bit (Editor)	True	null	null	null	null	null	null	None	0	null	0	0	null	null	null	null	null	
2024/11/23 15:52:26.837	b135e9c82f3b5af8414a656ace8a78c8d45a7834	Windows 11  (10.0.22631) 64bit (Editor)	True	null	null	null	null	null	null	None	0	null	0	0	null	null	null	null	null	
2024/11/23 15:52:26.843	b135e9c82f3b5af8414a656ace8a78c8d45a7834	Windows 11  (10.0.22631) 64bit (Editor)	True	null	null	null	null	null	null	None	0	null	0	0	null	null	null	null	null	
2024/11/23 15:52:26.852	b135e9c82f3b5af8414a656ace8a78c8d45a7834	Windows 11  (10.0.22631) 64bit (Editor)	True	null	null	null	null	null	null	None	0	null	0	0	null	null	null	null	null	
2024/11/23 15:52:26.872	b135e9c82f3b5af8414a656ace8a78c8d45a7834	Windows 11  (10.0.22631) 64bit (Editor)	True	null	null	null	null	null	null	None	0	null	0	0	null	null	null	null	null	
2024/11/23 15:52:26.880	b135e9c82f3b5af8414a656ace8a78c8d45a7834	Windows 11  (10.0.22631) 64bit (Editor)	True	null	null	null	null	null	null	None	0	null	0	0	null	null	null	null	null	
2024/11/23 15:52:26.889	b135e9c82f3b5af8414a656ace8a78c8d45a7834	Windows 11  (10.0.22631) 64bit (Editor)	True	null	null	null	null	null	null	None	0	null	0	0	null	null	null	null	null	
2024/11/23 15:52:26.903	b135e9c82f3b5af8414a656ace8a78c8d45a7834	Windows 11  (10.0.22631) 64bit (Editor)	True	null	null	null	null	null	null	None	0	null	0	0	null	null	null	null	null	
2024/11/23 15:52:26.910	b135e9c82f3b5af8414a656ace8a78c8d45a7834	Windows 11  (10.0.22631) 64bit (Editor)	True	null	null	null	null	null	null	None	0	null	0	0	null	null	null	null	null	
2024/11/23 15:52:26.920	b135e9c82f3b5af8414a656ace8a78c8d45a7834	Windows 11  (10.0.22631) 64bit (Editor)	True	null	null	null	null	null	null	None	0	null	0	0	null	null	null	null	null	
2024/11/23 15:52:26.927	b135e9c82f3b5af8414a656ace8a78c8d45a7834	Windows 11  (10.0.22631) 64bit (Editor)	True	null	null	null	null	null	null	None	0	null	0	0	null	null	null	null	null	
2024/11/23 15:52:26.935	b135e9c82f3b5af8414a656ace8a78c8d45a7834	Windows 11  (10.0.22631) 64bit (Editor)	True	null	null	null	null	null	null	None	0	null	0	0	null	null	null	null	null	
2024/11/23 15:52:26.944	b135e9c82f3b5af8414a656ace8a78c8d45a7834	Windows 11  (10.0.22631) 64bit (Editor)	True	null	null	null	null	null	null	None	0	null	0	0	null	null	null	null	null	
2024/11/23 15:52:26.951	b135e9c82f3b5af8414a656ace8a78c8d45a7834	Windows 11  (10.0.22631) 64bit (Editor)	True	null	null	null	null	null	null	None	0	null	0	0	null	null	null	null	null	
2024/11/23 15:52:26.960	b135e9c82f3b5af8414a656ace8a78c8d45a7834	Windows 11  (10.0.22631) 64bit (Editor)	True	null	null	null	null	null	null	None	0	null	0	0	null	null	null	null	null	
2024/11/23 15:52:26.967	b135e9c82f3b5af8414a656ace8a78c8d45a7834	Windows 11  (10.0.22631) 64bit (Editor)	True	null	null	null	null	null	null	None	0	null	0	0	null	null	null	null	null	
2024/11/23 15:52:26.975	b135e9c82f3b5af8414a656ace8a78c8d45a7834	Windows 11  (10.0.22631) 64bit (Editor)	True	null	null	null	null	null	null	None	0	null	0	0	null	null	null	null	null	
2024/11/23 15:52:26.982	b135e9c82f3b5af8414a656ace8a78c8d45a7834	Windows 11  (10.0.22631) 64bit (Editor)	True	null	null	null	null	null	null	None	0	null	0	0	null	null	null	null	null	
2024/11/23 15:52:26.991	b135e9c82f3b5af8414a656ace8a78c8d45a7834	Windows 11  (10.0.22631) 64bit (Editor)	True	null	null	null	null	null	null	None	0	null	0	0	null	null	null	null	null	
2024/11/23 15:52:26.998	b135e9c82f3b5af8414a656ace8a78c8d45a7834	Windows 11  (10.0.22631) 64bit (Editor)	True	null	null	null	null	null	null	None	0	null	0	0	null	null	null	null	null	
2024/11/23 15:52:27.006	b135e9c82f3b5af8414a656ace8a78c8d45a7834	Windows 11  (10.0.22631) 64bit (Editor)	True	null	null	null	null	null	null	None	0	null	0	0	null	null	null	null	null	
2024/11/23 15:52:27.026	b135e9c82f3b5af8414a656ace8a78c8d45a7834	Windows 11  (10.0.22631) 64bit (Editor)	True	null	null	null	null	null	null	None	0	null	0	0	null	null	null	null	null	
2024/11/23 15:52:27.032	b135e9c82f3b5af8414a656ace8a78c8d45a7834	Windows 11  (10.0.22631) 64bit (Editor)	True	null	null	null	null	null	null	None	0	null	0	0	null	null	null	null	null	
2024/11/23 15:52:27.041	b135e9c82f3b5af8414a656ace8a78c8d45a7834	Windows 11  (10.0.22631) 64bit (Editor)	True	null	null	null	null	null	null	None	0	null	0	0	null	null	null	null	null	
2024/11/23 15:52:27.048	b135e9c82f3b5af8414a656ace8a78c8d45a7834	Windows 11  (10.0.22631) 64bit (Editor)	True	null	null	null	null	null	null	None	0	null	0	0	null	null	null	null	null	
2024/11/23 15:52:27.057	b135e9c82f3b5af8414a656ace8a78c8d45a7834	Windows 11  (10.0.22631) 64bit (Editor)	True	null	null	null	null	null	null	None	0	null	0	0	null	null	null	null	null	
2024/11/23 15:52:27.065	b135e9c82f3b5af8414a656ace8a78c8d45a7834	Windows 11  (10.0.22631) 64bit (Editor)	True	null	null	null	null	null	null	None	0	null	0	0	null	null	null	null	null	
2024/11/23 15:52:27.072	b135e9c82f3b5af8414a656ace8a78c8d45a7834	Windows 11  (10.0.22631) 64bit (Editor)	True	null	null	null	null	null	null	None	0	null	0	0	null	null	null	null	null	
2024/11/23 15:52:27.080	b135e9c82f3b5af8414a656ace8a78c8d45a7834	Windows 11  (10.0.22631) 64bit (Editor)	True	null	null	null	null	null	null	None	0	null	0	0	null	null	null	null	null	
2024/11/23 15:52:27.088	b135e9c82f3b5af8414a656ace8a78c8d45a7834	Windows 11  (10.0.22631) 64bit (Editor)	True	null	null	null	null	null	null	None	0	null	0	0	null	null	null	null	null	
2024/11/23 15:52:27.095	b135e9c82f3b5af8414a656ace8a78c8d45a7834	Windows 11  (10.0.22631) 64bit (Editor)	True	null	null	null	null	null	null	None	0	null	0	0	null	null	null	null	null	
2024/11/23 15:52:27.104	b135e9c82f3b5af8414a656ace8a78c8d45a7834	Windows 11  (10.0.22631) 64bit (Editor)	True	null	null	null	null	null	null	None	0	null	0	0	null	null	null	null	null	
2024/11/23 15:52:27.111	b135e9c82f3b5af8414a656ace8a78c8d45a7834	Windows 11  (10.0.22631) 64bit (Editor)	True	null	null	null	null	null	null	None	0	null	0	0	null	null	null	null	null	
2024/11/23 15:52:27.120	b135e9c82f3b5af8414a656ace8a78c8d45a7834	Windows 11  (10.0.22631) 64bit (Editor)	True	null	null	null	null	null	null	None	0	null	0	0	null	null	null	null	null	
2024/11/23 15:52:27.126	b135e9c82f3b5af8414a656ace8a78c8d45a7834	Windows 11  (10.0.22631) 64bit (Editor)	True	null	null	null	null	null	null	None	0	null	0	0	null	null	null	null	null	
2024/11/23 15:52:27.136	b135e9c82f3b5af8414a656ace8a78c8d45a7834	Windows 11  (10.0.22631) 64bit (Editor)	True	null	null	null	null	null	null	None	0	null	0	0	null	null	null	null	null	
2024/11/23 15:52:27.143	b135e9c82f3b5af8414a656ace8a78c8d45a7834	Windows 11  (10.0.22631) 64bit (Editor)	True	null	null	null	null	null	null	None	0	null	0	0	null	null	null	null	null	
2024/11/23 15:52:27.154	b135e9c82f3b5af8414a656ace8a78c8d45a7834	Windows 11  (10.0.22631) 64bit (Editor)	True	null	null	null	null	null	null	None	0	null	0	0	null	null	null	null	null	
2024/11/23 15:52:27.162	b135e9c82f3b5af8414a656ace8a78c8d45a7834	Windows 11  (10.0.22631) 64bit (Editor)	True	null	null	null	null	null	null	None	0	null	0	0	null	null	null	null	null	
2024/11/23 15:52:27.182	b135e9c82f3b5af8414a656ace8a78c8d45a7834	Windows 11  (10.0.22631) 64bit (Editor)	True	null	null	null	null	null	null	None	0	null	0	0	null	null	null	null	null	
2024/11/23 15:52:27.192	b135e9c82f3b5af8414a656ace8a78c8d45a7834	Windows 11  (10.0.22631) 64bit (Editor)	True	null	null	null	null	null	null	None	0	null	0	0	null	null	null	null	null	
2024/11/23 15:52:27.200	b135e9c82f3b5af8414a656ace8a78c8d45a7834	Windows 11  (10.0.22631) 64bit (Editor)	True	null	null	null	null	null	null	None	0	null	0	0	null	null	null	null	null	
2024/11/23 15:52:27.210	b135e9c82f3b5af8414a656ace8a78c8d45a7834	Windows 11  (10.0.22631) 64bit (Editor)	True	null	null	null	null	null	null	None	0	null	0	0	null	null	null	null	null	
2024/11/23 15:52:27.218	b135e9c82f3b5af8414a656ace8a78c8d45a7834	Windows 11  (10.0.22631) 64bit (Editor)	True	null	null	null	null	null	null	None	0	null	0	0	null	null	null	null	null	
2024/11/23 15:52:27.226	b135e9c82f3b5af8414a656ace8a78c8d45a7834	Windows 11  (10.0.22631) 64bit (Editor)	True	null	null	null	null	null	null	None	0	null	0	0	null	null	null	null	null	
2024/11/23 15:52:27.232	b135e9c82f3b5af8414a656ace8a78c8d45a7834	Windows 11  (10.0.22631) 64bit (Editor)	True	null	null	null	null	null	null	None	0	null	0	0	null	null	null	null	null	
2024/11/23 15:52:27.241	b135e9c82f3b5af8414a656ace8a78c8d45a7834	Windows 11  (10.0.22631) 64bit (Editor)	True	null	null	null	null	null	null	None	0	null	0	0	null	null	null	null	null	
2024/11/23 15:52:27.248	b135e9c82f3b5af8414a656ace8a78c8d45a7834	Windows 11  (10.0.22631) 64bit (Editor)	True	null	null	null	null	null	null	None	0	null	0	0	null	null	null	null	null	
2024/11/23 15:52:27.257	b135e9c82f3b5af8414a656ace8a78c8d45a7834	Windows 11  (10.0.22631) 64bit (Editor)	True	null	null	null	null	null	null	None	0	null	0	0	null	null	null	null	null	
2024/11/23 15:52:27.265	b135e9c82f3b5af8414a656ace8a78c8d45a7834	Windows 11  (10.0.22631) 64bit (Editor)	True	null	null	null	null	null	null	None	0	null	0	0	null	null	null	null	null	
2024/11/23 15:52:27.273	b135e9c82f3b5af8414a656ace8a78c8d45a7834	Windows 11  (10.0.22631) 64bit (Editor)	True	null	null	null	null	null	null	None	0	null	0	0	null	null	null	null	null	
2024/11/23 15:52:27.281	b135e9c82f3b5af8414a656ace8a78c8d45a7834	Windows 11  (10.0.22631) 64bit (Editor)	True	null	null	null	null	null	null	None	0	null	0	0	null	null	null	null	null	
2024/11/23 15:52:27.290	b135e9c82f3b5af8414a656ace8a78c8d45a7834	Windows 11  (10.0.22631) 64bit (Editor)	True	null	null	null	null	null	null	None	0	null	0	0	null	null	null	null	null	
2024/11/23 15:52:27.297	b135e9c82f3b5af8414a656ace8a78c8d45a7834	Windows 11  (10.0.22631) 64bit (Editor)	True	null	null	null	null	null	null	None	0	null	0	0	null	null	null	null	null	
2024/11/23 15:52:27.305	b135e9c82f3b5af8414a656ace8a78c8d45a7834	Windows 11  (10.0.22631) 64bit (Editor)	True	null	null	null	null	null	null	None	0	null	0	0	null	null	null	null	null	
2024/11/23 15:52:27.311	b135e9c82f3b5af8414a656ace8a78c8d45a7834	Windows 11  (10.0.22631) 64bit (Editor)	True	null	null	null	null	null	null	None	0	null	0	0	null	null	null	null	null	
2024/11/23 15:52:27.329	b135e9c82f3b5af8414a656ace8a78c8d45a7834	Windows 11  (10.0.22631) 64bit (Editor)	True	null	null	null	null	null	null	None	0	null	0	0	null	null	null	null	null	
2024/11/23 15:52:27.337	b135e9c82f3b5af8414a656ace8a78c8d45a7834	Windows 11  (10.0.22631) 64bit (Editor)	True	null	null	null	null	null	null	None	0	null	0	0	null	null	null	null	null	
2024/11/23 15:52:27.344	b135e9c82f3b5af8414a656ace8a78c8d45a7834	Windows 11  (10.0.22631) 64bit (Editor)	True	null	null	null	null	null	null	None	0	null	0	0	null	null	null	null	null	
2024/11/23 15:52:27.351	b135e9c82f3b5af8414a656ace8a78c8d45a7834	Windows 11  (10.0.22631) 64bit (Editor)	True	null	null	null	null	null	null	None	0	null	0	0	null	null	null	null	null	
2024/11/23 15:52:27.358	b135e9c82f3b5af8414a656ace8a78c8d45a7834	Windows 11  (10.0.22631) 64bit (Editor)	True	null	null	null	null	null	null	None	0	null	0	0	null	null	null	null	null	
2024/11/23 15:52:27.365	b135e9c82f3b5af8414a656ace8a78c8d45a7834	Windows 11  (10.0.22631) 64bit (Editor)	True	null	null	null	null	null	null	None	0	null	0	0	null	null	null	null	null	
2024/11/23 15:52:27.372	b135e9c82f3b5af8414a656ace8a78c8d45a7834	Windows 11  (10.0.22631) 64bit (Editor)	True	null	null	null	null	null	null	None	0	null	0	0	null	null	null	null	null	
2024/11/23 15:52:27.379	b135e9c82f3b5af8414a656ace8a78c8d45a7834	Windows 11  (10.0.22631) 64bit (Editor)	True	null	null	null	null	null	null	None	0	null	0	0	null	null	null	null	null	
2024/11/23 15:52:27.387	b135e9c82f3b5af8414a656ace8a78c8d45a7834	Windows 11  (10.0.22631) 64bit (Editor)	True	null	null	null	null	null	null	None	0	null	0	0	null	null	null	null	null	
2024/11/23 15:52:27.394	b135e9c82f3b5af8414a656ace8a78c8d45a7834	Windows 11  (10.0.22631) 64bit (Editor)	True	null	null	null	null	null	null	None	0	null	0	0	null	null	null	null	null	
2024/11/23 15:52:27.403	b135e9c82f3b5af8414a656ace8a78c8d45a7834	Windows 11  (10.0.22631) 64bit (Editor)	True	null	null	null	null	null	null	None	0	null	0	0	null	null	null	null	null	
2024/11/23 15:52:27.410	b135e9c82f3b5af8414a656ace8a78c8d45a7834	Windows 11  (10.0.22631) 64bit (Editor)	True	null	null	null	null	null	null	None	0	null	0	0	null	null	null	null	null	
2024/11/23 15:52:27.418	b135e9c82f3b5af8414a656ace8a78c8d45a7834	Windows 11  (10.0.22631) 64bit (Editor)	True	null	null	null	null	null	null	None	0	null	0	0	null	null	null	null	null	
2024/11/23 15:52:27.426	b135e9c82f3b5af8414a656ace8a78c8d45a7834	Windows 11  (10.0.22631) 64bit (Editor)	True	null	null	null	null	null	null	None	0	null	0	0	null	null	null	null	null	
2024/11/23 15:52:27.434	b135e9c82f3b5af8414a656ace8a78c8d45a7834	Windows 11  (10.0.22631) 64bit (Editor)	True	null	null	null	null	null	null	None	0	null	0	0	null	null	null	null	null	
2024/11/23 15:52:27.443	b135e9c82f3b5af8414a656ace8a78c8d45a7834	Windows 11  (10.0.22631) 64bit (Editor)	True	null	null	null	null	null	null	None	0	null	0	0	null	null	null	null	null	
2024/11/23 15:52:27.450	b135e9c82f3b5af8414a656ace8a78c8d45a7834	Windows 11  (10.0.22631) 64bit (Editor)	True	null	null	null	null	null	null	None	0	null	0	0	null	null	null	null	null	
2024/11/23 15:52:27.458	b135e9c82f3b5af8414a656ace8a78c8d45a7834	Windows 11  (10.0.22631) 64bit (Editor)	True	null	null	null	null	null	null	None	0	null	0	0	null	null	null	null	null	
2024/11/23 15:52:27.465	b135e9c82f3b5af8414a656ace8a78c8d45a7834	Windows 11  (10.0.22631) 64bit (Editor)	True	null	null	null	null	null	null	None	0	null	0	0	null	null	null	null	null	
2024/11/23 15:52:27.484	b135e9c82f3b5af8414a656ace8a78c8d45a7834	Windows 11  (10.0.22631) 64bit (Editor)	True	null	null	null	null	null	null	None	0	null	0	0	null	null	null	null	null	
2024/11/23 15:52:27.493	b135e9c82f3b5af8414a656ace8a78c8d45a7834	Windows 11  (10.0.22631) 64bit (Editor)	True	null	null	null	null	null	null	None	0	null	0	0	null	null	null	null	null	
2024/11/23 15:52:27.501	b135e9c82f3b5af8414a656ace8a78c8d45a7834	Windows 11  (10.0.22631) 64bit (Editor)	True	null	null	null	null	null	null	None	0	null	0	0	null	null	null	null	null	
2024/11/23 15:52:27.508	b135e9c82f3b5af8414a656ace8a78c8d45a7834	Windows 11  (10.0.22631) 64bit (Editor)	True	null	null	null	null	null	null	None	0	null	0	0	null	null	null	null	null	
2024/11/23 15:52:27.517	b135e9c82f3b5af8414a656ace8a78c8d45a7834	Windows 11  (10.0.22631) 64bit (Editor)	True	null	null	null	null	null	null	None	0	null	0	0	null	null	null	null	null	
2024/11/23 15:52:27.525	b135e9c82f3b5af8414a656ace8a78c8d45a7834	Windows 11  (10.0.22631) 64bit (Editor)	True	null	null	null	null	null	null	None	0	null	0	0	null	null	null	null	null	
2024/11/23 15:52:27.533	b135e9c82f3b5af8414a656ace8a78c8d45a7834	Windows 11  (10.0.22631) 64bit (Editor)	True	null	null	null	null	null	null	None	0	null	0	0	null	null	null	null	null	
2024/11/23 15:52:27.541	b135e9c82f3b5af8414a656ace8a78c8d45a7834	Windows 11  (10.0.22631) 64bit (Editor)	True	null	null	null	null	null	null	None	0	null	0	0	null	null	null	null	null	
2024/11/23 15:52:27.548	b135e9c82f3b5af8414a656ace8a78c8d45a7834	Windows 11  (10.0.22631) 64bit (Editor)	True	null	null	null	null	null	null	None	0	null	0	0	null	null	null	null	null	
2024/11/23 15:52:27.556	b135e9c82f3b5af8414a656ace8a78c8d45a7834	Windows 11  (10.0.22631) 64bit (Editor)	True	null	null	null	null	null	null	None	0	null	0	0	null	null	null	null	null	
2024/11/23 15:52:27.562	b135e9c82f3b5af8414a656ace8a78c8d45a7834	Windows 11  (10.0.22631) 64bit (Editor)	True	null	null	null	null	null	null	None	0	null	0	0	null	null	null	null	null	
2024/11/23 15:52:27.571	b135e9c82f3b5af8414a656ace8a78c8d45a7834	Windows 11  (10.0.22631) 64bit (Editor)	True	null	null	null	null	null	null	None	0	null	0	0	null	null	null	null	null	
2024/11/23 15:52:27.578	b135e9c82f3b5af8414a656ace8a78c8d45a7834	Windows 11  (10.0.22631) 64bit (Editor)	True	null	null	null	null	null	null	None	0	null	0	0	null	null	null	null	null	
2024/11/23 15:52:27.587	b135e9c82f3b5af8414a656ace8a78c8d45a7834	Windows 11  (10.0.22631) 64bit (Editor)	True	null	null	null	null	null	null	None	0	null	0	0	null	null	null	null	null	
2024/11/23 15:52:27.593	b135e9c82f3b5af8414a656ace8a78c8d45a7834	Windows 11  (10.0.22631) 64bit (Editor)	True	null	null	null	null	null	null	None	0	null	0	0	null	null	null	null	null	
2024/11/23 15:52:27.601	b135e9c82f3b5af8414a656ace8a78c8d45a7834	Windows 11  (10.0.22631) 64bit (Editor)	True	null	null	null	null	null	null	None	0	null	0	0	null	null	null	null	null	
2024/11/23 15:52:27.609	b135e9c82f3b5af8414a656ace8a78c8d45a7834	Windows 11  (10.0.22631) 64bit (Editor)	True	null	null	null	null	null	null	None	0	null	0	0	null	null	null	null	null	
2024/11/23 15:52:27.617	b135e9c82f3b5af8414a656ace8a78c8d45a7834	Windows 11  (10.0.22631) 64bit (Editor)	True	null	null	null	null	null	null	None	0	null	0	0	null	null	null	null	null	
2024/11/23 15:52:27.635	b135e9c82f3b5af8414a656ace8a78c8d45a7834	Windows 11  (10.0.22631) 64bit (Editor)	True	null	null	null	null	null	null	None	0	null	0	0	null	null	null	null	null	
2024/11/23 15:52:27.644	b135e9c82f3b5af8414a656ace8a78c8d45a7834	Windows 11  (10.0.22631) 64bit (Editor)	True	null	null	null	null	null	null	None	0	null	0	0	null	null	null	null	null	
2024/11/23 15:52:27.652	b135e9c82f3b5af8414a656ace8a78c8d45a7834	Windows 11  (10.0.22631) 64bit (Editor)	True	null	null	null	null	null	null	None	0	null	0	0	null	null	null	null	null	
2024/11/23 15:52:27.658	b135e9c82f3b5af8414a656ace8a78c8d45a7834	Windows 11  (10.0.22631) 64bit (Editor)	True	null	null	null	null	null	null	None	0	null	0	0	null	null	null	null	null	
2024/11/23 15:52:27.667	b135e9c82f3b5af8414a656ace8a78c8d45a7834	Windows 11  (10.0.22631) 64bit (Editor)	True	null	null	null	null	null	null	None	0	null	0	0	null	null	null	null	null	
2024/11/23 15:52:27.674	b135e9c82f3b5af8414a656ace8a78c8d45a7834	Windows 11  (10.0.22631) 64bit (Editor)	True	null	null	null	null	null	null	None	0	null	0	0	null	null	null	null	null	
2024/11/23 15:52:27.682	b135e9c82f3b5af8414a656ace8a78c8d45a7834	Windows 11  (10.0.22631) 64bit (Editor)	True	null	null	null	null	null	null	None	0	null	0	0	null	null	null	null	null	
2024/11/23 15:52:27.689	b135e9c82f3b5af8414a656ace8a78c8d45a7834	Windows 11  (10.0.22631) 64bit (Editor)	True	null	null	null	null	null	null	None	0	null	0	0	null	null	null	null	null	
2024/11/23 15:52:27.703	b135e9c82f3b5af8414a656ace8a78c8d45a7834	Windows 11  (10.0.22631) 64bit (Editor)	True	null	null	null	null	null	null	None	0	null	0	0	null	null	null	null	null	
2024/11/23 15:52:27.711	b135e9c82f3b5af8414a656ace8a78c8d45a7834	Windows 11  (10.0.22631) 64bit (Editor)	True	null	null	null	null	null	null	None	0	null	0	0	null	null	null	null	null	
2024/11/23 15:52:27.720	b135e9c82f3b5af8414a656ace8a78c8d45a7834	Windows 11  (10.0.22631) 64bit (Editor)	True	null	null	null	null	null	null	None	0	null	0	0	null	null	null	null	null	
2024/11/23 15:52:27.727	b135e9c82f3b5af8414a656ace8a78c8d45a7834	Windows 11  (10.0.22631) 64bit (Editor)	True	null	null	null	null	null	null	None	0	null	0	0	null	null	null	null	null	
2024/11/23 15:52:27.734	b135e9c82f3b5af8414a656ace8a78c8d45a7834	Windows 11  (10.0.22631) 64bit (Editor)	True	null	null	null	null	null	null	None	0	null	0	0	null	null	null	null	null	
2024/11/23 15:52:27.740	b135e9c82f3b5af8414a656ace8a78c8d45a7834	Windows 11  (10.0.22631) 64bit (Editor)	True	null	null	null	null	null	null	None	0	null	0	0	null	null	null	null	null	
2024/11/23 15:52:27.747	b135e9c82f3b5af8414a656ace8a78c8d45a7834	Windows 11  (10.0.22631) 64bit (Editor)	True	null	null	null	null	null	null	None	0	null	0	0	null	null	null	null	null	
2024/11/23 15:52:27.755	b135e9c82f3b5af8414a656ace8a78c8d45a7834	Windows 11  (10.0.22631) 64bit (Editor)	True	null	null	null	null	null	null	None	0	null	0	0	null	null	null	null	null	
2024/11/23 15:52:27.762	b135e9c82f3b5af8414a656ace8a78c8d45a7834	Windows 11  (10.0.22631) 64bit (Editor)	True	null	null	null	null	null	null	None	0	null	0	0	null	null	null	null	null	
2024/11/23 15:52:27.768	b135e9c82f3b5af8414a656ace8a78c8d45a7834	Windows 11  (10.0.22631) 64bit (Editor)	True	null	null	null	null	null	null	None	0	null	0	0	null	null	null	null	null	
2024/11/23 15:52:27.787	b135e9c82f3b5af8414a656ace8a78c8d45a7834	Windows 11  (10.0.22631) 64bit (Editor)	True	null	null	null	null	null	null	None	0	null	0	0	null	null	null	null	null	
2024/11/23 15:52:27.796	b135e9c82f3b5af8414a656ace8a78c8d45a7834	Windows 11  (10.0.22631) 64bit (Editor)	True	null	null	null	null	null	null	None	0	null	0	0	null	null	null	null	null	
2024/11/23 15:52:27.804	b135e9c82f3b5af8414a656ace8a78c8d45a7834	Windows 11  (10.0.22631) 64bit (Editor)	True	null	null	null	null	null	null	None	0	null	0	0	null	null	null	null	null	
2024/11/23 15:52:27.812	b135e9c82f3b5af8414a656ace8a78c8d45a7834	Windows 11  (10.0.22631) 64bit (Editor)	True	null	null	null	null	null	null	None	0	null	0	0	null	null	null	null	null	
2024/11/23 15:52:27.819	b135e9c82f3b5af8414a656ace8a78c8d45a7834	Windows 11  (10.0.22631) 64bit (Editor)	True	null	null	null	null	null	null	None	0	null	0	0	null	null	null	null	null	
2024/11/23 15:52:27.826	b135e9c82f3b5af8414a656ace8a78c8d45a7834	Windows 11  (10.0.22631) 64bit (Editor)	True	null	null	null	null	null	null	None	0	null	0	0	null	null	null	null	null	
2024/11/23 15:52:27.833	b135e9c82f3b5af8414a656ace8a78c8d45a7834	Windows 11  (10.0.22631) 64bit (Editor)	True	null	null	null	null	null	null	None	0	null	0	0	null	null	null	null	null	
2024/11/23 15:52:27.841	b135e9c82f3b5af8414a656ace8a78c8d45a7834	Windows 11  (10.0.22631) 64bit (Editor)	True	null	null	null	null	null	null	None	0	null	0	0	null	null	null	null	null	
2024/11/23 15:52:27.847	b135e9c82f3b5af8414a656ace8a78c8d45a7834	Windows 11  (10.0.22631) 64bit (Editor)	True	null	null	null	null	null	null	None	0	null	0	0	null	null	null	null	null	
2024/11/23 15:52:27.855	b135e9c82f3b5af8414a656ace8a78c8d45a7834	Windows 11  (10.0.22631) 64bit (Editor)	True	null	null	null	null	null	null	None	0	null	0	0	null	null	null	null	null	
2024/11/23 15:52:27.862	b135e9c82f3b5af8414a656ace8a78c8d45a7834	Windows 11  (10.0.22631) 64bit (Editor)	True	null	null	null	null	null	null	None	0	null	0	0	null	null	null	null	null	
2024/11/23 15:52:27.870	b135e9c82f3b5af8414a656ace8a78c8d45a7834	Windows 11  (10.0.22631) 64bit (Editor)	True	null	null	null	null	null	null	None	0	null	0	0	null	null	null	null	null	
2024/11/23 15:52:27.879	b135e9c82f3b5af8414a656ace8a78c8d45a7834	Windows 11  (10.0.22631) 64bit (Editor)	True	null	null	null	null	null	null	None	0	null	0	0	null	null	null	null	null	
2024/11/23 15:52:27.889	b135e9c82f3b5af8414a656ace8a78c8d45a7834	Windows 11  (10.0.22631) 64bit (Editor)	True	null	null	null	null	null	null	None	0	null	0	0	null	null	null	null	null	
2024/11/23 15:52:27.898	b135e9c82f3b5af8414a656ace8a78c8d45a7834	Windows 11  (10.0.22631) 64bit (Editor)	True	null	null	null	null	null	null	None	0	null	0	0	null	null	null	null	null	
2024/11/23 15:52:27.907	b135e9c82f3b5af8414a656ace8a78c8d45a7834	Windows 11  (10.0.22631) 64bit (Editor)	True	null	null	null	null	null	null	None	0	null	0	0	null	null	null	null	null	
2024/11/23 15:52:27.916	b135e9c82f3b5af8414a656ace8a78c8d45a7834	Windows 11  (10.0.22631) 64bit (Editor)	True	null	null	null	null	null	null	None	0	null	0	0	null	null	null	null	null	
2024/11/23 15:52:27.927	b135e9c82f3b5af8414a656ace8a78c8d45a7834	Windows 11  (10.0.22631) 64bit (Editor)	True	null	null	null	null	null	null	None	0	null	0	0	null	null	null	null	null	
2024/11/23 15:52:27.946	b135e9c82f3b5af8414a656ace8a78c8d45a7834	Windows 11  (10.0.22631) 64bit (Editor)	True	null	null	null	null	null	null	None	0	null	0	0	null	null	null	null	null	
2024/11/23 15:52:27.955	b135e9c82f3b5af8414a656ace8a78c8d45a7834	Windows 11  (10.0.22631) 64bit (Editor)	True	null	null	null	null	null	null	None	0	null	0	0	null	null	null	null	null	
2024/11/23 15:52:27.964	b135e9c82f3b5af8414a656ace8a78c8d45a7834	Windows 11  (10.0.22631) 64bit (Editor)	True	null	null	null	null	null	null	None	0	null	0	0	null	null	null	null	null	
2024/11/23 15:52:27.972	b135e9c82f3b5af8414a656ace8a78c8d45a7834	Windows 11  (10.0.22631) 64bit (Editor)	True	null	null	null	null	null	null	None	0	null	0	0	null	null	null	null	null	
2024/11/23 15:52:27.980	b135e9c82f3b5af8414a656ace8a78c8d45a7834	Windows 11  (10.0.22631) 64bit (Editor)	True	null	null	null	null	null	null	None	0	null	0	0	null	null	null	null	null	
2024/11/23 15:52:27.988	b135e9c82f3b5af8414a656ace8a78c8d45a7834	Windows 11  (10.0.22631) 64bit (Editor)	True	null	null	null	null	null	null	None	0	null	0	0	null	null	null	null	null	
2024/11/23 15:52:27.997	b135e9c82f3b5af8414a656ace8a78c8d45a7834	Windows 11  (10.0.22631) 64bit (Editor)	True	null	null	null	null	null	null	None	0	null	0	0	null	null	null	null	null	
2024/11/23 15:52:28.005	b135e9c82f3b5af8414a656ace8a78c8d45a7834	Windows 11  (10.0.22631) 64bit (Editor)	True	null	null	null	null	null	null	None	0	null	0	0	null	null	null	null	null	
2024/11/23 15:52:28.013	b135e9c82f3b5af8414a656ace8a78c8d45a7834	Windows 11  (10.0.22631) 64bit (Editor)	True	null	null	null	null	null	null	None	0	null	0	0	null	null	null	null	null	
2024/11/23 15:52:28.022	b135e9c82f3b5af8414a656ace8a78c8d45a7834	Windows 11  (10.0.22631) 64bit (Editor)	True	null	null	null	null	null	null	None	0	null	0	0	null	null	null	null	null	
2024/11/23 15:52:28.029	b135e9c82f3b5af8414a656ace8a78c8d45a7834	Windows 11  (10.0.22631) 64bit (Editor)	True	null	null	null	null	null	null	None	0	null	0	0	null	null	null	null	null	
2024/11/23 15:52:28.038	b135e9c82f3b5af8414a656ace8a78c8d45a7834	Windows 11  (10.0.22631) 64bit (Editor)	True	null	null	null	null	null	null	None	0	null	0	0	null	null	null	null	null	
2024/11/23 15:52:28.047	b135e9c82f3b5af8414a656ace8a78c8d45a7834	Windows 11  (10.0.22631) 64bit (Editor)	True	null	null	null	null	null	null	None	0	null	0	0	null	null	null	null	null	
2024/11/23 15:52:28.054	b135e9c82f3b5af8414a656ace8a78c8d45a7834	Windows 11  (10.0.22631) 64bit (Editor)	True	null	null	null	null	null	null	None	0	null	0	0	null	null	null	null	null	
2024/11/23 15:52:28.062	b135e9c82f3b5af8414a656ace8a78c8d45a7834	Windows 11  (10.0.22631) 64bit (Editor)	True	null	null	null	null	null	null	None	0	null	0	0	null	null	null	null	null	
2024/11/23 15:52:28.069	b135e9c82f3b5af8414a656ace8a78c8d45a7834	Windows 11  (10.0.22631) 64bit (Editor)	True	null	null	null	null	null	null	None	0	null	0	0	null	null	null	null	null	
2024/11/23 15:52:28.077	b135e9c82f3b5af8414a656ace8a78c8d45a7834	Windows 11  (10.0.22631) 64bit (Editor)	True	null	null	null	null	null	null	None	0	null	0	0	null	null	null	null	null	
2024/11/23 15:52:28.104	b135e9c82f3b5af8414a656ace8a78c8d45a7834	Windows 11  (10.0.22631) 64bit (Editor)	True	null	null	null	null	null	null	None	0	null	0	0	null	null	null	null	null	
2024/11/23 15:52:28.112	b135e9c82f3b5af8414a656ace8a78c8d45a7834	Windows 11  (10.0.22631) 64bit (Editor)	True	null	null	null	null	null	null	None	0	null	0	0	null	null	null	null	null	
2024/11/23 15:52:28.122	b135e9c82f3b5af8414a656ace8a78c8d45a7834	Windows 11  (10.0.22631) 64bit (Editor)	True	null	null	null	null	null	null	None	0	null	0	0	null	null	null	null	null	
2024/11/23 15:52:28.130	b135e9c82f3b5af8414a656ace8a78c8d45a7834	Windows 11  (10.0.22631) 64bit (Editor)	True	null	null	null	null	null	null	None	0	null	0	0	null	null	null	null	null	
2024/11/23 15:52:28.140	b135e9c82f3b5af8414a656ace8a78c8d45a7834	Windows 11  (10.0.22631) 64bit (Editor)	True	null	null	null	null	null	null	None	0	null	0	0	null	null	null	null	null	
2024/11/23 15:52:28.148	b135e9c82f3b5af8414a656ace8a78c8d45a7834	Windows 11  (10.0.22631) 64bit (Editor)	True	null	null	null	null	null	null	None	0	null	0	0	null	null	null	null	null	
2024/11/23 15:52:28.157	b135e9c82f3b5af8414a656ace8a78c8d45a7834	Windows 11  (10.0.22631) 64bit (Editor)	True	null	null	null	null	null	null	None	0	null	0	0	null	null	null	null	null	
2024/11/23 15:52:28.164	b135e9c82f3b5af8414a656ace8a78c8d45a7834	Windows 11  (10.0.22631) 64bit (Editor)	True	null	null	null	null	null	null	None	0	null	0	0	null	null	null	null	null	
2024/11/23 15:52:28.174	b135e9c82f3b5af8414a656ace8a78c8d45a7834	Windows 11  (10.0.22631) 64bit (Editor)	True	null	null	null	null	null	null	None	0	null	0	0	null	null	null	null	null	
2024/11/23 15:52:28.180	b135e9c82f3b5af8414a656ace8a78c8d45a7834	Windows 11  (10.0.22631) 64bit (Editor)	True	null	null	null	null	null	null	None	0	null	0	0	null	null	null	null	null	
2024/11/23 15:52:28.190	b135e9c82f3b5af8414a656ace8a78c8d45a7834	Windows 11  (10.0.22631) 64bit (Editor)	True	null	null	null	null	null	null	None	0	null	0	0	null	null	null	null	null	
2024/11/23 15:52:28.199	b135e9c82f3b5af8414a656ace8a78c8d45a7834	Windows 11  (10.0.22631) 64bit (Editor)	True	null	null	null	null	null	null	None	0	null	0	0	null	null	null	null	null	
2024/11/23 15:52:28.207	b135e9c82f3b5af8414a656ace8a78c8d45a7834	Windows 11  (10.0.22631) 64bit (Editor)	True	null	null	null	null	null	null	None	0	null	0	0	null	null	null	null	null	
2024/11/23 15:52:28.216	b135e9c82f3b5af8414a656ace8a78c8d45a7834	Windows 11  (10.0.22631) 64bit (Editor)	True	null	null	null	null	null	null	None	0	null	0	0	null	null	null	null	null	
2024/11/23 15:52:28.225	b135e9c82f3b5af8414a656ace8a78c8d45a7834	Windows 11  (10.0.22631) 64bit (Editor)	True	null	null	null	null	null	null	None	0	null	0	0	null	null	null	null	null	
2024/11/23 15:52:28.232	b135e9c82f3b5af8414a656ace8a78c8d45a7834	Windows 11  (10.0.22631) 64bit (Editor)	True	null	null	null	null	null	null	None	0	null	0	0	null	null	null	null	null	
2024/11/23 15:52:28.249	b135e9c82f3b5af8414a656ace8a78c8d45a7834	Windows 11  (10.0.22631) 64bit (Editor)	True	null	null	null	null	null	null	None	0	null	0	0	null	null	null	null	null	
2024/11/23 15:52:28.257	b135e9c82f3b5af8414a656ace8a78c8d45a7834	Windows 11  (10.0.22631) 64bit (Editor)	True	null	null	null	null	null	null	None	0	null	0	0	null	null	null	null	null	
2024/11/23 15:52:28.266	b135e9c82f3b5af8414a656ace8a78c8d45a7834	Windows 11  (10.0.22631) 64bit (Editor)	True	null	null	null	null	null	null	None	0	null	0	0	null	null	null	null	null	
2024/11/23 15:52:28.273	b135e9c82f3b5af8414a656ace8a78c8d45a7834	Windows 11  (10.0.22631) 64bit (Editor)	True	null	null	null	null	null	null	None	0	null	0	0	null	null	null	null	null	
2024/11/23 15:52:28.282	b135e9c82f3b5af8414a656ace8a78c8d45a7834	Windows 11  (10.0.22631) 64bit (Editor)	True	null	null	null	null	null	null	None	0	null	0	0	null	null	null	null	null	
2024/11/23 15:52:28.291	b135e9c82f3b5af8414a656ace8a78c8d45a7834	Windows 11  (10.0.22631) 64bit (Editor)	True	null	null	null	null	null	null	None	0	null	0	0	null	null	null	null	null	
2024/11/23 15:52:28.298	b135e9c82f3b5af8414a656ace8a78c8d45a7834	Windows 11  (10.0.22631) 64bit (Editor)	True	null	null	null	null	null	null	None	0	null	0	0	null	null	null	null	null	
2024/11/23 15:52:28.306	b135e9c82f3b5af8414a656ace8a78c8d45a7834	Windows 11  (10.0.22631) 64bit (Editor)	True	null	null	null	null	null	null	None	0	null	0	0	null	null	null	null	null	
2024/11/23 15:52:28.313	b135e9c82f3b5af8414a656ace8a78c8d45a7834	Windows 11  (10.0.22631) 64bit (Editor)	True	null	null	null	null	null	null	None	0	null	0	0	null	null	null	null	null	
2024/11/23 15:52:28.321	b135e9c82f3b5af8414a656ace8a78c8d45a7834	Windows 11  (10.0.22631) 64bit (Editor)	True	null	null	null	null	null	null	None	0	null	0	0	null	null	null	null	null	
2024/11/23 15:52:28.328	b135e9c82f3b5af8414a656ace8a78c8d45a7834	Windows 11  (10.0.22631) 64bit (Editor)	True	null	null	null	null	null	null	None	0	null	0	0	null	null	null	null	null	
2024/11/23 15:52:28.335	b135e9c82f3b5af8414a656ace8a78c8d45a7834	Windows 11  (10.0.22631) 64bit (Editor)	True	null	null	null	null	null	null	None	0	null	0	0	null	null	null	null	null	
2024/11/23 15:52:28.342	b135e9c82f3b5af8414a656ace8a78c8d45a7834	Windows 11  (10.0.22631) 64bit (Editor)	True	null	null	null	null	null	null	None	0	null	0	0	null	null	null	null	null	
2024/11/23 15:52:28.348	b135e9c82f3b5af8414a656ace8a78c8d45a7834	Windows 11  (10.0.22631) 64bit (Editor)	True	null	null	null	null	null	null	None	0	null	0	0	null	null	null	null	null	
2024/11/23 15:52:28.357	b135e9c82f3b5af8414a656ace8a78c8d45a7834	Windows 11  (10.0.22631) 64bit (Editor)	True	null	null	null	null	null	null	None	0	null	0	0	null	null	null	null	null	
2024/11/23 15:52:28.363	b135e9c82f3b5af8414a656ace8a78c8d45a7834	Windows 11  (10.0.22631) 64bit (Editor)	True	null	null	null	null	null	null	None	0	null	0	0	null	null	null	null	null	
2024/11/23 15:52:28.372	b135e9c82f3b5af8414a656ace8a78c8d45a7834	Windows 11  (10.0.22631) 64bit (Editor)	True	null	null	null	null	null	null	None	0	null	0	0	null	null	null	null	null	
2024/11/23 15:52:28.379	b135e9c82f3b5af8414a656ace8a78c8d45a7834	Windows 11  (10.0.22631) 64bit (Editor)	True	null	null	null	null	null	null	None	0	null	0	0	null	null	null	null	null	
2024/11/23 15:52:28.387	b135e9c82f3b5af8414a656ace8a78c8d45a7834	Windows 11  (10.0.22631) 64bit (Editor)	True	null	null	null	null	null	null	None	0	null	0	0	null	null	null	null	null	
2024/11/23 15:52:28.405	b135e9c82f3b5af8414a656ace8a78c8d45a7834	Windows 11  (10.0.22631) 64bit (Editor)	True	null	null	null	null	null	null	None	0	null	0	0	null	null	null	null	null	
2024/11/23 15:52:28.411	b135e9c82f3b5af8414a656ace8a78c8d45a7834	Windows 11  (10.0.22631) 64bit (Editor)	True	null	null	null	null	null	null	None	0	null	0	0	null	null	null	null	null	
2024/11/23 15:52:28.419	b135e9c82f3b5af8414a656ace8a78c8d45a7834	Windows 11  (10.0.22631) 64bit (Editor)	True	null	null	null	null	null	null	None	0	null	0	0	null	null	null	null	null	
2024/11/23 15:52:28.426	b135e9c82f3b5af8414a656ace8a78c8d45a7834	Windows 11  (10.0.22631) 64bit (Editor)	True	null	null	null	null	null	null	None	0	null	0	0	null	null	null	null	null	
2024/11/23 15:52:28.433	b135e9c82f3b5af8414a656ace8a78c8d45a7834	Windows 11  (10.0.22631) 64bit (Editor)	True	null	null	null	null	null	null	None	0	null	0	0	null	null	null	null	null	
2024/11/23 15:52:28.441	b135e9c82f3b5af8414a656ace8a78c8d45a7834	Windows 11  (10.0.22631) 64bit (Editor)	True	null	null	null	null	null	null	None	0	null	0	0	null	null	null	null	null	
2024/11/23 15:52:28.447	b135e9c82f3b5af8414a656ace8a78c8d45a7834	Windows 11  (10.0.22631) 64bit (Editor)	True	null	null	null	null	null	null	None	0	null	0	0	null	null	null	null	null	
2024/11/23 15:52:28.454	b135e9c82f3b5af8414a656ace8a78c8d45a7834	Windows 11  (10.0.22631) 64bit (Editor)	True	null	null	null	null	null	null	None	0	null	0	0	null	null	null	null	null	
2024/11/23 15:52:28.462	b135e9c82f3b5af8414a656ace8a78c8d45a7834	Windows 11  (10.0.22631) 64bit (Editor)	True	null	null	null	null	null	null	None	0	null	0	0	null	null	null	null	null	
2024/11/23 15:52:28.469	b135e9c82f3b5af8414a656ace8a78c8d45a7834	Windows 11  (10.0.22631) 64bit (Editor)	True	null	null	null	null	null	null	None	0	null	0	0	null	null	null	null	null	
2024/11/23 15:52:28.476	b135e9c82f3b5af8414a656ace8a78c8d45a7834	Windows 11  (10.0.22631) 64bit (Editor)	True	null	null	null	null	null	null	None	0	null	0	0	null	null	null	null	null	
2024/11/23 15:52:28.484	b135e9c82f3b5af8414a656ace8a78c8d45a7834	Windows 11  (10.0.22631) 64bit (Editor)	True	null	null	null	null	null	null	None	0	null	0	0	null	null	null	null	null	
2024/11/23 15:52:28.491	b135e9c82f3b5af8414a656ace8a78c8d45a7834	Windows 11  (10.0.22631) 64bit (Editor)	True	null	null	null	null	null	null	None	0	null	0	0	null	null	null	null	null	
2024/11/23 15:52:28.497	b135e9c82f3b5af8414a656ace8a78c8d45a7834	Windows 11  (10.0.22631) 64bit (Editor)	True	null	null	null	null	null	null	None	0	null	0	0	null	null	null	null	null	
2024/11/23 15:52:28.505	b135e9c82f3b5af8414a656ace8a78c8d45a7834	Windows 11  (10.0.22631) 64bit (Editor)	True	null	null	null	null	null	null	None	0	null	0	0	null	null	null	null	null	
2024/11/23 15:52:28.511	b135e9c82f3b5af8414a656ace8a78c8d45a7834	Windows 11  (10.0.22631) 64bit (Editor)	True	null	null	null	null	null	null	None	0	null	0	0	null	null	null	null	null	
2024/11/23 15:52:28.518	b135e9c82f3b5af8414a656ace8a78c8d45a7834	Windows 11  (10.0.22631) 64bit (Editor)	True	null	null	null	null	null	null	None	0	null	0	0	null	null	null	null	null	
2024/11/23 15:52:28.525	b135e9c82f3b5af8414a656ace8a78c8d45a7834	Windows 11  (10.0.22631) 64bit (Editor)	True	null	null	null	null	null	null	None	0	null	0	0	null	null	null	null	null	
2024/11/23 15:52:28.534	b135e9c82f3b5af8414a656ace8a78c8d45a7834	Windows 11  (10.0.22631) 64bit (Editor)	True	null	null	null	null	null	null	None	0	null	0	0	null	null	null	null	null	
2024/11/23 15:52:28.541	b135e9c82f3b5af8414a656ace8a78c8d45a7834	Windows 11  (10.0.22631) 64bit (Editor)	True	null	null	null	null	null	null	None	0	null	0	0	null	null	null	null	null	
2024/11/23 15:52:28.557	b135e9c82f3b5af8414a656ace8a78c8d45a7834	Windows 11  (10.0.22631) 64bit (Editor)	True	null	null	null	null	null	null	None	0	null	0	0	null	null	null	null	null	
2024/11/23 15:52:28.565	b135e9c82f3b5af8414a656ace8a78c8d45a7834	Windows 11  (10.0.22631) 64bit (Editor)	True	null	null	null	null	null	null	None	0	null	0	0	null	null	null	null	null	
2024/11/23 15:52:28.572	b135e9c82f3b5af8414a656ace8a78c8d45a7834	Windows 11  (10.0.22631) 64bit (Editor)	True	null	null	null	null	null	null	None	0	null	0	0	null	null	null	null	null	
2024/11/23 15:52:28.580	b135e9c82f3b5af8414a656ace8a78c8d45a7834	Windows 11  (10.0.22631) 64bit (Editor)	True	null	null	null	null	null	null	None	0	null	0	0	null	null	null	null	null	
2024/11/23 15:52:28.587	b135e9c82f3b5af8414a656ace8a78c8d45a7834	Windows 11  (10.0.22631) 64bit (Editor)	True	null	null	null	null	null	null	None	0	null	0	0	null	null	null	null	null	
2024/11/23 15:52:28.594	b135e9c82f3b5af8414a656ace8a78c8d45a7834	Windows 11  (10.0.22631) 64bit (Editor)	True	null	null	null	null	null	null	None	0	null	0	0	null	null	null	null	null	
2024/11/23 15:52:28.601	b135e9c82f3b5af8414a656ace8a78c8d45a7834	Windows 11  (10.0.22631) 64bit (Editor)	True	null	null	null	null	null	null	None	0	null	0	0	null	null	null	null	null	
2024/11/23 15:52:28.608	b135e9c82f3b5af8414a656ace8a78c8d45a7834	Windows 11  (10.0.22631) 64bit (Editor)	True	null	null	null	null	null	null	None	0	null	0	0	null	null	null	null	null	
2024/11/23 15:52:28.615	b135e9c82f3b5af8414a656ace8a78c8d45a7834	Windows 11  (10.0.22631) 64bit (Editor)	True	null	null	null	null	null	null	None	0	null	0	0	null	null	null	null	null	
2024/11/23 15:52:28.624	b135e9c82f3b5af8414a656ace8a78c8d45a7834	Windows 11  (10.0.22631) 64bit (Editor)	True	null	null	null	null	null	null	None	0	null	0	0	null	null	null	null	null	
2024/11/23 15:52:28.631	b135e9c82f3b5af8414a656ace8a78c8d45a7834	Windows 11  (10.0.22631) 64bit (Editor)	True	null	null	null	null	null	null	None	0	null	0	0	null	null	null	null	null	
2024/11/23 15:52:28.643	b135e9c82f3b5af8414a656ace8a78c8d45a7834	Windows 11  (10.0.22631) 64bit (Editor)	True	null	null	null	null	null	null	None	0	null	0	0	null	null	null	null	null	
2024/11/23 15:52:28.652	b135e9c82f3b5af8414a656ace8a78c8d45a7834	Windows 11  (10.0.22631) 64bit (Editor)	True	null	null	null	null	null	null	None	0	null	0	0	null	null	null	null	null	
2024/11/23 15:52:28.664	b135e9c82f3b5af8414a656ace8a78c8d45a7834	Windows 11  (10.0.22631) 64bit (Editor)	True	null	null	null	null	null	null	None	0	null	0	0	null	null	null	null	null	
2024/11/23 15:52:28.673	b135e9c82f3b5af8414a656ace8a78c8d45a7834	Windows 11  (10.0.22631) 64bit (Editor)	True	null	null	null	null	null	null	None	0	null	0	0	null	null	null	null	null	
2024/11/23 15:52:28.682	b135e9c82f3b5af8414a656ace8a78c8d45a7834	Windows 11  (10.0.22631) 64bit (Editor)	True	null	null	null	null	null	null	None	0	null	0	0	null	null	null	null	null	
2024/11/23 15:52:28.694	b135e9c82f3b5af8414a656ace8a78c8d45a7834	Windows 11  (10.0.22631) 64bit (Editor)	True	null	null	null	null	null	null	None	0	null	0	0	null	null	null	null	null	
2024/11/23 15:52:28.723	b135e9c82f3b5af8414a656ace8a78c8d45a7834	Windows 11  (10.0.22631) 64bit (Editor)	True	null	null	null	null	null	null	None	0	null	0	0	null	null	null	null	null	
2024/11/23 15:52:28.730	b135e9c82f3b5af8414a656ace8a78c8d45a7834	Windows 11  (10.0.22631) 64bit (Editor)	True	null	null	null	null	null	null	None	0	null	0	0	null	null	null	null	null	
2024/11/23 15:52:28.742	b135e9c82f3b5af8414a656ace8a78c8d45a7834	Windows 11  (10.0.22631) 64bit (Editor)	True	null	null	null	null	null	null	None	0	null	0	0	null	null	null	null	null	
2024/11/23 15:52:28.750	b135e9c82f3b5af8414a656ace8a78c8d45a7834	Windows 11  (10.0.22631) 64bit (Editor)	True	null	null	null	null	null	null	None	0	null	0	0	null	null	null	null	null	
2024/11/23 15:52:28.761	b135e9c82f3b5af8414a656ace8a78c8d45a7834	Windows 11  (10.0.22631) 64bit (Editor)	True	null	null	null	null	null	null	None	0	null	0	0	null	null	null	null	null	
2024/11/23 15:52:28.772	b135e9c82f3b5af8414a656ace8a78c8d45a7834	Windows 11  (10.0.22631) 64bit (Editor)	True	null	null	null	null	null	null	None	0	null	0	0	null	null	null	null	null	
2024/11/23 15:52:28.780	b135e9c82f3b5af8414a656ace8a78c8d45a7834	Windows 11  (10.0.22631) 64bit (Editor)	True	null	null	null	null	null	null	None	0	null	0	0	null	null	null	null	null	
2024/11/23 15:52:28.792	b135e9c82f3b5af8414a656ace8a78c8d45a7834	Windows 11  (10.0.22631) 64bit (Editor)	True	null	null	null	null	null	null	None	0	null	0	0	null	null	null	null	null	
2024/11/23 15:52:28.803	b135e9c82f3b5af8414a656ace8a78c8d45a7834	Windows 11  (10.0.22631) 64bit (Editor)	True	null	null	null	null	null	null	None	0	null	0	0	null	null	null	null	null	
2024/11/23 15:52:28.812	b135e9c82f3b5af8414a656ace8a78c8d45a7834	Windows 11  (10.0.22631) 64bit (Editor)	True	null	null	null	null	null	null	None	0	null	0	0	null	null	null	null	null	
2024/11/23 15:52:28.821	b135e9c82f3b5af8414a656ace8a78c8d45a7834	Windows 11  (10.0.22631) 64bit (Editor)	True	null	null	null	null	null	null	None	0	null	0	0	null	null	null	null	null	
2024/11/23 15:52:28.836	b135e9c82f3b5af8414a656ace8a78c8d45a7834	Windows 11  (10.0.22631) 64bit (Editor)	True	null	null	null	null	null	null	None	0	null	0	0	null	null	null	null	null	
2024/11/23 15:52:28.845	b135e9c82f3b5af8414a656ace8a78c8d45a7834	Windows 11  (10.0.22631) 64bit (Editor)	True	null	null	null	null	null	null	None	0	null	0	0	null	null	null	null	null	
2024/11/23 15:52:28.864	b135e9c82f3b5af8414a656ace8a78c8d45a7834	Windows 11  (10.0.22631) 64bit (Editor)	True	null	null	null	null	null	null	None	0	null	0	0	null	null	null	null	null	
2024/11/23 15:52:28.872	b135e9c82f3b5af8414a656ace8a78c8d45a7834	Windows 11  (10.0.22631) 64bit (Editor)	True	null	null	null	null	null	null	None	0	null	0	0	null	null	null	null	null	
2024/11/23 15:52:28.881	b135e9c82f3b5af8414a656ace8a78c8d45a7834	Windows 11  (10.0.22631) 64bit (Editor)	True	null	null	null	null	null	null	None	0	null	0	0	null	null	null	null	null	
2024/11/23 15:52:28.889	b135e9c82f3b5af8414a656ace8a78c8d45a7834	Windows 11  (10.0.22631) 64bit (Editor)	True	null	null	null	null	null	null	None	0	null	0	0	null	null	null	null	null	
2024/11/23 15:52:28.896	b135e9c82f3b5af8414a656ace8a78c8d45a7834	Windows 11  (10.0.22631) 64bit (Editor)	True	null	null	null	null	null	null	None	0	null	0	0	null	null	null	null	null	
2024/11/23 15:52:28.905	b135e9c82f3b5af8414a656ace8a78c8d45a7834	Windows 11  (10.0.22631) 64bit (Editor)	True	null	null	null	null	null	null	None	0	null	0	0	null	null	null	null	null	
2024/11/23 15:52:28.911	b135e9c82f3b5af8414a656ace8a78c8d45a7834	Windows 11  (10.0.22631) 64bit (Editor)	True	null	null	null	null	null	null	None	0	null	0	0	null	null	null	null	null	
2024/11/23 15:52:28.920	b135e9c82f3b5af8414a656ace8a78c8d45a7834	Windows 11  (10.0.22631) 64bit (Editor)	True	null	null	null	null	null	null	None	0	null	0	0	null	null	null	null	null	
2024/11/23 15:52:28.927	b135e9c82f3b5af8414a656ace8a78c8d45a7834	Windows 11  (10.0.22631) 64bit (Editor)	True	null	null	null	null	null	null	None	0	null	0	0	null	null	null	null	null	
2024/11/23 15:52:28.937	b135e9c82f3b5af8414a656ace8a78c8d45a7834	Windows 11  (10.0.22631) 64bit (Editor)	True	null	null	null	null	null	null	None	0	null	0	0	null	null	null	null	null	
2024/11/23 15:52:28.944	b135e9c82f3b5af8414a656ace8a78c8d45a7834	Windows 11  (10.0.22631) 64bit (Editor)	True	null	null	null	null	null	null	None	0	null	0	0	null	null	null	null	null	
2024/11/23 15:52:28.954	b135e9c82f3b5af8414a656ace8a78c8d45a7834	Windows 11  (10.0.22631) 64bit (Editor)	True	null	null	null	null	null	null	None	0	null	0	0	null	null	null	null	null	
2024/11/23 15:52:28.963	b135e9c82f3b5af8414a656ace8a78c8d45a7834	Windows 11  (10.0.22631) 64bit (Editor)	True	null	null	null	null	null	null	None	0	null	0	0	null	null	null	null	null	
2024/11/23 15:52:28.971	b135e9c82f3b5af8414a656ace8a78c8d45a7834	Windows 11  (10.0.22631) 64bit (Editor)	True	null	null	null	null	null	null	None	0	null	0	0	null	null	null	null	null	
2024/11/23 15:52:28.979	b135e9c82f3b5af8414a656ace8a78c8d45a7834	Windows 11  (10.0.22631) 64bit (Editor)	True	null	null	null	null	null	null	None	0	null	0	0	null	null	null	null	null	
2024/11/23 15:52:28.986	b135e9c82f3b5af8414a656ace8a78c8d45a7834	Windows 11  (10.0.22631) 64bit (Editor)	True	null	null	null	null	null	null	None	0	null	0	0	null	null	null	null	null	
2024/11/23 15:52:28.994	b135e9c82f3b5af8414a656ace8a78c8d45a7834	Windows 11  (10.0.22631) 64bit (Editor)	True	null	null	null	null	null	null	None	0	null	0	0	null	null	null	null	null	
2024/11/23 15:52:29.001	b135e9c82f3b5af8414a656ace8a78c8d45a7834	Windows 11  (10.0.22631) 64bit (Editor)	True	null	null	null	null	null	null	None	0	null	0	0	null	null	null	null	null	
2024/11/23 15:52:29.018	b135e9c82f3b5af8414a656ace8a78c8d45a7834	Windows 11  (10.0.22631) 64bit (Editor)	True	null	null	null	null	null	null	None	0	null	0	0	null	null	null	null	null	
2024/11/23 15:52:29.025	b135e9c82f3b5af8414a656ace8a78c8d45a7834	Windows 11  (10.0.22631) 64bit (Editor)	True	null	null	null	null	null	null	None	0	null	0	0	null	null	null	null	null	
2024/11/23 15:52:29.033	b135e9c82f3b5af8414a656ace8a78c8d45a7834	Windows 11  (10.0.22631) 64bit (Editor)	True	null	null	null	null	null	null	None	0	null	0	0	null	null	null	null	null	
2024/11/23 15:52:29.041	b135e9c82f3b5af8414a656ace8a78c8d45a7834	Windows 11  (10.0.22631) 64bit (Editor)	True	null	null	null	null	null	null	None	0	null	0	0	null	null	null	null	null	
2024/11/23 15:52:29.047	b135e9c82f3b5af8414a656ace8a78c8d45a7834	Windows 11  (10.0.22631) 64bit (Editor)	True	null	null	null	null	null	null	None	0	null	0	0	null	null	null	null	null	
2024/11/23 15:52:29.055	b135e9c82f3b5af8414a656ace8a78c8d45a7834	Windows 11  (10.0.22631) 64bit (Editor)	True	null	null	null	null	null	null	None	0	null	0	0	null	null	null	null	null	
2024/11/23 15:52:29.062	b135e9c82f3b5af8414a656ace8a78c8d45a7834	Windows 11  (10.0.22631) 64bit (Editor)	True	null	null	null	null	null	null	None	0	null	0	0	null	null	null	null	null	
2024/11/23 15:52:29.069	b135e9c82f3b5af8414a656ace8a78c8d45a7834	Windows 11  (10.0.22631) 64bit (Editor)	True	null	null	null	null	null	null	None	0	null	0	0	null	null	null	null	null	
2024/11/23 15:52:29.076	b135e9c82f3b5af8414a656ace8a78c8d45a7834	Windows 11  (10.0.22631) 64bit (Editor)	True	null	null	null	null	null	null	None	0	null	0	0	null	null	null	null	null	
2024/11/23 15:52:29.083	b135e9c82f3b5af8414a656ace8a78c8d45a7834	Windows 11  (10.0.22631) 64bit (Editor)	True	null	null	null	null	null	null	None	0	null	0	0	null	null	null	null	null	
2024/11/23 15:52:29.090	b135e9c82f3b5af8414a656ace8a78c8d45a7834	Windows 11  (10.0.22631) 64bit (Editor)	True	null	null	null	null	null	null	None	0	null	0	0	null	null	null	null	null	
2024/11/23 15:52:29.097	b135e9c82f3b5af8414a656ace8a78c8d45a7834	Windows 11  (10.0.22631) 64bit (Editor)	True	null	null	null	null	null	null	None	0	null	0	0	null	null	null	null	null	
2024/11/23 15:52:29.104	b135e9c82f3b5af8414a656ace8a78c8d45a7834	Windows 11  (10.0.22631) 64bit (Editor)	True	null	null	null	null	null	null	None	0	null	0	0	null	null	null	null	null	
2024/11/23 15:52:29.110	b135e9c82f3b5af8414a656ace8a78c8d45a7834	Windows 11  (10.0.22631) 64bit (Editor)	True	null	null	null	null	null	null	None	0	null	0	0	null	null	null	null	null	
2024/11/23 15:52:29.117	b135e9c82f3b5af8414a656ace8a78c8d45a7834	Windows 11  (10.0.22631) 64bit (Editor)	True	null	null	null	null	null	null	None	0	null	0	0	null	null	null	null	null	
2024/11/23 15:52:29.124	b135e9c82f3b5af8414a656ace8a78c8d45a7834	Windows 11  (10.0.22631) 64bit (Editor)	True	null	null	null	null	null	null	None	0	null	0	0	null	null	null	null	null	
2024/11/23 15:52:29.130	b135e9c82f3b5af8414a656ace8a78c8d45a7834	Windows 11  (10.0.22631) 64bit (Editor)	True	null	null	null	null	null	null	None	0	null	0	0	null	null	null	null	null	
2024/11/23 15:52:29.137	b135e9c82f3b5af8414a656ace8a78c8d45a7834	Windows 11  (10.0.22631) 64bit (Editor)	True	null	null	null	null	null	null	None	0	null	0	0	null	null	null	null	null	
2024/11/23 15:52:29.145	b135e9c82f3b5af8414a656ace8a78c8d45a7834	Windows 11  (10.0.22631) 64bit (Editor)	True	null	null	null	null	null	null	None	0	null	0	0	null	null	null	null	null	
2024/11/23 15:52:29.152	b135e9c82f3b5af8414a656ace8a78c8d45a7834	Windows 11  (10.0.22631) 64bit (Editor)	True	null	null	null	null	null	null	None	0	null	0	0	null	null	null	null	null	
2024/11/23 15:52:29.172	b135e9c82f3b5af8414a656ace8a78c8d45a7834	Windows 11  (10.0.22631) 64bit (Editor)	True	null	null	null	null	null	null	None	0	null	0	0	null	null	null	null	null	
2024/11/23 15:52:29.179	b135e9c82f3b5af8414a656ace8a78c8d45a7834	Windows 11  (10.0.22631) 64bit (Editor)	True	null	null	null	null	null	null	None	0	null	0	0	null	null	null	null	null	
2024/11/23 15:52:29.187	b135e9c82f3b5af8414a656ace8a78c8d45a7834	Windows 11  (10.0.22631) 64bit (Editor)	True	null	null	null	null	null	null	None	0	null	0	0	null	null	null	null	null	
2024/11/23 15:52:29.194	b135e9c82f3b5af8414a656ace8a78c8d45a7834	Windows 11  (10.0.22631) 64bit (Editor)	True	null	null	null	null	null	null	None	0	null	0	0	null	null	null	null	null	
2024/11/23 15:52:29.203	b135e9c82f3b5af8414a656ace8a78c8d45a7834	Windows 11  (10.0.22631) 64bit (Editor)	True	null	null	null	null	null	null	None	0	null	0	0	null	null	null	null	null	
2024/11/23 15:52:29.210	b135e9c82f3b5af8414a656ace8a78c8d45a7834	Windows 11  (10.0.22631) 64bit (Editor)	True	null	null	null	null	null	null	None	0	null	0	0	null	null	null	null	null	
2024/11/23 15:52:29.218	b135e9c82f3b5af8414a656ace8a78c8d45a7834	Windows 11  (10.0.22631) 64bit (Editor)	True	null	null	null	null	null	null	None	0	null	0	0	null	null	null	null	null	
2024/11/23 15:52:29.225	b135e9c82f3b5af8414a656ace8a78c8d45a7834	Windows 11  (10.0.22631) 64bit (Editor)	True	null	null	null	null	null	null	None	0	null	0	0	null	null	null	null	null	
2024/11/23 15:52:29.231	b135e9c82f3b5af8414a656ace8a78c8d45a7834	Windows 11  (10.0.22631) 64bit (Editor)	True	null	null	null	null	null	null	None	0	null	0	0	null	null	null	null	null	
2024/11/23 15:52:29.237	b135e9c82f3b5af8414a656ace8a78c8d45a7834	Windows 11  (10.0.22631) 64bit (Editor)	True	null	null	null	null	null	null	None	0	null	0	0	null	null	null	null	null	
2024/11/23 15:52:29.245	b135e9c82f3b5af8414a656ace8a78c8d45a7834	Windows 11  (10.0.22631) 64bit (Editor)	True	null	null	null	null	null	null	None	0	null	0	0	null	null	null	null	null	
2024/11/23 15:52:29.252	b135e9c82f3b5af8414a656ace8a78c8d45a7834	Windows 11  (10.0.22631) 64bit (Editor)	True	null	null	null	null	null	null	None	0	null	0	0	null	null	null	null	null	
2024/11/23 15:52:29.259	b135e9c82f3b5af8414a656ace8a78c8d45a7834	Windows 11  (10.0.22631) 64bit (Editor)	True	null	null	null	null	null	null	None	0	null	0	0	null	null	null	null	null	
2024/11/23 15:52:29.266	b135e9c82f3b5af8414a656ace8a78c8d45a7834	Windows 11  (10.0.22631) 64bit (Editor)	True	null	null	null	null	null	null	None	0	null	0	0	null	null	null	null	null	
2024/11/23 15:52:29.273	b135e9c82f3b5af8414a656ace8a78c8d45a7834	Windows 11  (10.0.22631) 64bit (Editor)	True	null	null	null	null	null	null	None	0	null	0	0	null	null	null	null	null	
2024/11/23 15:52:29.281	b135e9c82f3b5af8414a656ace8a78c8d45a7834	Windows 11  (10.0.22631) 64bit (Editor)	True	null	null	null	null	null	null	None	0	null	0	0	null	null	null	null	null	
2024/11/23 15:52:29.289	b135e9c82f3b5af8414a656ace8a78c8d45a7834	Windows 11  (10.0.22631) 64bit (Editor)	True	null	null	null	null	null	null	None	0	null	0	0	null	null	null	null	null	
2024/11/23 15:52:29.298	b135e9c82f3b5af8414a656ace8a78c8d45a7834	Windows 11  (10.0.22631) 64bit (Editor)	True	null	null	null	null	null	null	None	0	null	0	0	null	null	null	null	null	
2024/11/23 15:52:29.305	b135e9c82f3b5af8414a656ace8a78c8d45a7834	Windows 11  (10.0.22631) 64bit (Editor)	True	null	null	null	null	null	null	None	0	null	0	0	null	null	null	null	null	
2024/11/23 15:52:29.324	b135e9c82f3b5af8414a656ace8a78c8d45a7834	Windows 11  (10.0.22631) 64bit (Editor)	True	null	null	null	null	null	null	None	0	null	0	0	null	null	null	null	null	
2024/11/23 15:52:29.331	b135e9c82f3b5af8414a656ace8a78c8d45a7834	Windows 11  (10.0.22631) 64bit (Editor)	True	null	null	null	null	null	null	None	0	null	0	0	null	null	null	null	null	
2024/11/23 15:52:29.340	b135e9c82f3b5af8414a656ace8a78c8d45a7834	Windows 11  (10.0.22631) 64bit (Editor)	True	null	null	null	null	null	null	None	0	null	0	0	null	null	null	null	null	
2024/11/23 15:52:29.347	b135e9c82f3b5af8414a656ace8a78c8d45a7834	Windows 11  (10.0.22631) 64bit (Editor)	True	null	null	null	null	null	null	None	0	null	0	0	null	null	null	null	null	
2024/11/23 15:52:29.354	b135e9c82f3b5af8414a656ace8a78c8d45a7834	Windows 11  (10.0.22631) 64bit (Editor)	True	null	null	null	null	null	null	None	0	null	0	0	null	null	null	null	null	
2024/11/23 15:52:29.362	b135e9c82f3b5af8414a656ace8a78c8d45a7834	Windows 11  (10.0.22631) 64bit (Editor)	True	null	null	null	null	null	null	None	0	null	0	0	null	null	null	null	null	
2024/11/23 15:52:29.368	b135e9c82f3b5af8414a656ace8a78c8d45a7834	Windows 11  (10.0.22631) 64bit (Editor)	True	null	null	null	null	null	null	None	0	null	0	0	null	null	null	null	null	
2024/11/23 15:52:29.375	b135e9c82f3b5af8414a656ace8a78c8d45a7834	Windows 11  (10.0.22631) 64bit (Editor)	True	null	null	null	null	null	null	None	0	null	0	0	null	null	null	null	null	
2024/11/23 15:52:29.388	b135e9c82f3b5af8414a656ace8a78c8d45a7834	Windows 11  (10.0.22631) 64bit (Editor)	True	null	null	null	null	null	null	None	0	null	0	0	null	null	null	null	null	
2024/11/23 15:52:29.395	b135e9c82f3b5af8414a656ace8a78c8d45a7834	Windows 11  (10.0.22631) 64bit (Editor)	True	null	null	null	null	null	null	None	0	null	0	0	null	null	null	null	null	
2024/11/23 15:52:29.403	b135e9c82f3b5af8414a656ace8a78c8d45a7834	Windows 11  (10.0.22631) 64bit (Editor)	True	null	null	null	null	null	null	None	0	null	0	0	null	null	null	null	null	
2024/11/23 15:52:29.409	b135e9c82f3b5af8414a656ace8a78c8d45a7834	Windows 11  (10.0.22631) 64bit (Editor)	True	null	null	null	null	null	null	None	0	null	0	0	null	null	null	null	null	
2024/11/23 15:52:29.417	b135e9c82f3b5af8414a656ace8a78c8d45a7834	Windows 11  (10.0.22631) 64bit (Editor)	True	null	null	null	null	null	null	None	0	null	0	0	null	null	null	null	null	
2024/11/23 15:52:29.425	b135e9c82f3b5af8414a656ace8a78c8d45a7834	Windows 11  (10.0.22631) 64bit (Editor)	True	null	null	null	null	null	null	None	0	null	0	0	null	null	null	null	null	
2024/11/23 15:52:29.432	b135e9c82f3b5af8414a656ace8a78c8d45a7834	Windows 11  (10.0.22631) 64bit (Editor)	True	null	null	null	null	null	null	None	0	null	0	0	null	null	null	null	null	
2024/11/23 15:52:29.441	b135e9c82f3b5af8414a656ace8a78c8d45a7834	Windows 11  (10.0.22631) 64bit (Editor)	True	null	null	null	null	null	null	None	0	null	0	0	null	null	null	null	null	
2024/11/23 15:52:29.448	b135e9c82f3b5af8414a656ace8a78c8d45a7834	Windows 11  (10.0.22631) 64bit (Editor)	True	null	null	null	null	null	null	None	0	null	0	0	null	null	null	null	null	
2024/11/23 15:52:29.457	b135e9c82f3b5af8414a656ace8a78c8d45a7834	Windows 11  (10.0.22631) 64bit (Editor)	True	null	null	null	null	null	null	None	0	null	0	0	null	null	null	null	null	
2024/11/23 15:52:29.477	b135e9c82f3b5af8414a656ace8a78c8d45a7834	Windows 11  (10.0.22631) 64bit (Editor)	True	null	null	null	null	null	null	None	0	null	0	0	null	null	null	null	null	
2024/11/23 15:52:29.485	b135e9c82f3b5af8414a656ace8a78c8d45a7834	Windows 11  (10.0.22631) 64bit (Editor)	True	null	null	null	null	null	null	None	0	null	0	0	null	null	null	null	null	
2024/11/23 15:52:29.495	b135e9c82f3b5af8414a656ace8a78c8d45a7834	Windows 11  (10.0.22631) 64bit (Editor)	True	null	null	null	null	null	null	None	0	null	0	0	null	null	null	null	null	
2024/11/23 15:52:29.505	b135e9c82f3b5af8414a656ace8a78c8d45a7834	Windows 11  (10.0.22631) 64bit (Editor)	True	null	null	null	null	null	null	None	0	null	0	0	null	null	null	null	null	
2024/11/23 15:52:29.512	b135e9c82f3b5af8414a656ace8a78c8d45a7834	Windows 11  (10.0.22631) 64bit (Editor)	True	null	null	null	null	null	null	None	0	null	0	0	null	null	null	null	null	
2024/11/23 15:52:29.523	b135e9c82f3b5af8414a656ace8a78c8d45a7834	Windows 11  (10.0.22631) 64bit (Editor)	True	null	null	null	null	null	null	None	0	null	0	0	null	null	null	null	null	
2024/11/23 15:52:29.530	b135e9c82f3b5af8414a656ace8a78c8d45a7834	Windows 11  (10.0.22631) 64bit (Editor)	True	null	null	null	null	null	null	None	0	null	0	0	null	null	null	null	null	
2024/11/23 15:52:29.540	b135e9c82f3b5af8414a656ace8a78c8d45a7834	Windows 11  (10.0.22631) 64bit (Editor)	True	null	null	null	null	null	null	None	0	null	0	0	null	null	null	null	null	
2024/11/23 15:52:29.552	b135e9c82f3b5af8414a656ace8a78c8d45a7834	Windows 11  (10.0.22631) 64bit (Editor)	True	null	null	null	null	null	null	None	0	null	0	0	null	null	null	null	null	
2024/11/23 15:52:29.560	b135e9c82f3b5af8414a656ace8a78c8d45a7834	Windows 11  (10.0.22631) 64bit (Editor)	True	null	null	null	null	null	null	None	0	null	0	0	null	null	null	null	null	
2024/11/23 15:52:29.567	b135e9c82f3b5af8414a656ace8a78c8d45a7834	Windows 11  (10.0.22631) 64bit (Editor)	True	null	null	null	null	null	null	None	0	null	0	0	null	null	null	null	null	
2024/11/23 15:52:29.576	b135e9c82f3b5af8414a656ace8a78c8d45a7834	Windows 11  (10.0.22631) 64bit (Editor)	True	null	null	null	null	null	null	None	0	null	0	0	null	null	null	null	null	
2024/11/23 15:52:29.584	b135e9c82f3b5af8414a656ace8a78c8d45a7834	Windows 11  (10.0.22631) 64bit (Editor)	True	null	null	null	null	null	null	None	0	null	0	0	null	null	null	null	null	
2024/11/23 15:52:29.593	b135e9c82f3b5af8414a656ace8a78c8d45a7834	Windows 11  (10.0.22631) 64bit (Editor)	True	null	null	null	null	null	null	None	0	null	0	0	null	null	null	null	null	
2024/11/23 15:52:29.602	b135e9c82f3b5af8414a656ace8a78c8d45a7834	Windows 11  (10.0.22631) 64bit (Editor)	True	null	null	null	null	null	null	None	0	null	0	0	null	null	null	null	null	
2024/11/23 15:52:29.610	b135e9c82f3b5af8414a656ace8a78c8d45a7834	Windows 11  (10.0.22631) 64bit (Editor)	True	null	null	null	null	null	null	None	0	null	0	0	null	null	null	null	null	
2024/11/23 15:52:29.628	b135e9c82f3b5af8414a656ace8a78c8d45a7834	Windows 11  (10.0.22631) 64bit (Editor)	True	null	null	null	null	null	null	None	0	null	0	0	null	null	null	null	null	
2024/11/23 15:52:29.636	b135e9c82f3b5af8414a656ace8a78c8d45a7834	Windows 11  (10.0.22631) 64bit (Editor)	True	null	null	null	null	null	null	None	0	null	0	0	null	null	null	null	null	
2024/11/23 15:52:29.643	b135e9c82f3b5af8414a656ace8a78c8d45a7834	Windows 11  (10.0.22631) 64bit (Editor)	True	null	null	null	null	null	null	None	0	null	0	0	null	null	null	null	null	
2024/11/23 15:52:29.651	b135e9c82f3b5af8414a656ace8a78c8d45a7834	Windows 11  (10.0.22631) 64bit (Editor)	True	null	null	null	null	null	null	None	0	null	0	0	null	null	null	null	null	
2024/11/23 15:52:29.660	b135e9c82f3b5af8414a656ace8a78c8d45a7834	Windows 11  (10.0.22631) 64bit (Editor)	True	null	null	null	null	null	null	None	0	null	0	0	null	null	null	null	null	
2024/11/23 15:52:29.667	b135e9c82f3b5af8414a656ace8a78c8d45a7834	Windows 11  (10.0.22631) 64bit (Editor)	True	null	null	null	null	null	null	None	0	null	0	0	null	null	null	null	null	
2024/11/23 15:52:29.675	b135e9c82f3b5af8414a656ace8a78c8d45a7834	Windows 11  (10.0.22631) 64bit (Editor)	True	null	null	null	null	null	null	None	0	null	0	0	null	null	null	null	null	
2024/11/23 15:52:29.682	b135e9c82f3b5af8414a656ace8a78c8d45a7834	Windows 11  (10.0.22631) 64bit (Editor)	True	null	null	null	null	null	null	None	0	null	0	0	null	null	null	null	null	
2024/11/23 15:52:29.690	b135e9c82f3b5af8414a656ace8a78c8d45a7834	Windows 11  (10.0.22631) 64bit (Editor)	True	null	null	null	null	null	null	None	0	null	0	0	null	null	null	null	null	
2024/11/23 15:52:29.698	b135e9c82f3b5af8414a656ace8a78c8d45a7834	Windows 11  (10.0.22631) 64bit (Editor)	True	null	null	null	null	null	null	None	0	null	0	0	null	null	null	null	null	
2024/11/23 15:52:29.706	b135e9c82f3b5af8414a656ace8a78c8d45a7834	Windows 11  (10.0.22631) 64bit (Editor)	True	null	null	null	null	null	null	None	0	null	0	0	null	null	null	null	null	
2024/11/23 15:52:29.712	b135e9c82f3b5af8414a656ace8a78c8d45a7834	Windows 11  (10.0.22631) 64bit (Editor)	True	null	null	null	null	null	null	None	0	null	0	0	null	null	null	null	null	
2024/11/23 15:52:29.720	b135e9c82f3b5af8414a656ace8a78c8d45a7834	Windows 11  (10.0.22631) 64bit (Editor)	True	null	null	null	null	null	null	None	0	null	0	0	null	null	null	null	null	
2024/11/23 15:52:29.727	b135e9c82f3b5af8414a656ace8a78c8d45a7834	Windows 11  (10.0.22631) 64bit (Editor)	True	null	null	null	null	null	null	None	0	null	0	0	null	null	null	null	null	
2024/11/23 15:52:29.735	b135e9c82f3b5af8414a656ace8a78c8d45a7834	Windows 11  (10.0.22631) 64bit (Editor)	True	null	null	null	null	null	null	None	0	null	0	0	null	null	null	null	null	
2024/11/23 15:52:29.742	b135e9c82f3b5af8414a656ace8a78c8d45a7834	Windows 11  (10.0.22631) 64bit (Editor)	True	null	null	null	null	null	null	None	0	null	0	0	null	null	null	null	null	
2024/11/23 15:52:29.749	b135e9c82f3b5af8414a656ace8a78c8d45a7834	Windows 11  (10.0.22631) 64bit (Editor)	True	null	null	null	null	null	null	None	0	null	0	0	null	null	null	null	null	
2024/11/23 15:52:29.756	b135e9c82f3b5af8414a656ace8a78c8d45a7834	Windows 11  (10.0.22631) 64bit (Editor)	True	null	null	null	null	null	null	None	0	null	0	0	null	null	null	null	null	
2024/11/23 15:52:29.763	b135e9c82f3b5af8414a656ace8a78c8d45a7834	Windows 11  (10.0.22631) 64bit (Editor)	True	null	null	null	null	null	null	None	0	null	0	0	null	null	null	null	null	
2024/11/23 15:52:29.781	b135e9c82f3b5af8414a656ace8a78c8d45a7834	Windows 11  (10.0.22631) 64bit (Editor)	True	null	null	null	null	null	null	None	0	null	0	0	null	null	null	null	null	
2024/11/23 15:52:29.789	b135e9c82f3b5af8414a656ace8a78c8d45a7834	Windows 11  (10.0.22631) 64bit (Editor)	True	null	null	null	null	null	null	None	0	null	0	0	null	null	null	null	null	
2024/11/23 15:52:29.797	b135e9c82f3b5af8414a656ace8a78c8d45a7834	Windows 11  (10.0.22631) 64bit (Editor)	True	null	null	null	null	null	null	None	0	null	0	0	null	null	null	null	null	
2024/11/23 15:52:29.804	b135e9c82f3b5af8414a656ace8a78c8d45a7834	Windows 11  (10.0.22631) 64bit (Editor)	True	null	null	null	null	null	null	None	0	null	0	0	null	null	null	null	null	
2024/11/23 15:52:29.811	b135e9c82f3b5af8414a656ace8a78c8d45a7834	Windows 11  (10.0.22631) 64bit (Editor)	True	null	null	null	null	null	null	None	0	null	0	0	null	null	null	null	null	
2024/11/23 15:52:29.819	b135e9c82f3b5af8414a656ace8a78c8d45a7834	Windows 11  (10.0.22631) 64bit (Editor)	True	null	null	null	null	null	null	None	0	null	0	0	null	null	null	null	null	
2024/11/23 15:52:29.826	b135e9c82f3b5af8414a656ace8a78c8d45a7834	Windows 11  (10.0.22631) 64bit (Editor)	True	null	null	null	null	null	null	None	0	null	0	0	null	null	null	null	null	
2024/11/23 15:52:29.833	b135e9c82f3b5af8414a656ace8a78c8d45a7834	Windows 11  (10.0.22631) 64bit (Editor)	True	null	null	null	null	null	null	None	0	null	0	0	null	null	null	null	null	
2024/11/23 15:52:29.840	b135e9c82f3b5af8414a656ace8a78c8d45a7834	Windows 11  (10.0.22631) 64bit (Editor)	True	null	null	null	null	null	null	None	0	null	0	0	null	null	null	null	null	
2024/11/23 15:52:29.847	b135e9c82f3b5af8414a656ace8a78c8d45a7834	Windows 11  (10.0.22631) 64bit (Editor)	True	null	null	null	null	null	null	None	0	null	0	0	null	null	null	null	null	
2024/11/23 15:52:29.854	b135e9c82f3b5af8414a656ace8a78c8d45a7834	Windows 11  (10.0.22631) 64bit (Editor)	True	null	null	null	null	null	null	None	0	null	0	0	null	null	null	null	null	
2024/11/23 15:52:29.861	b135e9c82f3b5af8414a656ace8a78c8d45a7834	Windows 11  (10.0.22631) 64bit (Editor)	True	null	null	null	null	null	null	None	0	null	0	0	null	null	null	null	null	
2024/11/23 15:52:29.868	b135e9c82f3b5af8414a656ace8a78c8d45a7834	Windows 11  (10.0.22631) 64bit (Editor)	True	null	null	null	null	null	null	None	0	null	0	0	null	null	null	null	null	
2024/11/23 15:52:29.875	b135e9c82f3b5af8414a656ace8a78c8d45a7834	Windows 11  (10.0.22631) 64bit (Editor)	True	null	null	null	null	null	null	None	0	null	0	0	null	null	null	null	null	
2024/11/23 15:52:29.882	b135e9c82f3b5af8414a656ace8a78c8d45a7834	Windows 11  (10.0.22631) 64bit (Editor)	True	null	null	null	null	null	null	None	0	null	0	0	null	null	null	null	null	
2024/11/23 15:52:29.890	b135e9c82f3b5af8414a656ace8a78c8d45a7834	Windows 11  (10.0.22631) 64bit (Editor)	True	null	null	null	null	null	null	None	0	null	0	0	null	null	null	null	null	
2024/11/23 15:52:29.899	b135e9c82f3b5af8414a656ace8a78c8d45a7834	Windows 11  (10.0.22631) 64bit (Editor)	True	null	null	null	null	null	null	None	0	null	0	0	null	null	null	null	null	
2024/11/23 15:52:29.907	b135e9c82f3b5af8414a656ace8a78c8d45a7834	Windows 11  (10.0.22631) 64bit (Editor)	True	null	null	null	null	null	null	None	0	null	0	0	null	null	null	null	null	
2024/11/23 15:52:29.915	b135e9c82f3b5af8414a656ace8a78c8d45a7834	Windows 11  (10.0.22631) 64bit (Editor)	True	null	null	null	null	null	null	None	0	null	0	0	null	null	null	null	null	
2024/11/23 15:52:29.933	b135e9c82f3b5af8414a656ace8a78c8d45a7834	Windows 11  (10.0.22631) 64bit (Editor)	True	null	null	null	null	null	null	None	0	null	0	0	null	null	null	null	null	
2024/11/23 15:52:29.940	b135e9c82f3b5af8414a656ace8a78c8d45a7834	Windows 11  (10.0.22631) 64bit (Editor)	True	null	null	null	null	null	null	None	0	null	0	0	null	null	null	null	null	
2024/11/23 15:52:29.947	b135e9c82f3b5af8414a656ace8a78c8d45a7834	Windows 11  (10.0.22631) 64bit (Editor)	True	null	null	null	null	null	null	None	0	null	0	0	null	null	null	null	null	
2024/11/23 15:52:29.955	b135e9c82f3b5af8414a656ace8a78c8d45a7834	Windows 11  (10.0.22631) 64bit (Editor)	True	null	null	null	null	null	null	None	0	null	0	0	null	null	null	null	null	
2024/11/23 15:52:29.962	b135e9c82f3b5af8414a656ace8a78c8d45a7834	Windows 11  (10.0.22631) 64bit (Editor)	True	null	null	null	null	null	null	None	0	null	0	0	null	null	null	null	null	
2024/11/23 15:52:29.968	b135e9c82f3b5af8414a656ace8a78c8d45a7834	Windows 11  (10.0.22631) 64bit (Editor)	True	null	null	null	null	null	null	None	0	null	0	0	null	null	null	null	null	
2024/11/23 15:52:29.977	b135e9c82f3b5af8414a656ace8a78c8d45a7834	Windows 11  (10.0.22631) 64bit (Editor)	True	null	null	null	null	null	null	None	0	null	0	0	null	null	null	null	null	
2024/11/23 15:52:29.984	b135e9c82f3b5af8414a656ace8a78c8d45a7834	Windows 11  (10.0.22631) 64bit (Editor)	True	null	null	null	null	null	null	None	0	null	0	0	null	null	null	null	null	
2024/11/23 15:52:29.992	b135e9c82f3b5af8414a656ace8a78c8d45a7834	Windows 11  (10.0.22631) 64bit (Editor)	True	null	null	null	null	null	null	None	0	null	0	0	null	null	null	null	null	
2024/11/23 15:52:30.000	b135e9c82f3b5af8414a656ace8a78c8d45a7834	Windows 11  (10.0.22631) 64bit (Editor)	True	null	null	null	null	null	null	None	0	null	0	0	null	null	null	null	null	
2024/11/23 15:52:30.007	b135e9c82f3b5af8414a656ace8a78c8d45a7834	Windows 11  (10.0.22631) 64bit (Editor)	True	null	null	null	null	null	null	None	0	null	0	0	null	null	null	null	null	
2024/11/23 15:52:30.015	b135e9c82f3b5af8414a656ace8a78c8d45a7834	Windows 11  (10.0.22631) 64bit (Editor)	True	null	null	null	null	null	null	None	0	null	0	0	null	null	null	null	null	
2024/11/23 15:52:30.023	b135e9c82f3b5af8414a656ace8a78c8d45a7834	Windows 11  (10.0.22631) 64bit (Editor)	True	null	null	null	null	null	null	None	0	null	0	0	null	null	null	null	null	
2024/11/23 15:52:30.029	b135e9c82f3b5af8414a656ace8a78c8d45a7834	Windows 11  (10.0.22631) 64bit (Editor)	True	null	null	null	null	null	null	None	0	null	0	0	null	null	null	null	null	
2024/11/23 15:52:30.037	b135e9c82f3b5af8414a656ace8a78c8d45a7834	Windows 11  (10.0.22631) 64bit (Editor)	True	null	null	null	null	null	null	None	0	null	0	0	null	null	null	null	null	
2024/11/23 15:52:30.044	b135e9c82f3b5af8414a656ace8a78c8d45a7834	Windows 11  (10.0.22631) 64bit (Editor)	True	null	null	null	null	null	null	None	0	null	0	0	null	null	null	null	null	
2024/11/23 15:52:30.051	b135e9c82f3b5af8414a656ace8a78c8d45a7834	Windows 11  (10.0.22631) 64bit (Editor)	True	null	null	null	null	null	null	None	0	null	0	0	null	null	null	null	null	
2024/11/23 15:52:30.058	b135e9c82f3b5af8414a656ace8a78c8d45a7834	Windows 11  (10.0.22631) 64bit (Editor)	True	null	null	null	null	null	null	None	0	null	0	0	null	null	null	null	null	
2024/11/23 15:52:30.065	b135e9c82f3b5af8414a656ace8a78c8d45a7834	Windows 11  (10.0.22631) 64bit (Editor)	True	null	null	null	null	null	null	None	0	null	0	0	null	null	null	null	null	
2024/11/23 15:52:30.083	b135e9c82f3b5af8414a656ace8a78c8d45a7834	Windows 11  (10.0.22631) 64bit (Editor)	True	null	null	null	null	null	null	None	0	null	0	0	null	null	null	null	null	
2024/11/23 15:52:30.091	b135e9c82f3b5af8414a656ace8a78c8d45a7834	Windows 11  (10.0.22631) 64bit (Editor)	True	null	null	null	null	null	null	None	0	null	0	0	null	null	null	null	null	
2024/11/23 15:52:30.098	b135e9c82f3b5af8414a656ace8a78c8d45a7834	Windows 11  (10.0.22631) 64bit (Editor)	True	null	null	null	null	null	null	None	0	null	0	0	null	null	null	null	null	
2024/11/23 15:52:30.106	b135e9c82f3b5af8414a656ace8a78c8d45a7834	Windows 11  (10.0.22631) 64bit (Editor)	True	null	null	null	null	null	null	None	0	null	0	0	null	null	null	null	null	
2024/11/23 15:52:30.112	b135e9c82f3b5af8414a656ace8a78c8d45a7834	Windows 11  (10.0.22631) 64bit (Editor)	True	null	null	null	null	null	null	None	0	null	0	0	null	null	null	null	null	
2024/11/23 15:52:30.120	b135e9c82f3b5af8414a656ace8a78c8d45a7834	Windows 11  (10.0.22631) 64bit (Editor)	True	null	null	null	null	null	null	None	0	null	0	0	null	null	null	null	null	
2024/11/23 15:52:30.127	b135e9c82f3b5af8414a656ace8a78c8d45a7834	Windows 11  (10.0.22631) 64bit (Editor)	True	null	null	null	null	null	null	None	0	null	0	0	null	null	null	null	null	
2024/11/23 15:52:30.133	b135e9c82f3b5af8414a656ace8a78c8d45a7834	Windows 11  (10.0.22631) 64bit (Editor)	True	null	null	null	null	null	null	None	0	null	0	0	null	null	null	null	null	
2024/11/23 15:52:30.140	b135e9c82f3b5af8414a656ace8a78c8d45a7834	Windows 11  (10.0.22631) 64bit (Editor)	True	null	null	null	null	null	null	None	0	null	0	0	null	null	null	null	null	
2024/11/23 15:52:30.147	b135e9c82f3b5af8414a656ace8a78c8d45a7834	Windows 11  (10.0.22631) 64bit (Editor)	True	null	null	null	null	null	null	None	0	null	0	0	null	null	null	null	null	
2024/11/23 15:52:30.154	b135e9c82f3b5af8414a656ace8a78c8d45a7834	Windows 11  (10.0.22631) 64bit (Editor)	True	null	null	null	null	null	null	None	0	null	0	0	null	null	null	null	null	
2024/11/23 15:52:30.161	b135e9c82f3b5af8414a656ace8a78c8d45a7834	Windows 11  (10.0.22631) 64bit (Editor)	True	null	null	null	null	null	null	None	0	null	0	0	null	null	null	null	null	
2024/11/23 15:52:30.168	b135e9c82f3b5af8414a656ace8a78c8d45a7834	Windows 11  (10.0.22631) 64bit (Editor)	True	null	null	null	null	null	null	None	0	null	0	0	null	null	null	null	null	
2024/11/23 15:52:30.175	b135e9c82f3b5af8414a656ace8a78c8d45a7834	Windows 11  (10.0.22631) 64bit (Editor)	True	null	null	null	null	null	null	None	0	null	0	0	null	null	null	null	null	
2024/11/23 15:52:30.183	b135e9c82f3b5af8414a656ace8a78c8d45a7834	Windows 11  (10.0.22631) 64bit (Editor)	True	null	null	null	null	null	null	None	0	null	0	0	null	null	null	null	null	
2024/11/23 15:52:30.189	b135e9c82f3b5af8414a656ace8a78c8d45a7834	Windows 11  (10.0.22631) 64bit (Editor)	True	null	null	null	null	null	null	None	0	null	0	0	null	null	null	null	null	
2024/11/23 15:52:30.198	b135e9c82f3b5af8414a656ace8a78c8d45a7834	Windows 11  (10.0.22631) 64bit (Editor)	True	null	null	null	null	null	null	None	0	null	0	0	null	null	null	null	null	
2024/11/23 15:52:30.204	b135e9c82f3b5af8414a656ace8a78c8d45a7834	Windows 11  (10.0.22631) 64bit (Editor)	True	null	null	null	null	null	null	None	0	null	0	0	null	null	null	null	null	
2024/11/23 15:52:30.212	b135e9c82f3b5af8414a656ace8a78c8d45a7834	Windows 11  (10.0.22631) 64bit (Editor)	True	null	null	null	null	null	null	None	0	null	0	0	null	null	null	null	null	
2024/11/23 15:52:30.218	b135e9c82f3b5af8414a656ace8a78c8d45a7834	Windows 11  (10.0.22631) 64bit (Editor)	True	null	null	null	null	null	null	None	0	null	0	0	null	null	null	null	null	
2024/11/23 15:52:30.236	b135e9c82f3b5af8414a656ace8a78c8d45a7834	Windows 11  (10.0.22631) 64bit (Editor)	True	null	null	null	null	null	null	None	0	null	0	0	null	null	null	null	null	
2024/11/23 15:52:30.245	b135e9c82f3b5af8414a656ace8a78c8d45a7834	Windows 11  (10.0.22631) 64bit (Editor)	True	null	null	null	null	null	null	None	0	null	0	0	null	null	null	null	null	
2024/11/23 15:52:30.251	b135e9c82f3b5af8414a656ace8a78c8d45a7834	Windows 11  (10.0.22631) 64bit (Editor)	True	null	null	null	null	null	null	None	0	null	0	0	null	null	null	null	null	
2024/11/23 15:52:30.258	b135e9c82f3b5af8414a656ace8a78c8d45a7834	Windows 11  (10.0.22631) 64bit (Editor)	True	null	null	null	null	null	null	None	0	null	0	0	null	null	null	null	null	
2024/11/23 15:52:30.265	b135e9c82f3b5af8414a656ace8a78c8d45a7834	Windows 11  (10.0.22631) 64bit (Editor)	True	null	null	null	null	null	null	None	0	null	0	0	null	null	null	null	null	
2024/11/23 15:52:30.273	b135e9c82f3b5af8414a656ace8a78c8d45a7834	Windows 11  (10.0.22631) 64bit (Editor)	True	null	null	null	null	null	null	None	0	null	0	0	null	null	null	null	null	
2024/11/23 15:52:30.279	b135e9c82f3b5af8414a656ace8a78c8d45a7834	Windows 11  (10.0.22631) 64bit (Editor)	True	null	null	null	null	null	null	None	0	null	0	0	null	null	null	null	null	
2024/11/23 15:52:30.287	b135e9c82f3b5af8414a656ace8a78c8d45a7834	Windows 11  (10.0.22631) 64bit (Editor)	True	null	null	null	null	null	null	None	0	null	0	0	null	null	null	null	null	
2024/11/23 15:52:30.294	b135e9c82f3b5af8414a656ace8a78c8d45a7834	Windows 11  (10.0.22631) 64bit (Editor)	True	null	null	null	null	null	null	None	0	null	0	0	null	null	null	null	null	
2024/11/23 15:52:30.301	b135e9c82f3b5af8414a656ace8a78c8d45a7834	Windows 11  (10.0.22631) 64bit (Editor)	True	null	null	null	null	null	null	None	0	null	0	0	null	null	null	null	null	
2024/11/23 15:52:30.308	b135e9c82f3b5af8414a656ace8a78c8d45a7834	Windows 11  (10.0.22631) 64bit (Editor)	True	null	null	null	null	null	null	None	0	null	0	0	null	null	null	null	null	
2024/11/23 15:52:30.315	b135e9c82f3b5af8414a656ace8a78c8d45a7834	Windows 11  (10.0.22631) 64bit (Editor)	True	null	null	null	null	null	null	None	0	null	0	0	null	null	null	null	null	
2024/11/23 15:52:30.322	b135e9c82f3b5af8414a656ace8a78c8d45a7834	Windows 11  (10.0.22631) 64bit (Editor)	True	null	null	null	null	null	null	None	0	null	0	0	null	null	null	null	null	
2024/11/23 15:52:30.329	b135e9c82f3b5af8414a656ace8a78c8d45a7834	Windows 11  (10.0.22631) 64bit (Editor)	True	null	null	null	null	null	null	None	0	null	0	0	null	null	null	null	null	
2024/11/23 15:52:30.336	b135e9c82f3b5af8414a656ace8a78c8d45a7834	Windows 11  (10.0.22631) 64bit (Editor)	True	null	null	null	null	null	null	None	0	null	0	0	null	null	null	null	null	
2024/11/23 15:52:30.344	b135e9c82f3b5af8414a656ace8a78c8d45a7834	Windows 11  (10.0.22631) 64bit (Editor)	True	null	null	null	null	null	null	None	0	null	0	0	null	null	null	null	null	
2024/11/23 15:52:30.351	b135e9c82f3b5af8414a656ace8a78c8d45a7834	Windows 11  (10.0.22631) 64bit (Editor)	True	null	null	null	null	null	null	None	0	null	0	0	null	null	null	null	null	
2024/11/23 15:52:30.357	b135e9c82f3b5af8414a656ace8a78c8d45a7834	Windows 11  (10.0.22631) 64bit (Editor)	True	null	null	null	null	null	null	None	0	null	0	0	null	null	null	null	null	
2024/11/23 15:52:30.364	b135e9c82f3b5af8414a656ace8a78c8d45a7834	Windows 11  (10.0.22631) 64bit (Editor)	True	null	null	null	null	null	null	None	0	null	0	0	null	null	null	null	null	
2024/11/23 15:52:30.372	b135e9c82f3b5af8414a656ace8a78c8d45a7834	Windows 11  (10.0.22631) 64bit (Editor)	True	null	null	null	null	null	null	None	0	null	0	0	null	null	null	null	null	
2024/11/23 15:52:30.390	b135e9c82f3b5af8414a656ace8a78c8d45a7834	Windows 11  (10.0.22631) 64bit (Editor)	True	null	null	null	null	null	null	None	0	null	0	0	null	null	null	null	null	
2024/11/23 15:52:30.398	b135e9c82f3b5af8414a656ace8a78c8d45a7834	Windows 11  (10.0.22631) 64bit (Editor)	True	null	null	null	null	null	null	None	0	null	0	0	null	null	null	null	null	
2024/11/23 15:52:30.406	b135e9c82f3b5af8414a656ace8a78c8d45a7834	Windows 11  (10.0.22631) 64bit (Editor)	True	null	null	null	null	null	null	None	0	null	0	0	null	null	null	null	null	
2024/11/23 15:52:30.414	b135e9c82f3b5af8414a656ace8a78c8d45a7834	Windows 11  (10.0.22631) 64bit (Editor)	True	null	null	null	null	null	null	None	0	null	0	0	null	null	null	null	null	
2024/11/23 15:52:30.422	b135e9c82f3b5af8414a656ace8a78c8d45a7834	Windows 11  (10.0.22631) 64bit (Editor)	True	null	null	null	null	null	null	None	0	null	0	0	null	null	null	null	null	
2024/11/23 15:52:30.429	b135e9c82f3b5af8414a656ace8a78c8d45a7834	Windows 11  (10.0.22631) 64bit (Editor)	True	null	null	null	null	null	null	None	0	null	0	0	null	null	null	null	null	
2024/11/23 15:52:30.437	b135e9c82f3b5af8414a656ace8a78c8d45a7834	Windows 11  (10.0.22631) 64bit (Editor)	True	null	null	null	null	null	null	None	0	null	0	0	null	null	null	null	null	
2024/11/23 15:52:30.444	b135e9c82f3b5af8414a656ace8a78c8d45a7834	Windows 11  (10.0.22631) 64bit (Editor)	True	null	null	null	null	null	null	None	0	null	0	0	null	null	null	null	null	
2024/11/23 15:52:30.451	b135e9c82f3b5af8414a656ace8a78c8d45a7834	Windows 11  (10.0.22631) 64bit (Editor)	True	null	null	null	null	null	null	None	0	null	0	0	null	null	null	null	null	
2024/11/23 15:52:30.458	b135e9c82f3b5af8414a656ace8a78c8d45a7834	Windows 11  (10.0.22631) 64bit (Editor)	True	null	null	null	null	null	null	None	0	null	0	0	null	null	null	null	null	
2024/11/23 15:52:30.471	b135e9c82f3b5af8414a656ace8a78c8d45a7834	Windows 11  (10.0.22631) 64bit (Editor)	True	null	null	null	null	null	null	None	0	null	0	0	null	null	null	null	null	
2024/11/23 15:52:30.478	b135e9c82f3b5af8414a656ace8a78c8d45a7834	Windows 11  (10.0.22631) 64bit (Editor)	True	null	null	null	null	null	null	None	0	null	0	0	null	null	null	null	null	
2024/11/23 15:52:30.486	b135e9c82f3b5af8414a656ace8a78c8d45a7834	Windows 11  (10.0.22631) 64bit (Editor)	True	null	null	null	null	null	null	None	0	null	0	0	null	null	null	null	null	
2024/11/23 15:52:30.492	b135e9c82f3b5af8414a656ace8a78c8d45a7834	Windows 11  (10.0.22631) 64bit (Editor)	True	null	null	null	null	null	null	None	0	null	0	0	null	null	null	null	null	
2024/11/23 15:52:30.500	b135e9c82f3b5af8414a656ace8a78c8d45a7834	Windows 11  (10.0.22631) 64bit (Editor)	True	null	null	null	null	null	null	None	0	null	0	0	null	null	null	null	null	
2024/11/23 15:52:30.507	b135e9c82f3b5af8414a656ace8a78c8d45a7834	Windows 11  (10.0.22631) 64bit (Editor)	True	null	null	null	null	null	null	None	0	null	0	0	null	null	null	null	null	
2024/11/23 15:52:30.514	b135e9c82f3b5af8414a656ace8a78c8d45a7834	Windows 11  (10.0.22631) 64bit (Editor)	True	null	null	null	null	null	null	None	0	null	0	0	null	null	null	null	null	
2024/11/23 15:52:30.522	b135e9c82f3b5af8414a656ace8a78c8d45a7834	Windows 11  (10.0.22631) 64bit (Editor)	True	null	null	null	null	null	null	None	0	null	0	0	null	null	null	null	null	
2024/11/23 15:52:30.540	b135e9c82f3b5af8414a656ace8a78c8d45a7834	Windows 11  (10.0.22631) 64bit (Editor)	True	null	null	null	null	null	null	None	0	null	0	0	null	null	null	null	null	
2024/11/23 15:52:30.547	b135e9c82f3b5af8414a656ace8a78c8d45a7834	Windows 11  (10.0.22631) 64bit (Editor)	True	null	null	null	null	null	null	None	0	null	0	0	null	null	null	null	null	
2024/11/23 15:52:30.555	b135e9c82f3b5af8414a656ace8a78c8d45a7834	Windows 11  (10.0.22631) 64bit (Editor)	True	null	null	null	null	null	null	None	0	null	0	0	null	null	null	null	null	
2024/11/23 15:52:30.562	b135e9c82f3b5af8414a656ace8a78c8d45a7834	Windows 11  (10.0.22631) 64bit (Editor)	True	null	null	null	null	null	null	None	0	null	0	0	null	null	null	null	null	
2024/11/23 15:52:30.570	b135e9c82f3b5af8414a656ace8a78c8d45a7834	Windows 11  (10.0.22631) 64bit (Editor)	True	null	null	null	null	null	null	None	0	null	0	0	null	null	null	null	null	
2024/11/23 15:52:30.576	b135e9c82f3b5af8414a656ace8a78c8d45a7834	Windows 11  (10.0.22631) 64bit (Editor)	True	null	null	null	null	null	null	None	0	null	0	0	null	null	null	null	null	
2024/11/23 15:52:30.584	b135e9c82f3b5af8414a656ace8a78c8d45a7834	Windows 11  (10.0.22631) 64bit (Editor)	True	null	null	null	null	null	null	None	0	null	0	0	null	null	null	null	null	
2024/11/23 15:52:30.590	b135e9c82f3b5af8414a656ace8a78c8d45a7834	Windows 11  (10.0.22631) 64bit (Editor)	True	null	null	null	null	null	null	None	0	null	0	0	null	null	null	null	null	
2024/11/23 15:52:30.596	b135e9c82f3b5af8414a656ace8a78c8d45a7834	Windows 11  (10.0.22631) 64bit (Editor)	True	null	null	null	null	null	null	None	0	null	0	0	null	null	null	null	null	
2024/11/23 15:52:30.603	b135e9c82f3b5af8414a656ace8a78c8d45a7834	Windows 11  (10.0.22631) 64bit (Editor)	True	null	null	null	null	null	null	None	0	null	0	0	null	null	null	null	null	
2024/11/23 15:52:30.609	b135e9c82f3b5af8414a656ace8a78c8d45a7834	Windows 11  (10.0.22631) 64bit (Editor)	True	null	null	null	null	null	null	None	0	null	0	0	null	null	null	null	null	
2024/11/23 15:52:30.616	b135e9c82f3b5af8414a656ace8a78c8d45a7834	Windows 11  (10.0.22631) 64bit (Editor)	True	null	null	null	null	null	null	None	0	null	0	0	null	null	null	null	null	
2024/11/23 15:52:30.623	b135e9c82f3b5af8414a656ace8a78c8d45a7834	Windows 11  (10.0.22631) 64bit (Editor)	True	null	null	null	null	null	null	None	0	null	0	0	null	null	null	null	null	
2024/11/23 15:52:30.630	b135e9c82f3b5af8414a656ace8a78c8d45a7834	Windows 11  (10.0.22631) 64bit (Editor)	True	null	null	null	null	null	null	None	0	null	0	0	null	null	null	null	null	
2024/11/23 15:52:30.637	b135e9c82f3b5af8414a656ace8a78c8d45a7834	Windows 11  (10.0.22631) 64bit (Editor)	True	null	null	null	null	null	null	None	0	null	0	0	null	null	null	null	null	
2024/11/23 15:52:30.644	b135e9c82f3b5af8414a656ace8a78c8d45a7834	Windows 11  (10.0.22631) 64bit (Editor)	True	null	null	null	null	null	null	None	0	null	0	0	null	null	null	null	null	
2024/11/23 15:52:30.651	b135e9c82f3b5af8414a656ace8a78c8d45a7834	Windows 11  (10.0.22631) 64bit (Editor)	True	null	null	null	null	null	null	None	0	null	0	0	null	null	null	null	null	
2024/11/23 15:52:30.658	b135e9c82f3b5af8414a656ace8a78c8d45a7834	Windows 11  (10.0.22631) 64bit (Editor)	True	null	null	null	null	null	null	None	0	null	0	0	null	null	null	null	null	
2024/11/23 15:52:30.667	b135e9c82f3b5af8414a656ace8a78c8d45a7834	Windows 11  (10.0.22631) 64bit (Editor)	True	null	null	null	null	null	null	None	0	null	0	0	null	null	null	null	null	
2024/11/23 15:52:30.674	b135e9c82f3b5af8414a656ace8a78c8d45a7834	Windows 11  (10.0.22631) 64bit (Editor)	True	null	null	null	null	null	null	None	0	null	0	0	null	null	null	null	null	
2024/11/23 15:52:30.693	b135e9c82f3b5af8414a656ace8a78c8d45a7834	Windows 11  (10.0.22631) 64bit (Editor)	True	null	null	null	null	null	null	None	0	null	0	0	null	null	null	null	null	
2024/11/23 15:52:30.700	b135e9c82f3b5af8414a656ace8a78c8d45a7834	Windows 11  (10.0.22631) 64bit (Editor)	True	null	null	null	null	null	null	None	0	null	0	0	null	null	null	null	null	
2024/11/23 15:52:30.707	b135e9c82f3b5af8414a656ace8a78c8d45a7834	Windows 11  (10.0.22631) 64bit (Editor)	True	null	null	null	null	null	null	None	0	null	0	0	null	null	null	null	null	
2024/11/23 15:52:30.713	b135e9c82f3b5af8414a656ace8a78c8d45a7834	Windows 11  (10.0.22631) 64bit (Editor)	True	null	null	null	null	null	null	None	0	null	0	0	null	null	null	null	null	
2024/11/23 15:52:30.722	b135e9c82f3b5af8414a656ace8a78c8d45a7834	Windows 11  (10.0.22631) 64bit (Editor)	True	null	null	null	null	null	null	None	0	null	0	0	null	null	null	null	null	
2024/11/23 15:52:30.728	b135e9c82f3b5af8414a656ace8a78c8d45a7834	Windows 11  (10.0.22631) 64bit (Editor)	True	null	null	null	null	null	null	None	0	null	0	0	null	null	null	null	null	
2024/11/23 15:52:30.737	b135e9c82f3b5af8414a656ace8a78c8d45a7834	Windows 11  (10.0.22631) 64bit (Editor)	True	null	null	null	null	null	null	None	0	null	0	0	null	null	null	null	null	
2024/11/23 15:52:30.744	b135e9c82f3b5af8414a656ace8a78c8d45a7834	Windows 11  (10.0.22631) 64bit (Editor)	True	null	null	null	null	null	null	None	0	null	0	0	null	null	null	null	null	
2024/11/23 15:52:30.753	b135e9c82f3b5af8414a656ace8a78c8d45a7834	Windows 11  (10.0.22631) 64bit (Editor)	True	null	null	null	null	null	null	None	0	null	0	0	null	null	null	null	null	
2024/11/23 15:52:30.759	b135e9c82f3b5af8414a656ace8a78c8d45a7834	Windows 11  (10.0.22631) 64bit (Editor)	True	null	null	null	null	null	null	None	0	null	0	0	null	null	null	null	null	
2024/11/23 15:52:30.766	b135e9c82f3b5af8414a656ace8a78c8d45a7834	Windows 11  (10.0.22631) 64bit (Editor)	True	null	null	null	null	null	null	None	0	null	0	0	null	null	null	null	null	
2024/11/23 15:52:30.772	b135e9c82f3b5af8414a656ace8a78c8d45a7834	Windows 11  (10.0.22631) 64bit (Editor)	True	null	null	null	null	null	null	None	0	null	0	0	null	null	null	null	null	
2024/11/23 15:52:30.778	b135e9c82f3b5af8414a656ace8a78c8d45a7834	Windows 11  (10.0.22631) 64bit (Editor)	True	null	null	null	null	null	null	None	0	null	0	0	null	null	null	null	null	
2024/11/23 15:52:30.786	b135e9c82f3b5af8414a656ace8a78c8d45a7834	Windows 11  (10.0.22631) 64bit (Editor)	True	null	null	null	null	null	null	None	0	null	0	0	null	null	null	null	null	
2024/11/23 15:52:30.792	b135e9c82f3b5af8414a656ace8a78c8d45a7834	Windows 11  (10.0.22631) 64bit (Editor)	True	null	null	null	null	null	null	None	0	null	0	0	null	null	null	null	null	
2024/11/23 15:52:30.799	b135e9c82f3b5af8414a656ace8a78c8d45a7834	Windows 11  (10.0.22631) 64bit (Editor)	True	null	null	null	null	null	null	None	0	null	0	0	null	null	null	null	null	
2024/11/23 15:52:30.806	b135e9c82f3b5af8414a656ace8a78c8d45a7834	Windows 11  (10.0.22631) 64bit (Editor)	True	null	null	null	null	null	null	None	0	null	0	0	null	null	null	null	null	
2024/11/23 15:52:30.813	b135e9c82f3b5af8414a656ace8a78c8d45a7834	Windows 11  (10.0.22631) 64bit (Editor)	True	null	null	null	null	null	null	None	0	null	0	0	null	null	null	null	null	
2024/11/23 15:52:30.820	b135e9c82f3b5af8414a656ace8a78c8d45a7834	Windows 11  (10.0.22631) 64bit (Editor)	True	null	null	null	null	null	null	None	0	null	0	0	null	null	null	null	null	
2024/11/23 15:52:30.828	b135e9c82f3b5af8414a656ace8a78c8d45a7834	Windows 11  (10.0.22631) 64bit (Editor)	True	null	null	null	null	null	null	None	0	null	0	0	null	null	null	null	null	
2024/11/23 15:52:30.844	b135e9c82f3b5af8414a656ace8a78c8d45a7834	Windows 11  (10.0.22631) 64bit (Editor)	True	null	null	null	null	null	null	None	0	null	0	0	null	null	null	null	null	
2024/11/23 15:52:30.851	b135e9c82f3b5af8414a656ace8a78c8d45a7834	Windows 11  (10.0.22631) 64bit (Editor)	True	null	null	null	null	null	null	None	0	null	0	0	null	null	null	null	null	
2024/11/23 15:52:30.858	b135e9c82f3b5af8414a656ace8a78c8d45a7834	Windows 11  (10.0.22631) 64bit (Editor)	True	null	null	null	null	null	null	None	0	null	0	0	null	null	null	null	null	
2024/11/23 15:52:30.865	b135e9c82f3b5af8414a656ace8a78c8d45a7834	Windows 11  (10.0.22631) 64bit (Editor)	True	null	null	null	null	null	null	None	0	null	0	0	null	null	null	null	null	
2024/11/23 15:52:30.872	b135e9c82f3b5af8414a656ace8a78c8d45a7834	Windows 11  (10.0.22631) 64bit (Editor)	True	null	null	null	null	null	null	None	0	null	0	0	null	null	null	null	null	
2024/11/23 15:52:30.878	b135e9c82f3b5af8414a656ace8a78c8d45a7834	Windows 11  (10.0.22631) 64bit (Editor)	True	null	null	null	null	null	null	None	0	null	0	0	null	null	null	null	null	
2024/11/23 15:52:30.885	b135e9c82f3b5af8414a656ace8a78c8d45a7834	Windows 11  (10.0.22631) 64bit (Editor)	True	null	null	null	null	null	null	None	0	null	0	0	null	null	null	null	null	
2024/11/23 15:52:30.893	b135e9c82f3b5af8414a656ace8a78c8d45a7834	Windows 11  (10.0.22631) 64bit (Editor)	True	null	null	null	null	null	null	None	0	null	0	0	null	null	null	null	null	
2024/11/23 15:52:30.901	b135e9c82f3b5af8414a656ace8a78c8d45a7834	Windows 11  (10.0.22631) 64bit (Editor)	True	null	null	null	null	null	null	None	0	null	0	0	null	null	null	null	null	
2024/11/23 15:52:30.908	b135e9c82f3b5af8414a656ace8a78c8d45a7834	Windows 11  (10.0.22631) 64bit (Editor)	True	null	null	null	null	null	null	None	0	null	0	0	null	null	null	null	null	
2024/11/23 15:52:30.915	b135e9c82f3b5af8414a656ace8a78c8d45a7834	Windows 11  (10.0.22631) 64bit (Editor)	True	null	null	null	null	null	null	None	0	null	0	0	null	null	null	null	null	
2024/11/23 15:52:30.923	b135e9c82f3b5af8414a656ace8a78c8d45a7834	Windows 11  (10.0.22631) 64bit (Editor)	True	null	null	null	null	null	null	None	0	null	0	0	null	null	null	null	null	
2024/11/23 15:52:30.930	b135e9c82f3b5af8414a656ace8a78c8d45a7834	Windows 11  (10.0.22631) 64bit (Editor)	True	null	null	null	null	null	null	None	0	null	0	0	null	null	null	null	null	
2024/11/23 15:52:30.937	b135e9c82f3b5af8414a656ace8a78c8d45a7834	Windows 11  (10.0.22631) 64bit (Editor)	True	null	null	null	null	null	null	None	0	null	0	0	null	null	null	null	null	
2024/11/23 15:52:30.944	b135e9c82f3b5af8414a656ace8a78c8d45a7834	Windows 11  (10.0.22631) 64bit (Editor)	True	null	null	null	null	null	null	None	0	null	0	0	null	null	null	null	null	
2024/11/23 15:52:30.951	b135e9c82f3b5af8414a656ace8a78c8d45a7834	Windows 11  (10.0.22631) 64bit (Editor)	True	null	null	null	null	null	null	None	0	null	0	0	null	null	null	null	null	
2024/11/23 15:52:30.960	b135e9c82f3b5af8414a656ace8a78c8d45a7834	Windows 11  (10.0.22631) 64bit (Editor)	True	null	null	null	null	null	null	None	0	null	0	0	null	null	null	null	null	
2024/11/23 15:52:30.967	b135e9c82f3b5af8414a656ace8a78c8d45a7834	Windows 11  (10.0.22631) 64bit (Editor)	True	null	null	null	null	null	null	None	0	null	0	0	null	null	null	null	null	
2024/11/23 15:52:30.976	b135e9c82f3b5af8414a656ace8a78c8d45a7834	Windows 11  (10.0.22631) 64bit (Editor)	True	null	null	null	null	null	null	None	0	null	0	0	null	null	null	null	null	
2024/11/23 15:52:30.983	b135e9c82f3b5af8414a656ace8a78c8d45a7834	Windows 11  (10.0.22631) 64bit (Editor)	True	null	null	null	null	null	null	None	0	null	0	0	null	null	null	null	null	
2024/11/23 15:52:31.001	b135e9c82f3b5af8414a656ace8a78c8d45a7834	Windows 11  (10.0.22631) 64bit (Editor)	True	null	null	null	null	null	null	None	0	null	0	0	null	null	null	null	null	
2024/11/23 15:52:31.008	b135e9c82f3b5af8414a656ace8a78c8d45a7834	Windows 11  (10.0.22631) 64bit (Editor)	True	null	null	null	null	null	null	None	0	null	0	0	null	null	null	null	null	
2024/11/23 15:52:31.018	b135e9c82f3b5af8414a656ace8a78c8d45a7834	Windows 11  (10.0.22631) 64bit (Editor)	True	null	null	null	null	null	null	None	0	null	0	0	null	null	null	null	null	
2024/11/23 15:52:31.026	b135e9c82f3b5af8414a656ace8a78c8d45a7834	Windows 11  (10.0.22631) 64bit (Editor)	True	null	null	null	null	null	null	None	0	null	0	0	null	null	null	null	null	
2024/11/23 15:52:31.033	b135e9c82f3b5af8414a656ace8a78c8d45a7834	Windows 11  (10.0.22631) 64bit (Editor)	True	null	null	null	null	null	null	None	0	null	0	0	null	null	null	null	null	
2024/11/23 15:52:31.041	b135e9c82f3b5af8414a656ace8a78c8d45a7834	Windows 11  (10.0.22631) 64bit (Editor)	True	null	null	null	null	null	null	None	0	null	0	0	null	null	null	null	null	
2024/11/23 15:52:31.048	b135e9c82f3b5af8414a656ace8a78c8d45a7834	Windows 11  (10.0.22631) 64bit (Editor)	True	null	null	null	null	null	null	None	0	null	0	0	null	null	null	null	null	
2024/11/23 15:52:31.055	b135e9c82f3b5af8414a656ace8a78c8d45a7834	Windows 11  (10.0.22631) 64bit (Editor)	True	null	null	null	null	null	null	None	0	null	0	0	null	null	null	null	null	
2024/11/23 15:52:31.062	b135e9c82f3b5af8414a656ace8a78c8d45a7834	Windows 11  (10.0.22631) 64bit (Editor)	True	null	null	null	null	null	null	None	0	null	0	0	null	null	null	null	null	
2024/11/23 15:52:31.070	b135e9c82f3b5af8414a656ace8a78c8d45a7834	Windows 11  (10.0.22631) 64bit (Editor)	True	null	null	null	null	null	null	None	0	null	0	0	null	null	null	null	null	
2024/11/23 15:52:31.078	b135e9c82f3b5af8414a656ace8a78c8d45a7834	Windows 11  (10.0.22631) 64bit (Editor)	True	null	null	null	null	null	null	None	0	null	0	0	null	null	null	null	null	
2024/11/23 15:52:31.086	b135e9c82f3b5af8414a656ace8a78c8d45a7834	Windows 11  (10.0.22631) 64bit (Editor)	True	null	null	null	null	null	null	None	0	null	0	0	null	null	null	null	null	
2024/11/23 15:52:31.094	b135e9c82f3b5af8414a656ace8a78c8d45a7834	Windows 11  (10.0.22631) 64bit (Editor)	True	null	null	null	null	null	null	None	0	null	0	0	null	null	null	null	null	
2024/11/23 15:52:31.101	b135e9c82f3b5af8414a656ace8a78c8d45a7834	Windows 11  (10.0.22631) 64bit (Editor)	True	null	null	null	null	null	null	None	0	null	0	0	null	null	null	null	null	
2024/11/23 15:52:31.108	b135e9c82f3b5af8414a656ace8a78c8d45a7834	Windows 11  (10.0.22631) 64bit (Editor)	True	null	null	null	null	null	null	None	0	null	0	0	null	null	null	null	null	
2024/11/23 15:52:31.115	b135e9c82f3b5af8414a656ace8a78c8d45a7834	Windows 11  (10.0.22631) 64bit (Editor)	True	null	null	null	null	null	null	None	0	null	0	0	null	null	null	null	null	
2024/11/23 15:52:31.123	b135e9c82f3b5af8414a656ace8a78c8d45a7834	Windows 11  (10.0.22631) 64bit (Editor)	True	null	null	null	null	null	null	None	0	null	0	0	null	null	null	null	null	
2024/11/23 15:52:31.129	b135e9c82f3b5af8414a656ace8a78c8d45a7834	Windows 11  (10.0.22631) 64bit (Editor)	True	null	null	null	null	null	null	None	0	null	0	0	null	null	null	null	null	
2024/11/23 15:52:31.137	b135e9c82f3b5af8414a656ace8a78c8d45a7834	Windows 11  (10.0.22631) 64bit (Editor)	True	null	null	null	null	null	null	None	0	null	0	0	null	null	null	null	null	
2024/11/23 15:52:31.154	b135e9c82f3b5af8414a656ace8a78c8d45a7834	Windows 11  (10.0.22631) 64bit (Editor)	True	null	null	null	null	null	null	None	0	null	0	0	null	null	null	null	null	
2024/11/23 15:52:31.162	b135e9c82f3b5af8414a656ace8a78c8d45a7834	Windows 11  (10.0.22631) 64bit (Editor)	True	null	null	null	null	null	null	None	0	null	0	0	null	null	null	null	null	
2024/11/23 15:52:31.170	b135e9c82f3b5af8414a656ace8a78c8d45a7834	Windows 11  (10.0.22631) 64bit (Editor)	True	null	null	null	null	null	null	None	0	null	0	0	null	null	null	null	null	
2024/11/23 15:52:31.177	b135e9c82f3b5af8414a656ace8a78c8d45a7834	Windows 11  (10.0.22631) 64bit (Editor)	True	null	null	null	null	null	null	None	0	null	0	0	null	null	null	null	null	
2024/11/23 15:52:31.184	b135e9c82f3b5af8414a656ace8a78c8d45a7834	Windows 11  (10.0.22631) 64bit (Editor)	True	null	null	null	null	null	null	None	0	null	0	0	null	null	null	null	null	
2024/11/23 15:52:31.192	b135e9c82f3b5af8414a656ace8a78c8d45a7834	Windows 11  (10.0.22631) 64bit (Editor)	True	null	null	null	null	null	null	None	0	null	0	0	null	null	null	null	null	
2024/11/23 15:52:31.198	b135e9c82f3b5af8414a656ace8a78c8d45a7834	Windows 11  (10.0.22631) 64bit (Editor)	True	null	null	null	null	null	null	None	0	null	0	0	null	null	null	null	null	
2024/11/23 15:52:31.207	b135e9c82f3b5af8414a656ace8a78c8d45a7834	Windows 11  (10.0.22631) 64bit (Editor)	True	null	null	null	null	null	null	None	0	null	0	0	null	null	null	null	null	
2024/11/23 15:52:31.213	b135e9c82f3b5af8414a656ace8a78c8d45a7834	Windows 11  (10.0.22631) 64bit (Editor)	True	null	null	null	null	null	null	None	0	null	0	0	null	null	null	null	null	
2024/11/23 15:52:31.221	b135e9c82f3b5af8414a656ace8a78c8d45a7834	Windows 11  (10.0.22631) 64bit (Editor)	True	null	null	null	null	null	null	None	0	null	0	0	null	null	null	null	null	
2024/11/23 15:52:31.227	b135e9c82f3b5af8414a656ace8a78c8d45a7834	Windows 11  (10.0.22631) 64bit (Editor)	True	null	null	null	null	null	null	None	0	null	0	0	null	null	null	null	null	
2024/11/23 15:52:31.235	b135e9c82f3b5af8414a656ace8a78c8d45a7834	Windows 11  (10.0.22631) 64bit (Editor)	True	null	null	null	null	null	null	None	0	null	0	0	null	null	null	null	null	
2024/11/23 15:52:31.244	b135e9c82f3b5af8414a656ace8a78c8d45a7834	Windows 11  (10.0.22631) 64bit (Editor)	True	null	null	null	null	null	null	None	0	null	0	0	null	null	null	null	null	
2024/11/23 15:52:31.250	b135e9c82f3b5af8414a656ace8a78c8d45a7834	Windows 11  (10.0.22631) 64bit (Editor)	True	null	null	null	null	null	null	None	0	null	0	0	null	null	null	null	null	
2024/11/23 15:52:31.257	b135e9c82f3b5af8414a656ace8a78c8d45a7834	Windows 11  (10.0.22631) 64bit (Editor)	True	null	null	null	null	null	null	None	0	null	0	0	null	null	null	null	null	
2024/11/23 15:52:31.264	b135e9c82f3b5af8414a656ace8a78c8d45a7834	Windows 11  (10.0.22631) 64bit (Editor)	True	null	null	null	null	null	null	None	0	null	0	0	null	null	null	null	null	
2024/11/23 15:52:31.271	b135e9c82f3b5af8414a656ace8a78c8d45a7834	Windows 11  (10.0.22631) 64bit (Editor)	True	null	null	null	null	null	null	None	0	null	0	0	null	null	null	null	null	
2024/11/23 15:52:31.278	b135e9c82f3b5af8414a656ace8a78c8d45a7834	Windows 11  (10.0.22631) 64bit (Editor)	True	null	null	null	null	null	null	None	0	null	0	0	null	null	null	null	null	
2024/11/23 15:52:31.285	b135e9c82f3b5af8414a656ace8a78c8d45a7834	Windows 11  (10.0.22631) 64bit (Editor)	True	null	null	null	null	null	null	None	0	null	0	0	null	null	null	null	null	
2024/11/23 15:52:31.292	b135e9c82f3b5af8414a656ace8a78c8d45a7834	Windows 11  (10.0.22631) 64bit (Editor)	True	null	null	null	null	null	null	None	0	null	0	0	null	null	null	null	null	
2024/11/23 15:52:31.308	b135e9c82f3b5af8414a656ace8a78c8d45a7834	Windows 11  (10.0.22631) 64bit (Editor)	True	null	null	null	null	null	null	None	0	null	0	0	null	null	null	null	null	
2024/11/23 15:52:31.317	b135e9c82f3b5af8414a656ace8a78c8d45a7834	Windows 11  (10.0.22631) 64bit (Editor)	True	null	null	null	null	null	null	None	0	null	0	0	null	null	null	null	null	
2024/11/23 15:52:31.324	b135e9c82f3b5af8414a656ace8a78c8d45a7834	Windows 11  (10.0.22631) 64bit (Editor)	True	null	null	null	null	null	null	None	0	null	0	0	null	null	null	null	null	
2024/11/23 15:52:31.332	b135e9c82f3b5af8414a656ace8a78c8d45a7834	Windows 11  (10.0.22631) 64bit (Editor)	True	null	null	null	null	null	null	None	0	null	0	0	null	null	null	null	null	
2024/11/23 15:52:31.338	b135e9c82f3b5af8414a656ace8a78c8d45a7834	Windows 11  (10.0.22631) 64bit (Editor)	True	null	null	null	null	null	null	None	0	null	0	0	null	null	null	null	null	
2024/11/23 15:52:31.346	b135e9c82f3b5af8414a656ace8a78c8d45a7834	Windows 11  (10.0.22631) 64bit (Editor)	True	null	null	null	null	null	null	None	0	null	0	0	null	null	null	null	null	
2024/11/23 15:52:31.352	b135e9c82f3b5af8414a656ace8a78c8d45a7834	Windows 11  (10.0.22631) 64bit (Editor)	True	null	null	null	null	null	null	None	0	null	0	0	null	null	null	null	null	
2024/11/23 15:52:31.360	b135e9c82f3b5af8414a656ace8a78c8d45a7834	Windows 11  (10.0.22631) 64bit (Editor)	True	null	null	null	null	null	null	None	0	null	0	0	null	null	null	null	null	
2024/11/23 15:52:31.367	b135e9c82f3b5af8414a656ace8a78c8d45a7834	Windows 11  (10.0.22631) 64bit (Editor)	True	null	null	null	null	null	null	None	0	null	0	0	null	null	null	null	null	
2024/11/23 15:52:31.373	b135e9c82f3b5af8414a656ace8a78c8d45a7834	Windows 11  (10.0.22631) 64bit (Editor)	True	null	null	null	null	null	null	None	0	null	0	0	null	null	null	null	null	
2024/11/23 15:52:31.380	b135e9c82f3b5af8414a656ace8a78c8d45a7834	Windows 11  (10.0.22631) 64bit (Editor)	True	null	null	null	null	null	null	None	0	null	0	0	null	null	null	null	null	
2024/11/23 15:52:31.386	b135e9c82f3b5af8414a656ace8a78c8d45a7834	Windows 11  (10.0.22631) 64bit (Editor)	True	null	null	null	null	null	null	None	0	null	0	0	null	null	null	null	null	
2024/11/23 15:52:31.393	b135e9c82f3b5af8414a656ace8a78c8d45a7834	Windows 11  (10.0.22631) 64bit (Editor)	True	null	null	null	null	null	null	None	0	null	0	0	null	null	null	null	null	
2024/11/23 15:52:31.400	b135e9c82f3b5af8414a656ace8a78c8d45a7834	Windows 11  (10.0.22631) 64bit (Editor)	True	null	null	null	null	null	null	None	0	null	0	0	null	null	null	null	null	
2024/11/23 15:52:31.409	b135e9c82f3b5af8414a656ace8a78c8d45a7834	Windows 11  (10.0.22631) 64bit (Editor)	True	null	null	null	null	null	null	None	0	null	0	0	null	null	null	null	null	
2024/11/23 15:52:31.414	b135e9c82f3b5af8414a656ace8a78c8d45a7834	Windows 11  (10.0.22631) 64bit (Editor)	True	null	null	null	null	null	null	None	0	null	0	0	null	null	null	null	null	
2024/11/23 15:52:31.422	b135e9c82f3b5af8414a656ace8a78c8d45a7834	Windows 11  (10.0.22631) 64bit (Editor)	True	null	null	null	null	null	null	None	0	null	0	0	null	null	null	null	null	
2024/11/23 15:52:31.428	b135e9c82f3b5af8414a656ace8a78c8d45a7834	Windows 11  (10.0.22631) 64bit (Editor)	True	null	null	null	null	null	null	None	0	null	0	0	null	null	null	null	null	
2024/11/23 15:52:31.436	b135e9c82f3b5af8414a656ace8a78c8d45a7834	Windows 11  (10.0.22631) 64bit (Editor)	True	null	null	null	null	null	null	None	0	null	0	0	null	null	null	null	null	
2024/11/23 15:52:31.442	b135e9c82f3b5af8414a656ace8a78c8d45a7834	Windows 11  (10.0.22631) 64bit (Editor)	True	null	null	null	null	null	null	None	0	null	0	0	null	null	null	null	null	
2024/11/23 15:52:31.459	b135e9c82f3b5af8414a656ace8a78c8d45a7834	Windows 11  (10.0.22631) 64bit (Editor)	True	null	null	null	null	null	null	None	0	null	0	0	null	null	null	null	null	
2024/11/23 15:52:31.466	b135e9c82f3b5af8414a656ace8a78c8d45a7834	Windows 11  (10.0.22631) 64bit (Editor)	True	null	null	null	null	null	null	None	0	null	0	0	null	null	null	null	null	
2024/11/23 15:52:31.474	b135e9c82f3b5af8414a656ace8a78c8d45a7834	Windows 11  (10.0.22631) 64bit (Editor)	True	null	null	null	null	null	null	None	0	null	0	0	null	null	null	null	null	
2024/11/23 15:52:31.481	b135e9c82f3b5af8414a656ace8a78c8d45a7834	Windows 11  (10.0.22631) 64bit (Editor)	True	null	null	null	null	null	null	None	0	null	0	0	null	null	null	null	null	
2024/11/23 15:52:31.488	b135e9c82f3b5af8414a656ace8a78c8d45a7834	Windows 11  (10.0.22631) 64bit (Editor)	True	null	null	null	null	null	null	None	0	null	0	0	null	null	null	null	null	
2024/11/23 15:52:31.494	b135e9c82f3b5af8414a656ace8a78c8d45a7834	Windows 11  (10.0.22631) 64bit (Editor)	True	null	null	null	null	null	null	None	0	null	0	0	null	null	null	null	null	
2024/11/23 15:52:31.502	b135e9c82f3b5af8414a656ace8a78c8d45a7834	Windows 11  (10.0.22631) 64bit (Editor)	True	null	null	null	null	null	null	None	0	null	0	0	null	null	null	null	null	
2024/11/23 15:52:31.508	b135e9c82f3b5af8414a656ace8a78c8d45a7834	Windows 11  (10.0.22631) 64bit (Editor)	True	null	null	null	null	null	null	None	0	null	0	0	null	null	null	null	null	
2024/11/23 15:52:31.517	b135e9c82f3b5af8414a656ace8a78c8d45a7834	Windows 11  (10.0.22631) 64bit (Editor)	True	null	null	null	null	null	null	None	0	null	0	0	null	null	null	null	null	
2024/11/23 15:52:31.525	b135e9c82f3b5af8414a656ace8a78c8d45a7834	Windows 11  (10.0.22631) 64bit (Editor)	True	null	null	null	null	null	null	None	0	null	0	0	null	null	null	null	null	
2024/11/23 15:52:31.531	b135e9c82f3b5af8414a656ace8a78c8d45a7834	Windows 11  (10.0.22631) 64bit (Editor)	True	null	null	null	null	null	null	None	0	null	0	0	null	null	null	null	null	
2024/11/23 15:52:31.538	b135e9c82f3b5af8414a656ace8a78c8d45a7834	Windows 11  (10.0.22631) 64bit (Editor)	True	null	null	null	null	null	null	None	0	null	0	0	null	null	null	null	null	
2024/11/23 15:52:31.546	b135e9c82f3b5af8414a656ace8a78c8d45a7834	Windows 11  (10.0.22631) 64bit (Editor)	True	null	null	null	null	null	null	None	0	null	0	0	null	null	null	null	null	
2024/11/23 15:52:31.553	b135e9c82f3b5af8414a656ace8a78c8d45a7834	Windows 11  (10.0.22631) 64bit (Editor)	True	null	null	null	null	null	null	None	0	null	0	0	null	null	null	null	null	
2024/11/23 15:52:31.560	b135e9c82f3b5af8414a656ace8a78c8d45a7834	Windows 11  (10.0.22631) 64bit (Editor)	True	null	null	null	null	null	null	None	0	null	0	0	null	null	null	null	null	
2024/11/23 15:52:31.567	b135e9c82f3b5af8414a656ace8a78c8d45a7834	Windows 11  (10.0.22631) 64bit (Editor)	True	null	null	null	null	null	null	None	0	null	0	0	null	null	null	null	null	
2024/11/23 15:52:31.574	b135e9c82f3b5af8414a656ace8a78c8d45a7834	Windows 11  (10.0.22631) 64bit (Editor)	True	null	null	null	null	null	null	None	0	null	0	0	null	null	null	null	null	
2024/11/23 15:52:31.585	b135e9c82f3b5af8414a656ace8a78c8d45a7834	Windows 11  (10.0.22631) 64bit (Editor)	True	null	null	null	null	null	null	None	0	null	0	0	null	null	null	null	null	
2024/11/23 15:52:31.593	b135e9c82f3b5af8414a656ace8a78c8d45a7834	Windows 11  (10.0.22631) 64bit (Editor)	True	null	null	null	null	null	null	None	0	null	0	0	null	null	null	null	null	
2024/11/23 15:52:31.610	b135e9c82f3b5af8414a656ace8a78c8d45a7834	Windows 11  (10.0.22631) 64bit (Editor)	True	null	null	null	null	null	null	None	0	null	0	0	null	null	null	null	null	
2024/11/23 15:52:31.617	b135e9c82f3b5af8414a656ace8a78c8d45a7834	Windows 11  (10.0.22631) 64bit (Editor)	True	null	null	null	null	null	null	None	0	null	0	0	null	null	null	null	null	
2024/11/23 15:52:31.630	b135e9c82f3b5af8414a656ace8a78c8d45a7834	Windows 11  (10.0.22631) 64bit (Editor)	True	null	null	null	null	null	null	None	0	null	0	0	null	null	null	null	null	
2024/11/23 15:52:31.638	b135e9c82f3b5af8414a656ace8a78c8d45a7834	Windows 11  (10.0.22631) 64bit (Editor)	True	null	null	null	null	null	null	None	0	null	0	0	null	null	null	null	null	
2024/11/23 15:52:31.645	b135e9c82f3b5af8414a656ace8a78c8d45a7834	Windows 11  (10.0.22631) 64bit (Editor)	True	null	null	null	null	null	null	None	0	null	0	0	null	null	null	null	null	
2024/11/23 15:52:31.653	b135e9c82f3b5af8414a656ace8a78c8d45a7834	Windows 11  (10.0.22631) 64bit (Editor)	True	null	null	null	null	null	null	None	0	null	0	0	null	null	null	null	null	
2024/11/23 15:52:31.662	b135e9c82f3b5af8414a656ace8a78c8d45a7834	Windows 11  (10.0.22631) 64bit (Editor)	True	null	null	null	null	null	null	None	0	null	0	0	null	null	null	null	null	
2024/11/23 15:52:31.668	b135e9c82f3b5af8414a656ace8a78c8d45a7834	Windows 11  (10.0.22631) 64bit (Editor)	True	null	null	null	null	null	null	None	0	null	0	0	null	null	null	null	null	
2024/11/23 15:52:31.676	b135e9c82f3b5af8414a656ace8a78c8d45a7834	Windows 11  (10.0.22631) 64bit (Editor)	True	null	null	null	null	null	null	None	0	null	0	0	null	null	null	null	null	
2024/11/23 15:52:31.684	b135e9c82f3b5af8414a656ace8a78c8d45a7834	Windows 11  (10.0.22631) 64bit (Editor)	True	null	null	null	null	null	null	None	0	null	0	0	null	null	null	null	null	
2024/11/23 15:52:31.691	b135e9c82f3b5af8414a656ace8a78c8d45a7834	Windows 11  (10.0.22631) 64bit (Editor)	True	null	null	null	null	null	null	None	0	null	0	0	null	null	null	null	null	
2024/11/23 15:52:31.698	b135e9c82f3b5af8414a656ace8a78c8d45a7834	Windows 11  (10.0.22631) 64bit (Editor)	True	null	null	null	null	null	null	None	0	null	0	0	null	null	null	null	null	
2024/11/23 15:52:31.706	b135e9c82f3b5af8414a656ace8a78c8d45a7834	Windows 11  (10.0.22631) 64bit (Editor)	True	null	null	null	null	null	null	None	0	null	0	0	null	null	null	null	null	
2024/11/23 15:52:31.712	b135e9c82f3b5af8414a656ace8a78c8d45a7834	Windows 11  (10.0.22631) 64bit (Editor)	True	null	null	null	null	null	null	None	0	null	0	0	null	null	null	null	null	
2024/11/23 15:52:31.720	b135e9c82f3b5af8414a656ace8a78c8d45a7834	Windows 11  (10.0.22631) 64bit (Editor)	True	null	null	null	null	null	null	None	0	null	0	0	null	null	null	null	null	
2024/11/23 15:52:31.726	b135e9c82f3b5af8414a656ace8a78c8d45a7834	Windows 11  (10.0.22631) 64bit (Editor)	True	null	null	null	null	null	null	None	0	null	0	0	null	null	null	null	null	
2024/11/23 15:52:31.734	b135e9c82f3b5af8414a656ace8a78c8d45a7834	Windows 11  (10.0.22631) 64bit (Editor)	True	null	null	null	null	null	null	None	0	null	0	0	null	null	null	null	null	
2024/11/23 15:52:31.741	b135e9c82f3b5af8414a656ace8a78c8d45a7834	Windows 11  (10.0.22631) 64bit (Editor)	True	null	null	null	null	null	null	None	0	null	0	0	null	null	null	null	null	
2024/11/23 15:52:31.748	b135e9c82f3b5af8414a656ace8a78c8d45a7834	Windows 11  (10.0.22631) 64bit (Editor)	True	null	null	null	null	null	null	None	0	null	0	0	null	null	null	null	null	
2024/11/23 15:52:31.766	b135e9c82f3b5af8414a656ace8a78c8d45a7834	Windows 11  (10.0.22631) 64bit (Editor)	True	null	null	null	null	null	null	None	0	null	0	0	null	null	null	null	null	
2024/11/23 15:52:31.772	b135e9c82f3b5af8414a656ace8a78c8d45a7834	Windows 11  (10.0.22631) 64bit (Editor)	True	null	null	null	null	null	null	None	0	null	0	0	null	null	null	null	null	
2024/11/23 15:52:31.780	b135e9c82f3b5af8414a656ace8a78c8d45a7834	Windows 11  (10.0.22631) 64bit (Editor)	True	null	null	null	null	null	null	None	0	null	0	0	null	null	null	null	null	
2024/11/23 15:52:31.786	b135e9c82f3b5af8414a656ace8a78c8d45a7834	Windows 11  (10.0.22631) 64bit (Editor)	True	null	null	null	null	null	null	None	0	null	0	0	null	null	null	null	null	
2024/11/23 15:52:31.794	b135e9c82f3b5af8414a656ace8a78c8d45a7834	Windows 11  (10.0.22631) 64bit (Editor)	True	null	null	null	null	null	null	None	0	null	0	0	null	null	null	null	null	
2024/11/23 15:52:31.801	b135e9c82f3b5af8414a656ace8a78c8d45a7834	Windows 11  (10.0.22631) 64bit (Editor)	True	null	null	null	null	null	null	None	0	null	0	0	null	null	null	null	null	
2024/11/23 15:52:31.807	b135e9c82f3b5af8414a656ace8a78c8d45a7834	Windows 11  (10.0.22631) 64bit (Editor)	True	null	null	null	null	null	null	None	0	null	0	0	null	null	null	null	null	
2024/11/23 15:52:31.815	b135e9c82f3b5af8414a656ace8a78c8d45a7834	Windows 11  (10.0.22631) 64bit (Editor)	True	null	null	null	null	null	null	None	0	null	0	0	null	null	null	null	null	
2024/11/23 15:52:31.822	b135e9c82f3b5af8414a656ace8a78c8d45a7834	Windows 11  (10.0.22631) 64bit (Editor)	True	null	null	null	null	null	null	None	0	null	0	0	null	null	null	null	null	
2024/11/23 15:52:31.829	b135e9c82f3b5af8414a656ace8a78c8d45a7834	Windows 11  (10.0.22631) 64bit (Editor)	True	null	null	null	null	null	null	None	0	null	0	0	null	null	null	null	null	
2024/11/23 15:52:31.837	b135e9c82f3b5af8414a656ace8a78c8d45a7834	Windows 11  (10.0.22631) 64bit (Editor)	True	null	null	null	null	null	null	None	0	null	0	0	null	null	null	null	null	
2024/11/23 15:52:31.844	b135e9c82f3b5af8414a656ace8a78c8d45a7834	Windows 11  (10.0.22631) 64bit (Editor)	True	null	null	null	null	null	null	None	0	null	0	0	null	null	null	null	null	
2024/11/23 15:52:31.850	b135e9c82f3b5af8414a656ace8a78c8d45a7834	Windows 11  (10.0.22631) 64bit (Editor)	True	null	null	null	null	null	null	None	0	null	0	0	null	null	null	null	null	
2024/11/23 15:52:31.858	b135e9c82f3b5af8414a656ace8a78c8d45a7834	Windows 11  (10.0.22631) 64bit (Editor)	True	null	null	null	null	null	null	None	0	null	0	0	null	null	null	null	null	
2024/11/23 15:52:31.865	b135e9c82f3b5af8414a656ace8a78c8d45a7834	Windows 11  (10.0.22631) 64bit (Editor)	True	null	null	null	null	null	null	None	0	null	0	0	null	null	null	null	null	
2024/11/23 15:52:31.873	b135e9c82f3b5af8414a656ace8a78c8d45a7834	Windows 11  (10.0.22631) 64bit (Editor)	True	null	null	null	null	null	null	None	0	null	0	0	null	null	null	null	null	
2024/11/23 15:52:31.880	b135e9c82f3b5af8414a656ace8a78c8d45a7834	Windows 11  (10.0.22631) 64bit (Editor)	True	null	null	null	null	null	null	None	0	null	0	0	null	null	null	null	null	
2024/11/23 15:52:31.889	b135e9c82f3b5af8414a656ace8a78c8d45a7834	Windows 11  (10.0.22631) 64bit (Editor)	True	null	null	null	null	null	null	None	0	null	0	0	null	null	null	null	null	
2024/11/23 15:52:31.897	b135e9c82f3b5af8414a656ace8a78c8d45a7834	Windows 11  (10.0.22631) 64bit (Editor)	True	null	null	null	null	null	null	None	0	null	0	0	null	null	null	null	null	
2024/11/23 15:52:31.904	b135e9c82f3b5af8414a656ace8a78c8d45a7834	Windows 11  (10.0.22631) 64bit (Editor)	True	null	null	null	null	null	null	None	0	null	0	0	null	null	null	null	null	
2024/11/23 15:52:31.922	b135e9c82f3b5af8414a656ace8a78c8d45a7834	Windows 11  (10.0.22631) 64bit (Editor)	True	null	null	null	null	null	null	None	0	null	0	0	null	null	null	null	null	
2024/11/23 15:52:31.928	b135e9c82f3b5af8414a656ace8a78c8d45a7834	Windows 11  (10.0.22631) 64bit (Editor)	True	null	null	null	null	null	null	None	0	null	0	0	null	null	null	null	null	
2024/11/23 15:52:31.937	b135e9c82f3b5af8414a656ace8a78c8d45a7834	Windows 11  (10.0.22631) 64bit (Editor)	True	null	null	null	null	null	null	None	0	null	0	0	null	null	null	null	null	
2024/11/23 15:52:31.943	b135e9c82f3b5af8414a656ace8a78c8d45a7834	Windows 11  (10.0.22631) 64bit (Editor)	True	null	null	null	null	null	null	None	0	null	0	0	null	null	null	null	null	
2024/11/23 15:52:31.951	b135e9c82f3b5af8414a656ace8a78c8d45a7834	Windows 11  (10.0.22631) 64bit (Editor)	True	null	null	null	null	null	null	None	0	null	0	0	null	null	null	null	null	
2024/11/23 15:52:31.958	b135e9c82f3b5af8414a656ace8a78c8d45a7834	Windows 11  (10.0.22631) 64bit (Editor)	True	null	null	null	null	null	null	None	0	null	0	0	null	null	null	null	null	
2024/11/23 15:52:31.964	b135e9c82f3b5af8414a656ace8a78c8d45a7834	Windows 11  (10.0.22631) 64bit (Editor)	True	null	null	null	null	null	null	None	0	null	0	0	null	null	null	null	null	
2024/11/23 15:52:31.971	b135e9c82f3b5af8414a656ace8a78c8d45a7834	Windows 11  (10.0.22631) 64bit (Editor)	True	null	null	null	null	null	null	None	0	null	0	0	null	null	null	null	null	
2024/11/23 15:52:31.978	b135e9c82f3b5af8414a656ace8a78c8d45a7834	Windows 11  (10.0.22631) 64bit (Editor)	True	null	null	null	null	null	null	None	0	null	0	0	null	null	null	null	null	
2024/11/23 15:52:31.986	b135e9c82f3b5af8414a656ace8a78c8d45a7834	Windows 11  (10.0.22631) 64bit (Editor)	True	null	null	null	null	null	null	None	0	null	0	0	null	null	null	null	null	
2024/11/23 15:52:31.992	b135e9c82f3b5af8414a656ace8a78c8d45a7834	Windows 11  (10.0.22631) 64bit (Editor)	True	null	null	null	null	null	null	None	0	null	0	0	null	null	null	null	null	
2024/11/23 15:52:32.001	b135e9c82f3b5af8414a656ace8a78c8d45a7834	Windows 11  (10.0.22631) 64bit (Editor)	True	null	null	null	null	null	null	None	0	null	0	0	null	null	null	null	null	
2024/11/23 15:52:32.007	b135e9c82f3b5af8414a656ace8a78c8d45a7834	Windows 11  (10.0.22631) 64bit (Editor)	True	null	null	null	null	null	null	None	0	null	0	0	null	null	null	null	null	
2024/11/23 15:52:32.015	b135e9c82f3b5af8414a656ace8a78c8d45a7834	Windows 11  (10.0.22631) 64bit (Editor)	True	null	null	null	null	null	null	None	0	null	0	0	null	null	null	null	null	
2024/11/23 15:52:32.022	b135e9c82f3b5af8414a656ace8a78c8d45a7834	Windows 11  (10.0.22631) 64bit (Editor)	True	null	null	null	null	null	null	None	0	null	0	0	null	null	null	null	null	
2024/11/23 15:52:32.029	b135e9c82f3b5af8414a656ace8a78c8d45a7834	Windows 11  (10.0.22631) 64bit (Editor)	True	null	null	null	null	null	null	None	0	null	0	0	null	null	null	null	null	
2024/11/23 15:52:32.036	b135e9c82f3b5af8414a656ace8a78c8d45a7834	Windows 11  (10.0.22631) 64bit (Editor)	True	null	null	null	null	null	null	None	0	null	0	0	null	null	null	null	null	
2024/11/23 15:52:32.044	b135e9c82f3b5af8414a656ace8a78c8d45a7834	Windows 11  (10.0.22631) 64bit (Editor)	True	null	null	null	null	null	null	None	0	null	0	0	null	null	null	null	null	
2024/11/23 15:52:32.051	b135e9c82f3b5af8414a656ace8a78c8d45a7834	Windows 11  (10.0.22631) 64bit (Editor)	True	null	null	null	null	null	null	None	0	null	0	0	null	null	null	null	null	
2024/11/23 15:52:32.057	b135e9c82f3b5af8414a656ace8a78c8d45a7834	Windows 11  (10.0.22631) 64bit (Editor)	True	null	null	null	null	null	null	None	0	null	0	0	null	null	null	null	null	
2024/11/23 15:52:32.076	b135e9c82f3b5af8414a656ace8a78c8d45a7834	Windows 11  (10.0.22631) 64bit (Editor)	True	null	null	null	null	null	null	None	0	null	0	0	null	null	null	null	null	
2024/11/23 15:52:32.083	b135e9c82f3b5af8414a656ace8a78c8d45a7834	Windows 11  (10.0.22631) 64bit (Editor)	True	null	null	null	null	null	null	None	0	null	0	0	null	null	null	null	null	
2024/11/23 15:52:32.090	b135e9c82f3b5af8414a656ace8a78c8d45a7834	Windows 11  (10.0.22631) 64bit (Editor)	True	null	null	null	null	null	null	None	0	null	0	0	null	null	null	null	null	
2024/11/23 15:52:32.097	b135e9c82f3b5af8414a656ace8a78c8d45a7834	Windows 11  (10.0.22631) 64bit (Editor)	True	null	null	null	null	null	null	None	0	null	0	0	null	null	null	null	null	
2024/11/23 15:52:32.105	b135e9c82f3b5af8414a656ace8a78c8d45a7834	Windows 11  (10.0.22631) 64bit (Editor)	True	null	null	null	null	null	null	None	0	null	0	0	null	null	null	null	null	
2024/11/23 15:52:32.112	b135e9c82f3b5af8414a656ace8a78c8d45a7834	Windows 11  (10.0.22631) 64bit (Editor)	True	null	null	null	null	null	null	None	0	null	0	0	null	null	null	null	null	
2024/11/23 15:52:32.120	b135e9c82f3b5af8414a656ace8a78c8d45a7834	Windows 11  (10.0.22631) 64bit (Editor)	True	null	null	null	null	null	null	None	0	null	0	0	null	null	null	null	null	
2024/11/23 15:52:32.127	b135e9c82f3b5af8414a656ace8a78c8d45a7834	Windows 11  (10.0.22631) 64bit (Editor)	True	null	null	null	null	null	null	None	0	null	0	0	null	null	null	null	null	
2024/11/23 15:52:32.133	b135e9c82f3b5af8414a656ace8a78c8d45a7834	Windows 11  (10.0.22631) 64bit (Editor)	True	null	null	null	null	null	null	None	0	null	0	0	null	null	null	null	null	
2024/11/23 15:52:32.140	b135e9c82f3b5af8414a656ace8a78c8d45a7834	Windows 11  (10.0.22631) 64bit (Editor)	True	null	null	null	null	null	null	None	0	null	0	0	null	null	null	null	null	
2024/11/23 15:52:32.146	b135e9c82f3b5af8414a656ace8a78c8d45a7834	Windows 11  (10.0.22631) 64bit (Editor)	True	null	null	null	null	null	null	None	0	null	0	0	null	null	null	null	null	
2024/11/23 15:52:32.153	b135e9c82f3b5af8414a656ace8a78c8d45a7834	Windows 11  (10.0.22631) 64bit (Editor)	True	null	null	null	null	null	null	None	0	null	0	0	null	null	null	null	null	
2024/11/23 15:52:32.160	b135e9c82f3b5af8414a656ace8a78c8d45a7834	Windows 11  (10.0.22631) 64bit (Editor)	True	null	null	null	null	null	null	None	0	null	0	0	null	null	null	null	null	
2024/11/23 15:52:32.170	b135e9c82f3b5af8414a656ace8a78c8d45a7834	Windows 11  (10.0.22631) 64bit (Editor)	True	null	null	null	null	null	null	None	0	null	0	0	null	null	null	null	null	
2024/11/23 15:52:32.177	b135e9c82f3b5af8414a656ace8a78c8d45a7834	Windows 11  (10.0.22631) 64bit (Editor)	True	null	null	null	null	null	null	None	0	null	0	0	null	null	null	null	null	
2024/11/23 15:52:32.184	b135e9c82f3b5af8414a656ace8a78c8d45a7834	Windows 11  (10.0.22631) 64bit (Editor)	True	null	null	null	null	null	null	None	0	null	0	0	null	null	null	null	null	
2024/11/23 15:52:32.191	b135e9c82f3b5af8414a656ace8a78c8d45a7834	Windows 11  (10.0.22631) 64bit (Editor)	True	null	null	null	null	null	null	None	0	null	0	0	null	null	null	null	null	
2024/11/23 15:52:32.198	b135e9c82f3b5af8414a656ace8a78c8d45a7834	Windows 11  (10.0.22631) 64bit (Editor)	True	null	null	null	null	null	null	None	0	null	0	0	null	null	null	null	null	
2024/11/23 15:52:32.205	b135e9c82f3b5af8414a656ace8a78c8d45a7834	Windows 11  (10.0.22631) 64bit (Editor)	True	null	null	null	null	null	null	None	0	null	0	0	null	null	null	null	null	
2024/11/23 15:52:32.213	b135e9c82f3b5af8414a656ace8a78c8d45a7834	Windows 11  (10.0.22631) 64bit (Editor)	True	null	null	null	null	null	null	None	0	null	0	0	null	null	null	null	null	
2024/11/23 15:52:32.232	b135e9c82f3b5af8414a656ace8a78c8d45a7834	Windows 11  (10.0.22631) 64bit (Editor)	True	null	null	null	null	null	null	None	0	null	0	0	null	null	null	null	null	
2024/11/23 15:52:32.240	b135e9c82f3b5af8414a656ace8a78c8d45a7834	Windows 11  (10.0.22631) 64bit (Editor)	True	null	null	null	null	null	null	None	0	null	0	0	null	null	null	null	null	
2024/11/23 15:52:32.247	b135e9c82f3b5af8414a656ace8a78c8d45a7834	Windows 11  (10.0.22631) 64bit (Editor)	True	null	null	null	null	null	null	None	0	null	0	0	null	null	null	null	null	
2024/11/23 15:52:32.253	b135e9c82f3b5af8414a656ace8a78c8d45a7834	Windows 11  (10.0.22631) 64bit (Editor)	True	null	null	null	null	null	null	None	0	null	0	0	null	null	null	null	null	
2024/11/23 15:52:32.259	b135e9c82f3b5af8414a656ace8a78c8d45a7834	Windows 11  (10.0.22631) 64bit (Editor)	True	null	null	null	null	null	null	None	0	null	0	0	null	null	null	null	null	
2024/11/23 15:52:32.266	b135e9c82f3b5af8414a656ace8a78c8d45a7834	Windows 11  (10.0.22631) 64bit (Editor)	True	null	null	null	null	null	null	None	0	null	0	0	null	null	null	null	null	
2024/11/23 15:52:32.272	b135e9c82f3b5af8414a656ace8a78c8d45a7834	Windows 11  (10.0.22631) 64bit (Editor)	True	null	null	null	null	null	null	None	0	null	0	0	null	null	null	null	null	
2024/11/23 15:52:32.280	b135e9c82f3b5af8414a656ace8a78c8d45a7834	Windows 11  (10.0.22631) 64bit (Editor)	True	null	null	null	null	null	null	None	0	null	0	0	null	null	null	null	null	
2024/11/23 15:52:32.287	b135e9c82f3b5af8414a656ace8a78c8d45a7834	Windows 11  (10.0.22631) 64bit (Editor)	True	null	null	null	null	null	null	None	0	null	0	0	null	null	null	null	null	
2024/11/23 15:52:32.294	b135e9c82f3b5af8414a656ace8a78c8d45a7834	Windows 11  (10.0.22631) 64bit (Editor)	True	null	null	null	null	null	null	None	0	null	0	0	null	null	null	null	null	
2024/11/23 15:52:32.301	b135e9c82f3b5af8414a656ace8a78c8d45a7834	Windows 11  (10.0.22631) 64bit (Editor)	True	null	null	null	null	null	null	None	0	null	0	0	null	null	null	null	null	
2024/11/23 15:52:32.307	b135e9c82f3b5af8414a656ace8a78c8d45a7834	Windows 11  (10.0.22631) 64bit (Editor)	True	null	null	null	null	null	null	None	0	null	0	0	null	null	null	null	null	
2024/11/23 15:52:32.315	b135e9c82f3b5af8414a656ace8a78c8d45a7834	Windows 11  (10.0.22631) 64bit (Editor)	True	null	null	null	null	null	null	None	0	null	0	0	null	null	null	null	null	
2024/11/23 15:52:32.322	b135e9c82f3b5af8414a656ace8a78c8d45a7834	Windows 11  (10.0.22631) 64bit (Editor)	True	null	null	null	null	null	null	None	0	null	0	0	null	null	null	null	null	
2024/11/23 15:52:32.328	b135e9c82f3b5af8414a656ace8a78c8d45a7834	Windows 11  (10.0.22631) 64bit (Editor)	True	null	null	null	null	null	null	None	0	null	0	0	null	null	null	null	null	
2024/11/23 15:52:32.335	b135e9c82f3b5af8414a656ace8a78c8d45a7834	Windows 11  (10.0.22631) 64bit (Editor)	True	null	null	null	null	null	null	None	0	null	0	0	null	null	null	null	null	
2024/11/23 15:52:32.343	b135e9c82f3b5af8414a656ace8a78c8d45a7834	Windows 11  (10.0.22631) 64bit (Editor)	True	null	null	null	null	null	null	None	0	null	0	0	null	null	null	null	null	
2024/11/23 15:52:32.349	b135e9c82f3b5af8414a656ace8a78c8d45a7834	Windows 11  (10.0.22631) 64bit (Editor)	True	null	null	null	null	null	null	None	0	null	0	0	null	null	null	null	null	
2024/11/23 15:52:32.357	b135e9c82f3b5af8414a656ace8a78c8d45a7834	Windows 11  (10.0.22631) 64bit (Editor)	True	null	null	null	null	null	null	None	0	null	0	0	null	null	null	null	null	
2024/11/23 15:52:32.364	b135e9c82f3b5af8414a656ace8a78c8d45a7834	Windows 11  (10.0.22631) 64bit (Editor)	True	null	null	null	null	null	null	None	0	null	0	0	null	null	null	null	null	
2024/11/23 15:52:32.380	b135e9c82f3b5af8414a656ace8a78c8d45a7834	Windows 11  (10.0.22631) 64bit (Editor)	True	null	null	null	null	null	null	None	0	null	0	0	null	null	null	null	null	
2024/11/23 15:52:32.388	b135e9c82f3b5af8414a656ace8a78c8d45a7834	Windows 11  (10.0.22631) 64bit (Editor)	True	null	null	null	null	null	null	None	0	null	0	0	null	null	null	null	null	
2024/11/23 15:52:32.395	b135e9c82f3b5af8414a656ace8a78c8d45a7834	Windows 11  (10.0.22631) 64bit (Editor)	True	null	null	null	null	null	null	None	0	null	0	0	null	null	null	null	null	
2024/11/23 15:52:32.402	b135e9c82f3b5af8414a656ace8a78c8d45a7834	Windows 11  (10.0.22631) 64bit (Editor)	True	null	null	null	null	null	null	None	0	null	0	0	null	null	null	null	null	
2024/11/23 15:52:32.408	b135e9c82f3b5af8414a656ace8a78c8d45a7834	Windows 11  (10.0.22631) 64bit (Editor)	True	null	null	null	null	null	null	None	0	null	0	0	null	null	null	null	null	
2024/11/23 15:52:32.417	b135e9c82f3b5af8414a656ace8a78c8d45a7834	Windows 11  (10.0.22631) 64bit (Editor)	True	null	null	null	null	null	null	None	0	null	0	0	null	null	null	null	null	
2024/11/23 15:52:32.423	b135e9c82f3b5af8414a656ace8a78c8d45a7834	Windows 11  (10.0.22631) 64bit (Editor)	True	null	null	null	null	null	null	None	0	null	0	0	null	null	null	null	null	
2024/11/23 15:52:32.430	b135e9c82f3b5af8414a656ace8a78c8d45a7834	Windows 11  (10.0.22631) 64bit (Editor)	True	null	null	null	null	null	null	None	0	null	0	0	null	null	null	null	null	
2024/11/23 15:52:32.437	b135e9c82f3b5af8414a656ace8a78c8d45a7834	Windows 11  (10.0.22631) 64bit (Editor)	True	null	null	null	null	null	null	None	0	null	0	0	null	null	null	null	null	
2024/11/23 15:52:32.443	b135e9c82f3b5af8414a656ace8a78c8d45a7834	Windows 11  (10.0.22631) 64bit (Editor)	True	null	null	null	null	null	null	None	0	null	0	0	null	null	null	null	null	
2024/11/23 15:52:32.450	b135e9c82f3b5af8414a656ace8a78c8d45a7834	Windows 11  (10.0.22631) 64bit (Editor)	True	null	null	null	null	null	null	None	0	null	0	0	null	null	null	null	null	
2024/11/23 15:52:32.456	b135e9c82f3b5af8414a656ace8a78c8d45a7834	Windows 11  (10.0.22631) 64bit (Editor)	True	null	null	null	null	null	null	None	0	null	0	0	null	null	null	null	null	
2024/11/23 15:52:32.464	b135e9c82f3b5af8414a656ace8a78c8d45a7834	Windows 11  (10.0.22631) 64bit (Editor)	True	null	null	null	null	null	null	None	0	null	0	0	null	null	null	null	null	
2024/11/23 15:52:32.469	b135e9c82f3b5af8414a656ace8a78c8d45a7834	Windows 11  (10.0.22631) 64bit (Editor)	True	null	null	null	null	null	null	None	0	null	0	0	null	null	null	null	null	
2024/11/23 15:52:32.477	b135e9c82f3b5af8414a656ace8a78c8d45a7834	Windows 11  (10.0.22631) 64bit (Editor)	True	null	null	null	null	null	null	None	0	null	0	0	null	null	null	null	null	
2024/11/23 15:52:32.485	b135e9c82f3b5af8414a656ace8a78c8d45a7834	Windows 11  (10.0.22631) 64bit (Editor)	True	null	null	null	null	null	null	None	0	null	0	0	null	null	null	null	null	
2024/11/23 15:52:32.491	b135e9c82f3b5af8414a656ace8a78c8d45a7834	Windows 11  (10.0.22631) 64bit (Editor)	True	null	null	null	null	null	null	None	0	null	0	0	null	null	null	null	null	
2024/11/23 15:52:32.498	b135e9c82f3b5af8414a656ace8a78c8d45a7834	Windows 11  (10.0.22631) 64bit (Editor)	True	null	null	null	null	null	null	None	0	null	0	0	null	null	null	null	null	
2024/11/23 15:52:32.505	b135e9c82f3b5af8414a656ace8a78c8d45a7834	Windows 11  (10.0.22631) 64bit (Editor)	True	null	null	null	null	null	null	None	0	null	0	0	null	null	null	null	null	
2024/11/23 15:52:32.513	b135e9c82f3b5af8414a656ace8a78c8d45a7834	Windows 11  (10.0.22631) 64bit (Editor)	True	null	null	null	null	null	null	None	0	null	0	0	null	null	null	null	null	
2024/11/23 15:52:32.520	b135e9c82f3b5af8414a656ace8a78c8d45a7834	Windows 11  (10.0.22631) 64bit (Editor)	True	null	null	null	null	null	null	None	0	null	0	0	null	null	null	null	null	
2024/11/23 15:52:32.537	b135e9c82f3b5af8414a656ace8a78c8d45a7834	Windows 11  (10.0.22631) 64bit (Editor)	True	null	null	null	null	null	null	None	0	null	0	0	null	null	null	null	null	
2024/11/23 15:52:32.547	b135e9c82f3b5af8414a656ace8a78c8d45a7834	Windows 11  (10.0.22631) 64bit (Editor)	True	null	null	null	null	null	null	None	0	null	0	0	null	null	null	null	null	
2024/11/23 15:52:32.553	b135e9c82f3b5af8414a656ace8a78c8d45a7834	Windows 11  (10.0.22631) 64bit (Editor)	True	null	null	null	null	null	null	None	0	null	0	0	null	null	null	null	null	
2024/11/23 15:52:32.559	b135e9c82f3b5af8414a656ace8a78c8d45a7834	Windows 11  (10.0.22631) 64bit (Editor)	True	null	null	null	null	null	null	None	0	null	0	0	null	null	null	null	null	
2024/11/23 15:52:32.566	b135e9c82f3b5af8414a656ace8a78c8d45a7834	Windows 11  (10.0.22631) 64bit (Editor)	True	null	null	null	null	null	null	None	0	null	0	0	null	null	null	null	null	
2024/11/23 15:52:32.574	b135e9c82f3b5af8414a656ace8a78c8d45a7834	Windows 11  (10.0.22631) 64bit (Editor)	True	null	null	null	null	null	null	None	0	null	0	0	null	null	null	null	null	
2024/11/23 15:52:32.580	b135e9c82f3b5af8414a656ace8a78c8d45a7834	Windows 11  (10.0.22631) 64bit (Editor)	True	null	null	null	null	null	null	None	0	null	0	0	null	null	null	null	null	
2024/11/23 15:52:32.586	b135e9c82f3b5af8414a656ace8a78c8d45a7834	Windows 11  (10.0.22631) 64bit (Editor)	True	null	null	null	null	null	null	None	0	null	0	0	null	null	null	null	null	
2024/11/23 15:52:32.594	b135e9c82f3b5af8414a656ace8a78c8d45a7834	Windows 11  (10.0.22631) 64bit (Editor)	True	null	null	null	null	null	null	None	0	null	0	0	null	null	null	null	null	
2024/11/23 15:52:32.601	b135e9c82f3b5af8414a656ace8a78c8d45a7834	Windows 11  (10.0.22631) 64bit (Editor)	True	null	null	null	null	null	null	None	0	null	0	0	null	null	null	null	null	
2024/11/23 15:52:32.608	b135e9c82f3b5af8414a656ace8a78c8d45a7834	Windows 11  (10.0.22631) 64bit (Editor)	True	null	null	null	null	null	null	None	0	null	0	0	null	null	null	null	null	
2024/11/23 15:52:32.615	b135e9c82f3b5af8414a656ace8a78c8d45a7834	Windows 11  (10.0.22631) 64bit (Editor)	True	null	null	null	null	null	null	None	0	null	0	0	null	null	null	null	null	
2024/11/23 15:52:32.623	b135e9c82f3b5af8414a656ace8a78c8d45a7834	Windows 11  (10.0.22631) 64bit (Editor)	True	null	null	null	null	null	null	None	0	null	0	0	null	null	null	null	null	
2024/11/23 15:52:32.630	b135e9c82f3b5af8414a656ace8a78c8d45a7834	Windows 11  (10.0.22631) 64bit (Editor)	True	null	null	null	null	null	null	None	0	null	0	0	null	null	null	null	null	
2024/11/23 15:52:32.637	b135e9c82f3b5af8414a656ace8a78c8d45a7834	Windows 11  (10.0.22631) 64bit (Editor)	True	null	null	null	null	null	null	None	0	null	0	0	null	null	null	null	null	
2024/11/23 15:52:32.643	b135e9c82f3b5af8414a656ace8a78c8d45a7834	Windows 11  (10.0.22631) 64bit (Editor)	True	null	null	null	null	null	null	None	0	null	0	0	null	null	null	null	null	
2024/11/23 15:52:32.650	b135e9c82f3b5af8414a656ace8a78c8d45a7834	Windows 11  (10.0.22631) 64bit (Editor)	True	null	null	null	null	null	null	None	0	null	0	0	null	null	null	null	null	
2024/11/23 15:52:32.657	b135e9c82f3b5af8414a656ace8a78c8d45a7834	Windows 11  (10.0.22631) 64bit (Editor)	True	null	null	null	null	null	null	None	0	null	0	0	null	null	null	null	null	
2024/11/23 15:52:32.664	b135e9c82f3b5af8414a656ace8a78c8d45a7834	Windows 11  (10.0.22631) 64bit (Editor)	True	null	null	null	null	null	null	None	0	null	0	0	null	null	null	null	null	
2024/11/23 15:52:32.672	b135e9c82f3b5af8414a656ace8a78c8d45a7834	Windows 11  (10.0.22631) 64bit (Editor)	True	null	null	null	null	null	null	None	0	null	0	0	null	null	null	null	null	
2024/11/23 15:52:32.688	b135e9c82f3b5af8414a656ace8a78c8d45a7834	Windows 11  (10.0.22631) 64bit (Editor)	True	null	null	null	null	null	null	None	0	null	0	0	null	null	null	null	null	
2024/11/23 15:52:32.696	b135e9c82f3b5af8414a656ace8a78c8d45a7834	Windows 11  (10.0.22631) 64bit (Editor)	True	null	null	null	null	null	null	None	0	null	0	0	null	null	null	null	null	
2024/11/23 15:52:32.705	b135e9c82f3b5af8414a656ace8a78c8d45a7834	Windows 11  (10.0.22631) 64bit (Editor)	True	null	null	null	null	null	null	None	0	null	0	0	null	null	null	null	null	
2024/11/23 15:52:32.711	b135e9c82f3b5af8414a656ace8a78c8d45a7834	Windows 11  (10.0.22631) 64bit (Editor)	True	null	null	null	null	null	null	None	0	null	0	0	null	null	null	null	null	
2024/11/23 15:52:32.719	b135e9c82f3b5af8414a656ace8a78c8d45a7834	Windows 11  (10.0.22631) 64bit (Editor)	True	null	null	null	null	null	null	None	0	null	0	0	null	null	null	null	null	
2024/11/23 15:52:32.725	b135e9c82f3b5af8414a656ace8a78c8d45a7834	Windows 11  (10.0.22631) 64bit (Editor)	True	null	null	null	null	null	null	None	0	null	0	0	null	null	null	null	null	
2024/11/23 15:52:32.732	b135e9c82f3b5af8414a656ace8a78c8d45a7834	Windows 11  (10.0.22631) 64bit (Editor)	True	null	null	null	null	null	null	None	0	null	0	0	null	null	null	null	null	
2024/11/23 15:52:32.739	b135e9c82f3b5af8414a656ace8a78c8d45a7834	Windows 11  (10.0.22631) 64bit (Editor)	True	null	null	null	null	null	null	None	0	null	0	0	null	null	null	null	null	
2024/11/23 15:52:32.747	b135e9c82f3b5af8414a656ace8a78c8d45a7834	Windows 11  (10.0.22631) 64bit (Editor)	True	null	null	null	null	null	null	None	0	null	0	0	null	null	null	null	null	
2024/11/23 15:52:32.754	b135e9c82f3b5af8414a656ace8a78c8d45a7834	Windows 11  (10.0.22631) 64bit (Editor)	True	null	null	null	null	null	null	None	0	null	0	0	null	null	null	null	null	
2024/11/23 15:52:32.762	b135e9c82f3b5af8414a656ace8a78c8d45a7834	Windows 11  (10.0.22631) 64bit (Editor)	True	null	null	null	null	null	null	None	0	null	0	0	null	null	null	null	null	
2024/11/23 15:52:32.768	b135e9c82f3b5af8414a656ace8a78c8d45a7834	Windows 11  (10.0.22631) 64bit (Editor)	True	null	null	null	null	null	null	None	0	null	0	0	null	null	null	null	null	
2024/11/23 15:52:32.776	b135e9c82f3b5af8414a656ace8a78c8d45a7834	Windows 11  (10.0.22631) 64bit (Editor)	True	null	null	null	null	null	null	None	0	null	0	0	null	null	null	null	null	
2024/11/23 15:52:32.782	b135e9c82f3b5af8414a656ace8a78c8d45a7834	Windows 11  (10.0.22631) 64bit (Editor)	True	null	null	null	null	null	null	None	0	null	0	0	null	null	null	null	null	
2024/11/23 15:52:32.789	b135e9c82f3b5af8414a656ace8a78c8d45a7834	Windows 11  (10.0.22631) 64bit (Editor)	True	null	null	null	null	null	null	None	0	null	0	0	null	null	null	null	null	
2024/11/23 15:52:32.797	b135e9c82f3b5af8414a656ace8a78c8d45a7834	Windows 11  (10.0.22631) 64bit (Editor)	True	null	null	null	null	null	null	None	0	null	0	0	null	null	null	null	null	
2024/11/23 15:52:32.804	b135e9c82f3b5af8414a656ace8a78c8d45a7834	Windows 11  (10.0.22631) 64bit (Editor)	True	null	null	null	null	null	null	None	0	null	0	0	null	null	null	null	null	
2024/11/23 15:52:32.812	b135e9c82f3b5af8414a656ace8a78c8d45a7834	Windows 11  (10.0.22631) 64bit (Editor)	True	null	null	null	null	null	null	None	0	null	0	0	null	null	null	null	null	
2024/11/23 15:52:32.818	b135e9c82f3b5af8414a656ace8a78c8d45a7834	Windows 11  (10.0.22631) 64bit (Editor)	True	null	null	null	null	null	null	None	0	null	0	0	null	null	null	null	null	
2024/11/23 15:52:32.827	b135e9c82f3b5af8414a656ace8a78c8d45a7834	Windows 11  (10.0.22631) 64bit (Editor)	True	null	null	null	null	null	null	None	0	null	0	0	null	null	null	null	null	
2024/11/23 15:52:32.847	b135e9c82f3b5af8414a656ace8a78c8d45a7834	Windows 11  (10.0.22631) 64bit (Editor)	True	null	null	null	null	null	null	None	0	null	0	0	null	null	null	null	null	
2024/11/23 15:52:32.855	b135e9c82f3b5af8414a656ace8a78c8d45a7834	Windows 11  (10.0.22631) 64bit (Editor)	True	null	null	null	null	null	null	None	0	null	0	0	null	null	null	null	null	
2024/11/23 15:52:32.862	b135e9c82f3b5af8414a656ace8a78c8d45a7834	Windows 11  (10.0.22631) 64bit (Editor)	True	null	null	null	null	null	null	None	0	null	0	0	null	null	null	null	null	
2024/11/23 15:52:32.869	b135e9c82f3b5af8414a656ace8a78c8d45a7834	Windows 11  (10.0.22631) 64bit (Editor)	True	null	null	null	null	null	null	None	0	null	0	0	null	null	null	null	null	
2024/11/23 15:52:32.876	b135e9c82f3b5af8414a656ace8a78c8d45a7834	Windows 11  (10.0.22631) 64bit (Editor)	True	null	null	null	null	null	null	None	0	null	0	0	null	null	null	null	null	
2024/11/23 15:52:32.884	b135e9c82f3b5af8414a656ace8a78c8d45a7834	Windows 11  (10.0.22631) 64bit (Editor)	True	null	null	null	null	null	null	None	0	null	0	0	null	null	null	null	null	
2024/11/23 15:52:32.890	b135e9c82f3b5af8414a656ace8a78c8d45a7834	Windows 11  (10.0.22631) 64bit (Editor)	True	null	null	null	null	null	null	None	0	null	0	0	null	null	null	null	null	
2024/11/23 15:52:32.897	b135e9c82f3b5af8414a656ace8a78c8d45a7834	Windows 11  (10.0.22631) 64bit (Editor)	True	null	null	null	null	null	null	None	0	null	0	0	null	null	null	null	null	
2024/11/23 15:52:32.905	b135e9c82f3b5af8414a656ace8a78c8d45a7834	Windows 11  (10.0.22631) 64bit (Editor)	True	null	null	null	null	null	null	None	0	null	0	0	null	null	null	null	null	
2024/11/23 15:52:32.911	b135e9c82f3b5af8414a656ace8a78c8d45a7834	Windows 11  (10.0.22631) 64bit (Editor)	True	null	null	null	null	null	null	None	0	null	0	0	null	null	null	null	null	
2024/11/23 15:52:32.919	b135e9c82f3b5af8414a656ace8a78c8d45a7834	Windows 11  (10.0.22631) 64bit (Editor)	True	null	null	null	null	null	null	None	0	null	0	0	null	null	null	null	null	
2024/11/23 15:52:32.925	b135e9c82f3b5af8414a656ace8a78c8d45a7834	Windows 11  (10.0.22631) 64bit (Editor)	True	null	null	null	null	null	null	None	0	null	0	0	null	null	null	null	null	
2024/11/23 15:52:32.933	b135e9c82f3b5af8414a656ace8a78c8d45a7834	Windows 11  (10.0.22631) 64bit (Editor)	True	null	null	null	null	null	null	None	0	null	0	0	null	null	null	null	null	
2024/11/23 15:52:32.939	b135e9c82f3b5af8414a656ace8a78c8d45a7834	Windows 11  (10.0.22631) 64bit (Editor)	True	null	null	null	null	null	null	None	0	null	0	0	null	null	null	null	null	
2024/11/23 15:52:32.945	b135e9c82f3b5af8414a656ace8a78c8d45a7834	Windows 11  (10.0.22631) 64bit (Editor)	True	null	null	null	null	null	null	None	0	null	0	0	null	null	null	null	null	
2024/11/23 15:52:32.953	b135e9c82f3b5af8414a656ace8a78c8d45a7834	Windows 11  (10.0.22631) 64bit (Editor)	True	null	null	null	null	null	null	None	0	null	0	0	null	null	null	null	null	
2024/11/23 15:52:32.960	b135e9c82f3b5af8414a656ace8a78c8d45a7834	Windows 11  (10.0.22631) 64bit (Editor)	True	null	null	null	null	null	null	None	0	null	0	0	null	null	null	null	null	
2024/11/23 15:52:32.967	b135e9c82f3b5af8414a656ace8a78c8d45a7834	Windows 11  (10.0.22631) 64bit (Editor)	True	null	null	null	null	null	null	None	0	null	0	0	null	null	null	null	null	
2024/11/23 15:52:32.974	b135e9c82f3b5af8414a656ace8a78c8d45a7834	Windows 11  (10.0.22631) 64bit (Editor)	True	null	null	null	null	null	null	None	0	null	0	0	null	null	null	null	null	
2024/11/23 15:52:32.981	b135e9c82f3b5af8414a656ace8a78c8d45a7834	Windows 11  (10.0.22631) 64bit (Editor)	True	null	null	null	null	null	null	None	0	null	0	0	null	null	null	null	null	
2024/11/23 15:52:32.998	b135e9c82f3b5af8414a656ace8a78c8d45a7834	Windows 11  (10.0.22631) 64bit (Editor)	True	null	null	null	null	null	null	None	0	null	0	0	null	null	null	null	null	
2024/11/23 15:52:33.005	b135e9c82f3b5af8414a656ace8a78c8d45a7834	Windows 11  (10.0.22631) 64bit (Editor)	True	null	null	null	null	null	null	None	0	null	0	0	null	null	null	null	null	
2024/11/23 15:52:33.012	b135e9c82f3b5af8414a656ace8a78c8d45a7834	Windows 11  (10.0.22631) 64bit (Editor)	True	null	null	null	null	null	null	None	0	null	0	0	null	null	null	null	null	
2024/11/23 15:52:33.020	b135e9c82f3b5af8414a656ace8a78c8d45a7834	Windows 11  (10.0.22631) 64bit (Editor)	True	null	null	null	null	null	null	None	0	null	0	0	null	null	null	null	null	
2024/11/23 15:52:33.026	b135e9c82f3b5af8414a656ace8a78c8d45a7834	Windows 11  (10.0.22631) 64bit (Editor)	True	null	null	null	null	null	null	None	0	null	0	0	null	null	null	null	null	
2024/11/23 15:52:33.033	b135e9c82f3b5af8414a656ace8a78c8d45a7834	Windows 11  (10.0.22631) 64bit (Editor)	True	null	null	null	null	null	null	None	0	null	0	0	null	null	null	null	null	
2024/11/23 15:52:33.040	b135e9c82f3b5af8414a656ace8a78c8d45a7834	Windows 11  (10.0.22631) 64bit (Editor)	True	null	null	null	null	null	null	None	0	null	0	0	null	null	null	null	null	
2024/11/23 15:52:33.047	b135e9c82f3b5af8414a656ace8a78c8d45a7834	Windows 11  (10.0.22631) 64bit (Editor)	True	null	null	null	null	null	null	None	0	null	0	0	null	null	null	null	null	
2024/11/23 15:52:33.054	b135e9c82f3b5af8414a656ace8a78c8d45a7834	Windows 11  (10.0.22631) 64bit (Editor)	True	null	null	null	null	null	null	None	0	null	0	0	null	null	null	null	null	
2024/11/23 15:52:33.061	b135e9c82f3b5af8414a656ace8a78c8d45a7834	Windows 11  (10.0.22631) 64bit (Editor)	True	null	null	null	null	null	null	None	0	null	0	0	null	null	null	null	null	
2024/11/23 15:52:33.067	b135e9c82f3b5af8414a656ace8a78c8d45a7834	Windows 11  (10.0.22631) 64bit (Editor)	True	null	null	null	null	null	null	None	0	null	0	0	null	null	null	null	null	
2024/11/23 15:52:33.075	b135e9c82f3b5af8414a656ace8a78c8d45a7834	Windows 11  (10.0.22631) 64bit (Editor)	True	null	null	null	null	null	null	None	0	null	0	0	null	null	null	null	null	
2024/11/23 15:52:33.081	b135e9c82f3b5af8414a656ace8a78c8d45a7834	Windows 11  (10.0.22631) 64bit (Editor)	True	null	null	null	null	null	null	None	0	null	0	0	null	null	null	null	null	
2024/11/23 15:52:33.088	b135e9c82f3b5af8414a656ace8a78c8d45a7834	Windows 11  (10.0.22631) 64bit (Editor)	True	null	null	null	null	null	null	None	0	null	0	0	null	null	null	null	null	
2024/11/23 15:52:33.096	b135e9c82f3b5af8414a656ace8a78c8d45a7834	Windows 11  (10.0.22631) 64bit (Editor)	True	null	null	null	null	null	null	None	0	null	0	0	null	null	null	null	null	
2024/11/23 15:52:33.102	b135e9c82f3b5af8414a656ace8a78c8d45a7834	Windows 11  (10.0.22631) 64bit (Editor)	True	null	null	null	null	null	null	None	0	null	0	0	null	null	null	null	null	
2024/11/23 15:52:33.110	b135e9c82f3b5af8414a656ace8a78c8d45a7834	Windows 11  (10.0.22631) 64bit (Editor)	True	null	null	null	null	null	null	None	0	null	0	0	null	null	null	null	null	
2024/11/23 15:52:33.116	b135e9c82f3b5af8414a656ace8a78c8d45a7834	Windows 11  (10.0.22631) 64bit (Editor)	True	null	null	null	null	null	null	None	0	null	0	0	null	null	null	null	null	
2024/11/23 15:52:33.123	b135e9c82f3b5af8414a656ace8a78c8d45a7834	Windows 11  (10.0.22631) 64bit (Editor)	True	null	null	null	null	null	null	None	0	null	0	0	null	null	null	null	null	
2024/11/23 15:52:33.129	b135e9c82f3b5af8414a656ace8a78c8d45a7834	Windows 11  (10.0.22631) 64bit (Editor)	True	null	null	null	null	null	null	None	0	null	0	0	null	null	null	null	null	
2024/11/23 15:52:33.136	b135e9c82f3b5af8414a656ace8a78c8d45a7834	Windows 11  (10.0.22631) 64bit (Editor)	True	null	null	null	null	null	null	None	0	null	0	0	null	null	null	null	null	
2024/11/23 15:52:33.154	b135e9c82f3b5af8414a656ace8a78c8d45a7834	Windows 11  (10.0.22631) 64bit (Editor)	True	null	null	null	null	null	null	None	0	null	0	0	null	null	null	null	null	
2024/11/23 15:52:33.161	b135e9c82f3b5af8414a656ace8a78c8d45a7834	Windows 11  (10.0.22631) 64bit (Editor)	True	null	null	null	null	null	null	None	0	null	0	0	null	null	null	null	null	
2024/11/23 15:52:33.167	b135e9c82f3b5af8414a656ace8a78c8d45a7834	Windows 11  (10.0.22631) 64bit (Editor)	True	null	null	null	null	null	null	None	0	null	0	0	null	null	null	null	null	
2024/11/23 15:52:33.175	b135e9c82f3b5af8414a656ace8a78c8d45a7834	Windows 11  (10.0.22631) 64bit (Editor)	True	null	null	null	null	null	null	None	0	null	0	0	null	null	null	null	null	
2024/11/23 15:52:33.182	b135e9c82f3b5af8414a656ace8a78c8d45a7834	Windows 11  (10.0.22631) 64bit (Editor)	True	null	null	null	null	null	null	None	0	null	0	0	null	null	null	null	null	
2024/11/23 15:52:33.189	b135e9c82f3b5af8414a656ace8a78c8d45a7834	Windows 11  (10.0.22631) 64bit (Editor)	True	null	null	null	null	null	null	None	0	null	0	0	null	null	null	null	null	
2024/11/23 15:52:33.197	b135e9c82f3b5af8414a656ace8a78c8d45a7834	Windows 11  (10.0.22631) 64bit (Editor)	True	null	null	null	null	null	null	None	0	null	0	0	null	null	null	null	null	
2024/11/23 15:52:33.203	b135e9c82f3b5af8414a656ace8a78c8d45a7834	Windows 11  (10.0.22631) 64bit (Editor)	True	null	null	null	null	null	null	None	0	null	0	0	null	null	null	null	null	
2024/11/23 15:52:33.210	b135e9c82f3b5af8414a656ace8a78c8d45a7834	Windows 11  (10.0.22631) 64bit (Editor)	True	null	null	null	null	null	null	None	0	null	0	0	null	null	null	null	null	
2024/11/23 15:52:33.218	b135e9c82f3b5af8414a656ace8a78c8d45a7834	Windows 11  (10.0.22631) 64bit (Editor)	True	null	null	null	null	null	null	None	0	null	0	0	null	null	null	null	null	
2024/11/23 15:52:33.225	b135e9c82f3b5af8414a656ace8a78c8d45a7834	Windows 11  (10.0.22631) 64bit (Editor)	True	null	null	null	null	null	null	None	0	null	0	0	null	null	null	null	null	
2024/11/23 15:52:33.233	b135e9c82f3b5af8414a656ace8a78c8d45a7834	Windows 11  (10.0.22631) 64bit (Editor)	True	null	null	null	null	null	null	None	0	null	0	0	null	null	null	null	null	
2024/11/23 15:52:33.240	b135e9c82f3b5af8414a656ace8a78c8d45a7834	Windows 11  (10.0.22631) 64bit (Editor)	True	null	null	null	null	null	null	None	0	null	0	0	null	null	null	null	null	
2024/11/23 15:52:33.247	b135e9c82f3b5af8414a656ace8a78c8d45a7834	Windows 11  (10.0.22631) 64bit (Editor)	True	null	null	null	null	null	null	None	0	null	0	0	null	null	null	null	null	
2024/11/23 15:52:33.254	b135e9c82f3b5af8414a656ace8a78c8d45a7834	Windows 11  (10.0.22631) 64bit (Editor)	True	null	null	null	null	null	null	None	0	null	0	0	null	null	null	null	null	
2024/11/23 15:52:33.261	b135e9c82f3b5af8414a656ace8a78c8d45a7834	Windows 11  (10.0.22631) 64bit (Editor)	True	null	null	null	null	null	null	None	0	null	0	0	null	null	null	null	null	
2024/11/23 15:52:33.268	b135e9c82f3b5af8414a656ace8a78c8d45a7834	Windows 11  (10.0.22631) 64bit (Editor)	True	null	null	null	null	null	null	None	0	null	0	0	null	null	null	null	null	
2024/11/23 15:52:33.276	b135e9c82f3b5af8414a656ace8a78c8d45a7834	Windows 11  (10.0.22631) 64bit (Editor)	True	null	null	null	null	null	null	None	0	null	0	0	null	null	null	null	null	
2024/11/23 15:52:33.284	b135e9c82f3b5af8414a656ace8a78c8d45a7834	Windows 11  (10.0.22631) 64bit (Editor)	True	null	null	null	null	null	null	None	0	null	0	0	null	null	null	null	null	
2024/11/23 15:52:33.293	b135e9c82f3b5af8414a656ace8a78c8d45a7834	Windows 11  (10.0.22631) 64bit (Editor)	True	null	null	null	null	null	null	None	0	null	0	0	null	null	null	null	null	
2024/11/23 15:52:33.310	b135e9c82f3b5af8414a656ace8a78c8d45a7834	Windows 11  (10.0.22631) 64bit (Editor)	True	null	null	null	null	null	null	None	0	null	0	0	null	null	null	null	null	
2024/11/23 15:52:33.318	b135e9c82f3b5af8414a656ace8a78c8d45a7834	Windows 11  (10.0.22631) 64bit (Editor)	True	null	null	null	null	null	null	None	0	null	0	0	null	null	null	null	null	
2024/11/23 15:52:33.325	b135e9c82f3b5af8414a656ace8a78c8d45a7834	Windows 11  (10.0.22631) 64bit (Editor)	True	null	null	null	null	null	null	None	0	null	0	0	null	null	null	null	null	
2024/11/23 15:52:33.332	b135e9c82f3b5af8414a656ace8a78c8d45a7834	Windows 11  (10.0.22631) 64bit (Editor)	True	null	null	null	null	null	null	None	0	null	0	0	null	null	null	null	null	
2024/11/23 15:52:33.339	b135e9c82f3b5af8414a656ace8a78c8d45a7834	Windows 11  (10.0.22631) 64bit (Editor)	True	null	null	null	null	null	null	None	0	null	0	0	null	null	null	null	null	
2024/11/23 15:52:33.346	b135e9c82f3b5af8414a656ace8a78c8d45a7834	Windows 11  (10.0.22631) 64bit (Editor)	True	null	null	null	null	null	null	None	0	null	0	0	null	null	null	null	null	
2024/11/23 15:52:33.357	b135e9c82f3b5af8414a656ace8a78c8d45a7834	Windows 11  (10.0.22631) 64bit (Editor)	True	null	null	null	null	null	null	None	0	null	0	0	null	null	null	null	null	
2024/11/23 15:52:33.367	b135e9c82f3b5af8414a656ace8a78c8d45a7834	Windows 11  (10.0.22631) 64bit (Editor)	True	null	null	null	null	null	null	None	0	null	0	0	null	null	null	null	null	
2024/11/23 15:52:33.377	b135e9c82f3b5af8414a656ace8a78c8d45a7834	Windows 11  (10.0.22631) 64bit (Editor)	True	null	null	null	null	null	null	None	0	null	0	0	null	null	null	null	null	
2024/11/23 15:52:33.387	b135e9c82f3b5af8414a656ace8a78c8d45a7834	Windows 11  (10.0.22631) 64bit (Editor)	True	null	null	null	null	null	null	None	0	null	0	0	null	null	null	null	null	
2024/11/23 15:52:33.396	b135e9c82f3b5af8414a656ace8a78c8d45a7834	Windows 11  (10.0.22631) 64bit (Editor)	True	null	null	null	null	null	null	None	0	null	0	0	null	null	null	null	null	
2024/11/23 15:52:33.404	b135e9c82f3b5af8414a656ace8a78c8d45a7834	Windows 11  (10.0.22631) 64bit (Editor)	True	null	null	null	null	null	null	None	0	null	0	0	null	null	null	null	null	
2024/11/23 15:52:33.411	b135e9c82f3b5af8414a656ace8a78c8d45a7834	Windows 11  (10.0.22631) 64bit (Editor)	True	null	null	null	null	null	null	None	0	null	0	0	null	null	null	null	null	
2024/11/23 15:52:33.420	b135e9c82f3b5af8414a656ace8a78c8d45a7834	Windows 11  (10.0.22631) 64bit (Editor)	True	null	null	null	null	null	null	None	0	null	0	0	null	null	null	null	null	
2024/11/23 15:52:33.428	b135e9c82f3b5af8414a656ace8a78c8d45a7834	Windows 11  (10.0.22631) 64bit (Editor)	True	null	null	null	null	null	null	None	0	null	0	0	null	null	null	null	null	
2024/11/23 15:52:33.438	b135e9c82f3b5af8414a656ace8a78c8d45a7834	Windows 11  (10.0.22631) 64bit (Editor)	True	null	null	null	null	null	null	None	0	null	0	0	null	null	null	null	null	
2024/11/23 15:52:33.445	b135e9c82f3b5af8414a656ace8a78c8d45a7834	Windows 11  (10.0.22631) 64bit (Editor)	True	null	null	null	null	null	null	None	0	null	0	0	null	null	null	null	null	
2024/11/23 15:52:33.464	b135e9c82f3b5af8414a656ace8a78c8d45a7834	Windows 11  (10.0.22631) 64bit (Editor)	True	null	null	null	null	null	null	None	0	null	0	0	null	null	null	null	null	
2024/11/23 15:52:33.474	b135e9c82f3b5af8414a656ace8a78c8d45a7834	Windows 11  (10.0.22631) 64bit (Editor)	True	null	null	null	null	null	null	None	0	null	0	0	null	null	null	null	null	
2024/11/23 15:52:33.486	b135e9c82f3b5af8414a656ace8a78c8d45a7834	Windows 11  (10.0.22631) 64bit (Editor)	True	null	null	null	null	null	null	None	0	null	0	0	null	null	null	null	null	
2024/11/23 15:52:33.498	b135e9c82f3b5af8414a656ace8a78c8d45a7834	Windows 11  (10.0.22631) 64bit (Editor)	True	null	null	null	null	null	null	None	0	null	0	0	null	null	null	null	null	
2024/11/23 15:52:33.510	b135e9c82f3b5af8414a656ace8a78c8d45a7834	Windows 11  (10.0.22631) 64bit (Editor)	True	null	null	null	null	null	null	None	0	null	0	0	null	null	null	null	null	
2024/11/23 15:52:33.519	b135e9c82f3b5af8414a656ace8a78c8d45a7834	Windows 11  (10.0.22631) 64bit (Editor)	True	null	null	null	null	null	null	None	0	null	0	0	null	null	null	null	null	
2024/11/23 15:52:33.534	b135e9c82f3b5af8414a656ace8a78c8d45a7834	Windows 11  (10.0.22631) 64bit (Editor)	True	null	null	null	null	null	null	None	0	null	0	0	null	null	null	null	null	
2024/11/23 15:52:33.545	b135e9c82f3b5af8414a656ace8a78c8d45a7834	Windows 11  (10.0.22631) 64bit (Editor)	True	null	null	null	null	null	null	None	0	null	0	0	null	null	null	null	null	
2024/11/23 15:52:33.553	b135e9c82f3b5af8414a656ace8a78c8d45a7834	Windows 11  (10.0.22631) 64bit (Editor)	True	null	null	null	null	null	null	None	0	null	0	0	null	null	null	null	null	
2024/11/23 15:52:33.561	b135e9c82f3b5af8414a656ace8a78c8d45a7834	Windows 11  (10.0.22631) 64bit (Editor)	True	null	null	null	null	null	null	None	0	null	0	0	null	null	null	null	null	
2024/11/23 15:52:33.568	b135e9c82f3b5af8414a656ace8a78c8d45a7834	Windows 11  (10.0.22631) 64bit (Editor)	True	null	null	null	null	null	null	None	0	null	0	0	null	null	null	null	null	
2024/11/23 15:52:33.575	b135e9c82f3b5af8414a656ace8a78c8d45a7834	Windows 11  (10.0.22631) 64bit (Editor)	True	null	null	null	null	null	null	None	0	null	0	0	null	null	null	null	null	
2024/11/23 15:52:33.581	b135e9c82f3b5af8414a656ace8a78c8d45a7834	Windows 11  (10.0.22631) 64bit (Editor)	True	null	null	null	null	null	null	None	0	null	0	0	null	null	null	null	null	
2024/11/23 15:52:33.588	b135e9c82f3b5af8414a656ace8a78c8d45a7834	Windows 11  (10.0.22631) 64bit (Editor)	True	null	null	null	null	null	null	None	0	null	0	0	null	null	null	null	null	
2024/11/23 15:52:33.596	b135e9c82f3b5af8414a656ace8a78c8d45a7834	Windows 11  (10.0.22631) 64bit (Editor)	True	null	null	null	null	null	null	None	0	null	0	0	null	null	null	null	null	
2024/11/23 15:52:33.612	b135e9c82f3b5af8414a656ace8a78c8d45a7834	Windows 11  (10.0.22631) 64bit (Editor)	True	null	null	null	null	null	null	None	0	null	0	0	null	null	null	null	null	
2024/11/23 15:52:33.625	b135e9c82f3b5af8414a656ace8a78c8d45a7834	Windows 11  (10.0.22631) 64bit (Editor)	True	null	null	null	null	null	null	None	0	null	0	0	null	null	null	null	null	
2024/11/23 15:52:33.631	b135e9c82f3b5af8414a656ace8a78c8d45a7834	Windows 11  (10.0.22631) 64bit (Editor)	True	null	null	null	null	null	null	None	0	null	0	0	null	null	null	null	null	
2024/11/23 15:52:33.640	b135e9c82f3b5af8414a656ace8a78c8d45a7834	Windows 11  (10.0.22631) 64bit (Editor)	True	null	null	null	null	null	null	None	0	null	0	0	null	null	null	null	null	
2024/11/23 15:52:33.646	b135e9c82f3b5af8414a656ace8a78c8d45a7834	Windows 11  (10.0.22631) 64bit (Editor)	True	null	null	null	null	null	null	None	0	null	0	0	null	null	null	null	null	
2024/11/23 15:52:33.654	b135e9c82f3b5af8414a656ace8a78c8d45a7834	Windows 11  (10.0.22631) 64bit (Editor)	True	null	null	null	null	null	null	None	0	null	0	0	null	null	null	null	null	
2024/11/23 15:52:33.660	b135e9c82f3b5af8414a656ace8a78c8d45a7834	Windows 11  (10.0.22631) 64bit (Editor)	True	null	null	null	null	null	null	None	0	null	0	0	null	null	null	null	null	
2024/11/23 15:52:33.667	b135e9c82f3b5af8414a656ace8a78c8d45a7834	Windows 11  (10.0.22631) 64bit (Editor)	True	null	null	null	null	null	null	None	0	null	0	0	null	null	null	null	null	
2024/11/23 15:52:33.675	b135e9c82f3b5af8414a656ace8a78c8d45a7834	Windows 11  (10.0.22631) 64bit (Editor)	True	null	null	null	null	null	null	None	0	null	0	0	null	null	null	null	null	
2024/11/23 15:52:33.682	b135e9c82f3b5af8414a656ace8a78c8d45a7834	Windows 11  (10.0.22631) 64bit (Editor)	True	null	null	null	null	null	null	None	0	null	0	0	null	null	null	null	null	
2024/11/23 15:52:33.689	b135e9c82f3b5af8414a656ace8a78c8d45a7834	Windows 11  (10.0.22631) 64bit (Editor)	True	null	null	null	null	null	null	None	0	null	0	0	null	null	null	null	null	
2024/11/23 15:52:33.696	b135e9c82f3b5af8414a656ace8a78c8d45a7834	Windows 11  (10.0.22631) 64bit (Editor)	True	null	null	null	null	null	null	None	0	null	0	0	null	null	null	null	null	
2024/11/23 15:52:33.703	b135e9c82f3b5af8414a656ace8a78c8d45a7834	Windows 11  (10.0.22631) 64bit (Editor)	True	null	null	null	null	null	null	None	0	null	0	0	null	null	null	null	null	
2024/11/23 15:52:33.710	b135e9c82f3b5af8414a656ace8a78c8d45a7834	Windows 11  (10.0.22631) 64bit (Editor)	True	null	null	null	null	null	null	None	0	null	0	0	null	null	null	null	null	
2024/11/23 15:52:33.718	b135e9c82f3b5af8414a656ace8a78c8d45a7834	Windows 11  (10.0.22631) 64bit (Editor)	True	null	null	null	null	null	null	None	0	null	0	0	null	null	null	null	null	
2024/11/23 15:52:33.724	b135e9c82f3b5af8414a656ace8a78c8d45a7834	Windows 11  (10.0.22631) 64bit (Editor)	True	null	null	null	null	null	null	None	0	null	0	0	null	null	null	null	null	
2024/11/23 15:52:33.731	b135e9c82f3b5af8414a656ace8a78c8d45a7834	Windows 11  (10.0.22631) 64bit (Editor)	True	null	null	null	null	null	null	None	0	null	0	0	null	null	null	null	null	
2024/11/23 15:52:33.738	b135e9c82f3b5af8414a656ace8a78c8d45a7834	Windows 11  (10.0.22631) 64bit (Editor)	True	null	null	null	null	null	null	None	0	null	0	0	null	null	null	null	null	
2024/11/23 15:52:33.745	b135e9c82f3b5af8414a656ace8a78c8d45a7834	Windows 11  (10.0.22631) 64bit (Editor)	True	null	null	null	null	null	null	None	0	null	0	0	null	null	null	null	null	
2024/11/23 15:52:33.752	b135e9c82f3b5af8414a656ace8a78c8d45a7834	Windows 11  (10.0.22631) 64bit (Editor)	True	null	null	null	null	null	null	None	0	null	0	0	null	null	null	null	null	
2024/11/23 15:52:33.769	b135e9c82f3b5af8414a656ace8a78c8d45a7834	Windows 11  (10.0.22631) 64bit (Editor)	True	null	null	null	null	null	null	None	0	null	0	0	null	null	null	null	null	
2024/11/23 15:52:33.776	b135e9c82f3b5af8414a656ace8a78c8d45a7834	Windows 11  (10.0.22631) 64bit (Editor)	True	null	null	null	null	null	null	None	0	null	0	0	null	null	null	null	null	
2024/11/23 15:52:33.784	b135e9c82f3b5af8414a656ace8a78c8d45a7834	Windows 11  (10.0.22631) 64bit (Editor)	True	null	null	null	null	null	null	None	0	null	0	0	null	null	null	null	null	
2024/11/23 15:52:33.792	b135e9c82f3b5af8414a656ace8a78c8d45a7834	Windows 11  (10.0.22631) 64bit (Editor)	True	null	null	null	null	null	null	None	0	null	0	0	null	null	null	null	null	
2024/11/23 15:52:33.799	b135e9c82f3b5af8414a656ace8a78c8d45a7834	Windows 11  (10.0.22631) 64bit (Editor)	True	null	null	null	null	null	null	None	0	null	0	0	null	null	null	null	null	
2024/11/23 15:52:33.806	b135e9c82f3b5af8414a656ace8a78c8d45a7834	Windows 11  (10.0.22631) 64bit (Editor)	True	null	null	null	null	null	null	None	0	null	0	0	null	null	null	null	null	
2024/11/23 15:52:33.814	b135e9c82f3b5af8414a656ace8a78c8d45a7834	Windows 11  (10.0.22631) 64bit (Editor)	True	null	null	null	null	null	null	None	0	null	0	0	null	null	null	null	null	
2024/11/23 15:52:33.822	b135e9c82f3b5af8414a656ace8a78c8d45a7834	Windows 11  (10.0.22631) 64bit (Editor)	True	null	null	null	null	null	null	None	0	null	0	0	null	null	null	null	null	
2024/11/23 15:52:33.830	b135e9c82f3b5af8414a656ace8a78c8d45a7834	Windows 11  (10.0.22631) 64bit (Editor)	True	null	null	null	null	null	null	None	0	null	0	0	null	null	null	null	null	
2024/11/23 15:52:33.838	b135e9c82f3b5af8414a656ace8a78c8d45a7834	Windows 11  (10.0.22631) 64bit (Editor)	True	null	null	null	null	null	null	None	0	null	0	0	null	null	null	null	null	
2024/11/23 15:52:33.845	b135e9c82f3b5af8414a656ace8a78c8d45a7834	Windows 11  (10.0.22631) 64bit (Editor)	True	null	null	null	null	null	null	None	0	null	0	0	null	null	null	null	null	
2024/11/23 15:52:33.855	b135e9c82f3b5af8414a656ace8a78c8d45a7834	Windows 11  (10.0.22631) 64bit (Editor)	True	null	null	null	null	null	null	None	0	null	0	0	null	null	null	null	null	
2024/11/23 15:52:33.862	b135e9c82f3b5af8414a656ace8a78c8d45a7834	Windows 11  (10.0.22631) 64bit (Editor)	True	null	null	null	null	null	null	None	0	null	0	0	null	null	null	null	null	
2024/11/23 15:52:33.871	b135e9c82f3b5af8414a656ace8a78c8d45a7834	Windows 11  (10.0.22631) 64bit (Editor)	True	null	null	null	null	null	null	None	0	null	0	0	null	null	null	null	null	
2024/11/23 15:52:33.878	b135e9c82f3b5af8414a656ace8a78c8d45a7834	Windows 11  (10.0.22631) 64bit (Editor)	True	null	null	null	null	null	null	None	0	null	0	0	null	null	null	null	null	
2024/11/23 15:52:33.885	b135e9c82f3b5af8414a656ace8a78c8d45a7834	Windows 11  (10.0.22631) 64bit (Editor)	True	null	null	null	null	null	null	None	0	null	0	0	null	null	null	null	null	
2024/11/23 15:52:33.892	b135e9c82f3b5af8414a656ace8a78c8d45a7834	Windows 11  (10.0.22631) 64bit (Editor)	True	null	null	null	null	null	null	None	0	null	0	0	null	null	null	null	null	
2024/11/23 15:52:33.898	b135e9c82f3b5af8414a656ace8a78c8d45a7834	Windows 11  (10.0.22631) 64bit (Editor)	True	null	null	null	null	null	null	None	0	null	0	0	null	null	null	null	null	
2024/11/23 15:52:33.906	b135e9c82f3b5af8414a656ace8a78c8d45a7834	Windows 11  (10.0.22631) 64bit (Editor)	True	null	null	null	null	null	null	None	0	null	0	0	null	null	null	null	null	
2024/11/23 15:52:33.921	b135e9c82f3b5af8414a656ace8a78c8d45a7834	Windows 11  (10.0.22631) 64bit (Editor)	True	null	null	null	null	null	null	None	0	null	0	0	null	null	null	null	null	
2024/11/23 15:52:33.927	b135e9c82f3b5af8414a656ace8a78c8d45a7834	Windows 11  (10.0.22631) 64bit (Editor)	True	null	null	null	null	null	null	None	0	null	0	0	null	null	null	null	null	
2024/11/23 15:52:33.936	b135e9c82f3b5af8414a656ace8a78c8d45a7834	Windows 11  (10.0.22631) 64bit (Editor)	True	null	null	null	null	null	null	None	0	null	0	0	null	null	null	null	null	
2024/11/23 15:52:33.942	b135e9c82f3b5af8414a656ace8a78c8d45a7834	Windows 11  (10.0.22631) 64bit (Editor)	True	null	null	null	null	null	null	None	0	null	0	0	null	null	null	null	null	
2024/11/23 15:52:33.949	b135e9c82f3b5af8414a656ace8a78c8d45a7834	Windows 11  (10.0.22631) 64bit (Editor)	True	null	null	null	null	null	null	None	0	null	0	0	null	null	null	null	null	
2024/11/23 15:52:33.956	b135e9c82f3b5af8414a656ace8a78c8d45a7834	Windows 11  (10.0.22631) 64bit (Editor)	True	null	null	null	null	null	null	None	0	null	0	0	null	null	null	null	null	
2024/11/23 15:52:33.964	b135e9c82f3b5af8414a656ace8a78c8d45a7834	Windows 11  (10.0.22631) 64bit (Editor)	True	null	null	null	null	null	null	None	0	null	0	0	null	null	null	null	null	
2024/11/23 15:52:33.970	b135e9c82f3b5af8414a656ace8a78c8d45a7834	Windows 11  (10.0.22631) 64bit (Editor)	True	null	null	null	null	null	null	None	0	null	0	0	null	null	null	null	null	
2024/11/23 15:52:33.978	b135e9c82f3b5af8414a656ace8a78c8d45a7834	Windows 11  (10.0.22631) 64bit (Editor)	True	null	null	null	null	null	null	None	0	null	0	0	null	null	null	null	null	
2024/11/23 15:52:33.985	b135e9c82f3b5af8414a656ace8a78c8d45a7834	Windows 11  (10.0.22631) 64bit (Editor)	True	null	null	null	null	null	null	None	0	null	0	0	null	null	null	null	null	
2024/11/23 15:52:33.992	b135e9c82f3b5af8414a656ace8a78c8d45a7834	Windows 11  (10.0.22631) 64bit (Editor)	True	null	null	null	null	null	null	None	0	null	0	0	null	null	null	null	null	
2024/11/23 15:52:33.999	b135e9c82f3b5af8414a656ace8a78c8d45a7834	Windows 11  (10.0.22631) 64bit (Editor)	True	null	null	null	null	null	null	None	0	null	0	0	null	null	null	null	null	
2024/11/23 15:52:34.006	b135e9c82f3b5af8414a656ace8a78c8d45a7834	Windows 11  (10.0.22631) 64bit (Editor)	True	null	null	null	null	null	null	None	0	null	0	0	null	null	null	null	null	
2024/11/23 15:52:34.013	b135e9c82f3b5af8414a656ace8a78c8d45a7834	Windows 11  (10.0.22631) 64bit (Editor)	True	null	null	null	null	null	null	None	0	null	0	0	null	null	null	null	null	
2024/11/23 15:52:34.021	b135e9c82f3b5af8414a656ace8a78c8d45a7834	Windows 11  (10.0.22631) 64bit (Editor)	True	null	null	null	null	null	null	None	0	null	0	0	null	null	null	null	null	
2024/11/23 15:52:34.028	b135e9c82f3b5af8414a656ace8a78c8d45a7834	Windows 11  (10.0.22631) 64bit (Editor)	True	null	null	null	null	null	null	None	0	null	0	0	null	null	null	null	null	
2024/11/23 15:52:34.035	b135e9c82f3b5af8414a656ace8a78c8d45a7834	Windows 11  (10.0.22631) 64bit (Editor)	True	null	null	null	null	null	null	None	0	null	0	0	null	null	null	null	null	
2024/11/23 15:52:34.044	b135e9c82f3b5af8414a656ace8a78c8d45a7834	Windows 11  (10.0.22631) 64bit (Editor)	True	null	null	null	null	null	null	None	0	null	0	0	null	null	null	null	null	
2024/11/23 15:52:34.051	b135e9c82f3b5af8414a656ace8a78c8d45a7834	Windows 11  (10.0.22631) 64bit (Editor)	True	null	null	null	null	null	null	None	0	null	0	0	null	null	null	null	null	
2024/11/23 15:52:34.058	b135e9c82f3b5af8414a656ace8a78c8d45a7834	Windows 11  (10.0.22631) 64bit (Editor)	True	null	null	null	null	null	null	None	0	null	0	0	null	null	null	null	null	
2024/11/23 15:52:34.080	b135e9c82f3b5af8414a656ace8a78c8d45a7834	Windows 11  (10.0.22631) 64bit (Editor)	True	null	null	null	null	null	null	None	0	null	0	0	null	null	null	null	null	
2024/11/23 15:52:34.087	b135e9c82f3b5af8414a656ace8a78c8d45a7834	Windows 11  (10.0.22631) 64bit (Editor)	True	null	null	null	null	null	null	None	0	null	0	0	null	null	null	null	null	
2024/11/23 15:52:34.095	b135e9c82f3b5af8414a656ace8a78c8d45a7834	Windows 11  (10.0.22631) 64bit (Editor)	True	null	null	null	null	null	null	None	0	null	0	0	null	null	null	null	null	
2024/11/23 15:52:34.102	b135e9c82f3b5af8414a656ace8a78c8d45a7834	Windows 11  (10.0.22631) 64bit (Editor)	True	null	null	null	null	null	null	None	0	null	0	0	null	null	null	null	null	
2024/11/23 15:52:34.108	b135e9c82f3b5af8414a656ace8a78c8d45a7834	Windows 11  (10.0.22631) 64bit (Editor)	True	null	null	null	null	null	null	None	0	null	0	0	null	null	null	null	null	
2024/11/23 15:52:34.116	b135e9c82f3b5af8414a656ace8a78c8d45a7834	Windows 11  (10.0.22631) 64bit (Editor)	True	null	null	null	null	null	null	None	0	null	0	0	null	null	null	null	null	
2024/11/23 15:52:34.124	b135e9c82f3b5af8414a656ace8a78c8d45a7834	Windows 11  (10.0.22631) 64bit (Editor)	True	null	null	null	null	null	null	None	0	null	0	0	null	null	null	null	null	
2024/11/23 15:52:34.130	b135e9c82f3b5af8414a656ace8a78c8d45a7834	Windows 11  (10.0.22631) 64bit (Editor)	True	null	null	null	null	null	null	None	0	null	0	0	null	null	null	null	null	
2024/11/23 15:52:34.137	b135e9c82f3b5af8414a656ace8a78c8d45a7834	Windows 11  (10.0.22631) 64bit (Editor)	True	null	null	null	null	null	null	None	0	null	0	0	null	null	null	null	null	
2024/11/23 15:52:34.144	b135e9c82f3b5af8414a656ace8a78c8d45a7834	Windows 11  (10.0.22631) 64bit (Editor)	True	null	null	null	null	null	null	None	0	null	0	0	null	null	null	null	null	
2024/11/23 15:52:34.150	b135e9c82f3b5af8414a656ace8a78c8d45a7834	Windows 11  (10.0.22631) 64bit (Editor)	True	null	null	null	null	null	null	None	0	null	0	0	null	null	null	null	null	
2024/11/23 15:52:34.157	b135e9c82f3b5af8414a656ace8a78c8d45a7834	Windows 11  (10.0.22631) 64bit (Editor)	True	null	null	null	null	null	null	None	0	null	0	0	null	null	null	null	null	
2024/11/23 15:52:34.164	b135e9c82f3b5af8414a656ace8a78c8d45a7834	Windows 11  (10.0.22631) 64bit (Editor)	True	null	null	null	null	null	null	None	0	null	0	0	null	null	null	null	null	
2024/11/23 15:52:34.171	b135e9c82f3b5af8414a656ace8a78c8d45a7834	Windows 11  (10.0.22631) 64bit (Editor)	True	null	null	null	null	null	null	None	0	null	0	0	null	null	null	null	null	
2024/11/23 15:52:34.178	b135e9c82f3b5af8414a656ace8a78c8d45a7834	Windows 11  (10.0.22631) 64bit (Editor)	True	null	null	null	null	null	null	None	0	null	0	0	null	null	null	null	null	
2024/11/23 15:52:34.185	b135e9c82f3b5af8414a656ace8a78c8d45a7834	Windows 11  (10.0.22631) 64bit (Editor)	True	null	null	null	null	null	null	None	0	null	0	0	null	null	null	null	null	
2024/11/23 15:52:34.193	b135e9c82f3b5af8414a656ace8a78c8d45a7834	Windows 11  (10.0.22631) 64bit (Editor)	True	null	null	null	null	null	null	None	0	null	0	0	null	null	null	null	null	
2024/11/23 15:52:34.201	b135e9c82f3b5af8414a656ace8a78c8d45a7834	Windows 11  (10.0.22631) 64bit (Editor)	True	null	null	null	null	null	null	None	0	null	0	0	null	null	null	null	null	
2024/11/23 15:52:34.207	b135e9c82f3b5af8414a656ace8a78c8d45a7834	Windows 11  (10.0.22631) 64bit (Editor)	True	null	null	null	null	null	null	None	0	null	0	0	null	null	null	null	null	
2024/11/23 15:52:34.214	b135e9c82f3b5af8414a656ace8a78c8d45a7834	Windows 11  (10.0.22631) 64bit (Editor)	True	null	null	null	null	null	null	None	0	null	0	0	null	null	null	null	null	
2024/11/23 15:52:34.232	b135e9c82f3b5af8414a656ace8a78c8d45a7834	Windows 11  (10.0.22631) 64bit (Editor)	True	null	null	null	null	null	null	None	0	null	0	0	null	null	null	null	null	
2024/11/23 15:52:34.239	b135e9c82f3b5af8414a656ace8a78c8d45a7834	Windows 11  (10.0.22631) 64bit (Editor)	True	null	null	null	null	null	null	None	0	null	0	0	null	null	null	null	null	
2024/11/23 15:52:34.246	b135e9c82f3b5af8414a656ace8a78c8d45a7834	Windows 11  (10.0.22631) 64bit (Editor)	True	null	null	null	null	null	null	None	0	null	0	0	null	null	null	null	null	
2024/11/23 15:52:34.254	b135e9c82f3b5af8414a656ace8a78c8d45a7834	Windows 11  (10.0.22631) 64bit (Editor)	True	null	null	null	null	null	null	None	0	null	0	0	null	null	null	null	null	
2024/11/23 15:52:34.261	b135e9c82f3b5af8414a656ace8a78c8d45a7834	Windows 11  (10.0.22631) 64bit (Editor)	True	null	null	null	null	null	null	None	0	null	0	0	null	null	null	null	null	
2024/11/23 15:52:34.268	b135e9c82f3b5af8414a656ace8a78c8d45a7834	Windows 11  (10.0.22631) 64bit (Editor)	True	null	null	null	null	null	null	None	0	null	0	0	null	null	null	null	null	
2024/11/23 15:52:34.275	b135e9c82f3b5af8414a656ace8a78c8d45a7834	Windows 11  (10.0.22631) 64bit (Editor)	True	null	null	null	null	null	null	None	0	null	0	0	null	null	null	null	null	
2024/11/23 15:52:34.283	b135e9c82f3b5af8414a656ace8a78c8d45a7834	Windows 11  (10.0.22631) 64bit (Editor)	True	null	null	null	null	null	null	None	0	null	0	0	null	null	null	null	null	
2024/11/23 15:52:34.289	b135e9c82f3b5af8414a656ace8a78c8d45a7834	Windows 11  (10.0.22631) 64bit (Editor)	True	null	null	null	null	null	null	None	0	null	0	0	null	null	null	null	null	
2024/11/23 15:52:34.296	b135e9c82f3b5af8414a656ace8a78c8d45a7834	Windows 11  (10.0.22631) 64bit (Editor)	True	null	null	null	null	null	null	None	0	null	0	0	null	null	null	null	null	
2024/11/23 15:52:34.303	b135e9c82f3b5af8414a656ace8a78c8d45a7834	Windows 11  (10.0.22631) 64bit (Editor)	True	null	null	null	null	null	null	None	0	null	0	0	null	null	null	null	null	
2024/11/23 15:52:34.310	b135e9c82f3b5af8414a656ace8a78c8d45a7834	Windows 11  (10.0.22631) 64bit (Editor)	True	null	null	null	null	null	null	None	0	null	0	0	null	null	null	null	null	
2024/11/23 15:52:34.317	b135e9c82f3b5af8414a656ace8a78c8d45a7834	Windows 11  (10.0.22631) 64bit (Editor)	True	null	null	null	null	null	null	None	0	null	0	0	null	null	null	null	null	
2024/11/23 15:52:34.324	b135e9c82f3b5af8414a656ace8a78c8d45a7834	Windows 11  (10.0.22631) 64bit (Editor)	True	null	null	null	null	null	null	None	0	null	0	0	null	null	null	null	null	
2024/11/23 15:52:34.332	b135e9c82f3b5af8414a656ace8a78c8d45a7834	Windows 11  (10.0.22631) 64bit (Editor)	True	null	null	null	null	null	null	None	0	null	0	0	null	null	null	null	null	
2024/11/23 15:52:34.339	b135e9c82f3b5af8414a656ace8a78c8d45a7834	Windows 11  (10.0.22631) 64bit (Editor)	True	null	null	null	null	null	null	None	0	null	0	0	null	null	null	null	null	
2024/11/23 15:52:34.345	b135e9c82f3b5af8414a656ace8a78c8d45a7834	Windows 11  (10.0.22631) 64bit (Editor)	True	null	null	null	null	null	null	None	0	null	0	0	null	null	null	null	null	
2024/11/23 15:52:34.353	b135e9c82f3b5af8414a656ace8a78c8d45a7834	Windows 11  (10.0.22631) 64bit (Editor)	True	null	null	null	null	null	null	None	0	null	0	0	null	null	null	null	null	
2024/11/23 15:52:34.360	b135e9c82f3b5af8414a656ace8a78c8d45a7834	Windows 11  (10.0.22631) 64bit (Editor)	True	null	null	null	null	null	null	None	0	null	0	0	null	null	null	null	null	
2024/11/23 15:52:34.367	b135e9c82f3b5af8414a656ace8a78c8d45a7834	Windows 11  (10.0.22631) 64bit (Editor)	True	null	null	null	null	null	null	None	0	null	0	0	null	null	null	null	null	
2024/11/23 15:52:34.384	b135e9c82f3b5af8414a656ace8a78c8d45a7834	Windows 11  (10.0.22631) 64bit (Editor)	True	null	null	null	null	null	null	None	0	null	0	0	null	null	null	null	null	
2024/11/23 15:52:34.391	b135e9c82f3b5af8414a656ace8a78c8d45a7834	Windows 11  (10.0.22631) 64bit (Editor)	True	null	null	null	null	null	null	None	0	null	0	0	null	null	null	null	null	
2024/11/23 15:52:34.399	b135e9c82f3b5af8414a656ace8a78c8d45a7834	Windows 11  (10.0.22631) 64bit (Editor)	True	null	null	null	null	null	null	None	0	null	0	0	null	null	null	null	null	
2024/11/23 15:52:34.406	b135e9c82f3b5af8414a656ace8a78c8d45a7834	Windows 11  (10.0.22631) 64bit (Editor)	True	null	null	null	null	null	null	None	0	null	0	0	null	null	null	null	null	
2024/11/23 15:52:34.414	b135e9c82f3b5af8414a656ace8a78c8d45a7834	Windows 11  (10.0.22631) 64bit (Editor)	True	null	null	null	null	null	null	None	0	null	0	0	null	null	null	null	null	
2024/11/23 15:52:34.421	b135e9c82f3b5af8414a656ace8a78c8d45a7834	Windows 11  (10.0.22631) 64bit (Editor)	True	null	null	null	null	null	null	None	0	null	0	0	null	null	null	null	null	
2024/11/23 15:52:34.428	b135e9c82f3b5af8414a656ace8a78c8d45a7834	Windows 11  (10.0.22631) 64bit (Editor)	True	null	null	null	null	null	null	None	0	null	0	0	null	null	null	null	null	
2024/11/23 15:52:34.435	b135e9c82f3b5af8414a656ace8a78c8d45a7834	Windows 11  (10.0.22631) 64bit (Editor)	True	null	null	null	null	null	null	None	0	null	0	0	null	null	null	null	null	
2024/11/23 15:52:34.442	b135e9c82f3b5af8414a656ace8a78c8d45a7834	Windows 11  (10.0.22631) 64bit (Editor)	True	null	null	null	null	null	null	None	0	null	0	0	null	null	null	null	null	
2024/11/23 15:52:34.448	b135e9c82f3b5af8414a656ace8a78c8d45a7834	Windows 11  (10.0.22631) 64bit (Editor)	True	null	null	null	null	null	null	None	0	null	0	0	null	null	null	null	null	
2024/11/23 15:52:34.455	b135e9c82f3b5af8414a656ace8a78c8d45a7834	Windows 11  (10.0.22631) 64bit (Editor)	True	null	null	null	null	null	null	None	0	null	0	0	null	null	null	null	null	
2024/11/23 15:52:34.462	b135e9c82f3b5af8414a656ace8a78c8d45a7834	Windows 11  (10.0.22631) 64bit (Editor)	True	null	null	null	null	null	null	None	0	null	0	0	null	null	null	null	null	
2024/11/23 15:52:34.468	b135e9c82f3b5af8414a656ace8a78c8d45a7834	Windows 11  (10.0.22631) 64bit (Editor)	True	null	null	null	null	null	null	None	0	null	0	0	null	null	null	null	null	
2024/11/23 15:52:34.477	b135e9c82f3b5af8414a656ace8a78c8d45a7834	Windows 11  (10.0.22631) 64bit (Editor)	True	null	null	null	null	null	null	None	0	null	0	0	null	null	null	null	null	
2024/11/23 15:52:34.483	b135e9c82f3b5af8414a656ace8a78c8d45a7834	Windows 11  (10.0.22631) 64bit (Editor)	True	null	null	null	null	null	null	None	0	null	0	0	null	null	null	null	null	
2024/11/23 15:52:34.491	b135e9c82f3b5af8414a656ace8a78c8d45a7834	Windows 11  (10.0.22631) 64bit (Editor)	True	null	null	null	null	null	null	None	0	null	0	0	null	null	null	null	null	
2024/11/23 15:52:34.499	b135e9c82f3b5af8414a656ace8a78c8d45a7834	Windows 11  (10.0.22631) 64bit (Editor)	True	null	null	null	null	null	null	None	0	null	0	0	null	null	null	null	null	
2024/11/23 15:52:34.506	b135e9c82f3b5af8414a656ace8a78c8d45a7834	Windows 11  (10.0.22631) 64bit (Editor)	True	null	null	null	null	null	null	None	0	null	0	0	null	null	null	null	null	
2024/11/23 15:52:34.514	b135e9c82f3b5af8414a656ace8a78c8d45a7834	Windows 11  (10.0.22631) 64bit (Editor)	True	null	null	null	null	null	null	None	0	null	0	0	null	null	null	null	null	
2024/11/23 15:52:34.520	b135e9c82f3b5af8414a656ace8a78c8d45a7834	Windows 11  (10.0.22631) 64bit (Editor)	True	null	null	null	null	null	null	None	0	null	0	0	null	null	null	null	null	
2024/11/23 15:52:34.539	b135e9c82f3b5af8414a656ace8a78c8d45a7834	Windows 11  (10.0.22631) 64bit (Editor)	True	null	null	null	null	null	null	None	0	null	0	0	null	null	null	null	null	
2024/11/23 15:52:34.546	b135e9c82f3b5af8414a656ace8a78c8d45a7834	Windows 11  (10.0.22631) 64bit (Editor)	True	null	null	null	null	null	null	None	0	null	0	0	null	null	null	null	null	
2024/11/23 15:52:34.554	b135e9c82f3b5af8414a656ace8a78c8d45a7834	Windows 11  (10.0.22631) 64bit (Editor)	True	null	null	null	null	null	null	None	0	null	0	0	null	null	null	null	null	
2024/11/23 15:52:34.561	b135e9c82f3b5af8414a656ace8a78c8d45a7834	Windows 11  (10.0.22631) 64bit (Editor)	True	null	null	null	null	null	null	None	0	null	0	0	null	null	null	null	null	
2024/11/23 15:52:34.568	b135e9c82f3b5af8414a656ace8a78c8d45a7834	Windows 11  (10.0.22631) 64bit (Editor)	True	null	null	null	null	null	null	None	0	null	0	0	null	null	null	null	null	
2024/11/23 15:52:34.575	b135e9c82f3b5af8414a656ace8a78c8d45a7834	Windows 11  (10.0.22631) 64bit (Editor)	True	null	null	null	null	null	null	None	0	null	0	0	null	null	null	null	null	
2024/11/23 15:52:34.582	b135e9c82f3b5af8414a656ace8a78c8d45a7834	Windows 11  (10.0.22631) 64bit (Editor)	True	null	null	null	null	null	null	None	0	null	0	0	null	null	null	null	null	
2024/11/23 15:52:34.589	b135e9c82f3b5af8414a656ace8a78c8d45a7834	Windows 11  (10.0.22631) 64bit (Editor)	True	null	null	null	null	null	null	None	0	null	0	0	null	null	null	null	null	
2024/11/23 15:52:34.596	b135e9c82f3b5af8414a656ace8a78c8d45a7834	Windows 11  (10.0.22631) 64bit (Editor)	True	null	null	null	null	null	null	None	0	null	0	0	null	null	null	null	null	
2024/11/23 15:52:34.603	b135e9c82f3b5af8414a656ace8a78c8d45a7834	Windows 11  (10.0.22631) 64bit (Editor)	True	null	null	null	null	null	null	None	0	null	0	0	null	null	null	null	null	
2024/11/23 15:52:34.610	b135e9c82f3b5af8414a656ace8a78c8d45a7834	Windows 11  (10.0.22631) 64bit (Editor)	True	null	null	null	null	null	null	None	0	null	0	0	null	null	null	null	null	
2024/11/23 15:52:34.616	b135e9c82f3b5af8414a656ace8a78c8d45a7834	Windows 11  (10.0.22631) 64bit (Editor)	True	null	null	null	null	null	null	None	0	null	0	0	null	null	null	null	null	
2024/11/23 15:52:34.623	b135e9c82f3b5af8414a656ace8a78c8d45a7834	Windows 11  (10.0.22631) 64bit (Editor)	True	null	null	null	null	null	null	None	0	null	0	0	null	null	null	null	null	
2024/11/23 15:52:34.629	b135e9c82f3b5af8414a656ace8a78c8d45a7834	Windows 11  (10.0.22631) 64bit (Editor)	True	null	null	null	null	null	null	None	0	null	0	0	null	null	null	null	null	
2024/11/23 15:52:34.636	b135e9c82f3b5af8414a656ace8a78c8d45a7834	Windows 11  (10.0.22631) 64bit (Editor)	True	null	null	null	null	null	null	None	0	null	0	0	null	null	null	null	null	
2024/11/23 15:52:34.643	b135e9c82f3b5af8414a656ace8a78c8d45a7834	Windows 11  (10.0.22631) 64bit (Editor)	True	null	null	null	null	null	null	None	0	null	0	0	null	null	null	null	null	
2024/11/23 15:52:34.650	b135e9c82f3b5af8414a656ace8a78c8d45a7834	Windows 11  (10.0.22631) 64bit (Editor)	True	null	null	null	null	null	null	None	0	null	0	0	null	null	null	null	null	
2024/11/23 15:52:34.657	b135e9c82f3b5af8414a656ace8a78c8d45a7834	Windows 11  (10.0.22631) 64bit (Editor)	True	null	null	null	null	null	null	None	0	null	0	0	null	null	null	null	null	
2024/11/23 15:52:34.663	b135e9c82f3b5af8414a656ace8a78c8d45a7834	Windows 11  (10.0.22631) 64bit (Editor)	True	null	null	null	null	null	null	None	0	null	0	0	null	null	null	null	null	
2024/11/23 15:52:34.671	b135e9c82f3b5af8414a656ace8a78c8d45a7834	Windows 11  (10.0.22631) 64bit (Editor)	True	null	null	null	null	null	null	None	0	null	0	0	null	null	null	null	null	
2024/11/23 15:52:34.687	b135e9c82f3b5af8414a656ace8a78c8d45a7834	Windows 11  (10.0.22631) 64bit (Editor)	True	null	null	null	null	null	null	None	0	null	0	0	null	null	null	null	null	
2024/11/23 15:52:34.696	b135e9c82f3b5af8414a656ace8a78c8d45a7834	Windows 11  (10.0.22631) 64bit (Editor)	True	null	null	null	null	null	null	None	0	null	0	0	null	null	null	null	null	
2024/11/23 15:52:34.702	b135e9c82f3b5af8414a656ace8a78c8d45a7834	Windows 11  (10.0.22631) 64bit (Editor)	True	null	null	null	null	null	null	None	0	null	0	0	null	null	null	null	null	
2024/11/23 15:52:34.710	b135e9c82f3b5af8414a656ace8a78c8d45a7834	Windows 11  (10.0.22631) 64bit (Editor)	True	null	null	null	null	null	null	None	0	null	0	0	null	null	null	null	null	
2024/11/23 15:52:34.716	b135e9c82f3b5af8414a656ace8a78c8d45a7834	Windows 11  (10.0.22631) 64bit (Editor)	True	null	null	null	null	null	null	None	0	null	0	0	null	null	null	null	null	
2024/11/23 15:52:34.723	b135e9c82f3b5af8414a656ace8a78c8d45a7834	Windows 11  (10.0.22631) 64bit (Editor)	True	null	null	null	null	null	null	None	0	null	0	0	null	null	null	null	null	
2024/11/23 15:52:34.730	b135e9c82f3b5af8414a656ace8a78c8d45a7834	Windows 11  (10.0.22631) 64bit (Editor)	True	null	null	null	null	null	null	None	0	null	0	0	null	null	null	null	null	
2024/11/23 15:52:34.736	b135e9c82f3b5af8414a656ace8a78c8d45a7834	Windows 11  (10.0.22631) 64bit (Editor)	True	null	null	null	null	null	null	None	0	null	0	0	null	null	null	null	null	
2024/11/23 15:52:34.743	b135e9c82f3b5af8414a656ace8a78c8d45a7834	Windows 11  (10.0.22631) 64bit (Editor)	True	null	null	null	null	null	null	None	0	null	0	0	null	null	null	null	null	
2024/11/23 15:52:34.751	b135e9c82f3b5af8414a656ace8a78c8d45a7834	Windows 11  (10.0.22631) 64bit (Editor)	True	null	null	null	null	null	null	None	0	null	0	0	null	null	null	null	null	
2024/11/23 15:52:34.757	b135e9c82f3b5af8414a656ace8a78c8d45a7834	Windows 11  (10.0.22631) 64bit (Editor)	True	null	null	null	null	null	null	None	0	null	0	0	null	null	null	null	null	
2024/11/23 15:52:34.764	b135e9c82f3b5af8414a656ace8a78c8d45a7834	Windows 11  (10.0.22631) 64bit (Editor)	True	null	null	null	null	null	null	None	0	null	0	0	null	null	null	null	null	
2024/11/23 15:52:34.772	b135e9c82f3b5af8414a656ace8a78c8d45a7834	Windows 11  (10.0.22631) 64bit (Editor)	True	null	null	null	null	null	null	None	0	null	0	0	null	null	null	null	null	
2024/11/23 15:52:34.778	b135e9c82f3b5af8414a656ace8a78c8d45a7834	Windows 11  (10.0.22631) 64bit (Editor)	True	null	null	null	null	null	null	None	0	null	0	0	null	null	null	null	null	
2024/11/23 15:52:34.786	b135e9c82f3b5af8414a656ace8a78c8d45a7834	Windows 11  (10.0.22631) 64bit (Editor)	True	null	null	null	null	null	null	None	0	null	0	0	null	null	null	null	null	
2024/11/23 15:52:34.793	b135e9c82f3b5af8414a656ace8a78c8d45a7834	Windows 11  (10.0.22631) 64bit (Editor)	True	null	null	null	null	null	null	None	0	null	0	0	null	null	null	null	null	
2024/11/23 15:52:34.799	b135e9c82f3b5af8414a656ace8a78c8d45a7834	Windows 11  (10.0.22631) 64bit (Editor)	True	null	null	null	null	null	null	None	0	null	0	0	null	null	null	null	null	
2024/11/23 15:52:34.806	b135e9c82f3b5af8414a656ace8a78c8d45a7834	Windows 11  (10.0.22631) 64bit (Editor)	True	null	null	null	null	null	null	None	0	null	0	0	null	null	null	null	null	
2024/11/23 15:52:34.813	b135e9c82f3b5af8414a656ace8a78c8d45a7834	Windows 11  (10.0.22631) 64bit (Editor)	True	null	null	null	null	null	null	None	0	null	0	0	null	null	null	null	null	
2024/11/23 15:52:34.820	b135e9c82f3b5af8414a656ace8a78c8d45a7834	Windows 11  (10.0.22631) 64bit (Editor)	True	null	null	null	null	null	null	None	0	null	0	0	null	null	null	null	null	
2024/11/23 15:52:34.826	b135e9c82f3b5af8414a656ace8a78c8d45a7834	Windows 11  (10.0.22631) 64bit (Editor)	True	null	null	null	null	null	null	None	0	null	0	0	null	null	null	null	null	
2024/11/23 15:52:34.843	b135e9c82f3b5af8414a656ace8a78c8d45a7834	Windows 11  (10.0.22631) 64bit (Editor)	True	null	null	null	null	null	null	None	0	null	0	0	null	null	null	null	null	
2024/11/23 15:52:34.850	b135e9c82f3b5af8414a656ace8a78c8d45a7834	Windows 11  (10.0.22631) 64bit (Editor)	True	null	null	null	null	null	null	None	0	null	0	0	null	null	null	null	null	
2024/11/23 15:52:34.857	b135e9c82f3b5af8414a656ace8a78c8d45a7834	Windows 11  (10.0.22631) 64bit (Editor)	True	null	null	null	null	null	null	None	0	null	0	0	null	null	null	null	null	
2024/11/23 15:52:34.864	b135e9c82f3b5af8414a656ace8a78c8d45a7834	Windows 11  (10.0.22631) 64bit (Editor)	True	null	null	null	null	null	null	None	0	null	0	0	null	null	null	null	null	
2024/11/23 15:52:34.872	b135e9c82f3b5af8414a656ace8a78c8d45a7834	Windows 11  (10.0.22631) 64bit (Editor)	True	null	null	null	null	null	null	None	0	null	0	0	null	null	null	null	null	
2024/11/23 15:52:34.879	b135e9c82f3b5af8414a656ace8a78c8d45a7834	Windows 11  (10.0.22631) 64bit (Editor)	True	null	null	null	null	null	null	None	0	null	0	0	null	null	null	null	null	
2024/11/23 15:52:34.885	b135e9c82f3b5af8414a656ace8a78c8d45a7834	Windows 11  (10.0.22631) 64bit (Editor)	True	null	null	null	null	null	null	None	0	null	0	0	null	null	null	null	null	
2024/11/23 15:52:34.892	b135e9c82f3b5af8414a656ace8a78c8d45a7834	Windows 11  (10.0.22631) 64bit (Editor)	True	null	null	null	null	null	null	None	0	null	0	0	null	null	null	null	null	
2024/11/23 15:52:34.899	b135e9c82f3b5af8414a656ace8a78c8d45a7834	Windows 11  (10.0.22631) 64bit (Editor)	True	null	null	null	null	null	null	None	0	null	0	0	null	null	null	null	null	
2024/11/23 15:52:34.906	b135e9c82f3b5af8414a656ace8a78c8d45a7834	Windows 11  (10.0.22631) 64bit (Editor)	True	null	null	null	null	null	null	None	0	null	0	0	null	null	null	null	null	
2024/11/23 15:52:34.912	b135e9c82f3b5af8414a656ace8a78c8d45a7834	Windows 11  (10.0.22631) 64bit (Editor)	True	null	null	null	null	null	null	None	0	null	0	0	null	null	null	null	null	
2024/11/23 15:52:34.919	b135e9c82f3b5af8414a656ace8a78c8d45a7834	Windows 11  (10.0.22631) 64bit (Editor)	True	null	null	null	null	null	null	None	0	null	0	0	null	null	null	null	null	
2024/11/23 15:52:34.927	b135e9c82f3b5af8414a656ace8a78c8d45a7834	Windows 11  (10.0.22631) 64bit (Editor)	True	null	null	null	null	null	null	None	0	null	0	0	null	null	null	null	null	
2024/11/23 15:52:34.935	b135e9c82f3b5af8414a656ace8a78c8d45a7834	Windows 11  (10.0.22631) 64bit (Editor)	True	null	null	null	null	null	null	None	0	null	0	0	null	null	null	null	null	
2024/11/23 15:52:34.944	b135e9c82f3b5af8414a656ace8a78c8d45a7834	Windows 11  (10.0.22631) 64bit (Editor)	True	null	null	null	null	null	null	None	0	null	0	0	null	null	null	null	null	
2024/11/23 15:52:34.950	b135e9c82f3b5af8414a656ace8a78c8d45a7834	Windows 11  (10.0.22631) 64bit (Editor)	True	null	null	null	null	null	null	None	0	null	0	0	null	null	null	null	null	
2024/11/23 15:52:34.957	b135e9c82f3b5af8414a656ace8a78c8d45a7834	Windows 11  (10.0.22631) 64bit (Editor)	True	null	null	null	null	null	null	None	0	null	0	0	null	null	null	null	null	
2024/11/23 15:52:34.963	b135e9c82f3b5af8414a656ace8a78c8d45a7834	Windows 11  (10.0.22631) 64bit (Editor)	True	null	null	null	null	null	null	None	0	null	0	0	null	null	null	null	null	
2024/11/23 15:52:34.970	b135e9c82f3b5af8414a656ace8a78c8d45a7834	Windows 11  (10.0.22631) 64bit (Editor)	True	null	null	null	null	null	null	None	0	null	0	0	null	null	null	null	null	
2024/11/23 15:52:34.977	b135e9c82f3b5af8414a656ace8a78c8d45a7834	Windows 11  (10.0.22631) 64bit (Editor)	True	null	null	null	null	null	null	None	0	null	0	0	null	null	null	null	null	
2024/11/23 15:52:34.983	b135e9c82f3b5af8414a656ace8a78c8d45a7834	Windows 11  (10.0.22631) 64bit (Editor)	True	null	null	null	null	null	null	None	0	null	0	0	null	null	null	null	null	
2024/11/23 15:52:34.999	b135e9c82f3b5af8414a656ace8a78c8d45a7834	Windows 11  (10.0.22631) 64bit (Editor)	True	null	null	null	null	null	null	None	0	null	0	0	null	null	null	null	null	
2024/11/23 15:52:35.007	b135e9c82f3b5af8414a656ace8a78c8d45a7834	Windows 11  (10.0.22631) 64bit (Editor)	True	null	null	null	null	null	null	None	0	null	0	0	null	null	null	null	null	
2024/11/23 15:52:35.015	b135e9c82f3b5af8414a656ace8a78c8d45a7834	Windows 11  (10.0.22631) 64bit (Editor)	True	null	null	null	null	null	null	None	0	null	0	0	null	null	null	null	null	
2024/11/23 15:52:35.022	b135e9c82f3b5af8414a656ace8a78c8d45a7834	Windows 11  (10.0.22631) 64bit (Editor)	True	null	null	null	null	null	null	None	0	null	0	0	null	null	null	null	null	
2024/11/23 15:52:35.030	b135e9c82f3b5af8414a656ace8a78c8d45a7834	Windows 11  (10.0.22631) 64bit (Editor)	True	null	null	null	null	null	null	None	0	null	0	0	null	null	null	null	null	
2024/11/23 15:52:35.038	b135e9c82f3b5af8414a656ace8a78c8d45a7834	Windows 11  (10.0.22631) 64bit (Editor)	True	null	null	null	null	null	null	None	0	null	0	0	null	null	null	null	null	
2024/11/23 15:52:35.045	b135e9c82f3b5af8414a656ace8a78c8d45a7834	Windows 11  (10.0.22631) 64bit (Editor)	True	null	null	null	null	null	null	None	0	null	0	0	null	null	null	null	null	
2024/11/23 15:52:35.052	b135e9c82f3b5af8414a656ace8a78c8d45a7834	Windows 11  (10.0.22631) 64bit (Editor)	True	null	null	null	null	null	null	None	0	null	0	0	null	null	null	null	null	
2024/11/23 15:52:35.059	b135e9c82f3b5af8414a656ace8a78c8d45a7834	Windows 11  (10.0.22631) 64bit (Editor)	True	null	null	null	null	null	null	None	0	null	0	0	null	null	null	null	null	
2024/11/23 15:52:35.066	b135e9c82f3b5af8414a656ace8a78c8d45a7834	Windows 11  (10.0.22631) 64bit (Editor)	True	null	null	null	null	null	null	None	0	null	0	0	null	null	null	null	null	
2024/11/23 15:52:35.073	b135e9c82f3b5af8414a656ace8a78c8d45a7834	Windows 11  (10.0.22631) 64bit (Editor)	True	null	null	null	null	null	null	None	0	null	0	0	null	null	null	null	null	
2024/11/23 15:52:35.080	b135e9c82f3b5af8414a656ace8a78c8d45a7834	Windows 11  (10.0.22631) 64bit (Editor)	True	null	null	null	null	null	null	None	0	null	0	0	null	null	null	null	null	
2024/11/23 15:52:35.087	b135e9c82f3b5af8414a656ace8a78c8d45a7834	Windows 11  (10.0.22631) 64bit (Editor)	True	null	null	null	null	null	null	None	0	null	0	0	null	null	null	null	null	
2024/11/23 15:52:35.094	b135e9c82f3b5af8414a656ace8a78c8d45a7834	Windows 11  (10.0.22631) 64bit (Editor)	True	null	null	null	null	null	null	None	0	null	0	0	null	null	null	null	null	
2024/11/23 15:52:35.101	b135e9c82f3b5af8414a656ace8a78c8d45a7834	Windows 11  (10.0.22631) 64bit (Editor)	True	null	null	null	null	null	null	None	0	null	0	0	null	null	null	null	null	
2024/11/23 15:52:35.108	b135e9c82f3b5af8414a656ace8a78c8d45a7834	Windows 11  (10.0.22631) 64bit (Editor)	True	null	null	null	null	null	null	None	0	null	0	0	null	null	null	null	null	
2024/11/23 15:52:35.116	b135e9c82f3b5af8414a656ace8a78c8d45a7834	Windows 11  (10.0.22631) 64bit (Editor)	True	null	null	null	null	null	null	None	0	null	0	0	null	null	null	null	null	
2024/11/23 15:52:35.124	b135e9c82f3b5af8414a656ace8a78c8d45a7834	Windows 11  (10.0.22631) 64bit (Editor)	True	null	null	null	null	null	null	None	0	null	0	0	null	null	null	null	null	
2024/11/23 15:52:35.130	b135e9c82f3b5af8414a656ace8a78c8d45a7834	Windows 11  (10.0.22631) 64bit (Editor)	True	null	null	null	null	null	null	None	0	null	0	0	null	null	null	null	null	
2024/11/23 15:52:35.138	b135e9c82f3b5af8414a656ace8a78c8d45a7834	Windows 11  (10.0.22631) 64bit (Editor)	True	null	null	null	null	null	null	None	0	null	0	0	null	null	null	null	null	
2024/11/23 15:52:35.161	b135e9c82f3b5af8414a656ace8a78c8d45a7834	Windows 11  (10.0.22631) 64bit (Editor)	True	null	null	null	null	null	null	None	0	null	0	0	null	null	null	null	null	
2024/11/23 15:52:35.173	b135e9c82f3b5af8414a656ace8a78c8d45a7834	Windows 11  (10.0.22631) 64bit (Editor)	True	null	null	null	null	null	null	None	0	null	0	0	null	null	null	null	null	
2024/11/23 15:52:35.184	b135e9c82f3b5af8414a656ace8a78c8d45a7834	Windows 11  (10.0.22631) 64bit (Editor)	True	null	null	null	null	null	null	None	0	null	0	0	null	null	null	null	null	
2024/11/23 15:52:35.194	b135e9c82f3b5af8414a656ace8a78c8d45a7834	Windows 11  (10.0.22631) 64bit (Editor)	True	null	null	null	null	null	null	None	0	null	0	0	null	null	null	null	null	
2024/11/23 15:52:35.204	b135e9c82f3b5af8414a656ace8a78c8d45a7834	Windows 11  (10.0.22631) 64bit (Editor)	True	null	null	null	null	null	null	None	0	null	0	0	null	null	null	null	null	
2024/11/23 15:52:35.213	b135e9c82f3b5af8414a656ace8a78c8d45a7834	Windows 11  (10.0.22631) 64bit (Editor)	True	null	null	null	null	null	null	None	0	null	0	0	null	null	null	null	null	
2024/11/23 15:52:35.220	b135e9c82f3b5af8414a656ace8a78c8d45a7834	Windows 11  (10.0.22631) 64bit (Editor)	True	null	null	null	null	null	null	None	0	null	0	0	null	null	null	null	null	
2024/11/23 15:52:35.227	b135e9c82f3b5af8414a656ace8a78c8d45a7834	Windows 11  (10.0.22631) 64bit (Editor)	True	null	null	null	null	null	null	None	0	null	0	0	null	null	null	null	null	
2024/11/23 15:52:35.234	b135e9c82f3b5af8414a656ace8a78c8d45a7834	Windows 11  (10.0.22631) 64bit (Editor)	True	null	null	null	null	null	null	None	0	null	0	0	null	null	null	null	null	
2024/11/23 15:52:35.241	b135e9c82f3b5af8414a656ace8a78c8d45a7834	Windows 11  (10.0.22631) 64bit (Editor)	True	null	null	null	null	null	null	None	0	null	0	0	null	null	null	null	null	
2024/11/23 15:52:35.253	b135e9c82f3b5af8414a656ace8a78c8d45a7834	Windows 11  (10.0.22631) 64bit (Editor)	True	null	null	null	null	null	null	None	0	null	0	0	null	null	null	null	null	
2024/11/23 15:52:35.261	b135e9c82f3b5af8414a656ace8a78c8d45a7834	Windows 11  (10.0.22631) 64bit (Editor)	True	null	null	null	null	null	null	None	0	null	0	0	null	null	null	null	null	
2024/11/23 15:52:35.267	b135e9c82f3b5af8414a656ace8a78c8d45a7834	Windows 11  (10.0.22631) 64bit (Editor)	True	null	null	null	null	null	null	None	0	null	0	0	null	null	null	null	null	
2024/11/23 15:52:35.273	b135e9c82f3b5af8414a656ace8a78c8d45a7834	Windows 11  (10.0.22631) 64bit (Editor)	True	null	null	null	null	null	null	None	0	null	0	0	null	null	null	null	null	
2024/11/23 15:52:35.279	b135e9c82f3b5af8414a656ace8a78c8d45a7834	Windows 11  (10.0.22631) 64bit (Editor)	True	null	null	null	null	null	null	None	0	null	0	0	null	null	null	null	null	
2024/11/23 15:52:35.285	b135e9c82f3b5af8414a656ace8a78c8d45a7834	Windows 11  (10.0.22631) 64bit (Editor)	True	null	null	null	null	null	null	None	0	null	0	0	null	null	null	null	null	
2024/11/23 15:52:35.293	b135e9c82f3b5af8414a656ace8a78c8d45a7834	Windows 11  (10.0.22631) 64bit (Editor)	True	null	null	null	null	null	null	None	0	null	0	0	null	null	null	null	null	
2024/11/23 15:52:35.309	b135e9c82f3b5af8414a656ace8a78c8d45a7834	Windows 11  (10.0.22631) 64bit (Editor)	True	null	null	null	null	null	null	None	0	null	0	0	null	null	null	null	null	
2024/11/23 15:52:35.317	b135e9c82f3b5af8414a656ace8a78c8d45a7834	Windows 11  (10.0.22631) 64bit (Editor)	True	null	null	null	null	null	null	None	0	null	0	0	null	null	null	null	null	
2024/11/23 15:52:35.324	b135e9c82f3b5af8414a656ace8a78c8d45a7834	Windows 11  (10.0.22631) 64bit (Editor)	True	null	null	null	null	null	null	None	0	null	0	0	null	null	null	null	null	
2024/11/23 15:52:35.330	b135e9c82f3b5af8414a656ace8a78c8d45a7834	Windows 11  (10.0.22631) 64bit (Editor)	True	null	null	null	null	null	null	None	0	null	0	0	null	null	null	null	null	
2024/11/23 15:52:35.337	b135e9c82f3b5af8414a656ace8a78c8d45a7834	Windows 11  (10.0.22631) 64bit (Editor)	True	null	null	null	null	null	null	None	0	null	0	0	null	null	null	null	null	
2024/11/23 15:52:35.343	b135e9c82f3b5af8414a656ace8a78c8d45a7834	Windows 11  (10.0.22631) 64bit (Editor)	True	null	null	null	null	null	null	None	0	null	0	0	null	null	null	null	null	
2024/11/23 15:52:35.351	b135e9c82f3b5af8414a656ace8a78c8d45a7834	Windows 11  (10.0.22631) 64bit (Editor)	True	null	null	null	null	null	null	None	0	null	0	0	null	null	null	null	null	
2024/11/23 15:52:35.357	b135e9c82f3b5af8414a656ace8a78c8d45a7834	Windows 11  (10.0.22631) 64bit (Editor)	True	null	null	null	null	null	null	None	0	null	0	0	null	null	null	null	null	
2024/11/23 15:52:35.363	b135e9c82f3b5af8414a656ace8a78c8d45a7834	Windows 11  (10.0.22631) 64bit (Editor)	True	null	null	null	null	null	null	None	0	null	0	0	null	null	null	null	null	
2024/11/23 15:52:35.371	b135e9c82f3b5af8414a656ace8a78c8d45a7834	Windows 11  (10.0.22631) 64bit (Editor)	True	null	null	null	null	null	null	None	0	null	0	0	null	null	null	null	null	
2024/11/23 15:52:35.377	b135e9c82f3b5af8414a656ace8a78c8d45a7834	Windows 11  (10.0.22631) 64bit (Editor)	True	null	null	null	null	null	null	None	0	null	0	0	null	null	null	null	null	
2024/11/23 15:52:35.384	b135e9c82f3b5af8414a656ace8a78c8d45a7834	Windows 11  (10.0.22631) 64bit (Editor)	True	null	null	null	null	null	null	None	0	null	0	0	null	null	null	null	null	
2024/11/23 15:52:35.390	b135e9c82f3b5af8414a656ace8a78c8d45a7834	Windows 11  (10.0.22631) 64bit (Editor)	True	null	null	null	null	null	null	None	0	null	0	0	null	null	null	null	null	
2024/11/23 15:52:35.398	b135e9c82f3b5af8414a656ace8a78c8d45a7834	Windows 11  (10.0.22631) 64bit (Editor)	True	null	null	null	null	null	null	None	0	null	0	0	null	null	null	null	null	
2024/11/23 15:52:35.405	b135e9c82f3b5af8414a656ace8a78c8d45a7834	Windows 11  (10.0.22631) 64bit (Editor)	True	null	null	null	null	null	null	None	0	null	0	0	null	null	null	null	null	
2024/11/23 15:52:35.411	b135e9c82f3b5af8414a656ace8a78c8d45a7834	Windows 11  (10.0.22631) 64bit (Editor)	True	null	null	null	null	null	null	None	0	null	0	0	null	null	null	null	null	
2024/11/23 15:52:35.419	b135e9c82f3b5af8414a656ace8a78c8d45a7834	Windows 11  (10.0.22631) 64bit (Editor)	True	null	null	null	null	null	null	None	0	null	0	0	null	null	null	null	null	
2024/11/23 15:52:35.426	b135e9c82f3b5af8414a656ace8a78c8d45a7834	Windows 11  (10.0.22631) 64bit (Editor)	True	null	null	null	null	null	null	None	0	null	0	0	null	null	null	null	null	
2024/11/23 15:52:35.434	b135e9c82f3b5af8414a656ace8a78c8d45a7834	Windows 11  (10.0.22631) 64bit (Editor)	True	null	null	null	null	null	null	None	0	null	0	0	null	null	null	null	null	
2024/11/23 15:52:35.440	b135e9c82f3b5af8414a656ace8a78c8d45a7834	Windows 11  (10.0.22631) 64bit (Editor)	True	null	null	null	null	null	null	None	0	null	0	0	null	null	null	null	null	
2024/11/23 15:52:35.447	b135e9c82f3b5af8414a656ace8a78c8d45a7834	Windows 11  (10.0.22631) 64bit (Editor)	True	null	null	null	null	null	null	None	0	null	0	0	null	null	null	null	null	
2024/11/23 15:52:35.465	b135e9c82f3b5af8414a656ace8a78c8d45a7834	Windows 11  (10.0.22631) 64bit (Editor)	True	null	null	null	null	null	null	None	0	null	0	0	null	null	null	null	null	
2024/11/23 15:52:35.472	b135e9c82f3b5af8414a656ace8a78c8d45a7834	Windows 11  (10.0.22631) 64bit (Editor)	True	null	null	null	null	null	null	None	0	null	0	0	null	null	null	null	null	
2024/11/23 15:52:35.479	b135e9c82f3b5af8414a656ace8a78c8d45a7834	Windows 11  (10.0.22631) 64bit (Editor)	True	null	null	null	null	null	null	None	0	null	0	0	null	null	null	null	null	
2024/11/23 15:52:35.487	b135e9c82f3b5af8414a656ace8a78c8d45a7834	Windows 11  (10.0.22631) 64bit (Editor)	True	null	null	null	null	null	null	None	0	null	0	0	null	null	null	null	null	
2024/11/23 15:52:35.495	b135e9c82f3b5af8414a656ace8a78c8d45a7834	Windows 11  (10.0.22631) 64bit (Editor)	True	null	null	null	null	null	null	None	0	null	0	0	null	null	null	null	null	
2024/11/23 15:52:35.502	b135e9c82f3b5af8414a656ace8a78c8d45a7834	Windows 11  (10.0.22631) 64bit (Editor)	True	null	null	null	null	null	null	None	0	null	0	0	null	null	null	null	null	
2024/11/23 15:52:35.510	b135e9c82f3b5af8414a656ace8a78c8d45a7834	Windows 11  (10.0.22631) 64bit (Editor)	True	null	null	null	null	null	null	None	0	null	0	0	null	null	null	null	null	
2024/11/23 15:52:35.518	b135e9c82f3b5af8414a656ace8a78c8d45a7834	Windows 11  (10.0.22631) 64bit (Editor)	True	null	null	null	null	null	null	None	0	null	0	0	null	null	null	null	null	
2024/11/23 15:52:35.526	b135e9c82f3b5af8414a656ace8a78c8d45a7834	Windows 11  (10.0.22631) 64bit (Editor)	True	null	null	null	null	null	null	None	0	null	0	0	null	null	null	null	null	
2024/11/23 15:52:35.536	b135e9c82f3b5af8414a656ace8a78c8d45a7834	Windows 11  (10.0.22631) 64bit (Editor)	True	null	null	null	null	null	null	None	0	null	0	0	null	null	null	null	null	
2024/11/23 15:52:35.543	b135e9c82f3b5af8414a656ace8a78c8d45a7834	Windows 11  (10.0.22631) 64bit (Editor)	True	null	null	null	null	null	null	None	0	null	0	0	null	null	null	null	null	
2024/11/23 15:52:35.551	b135e9c82f3b5af8414a656ace8a78c8d45a7834	Windows 11  (10.0.22631) 64bit (Editor)	True	null	null	null	null	null	null	None	0	null	0	0	null	null	null	null	null	
2024/11/23 15:52:35.560	b135e9c82f3b5af8414a656ace8a78c8d45a7834	Windows 11  (10.0.22631) 64bit (Editor)	True	null	null	null	null	null	null	None	0	null	0	0	null	null	null	null	null	
2024/11/23 15:52:35.566	b135e9c82f3b5af8414a656ace8a78c8d45a7834	Windows 11  (10.0.22631) 64bit (Editor)	True	null	null	null	null	null	null	None	0	null	0	0	null	null	null	null	null	
2024/11/23 15:52:35.574	b135e9c82f3b5af8414a656ace8a78c8d45a7834	Windows 11  (10.0.22631) 64bit (Editor)	True	null	null	null	null	null	null	None	0	null	0	0	null	null	null	null	null	
2024/11/23 15:52:35.582	b135e9c82f3b5af8414a656ace8a78c8d45a7834	Windows 11  (10.0.22631) 64bit (Editor)	True	null	null	null	null	null	null	None	0	null	0	0	null	null	null	null	null	
2024/11/23 15:52:35.589	b135e9c82f3b5af8414a656ace8a78c8d45a7834	Windows 11  (10.0.22631) 64bit (Editor)	True	null	null	null	null	null	null	None	0	null	0	0	null	null	null	null	null	
2024/11/23 15:52:35.597	b135e9c82f3b5af8414a656ace8a78c8d45a7834	Windows 11  (10.0.22631) 64bit (Editor)	True	null	null	null	null	null	null	None	0	null	0	0	null	null	null	null	null	
2024/11/23 15:52:35.605	b135e9c82f3b5af8414a656ace8a78c8d45a7834	Windows 11  (10.0.22631) 64bit (Editor)	True	null	null	null	null	null	null	None	0	null	0	0	null	null	null	null	null	
2024/11/23 15:52:35.622	b135e9c82f3b5af8414a656ace8a78c8d45a7834	Windows 11  (10.0.22631) 64bit (Editor)	True	null	null	null	null	null	null	None	0	null	0	0	null	null	null	null	null	
2024/11/23 15:52:35.628	b135e9c82f3b5af8414a656ace8a78c8d45a7834	Windows 11  (10.0.22631) 64bit (Editor)	True	null	null	null	null	null	null	None	0	null	0	0	null	null	null	null	null	
2024/11/23 15:52:35.636	b135e9c82f3b5af8414a656ace8a78c8d45a7834	Windows 11  (10.0.22631) 64bit (Editor)	True	null	null	null	null	null	null	None	0	null	0	0	null	null	null	null	null	
2024/11/23 15:52:35.644	b135e9c82f3b5af8414a656ace8a78c8d45a7834	Windows 11  (10.0.22631) 64bit (Editor)	True	null	null	null	null	null	null	None	0	null	0	0	null	null	null	null	null	
2024/11/23 15:52:35.657	b135e9c82f3b5af8414a656ace8a78c8d45a7834	Windows 11  (10.0.22631) 64bit (Editor)	True	null	null	null	null	null	null	None	0	null	0	0	null	null	null	null	null	
2024/11/23 15:52:35.665	b135e9c82f3b5af8414a656ace8a78c8d45a7834	Windows 11  (10.0.22631) 64bit (Editor)	True	null	null	null	null	null	null	None	0	null	0	0	null	null	null	null	null	
2024/11/23 15:52:35.672	b135e9c82f3b5af8414a656ace8a78c8d45a7834	Windows 11  (10.0.22631) 64bit (Editor)	True	null	null	null	null	null	null	None	0	null	0	0	null	null	null	null	null	
2024/11/23 15:52:35.680	b135e9c82f3b5af8414a656ace8a78c8d45a7834	Windows 11  (10.0.22631) 64bit (Editor)	True	null	null	null	null	null	null	None	0	null	0	0	null	null	null	null	null	
2024/11/23 15:52:35.694	b135e9c82f3b5af8414a656ace8a78c8d45a7834	Windows 11  (10.0.22631) 64bit (Editor)	True	null	null	null	null	null	null	None	0	null	0	0	null	null	null	null	null	
2024/11/23 15:52:35.708	b135e9c82f3b5af8414a656ace8a78c8d45a7834	Windows 11  (10.0.22631) 64bit (Editor)	True	null	null	null	null	null	null	None	0	null	0	0	null	null	null	null	null	
2024/11/23 15:52:35.719	b135e9c82f3b5af8414a656ace8a78c8d45a7834	Windows 11  (10.0.22631) 64bit (Editor)	True	null	null	null	null	null	null	None	0	null	0	0	null	null	null	null	null	
2024/11/23 15:52:35.727	b135e9c82f3b5af8414a656ace8a78c8d45a7834	Windows 11  (10.0.22631) 64bit (Editor)	True	null	null	null	null	null	null	None	0	null	0	0	null	null	null	null	null	
2024/11/23 15:52:35.736	b135e9c82f3b5af8414a656ace8a78c8d45a7834	Windows 11  (10.0.22631) 64bit (Editor)	True	null	null	null	null	null	null	None	0	null	0	0	null	null	null	null	null	
2024/11/23 15:52:35.743	b135e9c82f3b5af8414a656ace8a78c8d45a7834	Windows 11  (10.0.22631) 64bit (Editor)	True	null	null	null	null	null	null	None	0	null	0	0	null	null	null	null	null	
2024/11/23 15:52:35.748	b135e9c82f3b5af8414a656ace8a78c8d45a7834	Windows 11  (10.0.22631) 64bit (Editor)	True	null	null	null	null	null	null	None	0	null	0	0	null	null	null	null	null	
2024/11/23 15:52:35.757	b135e9c82f3b5af8414a656ace8a78c8d45a7834	Windows 11  (10.0.22631) 64bit (Editor)	True	null	null	null	null	null	null	None	0	null	0	0	null	null	null	null	null	
2024/11/23 15:52:35.777	b135e9c82f3b5af8414a656ace8a78c8d45a7834	Windows 11  (10.0.22631) 64bit (Editor)	True	null	null	null	null	null	null	None	0	null	0	0	null	null	null	null	null	
2024/11/23 15:52:35.786	b135e9c82f3b5af8414a656ace8a78c8d45a7834	Windows 11  (10.0.22631) 64bit (Editor)	True	null	null	null	null	null	null	None	0	null	0	0	null	null	null	null	null	
2024/11/23 15:52:35.796	b135e9c82f3b5af8414a656ace8a78c8d45a7834	Windows 11  (10.0.22631) 64bit (Editor)	True	null	null	null	null	null	null	None	0	null	0	0	null	null	null	null	null	
2024/11/23 15:52:35.804	b135e9c82f3b5af8414a656ace8a78c8d45a7834	Windows 11  (10.0.22631) 64bit (Editor)	True	null	null	null	null	null	null	None	0	null	0	0	null	null	null	null	null	
2024/11/23 15:52:35.811	b135e9c82f3b5af8414a656ace8a78c8d45a7834	Windows 11  (10.0.22631) 64bit (Editor)	True	null	null	null	null	null	null	None	0	null	0	0	null	null	null	null	null	
2024/11/23 15:52:35.819	b135e9c82f3b5af8414a656ace8a78c8d45a7834	Windows 11  (10.0.22631) 64bit (Editor)	True	null	null	null	null	null	null	None	0	null	0	0	null	null	null	null	null	
2024/11/23 15:52:35.826	b135e9c82f3b5af8414a656ace8a78c8d45a7834	Windows 11  (10.0.22631) 64bit (Editor)	True	null	null	null	null	null	null	None	0	null	0	0	null	null	null	null	null	
2024/11/23 15:52:35.834	b135e9c82f3b5af8414a656ace8a78c8d45a7834	Windows 11  (10.0.22631) 64bit (Editor)	True	null	null	null	null	null	null	None	0	null	0	0	null	null	null	null	null	
2024/11/23 15:52:35.845	b135e9c82f3b5af8414a656ace8a78c8d45a7834	Windows 11  (10.0.22631) 64bit (Editor)	True	null	null	null	null	null	null	None	0	null	0	0	null	null	null	null	null	
2024/11/23 15:52:35.856	b135e9c82f3b5af8414a656ace8a78c8d45a7834	Windows 11  (10.0.22631) 64bit (Editor)	True	null	null	null	null	null	null	None	0	null	0	0	null	null	null	null	null	
2024/11/23 15:52:35.864	b135e9c82f3b5af8414a656ace8a78c8d45a7834	Windows 11  (10.0.22631) 64bit (Editor)	True	null	null	null	null	null	null	None	0	null	0	0	null	null	null	null	null	
2024/11/23 15:52:35.872	b135e9c82f3b5af8414a656ace8a78c8d45a7834	Windows 11  (10.0.22631) 64bit (Editor)	True	null	null	null	null	null	null	None	0	null	0	0	null	null	null	null	null	
2024/11/23 15:52:35.882	b135e9c82f3b5af8414a656ace8a78c8d45a7834	Windows 11  (10.0.22631) 64bit (Editor)	True	null	null	null	null	null	null	None	0	null	0	0	null	null	null	null	null	
2024/11/23 15:52:35.893	b135e9c82f3b5af8414a656ace8a78c8d45a7834	Windows 11  (10.0.22631) 64bit (Editor)	True	null	null	null	null	null	null	None	0	null	0	0	null	null	null	null	null	
2024/11/23 15:52:35.902	b135e9c82f3b5af8414a656ace8a78c8d45a7834	Windows 11  (10.0.22631) 64bit (Editor)	True	null	null	null	null	null	null	None	0	null	0	0	null	null	null	null	null	
2024/11/23 15:52:35.910	b135e9c82f3b5af8414a656ace8a78c8d45a7834	Windows 11  (10.0.22631) 64bit (Editor)	True	null	null	null	null	null	null	None	0	null	0	0	null	null	null	null	null	
2024/11/23 15:52:35.927	b135e9c82f3b5af8414a656ace8a78c8d45a7834	Windows 11  (10.0.22631) 64bit (Editor)	True	null	null	null	null	null	null	None	0	null	0	0	null	null	null	null	null	
2024/11/23 15:52:35.936	b135e9c82f3b5af8414a656ace8a78c8d45a7834	Windows 11  (10.0.22631) 64bit (Editor)	True	null	null	null	null	null	null	None	0	null	0	0	null	null	null	null	null	
2024/11/23 15:52:35.945	b135e9c82f3b5af8414a656ace8a78c8d45a7834	Windows 11  (10.0.22631) 64bit (Editor)	True	null	null	null	null	null	null	None	0	null	0	0	null	null	null	null	null	
2024/11/23 15:52:35.951	b135e9c82f3b5af8414a656ace8a78c8d45a7834	Windows 11  (10.0.22631) 64bit (Editor)	True	null	null	null	null	null	null	None	0	null	0	0	null	null	null	null	null	
2024/11/23 15:52:35.959	b135e9c82f3b5af8414a656ace8a78c8d45a7834	Windows 11  (10.0.22631) 64bit (Editor)	True	null	null	null	null	null	null	None	0	null	0	0	null	null	null	null	null	
2024/11/23 15:52:35.966	b135e9c82f3b5af8414a656ace8a78c8d45a7834	Windows 11  (10.0.22631) 64bit (Editor)	True	null	null	null	null	null	null	None	0	null	0	0	null	null	null	null	null	
2024/11/23 15:52:35.973	b135e9c82f3b5af8414a656ace8a78c8d45a7834	Windows 11  (10.0.22631) 64bit (Editor)	True	null	null	null	null	null	null	None	0	null	0	0	null	null	null	null	null	
2024/11/23 15:52:35.979	b135e9c82f3b5af8414a656ace8a78c8d45a7834	Windows 11  (10.0.22631) 64bit (Editor)	True	null	null	null	null	null	null	None	0	null	0	0	null	null	null	null	null	
2024/11/23 15:52:35.986	b135e9c82f3b5af8414a656ace8a78c8d45a7834	Windows 11  (10.0.22631) 64bit (Editor)	True	null	null	null	null	null	null	None	0	null	0	0	null	null	null	null	null	
2024/11/23 15:52:35.992	b135e9c82f3b5af8414a656ace8a78c8d45a7834	Windows 11  (10.0.22631) 64bit (Editor)	True	null	null	null	null	null	null	None	0	null	0	0	null	null	null	null	null	
2024/11/23 15:52:35.998	b135e9c82f3b5af8414a656ace8a78c8d45a7834	Windows 11  (10.0.22631) 64bit (Editor)	True	null	null	null	null	null	null	None	0	null	0	0	null	null	null	null	null	
2024/11/23 15:52:36.006	b135e9c82f3b5af8414a656ace8a78c8d45a7834	Windows 11  (10.0.22631) 64bit (Editor)	True	null	null	null	null	null	null	None	0	null	0	0	null	null	null	null	null	
2024/11/23 15:52:36.012	b135e9c82f3b5af8414a656ace8a78c8d45a7834	Windows 11  (10.0.22631) 64bit (Editor)	True	null	null	null	null	null	null	None	0	null	0	0	null	null	null	null	null	
2024/11/23 15:52:36.020	b135e9c82f3b5af8414a656ace8a78c8d45a7834	Windows 11  (10.0.22631) 64bit (Editor)	True	null	null	null	null	null	null	None	0	null	0	0	null	null	null	null	null	
2024/11/23 15:52:36.026	b135e9c82f3b5af8414a656ace8a78c8d45a7834	Windows 11  (10.0.22631) 64bit (Editor)	True	null	null	null	null	null	null	None	0	null	0	0	null	null	null	null	null	
2024/11/23 15:52:36.032	b135e9c82f3b5af8414a656ace8a78c8d45a7834	Windows 11  (10.0.22631) 64bit (Editor)	True	null	null	null	null	null	null	None	0	null	0	0	null	null	null	null	null	
2024/11/23 15:52:36.040	b135e9c82f3b5af8414a656ace8a78c8d45a7834	Windows 11  (10.0.22631) 64bit (Editor)	True	null	null	null	null	null	null	None	0	null	0	0	null	null	null	null	null	
2024/11/23 15:52:36.046	b135e9c82f3b5af8414a656ace8a78c8d45a7834	Windows 11  (10.0.22631) 64bit (Editor)	True	null	null	null	null	null	null	None	0	null	0	0	null	null	null	null	null	
2024/11/23 15:52:36.053	b135e9c82f3b5af8414a656ace8a78c8d45a7834	Windows 11  (10.0.22631) 64bit (Editor)	True	null	null	null	null	null	null	None	0	null	0	0	null	null	null	null	null	
2024/11/23 15:52:36.059	b135e9c82f3b5af8414a656ace8a78c8d45a7834	Windows 11  (10.0.22631) 64bit (Editor)	True	null	null	null	null	null	null	None	0	null	0	0	null	null	null	null	null	
2024/11/23 15:52:36.066	b135e9c82f3b5af8414a656ace8a78c8d45a7834	Windows 11  (10.0.22631) 64bit (Editor)	True	null	null	null	null	null	null	None	0	null	0	0	null	null	null	null	null	
2024/11/23 15:52:36.083	b135e9c82f3b5af8414a656ace8a78c8d45a7834	Windows 11  (10.0.22631) 64bit (Editor)	True	null	null	null	null	null	null	None	0	null	0	0	null	null	null	null	null	
2024/11/23 15:52:36.091	b135e9c82f3b5af8414a656ace8a78c8d45a7834	Windows 11  (10.0.22631) 64bit (Editor)	True	null	null	null	null	null	null	None	0	null	0	0	null	null	null	null	null	
2024/11/23 15:52:36.099	b135e9c82f3b5af8414a656ace8a78c8d45a7834	Windows 11  (10.0.22631) 64bit (Editor)	True	null	null	null	null	null	null	None	0	null	0	0	null	null	null	null	null	
2024/11/23 15:52:36.105	b135e9c82f3b5af8414a656ace8a78c8d45a7834	Windows 11  (10.0.22631) 64bit (Editor)	True	null	null	null	null	null	null	None	0	null	0	0	null	null	null	null	null	
2024/11/23 15:52:36.114	b135e9c82f3b5af8414a656ace8a78c8d45a7834	Windows 11  (10.0.22631) 64bit (Editor)	True	null	null	null	null	null	null	None	0	null	0	0	null	null	null	null	null	
2024/11/23 15:52:36.122	b135e9c82f3b5af8414a656ace8a78c8d45a7834	Windows 11  (10.0.22631) 64bit (Editor)	True	null	null	null	null	null	null	None	0	null	0	0	null	null	null	null	null	
2024/11/23 15:52:36.128	b135e9c82f3b5af8414a656ace8a78c8d45a7834	Windows 11  (10.0.22631) 64bit (Editor)	True	null	null	null	null	null	null	None	0	null	0	0	null	null	null	null	null	
2024/11/23 15:52:36.135	b135e9c82f3b5af8414a656ace8a78c8d45a7834	Windows 11  (10.0.22631) 64bit (Editor)	True	null	null	null	null	null	null	None	0	null	0	0	null	null	null	null	null	
2024/11/23 15:52:36.142	b135e9c82f3b5af8414a656ace8a78c8d45a7834	Windows 11  (10.0.22631) 64bit (Editor)	True	null	null	null	null	null	null	None	0	null	0	0	null	null	null	null	null	
2024/11/23 15:52:36.149	b135e9c82f3b5af8414a656ace8a78c8d45a7834	Windows 11  (10.0.22631) 64bit (Editor)	True	null	null	null	null	null	null	None	0	null	0	0	null	null	null	null	null	
2024/11/23 15:52:36.157	b135e9c82f3b5af8414a656ace8a78c8d45a7834	Windows 11  (10.0.22631) 64bit (Editor)	True	null	null	null	null	null	null	None	0	null	0	0	null	null	null	null	null	
2024/11/23 15:52:36.163	b135e9c82f3b5af8414a656ace8a78c8d45a7834	Windows 11  (10.0.22631) 64bit (Editor)	True	null	null	null	null	null	null	None	0	null	0	0	null	null	null	null	null	
2024/11/23 15:52:36.171	b135e9c82f3b5af8414a656ace8a78c8d45a7834	Windows 11  (10.0.22631) 64bit (Editor)	True	null	null	null	null	null	null	None	0	null	0	0	null	null	null	null	null	
2024/11/23 15:52:36.178	b135e9c82f3b5af8414a656ace8a78c8d45a7834	Windows 11  (10.0.22631) 64bit (Editor)	True	null	null	null	null	null	null	None	0	null	0	0	null	null	null	null	null	
2024/11/23 15:52:36.186	b135e9c82f3b5af8414a656ace8a78c8d45a7834	Windows 11  (10.0.22631) 64bit (Editor)	True	null	null	null	null	null	null	None	0	null	0	0	null	null	null	null	null	
2024/11/23 15:52:36.193	b135e9c82f3b5af8414a656ace8a78c8d45a7834	Windows 11  (10.0.22631) 64bit (Editor)	True	null	null	null	null	null	null	None	0	null	0	0	null	null	null	null	null	
2024/11/23 15:52:36.200	b135e9c82f3b5af8414a656ace8a78c8d45a7834	Windows 11  (10.0.22631) 64bit (Editor)	True	null	null	null	null	null	null	None	0	null	0	0	null	null	null	null	null	
2024/11/23 15:52:36.208	b135e9c82f3b5af8414a656ace8a78c8d45a7834	Windows 11  (10.0.22631) 64bit (Editor)	True	null	null	null	null	null	null	None	0	null	0	0	null	null	null	null	null	
2024/11/23 15:52:36.215	b135e9c82f3b5af8414a656ace8a78c8d45a7834	Windows 11  (10.0.22631) 64bit (Editor)	True	null	null	null	null	null	null	None	0	null	0	0	null	null	null	null	null	
2024/11/23 15:52:36.223	b135e9c82f3b5af8414a656ace8a78c8d45a7834	Windows 11  (10.0.22631) 64bit (Editor)	True	null	null	null	null	null	null	None	0	null	0	0	null	null	null	null	null	
2024/11/23 15:52:36.240	b135e9c82f3b5af8414a656ace8a78c8d45a7834	Windows 11  (10.0.22631) 64bit (Editor)	True	null	null	null	null	null	null	None	0	null	0	0	null	null	null	null	null	
2024/11/23 15:52:36.246	b135e9c82f3b5af8414a656ace8a78c8d45a7834	Windows 11  (10.0.22631) 64bit (Editor)	True	null	null	null	null	null	null	None	0	null	0	0	null	null	null	null	null	
2024/11/23 15:52:36.254	b135e9c82f3b5af8414a656ace8a78c8d45a7834	Windows 11  (10.0.22631) 64bit (Editor)	True	null	null	null	null	null	null	None	0	null	0	0	null	null	null	null	null	
2024/11/23 15:52:36.260	b135e9c82f3b5af8414a656ace8a78c8d45a7834	Windows 11  (10.0.22631) 64bit (Editor)	True	null	null	null	null	null	null	None	0	null	0	0	null	null	null	null	null	
2024/11/23 15:52:36.267	b135e9c82f3b5af8414a656ace8a78c8d45a7834	Windows 11  (10.0.22631) 64bit (Editor)	True	null	null	null	null	null	null	None	0	null	0	0	null	null	null	null	null	
2024/11/23 15:52:36.276	b135e9c82f3b5af8414a656ace8a78c8d45a7834	Windows 11  (10.0.22631) 64bit (Editor)	True	null	null	null	null	null	null	None	0	null	0	0	null	null	null	null	null	
2024/11/23 15:52:36.282	b135e9c82f3b5af8414a656ace8a78c8d45a7834	Windows 11  (10.0.22631) 64bit (Editor)	True	null	null	null	null	null	null	None	0	null	0	0	null	null	null	null	null	
2024/11/23 15:52:36.289	b135e9c82f3b5af8414a656ace8a78c8d45a7834	Windows 11  (10.0.22631) 64bit (Editor)	True	null	null	null	null	null	null	None	0	null	0	0	null	null	null	null	null	
2024/11/23 15:52:36.296	b135e9c82f3b5af8414a656ace8a78c8d45a7834	Windows 11  (10.0.22631) 64bit (Editor)	True	null	null	null	null	null	null	None	0	null	0	0	null	null	null	null	null	
2024/11/23 15:52:36.304	b135e9c82f3b5af8414a656ace8a78c8d45a7834	Windows 11  (10.0.22631) 64bit (Editor)	True	null	null	null	null	null	null	None	0	null	0	0	null	null	null	null	null	
2024/11/23 15:52:36.311	b135e9c82f3b5af8414a656ace8a78c8d45a7834	Windows 11  (10.0.22631) 64bit (Editor)	True	null	null	null	null	null	null	None	0	null	0	0	null	null	null	null	null	
2024/11/23 15:52:36.319	b135e9c82f3b5af8414a656ace8a78c8d45a7834	Windows 11  (10.0.22631) 64bit (Editor)	True	null	null	null	null	null	null	None	0	null	0	0	null	null	null	null	null	
2024/11/23 15:52:36.325	b135e9c82f3b5af8414a656ace8a78c8d45a7834	Windows 11  (10.0.22631) 64bit (Editor)	True	null	null	null	null	null	null	None	0	null	0	0	null	null	null	null	null	
2024/11/23 15:52:36.332	b135e9c82f3b5af8414a656ace8a78c8d45a7834	Windows 11  (10.0.22631) 64bit (Editor)	True	null	null	null	null	null	null	None	0	null	0	0	null	null	null	null	null	
2024/11/23 15:52:36.340	b135e9c82f3b5af8414a656ace8a78c8d45a7834	Windows 11  (10.0.22631) 64bit (Editor)	True	null	null	null	null	null	null	None	0	null	0	0	null	null	null	null	null	
2024/11/23 15:52:36.346	b135e9c82f3b5af8414a656ace8a78c8d45a7834	Windows 11  (10.0.22631) 64bit (Editor)	True	null	null	null	null	null	null	None	0	null	0	0	null	null	null	null	null	
2024/11/23 15:52:36.354	b135e9c82f3b5af8414a656ace8a78c8d45a7834	Windows 11  (10.0.22631) 64bit (Editor)	True	null	null	null	null	null	null	None	0	null	0	0	null	null	null	null	null	
2024/11/23 15:52:36.361	b135e9c82f3b5af8414a656ace8a78c8d45a7834	Windows 11  (10.0.22631) 64bit (Editor)	True	null	null	null	null	null	null	None	0	null	0	0	null	null	null	null	null	
2024/11/23 15:52:36.368	b135e9c82f3b5af8414a656ace8a78c8d45a7834	Windows 11  (10.0.22631) 64bit (Editor)	True	null	null	null	null	null	null	None	0	null	0	0	null	null	null	null	null	
2024/11/23 15:52:36.375	b135e9c82f3b5af8414a656ace8a78c8d45a7834	Windows 11  (10.0.22631) 64bit (Editor)	True	null	null	null	null	null	null	None	0	null	0	0	null	null	null	null	null	
2024/11/23 15:52:36.391	b135e9c82f3b5af8414a656ace8a78c8d45a7834	Windows 11  (10.0.22631) 64bit (Editor)	True	null	null	null	null	null	null	None	0	null	0	0	null	null	null	null	null	
2024/11/23 15:52:36.401	b135e9c82f3b5af8414a656ace8a78c8d45a7834	Windows 11  (10.0.22631) 64bit (Editor)	True	null	null	null	null	null	null	None	0	null	0	0	null	null	null	null	null	
2024/11/23 15:52:36.407	b135e9c82f3b5af8414a656ace8a78c8d45a7834	Windows 11  (10.0.22631) 64bit (Editor)	True	null	null	null	null	null	null	None	0	null	0	0	null	null	null	null	null	
2024/11/23 15:52:36.414	b135e9c82f3b5af8414a656ace8a78c8d45a7834	Windows 11  (10.0.22631) 64bit (Editor)	True	null	null	null	null	null	null	None	0	null	0	0	null	null	null	null	null	
2024/11/23 15:52:36.420	b135e9c82f3b5af8414a656ace8a78c8d45a7834	Windows 11  (10.0.22631) 64bit (Editor)	True	null	null	null	null	null	null	None	0	null	0	0	null	null	null	null	null	
2024/11/23 15:52:36.427	b135e9c82f3b5af8414a656ace8a78c8d45a7834	Windows 11  (10.0.22631) 64bit (Editor)	True	null	null	null	null	null	null	None	0	null	0	0	null	null	null	null	null	
2024/11/23 15:52:36.435	b135e9c82f3b5af8414a656ace8a78c8d45a7834	Windows 11  (10.0.22631) 64bit (Editor)	True	null	null	null	null	null	null	None	0	null	0	0	null	null	null	null	null	
2024/11/23 15:52:36.443	b135e9c82f3b5af8414a656ace8a78c8d45a7834	Windows 11  (10.0.22631) 64bit (Editor)	True	null	null	null	null	null	null	None	0	null	0	0	null	null	null	null	null	
2024/11/23 15:52:36.450	b135e9c82f3b5af8414a656ace8a78c8d45a7834	Windows 11  (10.0.22631) 64bit (Editor)	True	null	null	null	null	null	null	None	0	null	0	0	null	null	null	null	null	
2024/11/23 15:52:36.458	b135e9c82f3b5af8414a656ace8a78c8d45a7834	Windows 11  (10.0.22631) 64bit (Editor)	True	null	null	null	null	null	null	None	0	null	0	0	null	null	null	null	null	
2024/11/23 15:52:36.464	b135e9c82f3b5af8414a656ace8a78c8d45a7834	Windows 11  (10.0.22631) 64bit (Editor)	True	null	null	null	null	null	null	None	0	null	0	0	null	null	null	null	null	
2024/11/23 15:52:36.472	b135e9c82f3b5af8414a656ace8a78c8d45a7834	Windows 11  (10.0.22631) 64bit (Editor)	True	null	null	null	null	null	null	None	0	null	0	0	null	null	null	null	null	
2024/11/23 15:52:36.478	b135e9c82f3b5af8414a656ace8a78c8d45a7834	Windows 11  (10.0.22631) 64bit (Editor)	True	null	null	null	null	null	null	None	0	null	0	0	null	null	null	null	null	
2024/11/23 15:52:36.485	b135e9c82f3b5af8414a656ace8a78c8d45a7834	Windows 11  (10.0.22631) 64bit (Editor)	True	null	null	null	null	null	null	None	0	null	0	0	null	null	null	null	null	
2024/11/23 15:52:36.493	b135e9c82f3b5af8414a656ace8a78c8d45a7834	Windows 11  (10.0.22631) 64bit (Editor)	True	null	null	null	null	null	null	None	0	null	0	0	null	null	null	null	null	
2024/11/23 15:52:36.500	b135e9c82f3b5af8414a656ace8a78c8d45a7834	Windows 11  (10.0.22631) 64bit (Editor)	True	null	null	null	null	null	null	None	0	null	0	0	null	null	null	null	null	
2024/11/23 15:52:36.506	b135e9c82f3b5af8414a656ace8a78c8d45a7834	Windows 11  (10.0.22631) 64bit (Editor)	True	null	null	null	null	null	null	None	0	null	0	0	null	null	null	null	null	
2024/11/23 15:52:36.512	b135e9c82f3b5af8414a656ace8a78c8d45a7834	Windows 11  (10.0.22631) 64bit (Editor)	True	null	null	null	null	null	null	None	0	null	0	0	null	null	null	null	null	
2024/11/23 15:52:36.523	b135e9c82f3b5af8414a656ace8a78c8d45a7834	Windows 11  (10.0.22631) 64bit (Editor)	True	null	null	null	null	null	null	None	0	null	0	0	null	null	null	null	null	
2024/11/23 15:52:36.530	b135e9c82f3b5af8414a656ace8a78c8d45a7834	Windows 11  (10.0.22631) 64bit (Editor)	True	null	null	null	null	null	null	None	0	null	0	0	null	null	null	null	null	
2024/11/23 15:52:36.546	b135e9c82f3b5af8414a656ace8a78c8d45a7834	Windows 11  (10.0.22631) 64bit (Editor)	True	null	null	null	null	null	null	None	0	null	0	0	null	null	null	null	null	
2024/11/23 15:52:36.554	b135e9c82f3b5af8414a656ace8a78c8d45a7834	Windows 11  (10.0.22631) 64bit (Editor)	True	null	null	null	null	null	null	None	0	null	0	0	null	null	null	null	null	
2024/11/23 15:52:36.561	b135e9c82f3b5af8414a656ace8a78c8d45a7834	Windows 11  (10.0.22631) 64bit (Editor)	True	null	null	null	null	null	null	None	0	null	0	0	null	null	null	null	null	
2024/11/23 15:52:36.568	b135e9c82f3b5af8414a656ace8a78c8d45a7834	Windows 11  (10.0.22631) 64bit (Editor)	True	null	null	null	null	null	null	None	0	null	0	0	null	null	null	null	null	
2024/11/23 15:52:36.575	b135e9c82f3b5af8414a656ace8a78c8d45a7834	Windows 11  (10.0.22631) 64bit (Editor)	True	null	null	null	null	null	null	None	0	null	0	0	null	null	null	null	null	
2024/11/23 15:52:36.583	b135e9c82f3b5af8414a656ace8a78c8d45a7834	Windows 11  (10.0.22631) 64bit (Editor)	True	null	null	null	null	null	null	None	0	null	0	0	null	null	null	null	null	
2024/11/23 15:52:36.589	b135e9c82f3b5af8414a656ace8a78c8d45a7834	Windows 11  (10.0.22631) 64bit (Editor)	True	null	null	null	null	null	null	None	0	null	0	0	null	null	null	null	null	
2024/11/23 15:52:36.596	b135e9c82f3b5af8414a656ace8a78c8d45a7834	Windows 11  (10.0.22631) 64bit (Editor)	True	null	null	null	null	null	null	None	0	null	0	0	null	null	null	null	null	
2024/11/23 15:52:36.603	b135e9c82f3b5af8414a656ace8a78c8d45a7834	Windows 11  (10.0.22631) 64bit (Editor)	True	null	null	null	null	null	null	None	0	null	0	0	null	null	null	null	null	
2024/11/23 15:52:36.609	b135e9c82f3b5af8414a656ace8a78c8d45a7834	Windows 11  (10.0.22631) 64bit (Editor)	True	null	null	null	null	null	null	None	0	null	0	0	null	null	null	null	null	
2024/11/23 15:52:36.616	b135e9c82f3b5af8414a656ace8a78c8d45a7834	Windows 11  (10.0.22631) 64bit (Editor)	True	null	null	null	null	null	null	None	0	null	0	0	null	null	null	null	null	
2024/11/23 15:52:36.622	b135e9c82f3b5af8414a656ace8a78c8d45a7834	Windows 11  (10.0.22631) 64bit (Editor)	True	null	null	null	null	null	null	None	0	null	0	0	null	null	null	null	null	
2024/11/23 15:52:36.628	b135e9c82f3b5af8414a656ace8a78c8d45a7834	Windows 11  (10.0.22631) 64bit (Editor)	True	null	null	null	null	null	null	None	0	null	0	0	null	null	null	null	null	
2024/11/23 15:52:36.635	b135e9c82f3b5af8414a656ace8a78c8d45a7834	Windows 11  (10.0.22631) 64bit (Editor)	True	null	null	null	null	null	null	None	0	null	0	0	null	null	null	null	null	
2024/11/23 15:52:36.642	b135e9c82f3b5af8414a656ace8a78c8d45a7834	Windows 11  (10.0.22631) 64bit (Editor)	True	null	null	null	null	null	null	None	0	null	0	0	null	null	null	null	null	
2024/11/23 15:52:36.649	b135e9c82f3b5af8414a656ace8a78c8d45a7834	Windows 11  (10.0.22631) 64bit (Editor)	True	null	null	null	null	null	null	None	0	null	0	0	null	null	null	null	null	
2024/11/23 15:52:36.655	b135e9c82f3b5af8414a656ace8a78c8d45a7834	Windows 11  (10.0.22631) 64bit (Editor)	True	null	null	null	null	null	null	None	0	null	0	0	null	null	null	null	null	
2024/11/23 15:52:36.662	b135e9c82f3b5af8414a656ace8a78c8d45a7834	Windows 11  (10.0.22631) 64bit (Editor)	True	null	null	null	null	null	null	None	0	null	0	0	null	null	null	null	null	
2024/11/23 15:52:36.670	b135e9c82f3b5af8414a656ace8a78c8d45a7834	Windows 11  (10.0.22631) 64bit (Editor)	True	null	null	null	null	null	null	None	0	null	0	0	null	null	null	null	null	
2024/11/23 15:52:36.676	b135e9c82f3b5af8414a656ace8a78c8d45a7834	Windows 11  (10.0.22631) 64bit (Editor)	True	null	null	null	null	null	null	None	0	null	0	0	null	null	null	null	null	
2024/11/23 15:52:36.683	b135e9c82f3b5af8414a656ace8a78c8d45a7834	Windows 11  (10.0.22631) 64bit (Editor)	True	null	null	null	null	null	null	None	0	null	0	0	null	null	null	null	null	
2024/11/23 15:52:36.699	b135e9c82f3b5af8414a656ace8a78c8d45a7834	Windows 11  (10.0.22631) 64bit (Editor)	True	null	null	null	null	null	null	None	0	null	0	0	null	null	null	null	null	
2024/11/23 15:52:36.708	b135e9c82f3b5af8414a656ace8a78c8d45a7834	Windows 11  (10.0.22631) 64bit (Editor)	True	null	null	null	null	null	null	None	0	null	0	0	null	null	null	null	null	
2024/11/23 15:52:36.722	b135e9c82f3b5af8414a656ace8a78c8d45a7834	Windows 11  (10.0.22631) 64bit (Editor)	True	null	null	null	null	null	null	None	0	null	0	0	null	null	null	null	null	
2024/11/23 15:52:36.730	b135e9c82f3b5af8414a656ace8a78c8d45a7834	Windows 11  (10.0.22631) 64bit (Editor)	True	null	null	null	null	null	null	None	0	null	0	0	null	null	null	null	null	
2024/11/23 15:52:36.737	b135e9c82f3b5af8414a656ace8a78c8d45a7834	Windows 11  (10.0.22631) 64bit (Editor)	True	null	null	null	null	null	null	None	0	null	0	0	null	null	null	null	null	
2024/11/23 15:52:36.743	b135e9c82f3b5af8414a656ace8a78c8d45a7834	Windows 11  (10.0.22631) 64bit (Editor)	True	null	null	null	null	null	null	None	0	null	0	0	null	null	null	null	null	
2024/11/23 15:52:36.749	b135e9c82f3b5af8414a656ace8a78c8d45a7834	Windows 11  (10.0.22631) 64bit (Editor)	True	null	null	null	null	null	null	None	0	null	0	0	null	null	null	null	null	
2024/11/23 15:52:36.758	b135e9c82f3b5af8414a656ace8a78c8d45a7834	Windows 11  (10.0.22631) 64bit (Editor)	True	null	null	null	null	null	null	None	0	null	0	0	null	null	null	null	null	
2024/11/23 15:52:36.765	b135e9c82f3b5af8414a656ace8a78c8d45a7834	Windows 11  (10.0.22631) 64bit (Editor)	True	null	null	null	null	null	null	None	0	null	0	0	null	null	null	null	null	
2024/11/23 15:52:36.772	b135e9c82f3b5af8414a656ace8a78c8d45a7834	Windows 11  (10.0.22631) 64bit (Editor)	True	null	null	null	null	null	null	None	0	null	0	0	null	null	null	null	null	
2024/11/23 15:52:36.779	b135e9c82f3b5af8414a656ace8a78c8d45a7834	Windows 11  (10.0.22631) 64bit (Editor)	True	null	null	null	null	null	null	None	0	null	0	0	null	null	null	null	null	
2024/11/23 15:52:36.786	b135e9c82f3b5af8414a656ace8a78c8d45a7834	Windows 11  (10.0.22631) 64bit (Editor)	True	null	null	null	null	null	null	None	0	null	0	0	null	null	null	null	null	
2024/11/23 15:52:36.792	b135e9c82f3b5af8414a656ace8a78c8d45a7834	Windows 11  (10.0.22631) 64bit (Editor)	True	null	null	null	null	null	null	None	0	null	0	0	null	null	null	null	null	
2024/11/23 15:52:36.798	b135e9c82f3b5af8414a656ace8a78c8d45a7834	Windows 11  (10.0.22631) 64bit (Editor)	True	null	null	null	null	null	null	None	0	null	0	0	null	null	null	null	null	
2024/11/23 15:52:36.805	b135e9c82f3b5af8414a656ace8a78c8d45a7834	Windows 11  (10.0.22631) 64bit (Editor)	True	null	null	null	null	null	null	None	0	null	0	0	null	null	null	null	null	
2024/11/23 15:52:36.812	b135e9c82f3b5af8414a656ace8a78c8d45a7834	Windows 11  (10.0.22631) 64bit (Editor)	True	null	null	null	null	null	null	None	0	null	0	0	null	null	null	null	null	
2024/11/23 15:52:36.819	b135e9c82f3b5af8414a656ace8a78c8d45a7834	Windows 11  (10.0.22631) 64bit (Editor)	True	null	null	null	null	null	null	None	0	null	0	0	null	null	null	null	null	
2024/11/23 15:52:36.825	b135e9c82f3b5af8414a656ace8a78c8d45a7834	Windows 11  (10.0.22631) 64bit (Editor)	True	null	null	null	null	null	null	None	0	null	0	0	null	null	null	null	null	
2024/11/23 15:52:36.833	b135e9c82f3b5af8414a656ace8a78c8d45a7834	Windows 11  (10.0.22631) 64bit (Editor)	True	null	null	null	null	null	null	None	0	null	0	0	null	null	null	null	null	
2024/11/23 15:52:36.840	b135e9c82f3b5af8414a656ace8a78c8d45a7834	Windows 11  (10.0.22631) 64bit (Editor)	True	null	null	null	null	null	null	None	0	null	0	0	null	null	null	null	null	
2024/11/23 15:52:36.857	b135e9c82f3b5af8414a656ace8a78c8d45a7834	Windows 11  (10.0.22631) 64bit (Editor)	True	null	null	null	null	null	null	None	0	null	0	0	null	null	null	null	null	
2024/11/23 15:52:36.866	b135e9c82f3b5af8414a656ace8a78c8d45a7834	Windows 11  (10.0.22631) 64bit (Editor)	True	null	null	null	null	null	null	None	0	null	0	0	null	null	null	null	null	
2024/11/23 15:52:36.873	b135e9c82f3b5af8414a656ace8a78c8d45a7834	Windows 11  (10.0.22631) 64bit (Editor)	True	null	null	null	null	null	null	None	0	null	0	0	null	null	null	null	null	
2024/11/23 15:52:36.882	b135e9c82f3b5af8414a656ace8a78c8d45a7834	Windows 11  (10.0.22631) 64bit (Editor)	True	null	null	null	null	null	null	None	0	null	0	0	null	null	null	null	null	
2024/11/23 15:52:36.889	b135e9c82f3b5af8414a656ace8a78c8d45a7834	Windows 11  (10.0.22631) 64bit (Editor)	True	null	null	null	null	null	null	None	0	null	0	0	null	null	null	null	null	
2024/11/23 15:52:36.897	b135e9c82f3b5af8414a656ace8a78c8d45a7834	Windows 11  (10.0.22631) 64bit (Editor)	True	null	null	null	null	null	null	None	0	null	0	0	null	null	null	null	null	
2024/11/23 15:52:36.905	b135e9c82f3b5af8414a656ace8a78c8d45a7834	Windows 11  (10.0.22631) 64bit (Editor)	True	null	null	null	null	null	null	None	0	null	0	0	null	null	null	null	null	
2024/11/23 15:52:36.912	b135e9c82f3b5af8414a656ace8a78c8d45a7834	Windows 11  (10.0.22631) 64bit (Editor)	True	null	null	null	null	null	null	None	0	null	0	0	null	null	null	null	null	
2024/11/23 15:52:36.920	b135e9c82f3b5af8414a656ace8a78c8d45a7834	Windows 11  (10.0.22631) 64bit (Editor)	True	null	null	null	null	null	null	None	0	null	0	0	null	null	null	null	null	
2024/11/23 15:52:36.927	b135e9c82f3b5af8414a656ace8a78c8d45a7834	Windows 11  (10.0.22631) 64bit (Editor)	True	null	null	null	null	null	null	None	0	null	0	0	null	null	null	null	null	
2024/11/23 15:52:36.934	b135e9c82f3b5af8414a656ace8a78c8d45a7834	Windows 11  (10.0.22631) 64bit (Editor)	True	null	null	null	null	null	null	None	0	null	0	0	null	null	null	null	null	
2024/11/23 15:52:36.942	b135e9c82f3b5af8414a656ace8a78c8d45a7834	Windows 11  (10.0.22631) 64bit (Editor)	True	null	null	null	null	null	null	None	0	null	0	0	null	null	null	null	null	
2024/11/23 15:52:36.948	b135e9c82f3b5af8414a656ace8a78c8d45a7834	Windows 11  (10.0.22631) 64bit (Editor)	True	null	null	null	null	null	null	None	0	null	0	0	null	null	null	null	null	
2024/11/23 15:52:36.956	b135e9c82f3b5af8414a656ace8a78c8d45a7834	Windows 11  (10.0.22631) 64bit (Editor)	True	null	null	null	null	null	null	None	0	null	0	0	null	null	null	null	null	
2024/11/23 15:52:36.962	b135e9c82f3b5af8414a656ace8a78c8d45a7834	Windows 11  (10.0.22631) 64bit (Editor)	True	null	null	null	null	null	null	None	0	null	0	0	null	null	null	null	null	
2024/11/23 15:52:36.970	b135e9c82f3b5af8414a656ace8a78c8d45a7834	Windows 11  (10.0.22631) 64bit (Editor)	True	null	null	null	null	null	null	None	0	null	0	0	null	null	null	null	null	
2024/11/23 15:52:36.977	b135e9c82f3b5af8414a656ace8a78c8d45a7834	Windows 11  (10.0.22631) 64bit (Editor)	True	null	null	null	null	null	null	None	0	null	0	0	null	null	null	null	null	
2024/11/23 15:52:36.984	b135e9c82f3b5af8414a656ace8a78c8d45a7834	Windows 11  (10.0.22631) 64bit (Editor)	True	null	null	null	null	null	null	None	0	null	0	0	null	null	null	null	null	
2024/11/23 15:52:36.991	b135e9c82f3b5af8414a656ace8a78c8d45a7834	Windows 11  (10.0.22631) 64bit (Editor)	True	null	null	null	null	null	null	None	0	null	0	0	null	null	null	null	null	
2024/11/23 15:52:37.007	b135e9c82f3b5af8414a656ace8a78c8d45a7834	Windows 11  (10.0.22631) 64bit (Editor)	True	null	null	null	null	null	null	None	0	null	0	0	null	null	null	null	null	
2024/11/23 15:52:37.014	b135e9c82f3b5af8414a656ace8a78c8d45a7834	Windows 11  (10.0.22631) 64bit (Editor)	True	null	null	null	null	null	null	None	0	null	0	0	null	null	null	null	null	
2024/11/23 15:52:37.022	b135e9c82f3b5af8414a656ace8a78c8d45a7834	Windows 11  (10.0.22631) 64bit (Editor)	True	null	null	null	null	null	null	None	0	null	0	0	null	null	null	null	null	
2024/11/23 15:52:37.030	b135e9c82f3b5af8414a656ace8a78c8d45a7834	Windows 11  (10.0.22631) 64bit (Editor)	True	null	null	null	null	null	null	None	0	null	0	0	null	null	null	null	null	
2024/11/23 15:52:37.038	b135e9c82f3b5af8414a656ace8a78c8d45a7834	Windows 11  (10.0.22631) 64bit (Editor)	True	null	null	null	null	null	null	None	0	null	0	0	null	null	null	null	null	
2024/11/23 15:52:37.044	b135e9c82f3b5af8414a656ace8a78c8d45a7834	Windows 11  (10.0.22631) 64bit (Editor)	True	null	null	null	null	null	null	None	0	null	0	0	null	null	null	null	null	
2024/11/23 15:52:37.052	b135e9c82f3b5af8414a656ace8a78c8d45a7834	Windows 11  (10.0.22631) 64bit (Editor)	True	null	null	null	null	null	null	None	0	null	0	0	null	null	null	null	null	
2024/11/23 15:52:37.059	b135e9c82f3b5af8414a656ace8a78c8d45a7834	Windows 11  (10.0.22631) 64bit (Editor)	True	null	null	null	null	null	null	None	0	null	0	0	null	null	null	null	null	
2024/11/23 15:52:37.067	b135e9c82f3b5af8414a656ace8a78c8d45a7834	Windows 11  (10.0.22631) 64bit (Editor)	True	null	null	null	null	null	null	None	0	null	0	0	null	null	null	null	null	
2024/11/23 15:52:37.075	b135e9c82f3b5af8414a656ace8a78c8d45a7834	Windows 11  (10.0.22631) 64bit (Editor)	True	null	null	null	null	null	null	None	0	null	0	0	null	null	null	null	null	
2024/11/23 15:52:37.081	b135e9c82f3b5af8414a656ace8a78c8d45a7834	Windows 11  (10.0.22631) 64bit (Editor)	True	null	null	null	null	null	null	None	0	null	0	0	null	null	null	null	null	
2024/11/23 15:52:37.088	b135e9c82f3b5af8414a656ace8a78c8d45a7834	Windows 11  (10.0.22631) 64bit (Editor)	True	null	null	null	null	null	null	None	0	null	0	0	null	null	null	null	null	
2024/11/23 15:52:37.095	b135e9c82f3b5af8414a656ace8a78c8d45a7834	Windows 11  (10.0.22631) 64bit (Editor)	True	null	null	null	null	null	null	None	0	null	0	0	null	null	null	null	null	
2024/11/23 15:52:37.102	b135e9c82f3b5af8414a656ace8a78c8d45a7834	Windows 11  (10.0.22631) 64bit (Editor)	True	null	null	null	null	null	null	None	0	null	0	0	null	null	null	null	null	
2024/11/23 15:52:37.108	b135e9c82f3b5af8414a656ace8a78c8d45a7834	Windows 11  (10.0.22631) 64bit (Editor)	True	null	null	null	null	null	null	None	0	null	0	0	null	null	null	null	null	
2024/11/23 15:52:37.115	b135e9c82f3b5af8414a656ace8a78c8d45a7834	Windows 11  (10.0.22631) 64bit (Editor)	True	null	null	null	null	null	null	None	0	null	0	0	null	null	null	null	null	
2024/11/23 15:52:37.122	b135e9c82f3b5af8414a656ace8a78c8d45a7834	Windows 11  (10.0.22631) 64bit (Editor)	True	null	null	null	null	null	null	None	0	null	0	0	null	null	null	null	null	
2024/11/23 15:52:37.128	b135e9c82f3b5af8414a656ace8a78c8d45a7834	Windows 11  (10.0.22631) 64bit (Editor)	True	null	null	null	null	null	null	None	0	null	0	0	null	null	null	null	null	
2024/11/23 15:52:37.135	b135e9c82f3b5af8414a656ace8a78c8d45a7834	Windows 11  (10.0.22631) 64bit (Editor)	True	null	null	null	null	null	null	None	0	null	0	0	null	null	null	null	null	
2024/11/23 15:52:37.143	b135e9c82f3b5af8414a656ace8a78c8d45a7834	Windows 11  (10.0.22631) 64bit (Editor)	True	null	null	null	null	null	null	None	0	null	0	0	null	null	null	null	null	
2024/11/23 15:52:37.160	b135e9c82f3b5af8414a656ace8a78c8d45a7834	Windows 11  (10.0.22631) 64bit (Editor)	True	null	null	null	null	null	null	None	0	null	0	0	null	null	null	null	null	
2024/11/23 15:52:37.167	b135e9c82f3b5af8414a656ace8a78c8d45a7834	Windows 11  (10.0.22631) 64bit (Editor)	True	null	null	null	null	null	null	None	0	null	0	0	null	null	null	null	null	
2024/11/23 15:52:37.174	b135e9c82f3b5af8414a656ace8a78c8d45a7834	Windows 11  (10.0.22631) 64bit (Editor)	True	null	null	null	null	null	null	None	0	null	0	0	null	null	null	null	null	
2024/11/23 15:52:37.181	b135e9c82f3b5af8414a656ace8a78c8d45a7834	Windows 11  (10.0.22631) 64bit (Editor)	True	null	null	null	null	null	null	None	0	null	0	0	null	null	null	null	null	
2024/11/23 15:52:37.188	b135e9c82f3b5af8414a656ace8a78c8d45a7834	Windows 11  (10.0.22631) 64bit (Editor)	True	null	null	null	null	null	null	None	0	null	0	0	null	null	null	null	null	
2024/11/23 15:52:37.195	b135e9c82f3b5af8414a656ace8a78c8d45a7834	Windows 11  (10.0.22631) 64bit (Editor)	True	null	null	null	null	null	null	None	0	null	0	0	null	null	null	null	null	
2024/11/23 15:52:37.203	b135e9c82f3b5af8414a656ace8a78c8d45a7834	Windows 11  (10.0.22631) 64bit (Editor)	True	null	null	null	null	null	null	None	0	null	0	0	null	null	null	null	null	
2024/11/23 15:52:37.210	b135e9c82f3b5af8414a656ace8a78c8d45a7834	Windows 11  (10.0.22631) 64bit (Editor)	True	null	null	null	null	null	null	None	0	null	0	0	null	null	null	null	null	
2024/11/23 15:52:37.217	b135e9c82f3b5af8414a656ace8a78c8d45a7834	Windows 11  (10.0.22631) 64bit (Editor)	True	null	null	null	null	null	null	None	0	null	0	0	null	null	null	null	null	
2024/11/23 15:52:37.224	b135e9c82f3b5af8414a656ace8a78c8d45a7834	Windows 11  (10.0.22631) 64bit (Editor)	True	null	null	null	null	null	null	None	0	null	0	0	null	null	null	null	null	
2024/11/23 15:52:37.231	b135e9c82f3b5af8414a656ace8a78c8d45a7834	Windows 11  (10.0.22631) 64bit (Editor)	True	null	null	null	null	null	null	None	0	null	0	0	null	null	null	null	null	
2024/11/23 15:52:37.239	b135e9c82f3b5af8414a656ace8a78c8d45a7834	Windows 11  (10.0.22631) 64bit (Editor)	True	null	null	null	null	null	null	None	0	null	0	0	null	null	null	null	null	
2024/11/23 15:52:37.245	b135e9c82f3b5af8414a656ace8a78c8d45a7834	Windows 11  (10.0.22631) 64bit (Editor)	True	null	null	null	null	null	null	None	0	null	0	0	null	null	null	null	null	
2024/11/23 15:52:37.253	b135e9c82f3b5af8414a656ace8a78c8d45a7834	Windows 11  (10.0.22631) 64bit (Editor)	True	null	null	null	null	null	null	None	0	null	0	0	null	null	null	null	null	
2024/11/23 15:52:37.260	b135e9c82f3b5af8414a656ace8a78c8d45a7834	Windows 11  (10.0.22631) 64bit (Editor)	True	null	null	null	null	null	null	None	0	null	0	0	null	null	null	null	null	
2024/11/23 15:52:37.267	b135e9c82f3b5af8414a656ace8a78c8d45a7834	Windows 11  (10.0.22631) 64bit (Editor)	True	null	null	null	null	null	null	None	0	null	0	0	null	null	null	null	null	
2024/11/23 15:52:37.274	b135e9c82f3b5af8414a656ace8a78c8d45a7834	Windows 11  (10.0.22631) 64bit (Editor)	True	null	null	null	null	null	null	None	0	null	0	0	null	null	null	null	null	
2024/11/23 15:52:37.281	b135e9c82f3b5af8414a656ace8a78c8d45a7834	Windows 11  (10.0.22631) 64bit (Editor)	True	null	null	null	null	null	null	None	0	null	0	0	null	null	null	null	null	
2024/11/23 15:52:37.288	b135e9c82f3b5af8414a656ace8a78c8d45a7834	Windows 11  (10.0.22631) 64bit (Editor)	True	null	null	null	null	null	null	None	0	null	0	0	null	null	null	null	null	
2024/11/23 15:52:37.297	b135e9c82f3b5af8414a656ace8a78c8d45a7834	Windows 11  (10.0.22631) 64bit (Editor)	True	null	null	null	null	null	null	None	0	null	0	0	null	null	null	null	null	
2024/11/23 15:52:37.314	b135e9c82f3b5af8414a656ace8a78c8d45a7834	Windows 11  (10.0.22631) 64bit (Editor)	True	null	null	null	null	null	null	None	0	null	0	0	null	null	null	null	null	
2024/11/23 15:52:37.321	b135e9c82f3b5af8414a656ace8a78c8d45a7834	Windows 11  (10.0.22631) 64bit (Editor)	True	null	null	null	null	null	null	None	0	null	0	0	null	null	null	null	null	
2024/11/23 15:52:37.330	b135e9c82f3b5af8414a656ace8a78c8d45a7834	Windows 11  (10.0.22631) 64bit (Editor)	True	null	null	null	null	null	null	None	0	null	0	0	null	null	null	null	null	
2024/11/23 15:52:37.337	b135e9c82f3b5af8414a656ace8a78c8d45a7834	Windows 11  (10.0.22631) 64bit (Editor)	True	null	null	null	null	null	null	None	0	null	0	0	null	null	null	null	null	
2024/11/23 15:52:37.344	b135e9c82f3b5af8414a656ace8a78c8d45a7834	Windows 11  (10.0.22631) 64bit (Editor)	True	null	null	null	null	null	null	None	0	null	0	0	null	null	null	null	null	
2024/11/23 15:52:37.352	b135e9c82f3b5af8414a656ace8a78c8d45a7834	Windows 11  (10.0.22631) 64bit (Editor)	True	null	null	null	null	null	null	None	0	null	0	0	null	null	null	null	null	
2024/11/23 15:52:37.359	b135e9c82f3b5af8414a656ace8a78c8d45a7834	Windows 11  (10.0.22631) 64bit (Editor)	True	null	null	null	null	null	null	None	0	null	0	0	null	null	null	null	null	
2024/11/23 15:52:37.365	b135e9c82f3b5af8414a656ace8a78c8d45a7834	Windows 11  (10.0.22631) 64bit (Editor)	True	null	null	null	null	null	null	None	0	null	0	0	null	null	null	null	null	
2024/11/23 15:52:37.372	b135e9c82f3b5af8414a656ace8a78c8d45a7834	Windows 11  (10.0.22631) 64bit (Editor)	True	null	null	null	null	null	null	None	0	null	0	0	null	null	null	null	null	
2024/11/23 15:52:37.380	b135e9c82f3b5af8414a656ace8a78c8d45a7834	Windows 11  (10.0.22631) 64bit (Editor)	True	null	null	null	null	null	null	None	0	null	0	0	null	null	null	null	null	
2024/11/23 15:52:37.386	b135e9c82f3b5af8414a656ace8a78c8d45a7834	Windows 11  (10.0.22631) 64bit (Editor)	True	null	null	null	null	null	null	None	0	null	0	0	null	null	null	null	null	
2024/11/23 15:52:37.393	b135e9c82f3b5af8414a656ace8a78c8d45a7834	Windows 11  (10.0.22631) 64bit (Editor)	True	null	null	null	null	null	null	None	0	null	0	0	null	null	null	null	null	
2024/11/23 15:52:37.401	b135e9c82f3b5af8414a656ace8a78c8d45a7834	Windows 11  (10.0.22631) 64bit (Editor)	True	null	null	null	null	null	null	None	0	null	0	0	null	null	null	null	null	
2024/11/23 15:52:37.407	b135e9c82f3b5af8414a656ace8a78c8d45a7834	Windows 11  (10.0.22631) 64bit (Editor)	True	null	null	null	null	null	null	None	0	null	0	0	null	null	null	null	null	
2024/11/23 15:52:37.415	b135e9c82f3b5af8414a656ace8a78c8d45a7834	Windows 11  (10.0.22631) 64bit (Editor)	True	null	null	null	null	null	null	None	0	null	0	0	null	null	null	null	null	
2024/11/23 15:52:37.423	b135e9c82f3b5af8414a656ace8a78c8d45a7834	Windows 11  (10.0.22631) 64bit (Editor)	True	null	null	null	null	null	null	None	0	null	0	0	null	null	null	null	null	
2024/11/23 15:52:37.429	b135e9c82f3b5af8414a656ace8a78c8d45a7834	Windows 11  (10.0.22631) 64bit (Editor)	True	null	null	null	null	null	null	None	0	null	0	0	null	null	null	null	null	
2024/11/23 15:52:37.440	b135e9c82f3b5af8414a656ace8a78c8d45a7834	Windows 11  (10.0.22631) 64bit (Editor)	True	null	null	null	null	null	null	None	0	null	0	0	null	null	null	null	null	
2024/11/23 15:52:37.448	b135e9c82f3b5af8414a656ace8a78c8d45a7834	Windows 11  (10.0.22631) 64bit (Editor)	True	null	null	null	null	null	null	None	0	null	0	0	null	null	null	null	null	
2024/11/23 15:52:37.466	b135e9c82f3b5af8414a656ace8a78c8d45a7834	Windows 11  (10.0.22631) 64bit (Editor)	True	null	null	null	null	null	null	None	0	null	0	0	null	null	null	null	null	
2024/11/23 15:52:37.476	b135e9c82f3b5af8414a656ace8a78c8d45a7834	Windows 11  (10.0.22631) 64bit (Editor)	True	null	null	null	null	null	null	None	0	null	0	0	null	null	null	null	null	
2024/11/23 15:52:37.484	b135e9c82f3b5af8414a656ace8a78c8d45a7834	Windows 11  (10.0.22631) 64bit (Editor)	True	null	null	null	null	null	null	None	0	null	0	0	null	null	null	null	null	
2024/11/23 15:52:37.491	b135e9c82f3b5af8414a656ace8a78c8d45a7834	Windows 11  (10.0.22631) 64bit (Editor)	True	null	null	null	null	null	null	None	0	null	0	0	null	null	null	null	null	
2024/11/23 15:52:37.498	b135e9c82f3b5af8414a656ace8a78c8d45a7834	Windows 11  (10.0.22631) 64bit (Editor)	True	null	null	null	null	null	null	None	0	null	0	0	null	null	null	null	null	
2024/11/23 15:52:37.506	b135e9c82f3b5af8414a656ace8a78c8d45a7834	Windows 11  (10.0.22631) 64bit (Editor)	True	null	null	null	null	null	null	None	0	null	0	0	null	null	null	null	null	
2024/11/23 15:52:37.513	b135e9c82f3b5af8414a656ace8a78c8d45a7834	Windows 11  (10.0.22631) 64bit (Editor)	True	null	null	null	null	null	null	None	0	null	0	0	null	null	null	null	null	
2024/11/23 15:52:37.524	b135e9c82f3b5af8414a656ace8a78c8d45a7834	Windows 11  (10.0.22631) 64bit (Editor)	True	null	null	null	null	null	null	None	0	null	0	0	null	null	null	null	null	
2024/11/23 15:52:37.531	b135e9c82f3b5af8414a656ace8a78c8d45a7834	Windows 11  (10.0.22631) 64bit (Editor)	True	null	null	null	null	null	null	None	0	null	0	0	null	null	null	null	null	
2024/11/23 15:52:37.544	b135e9c82f3b5af8414a656ace8a78c8d45a7834	Windows 11  (10.0.22631) 64bit (Editor)	True	null	null	null	null	null	null	None	0	null	0	0	null	null	null	null	null	
2024/11/23 15:52:37.552	b135e9c82f3b5af8414a656ace8a78c8d45a7834	Windows 11  (10.0.22631) 64bit (Editor)	True	null	null	null	null	null	null	None	0	null	0	0	null	null	null	null	null	
2024/11/23 15:52:37.561	b135e9c82f3b5af8414a656ace8a78c8d45a7834	Windows 11  (10.0.22631) 64bit (Editor)	True	null	null	null	null	null	null	None	0	null	0	0	null	null	null	null	null	
2024/11/23 15:52:37.568	b135e9c82f3b5af8414a656ace8a78c8d45a7834	Windows 11  (10.0.22631) 64bit (Editor)	True	null	null	null	null	null	null	None	0	null	0	0	null	null	null	null	null	
2024/11/23 15:52:37.578	b135e9c82f3b5af8414a656ace8a78c8d45a7834	Windows 11  (10.0.22631) 64bit (Editor)	True	null	null	null	null	null	null	None	0	null	0	0	null	null	null	null	null	
2024/11/23 15:52:37.588	b135e9c82f3b5af8414a656ace8a78c8d45a7834	Windows 11  (10.0.22631) 64bit (Editor)	True	null	null	null	null	null	null	None	0	null	0	0	null	null	null	null	null	
2024/11/23 15:52:37.596	b135e9c82f3b5af8414a656ace8a78c8d45a7834	Windows 11  (10.0.22631) 64bit (Editor)	True	null	null	null	null	null	null	None	0	null	0	0	null	null	null	null	null	
2024/11/23 15:52:37.605	b135e9c82f3b5af8414a656ace8a78c8d45a7834	Windows 11  (10.0.22631) 64bit (Editor)	True	null	null	null	null	null	null	None	0	null	0	0	null	null	null	null	null	
2024/11/23 15:52:37.626	b135e9c82f3b5af8414a656ace8a78c8d45a7834	Windows 11  (10.0.22631) 64bit (Editor)	True	null	null	null	null	null	null	None	0	null	0	0	null	null	null	null	null	
2024/11/23 15:52:37.634	b135e9c82f3b5af8414a656ace8a78c8d45a7834	Windows 11  (10.0.22631) 64bit (Editor)	True	null	null	null	null	null	null	None	0	null	0	0	null	null	null	null	null	
2024/11/23 15:52:37.643	b135e9c82f3b5af8414a656ace8a78c8d45a7834	Windows 11  (10.0.22631) 64bit (Editor)	True	null	null	null	null	null	null	None	0	null	0	0	null	null	null	null	null	
2024/11/23 15:52:37.650	b135e9c82f3b5af8414a656ace8a78c8d45a7834	Windows 11  (10.0.22631) 64bit (Editor)	True	null	null	null	null	null	null	None	0	null	0	0	null	null	null	null	null	
2024/11/23 15:52:37.659	b135e9c82f3b5af8414a656ace8a78c8d45a7834	Windows 11  (10.0.22631) 64bit (Editor)	True	null	null	null	null	null	null	None	0	null	0	0	null	null	null	null	null	
2024/11/23 15:52:37.665	b135e9c82f3b5af8414a656ace8a78c8d45a7834	Windows 11  (10.0.22631) 64bit (Editor)	True	null	null	null	null	null	null	None	0	null	0	0	null	null	null	null	null	
2024/11/23 15:52:37.674	b135e9c82f3b5af8414a656ace8a78c8d45a7834	Windows 11  (10.0.22631) 64bit (Editor)	True	null	null	null	null	null	null	None	0	null	0	0	null	null	null	null	null	
2024/11/23 15:52:37.680	b135e9c82f3b5af8414a656ace8a78c8d45a7834	Windows 11  (10.0.22631) 64bit (Editor)	True	null	null	null	null	null	null	None	0	null	0	0	null	null	null	null	null	
2024/11/23 15:52:37.689	b135e9c82f3b5af8414a656ace8a78c8d45a7834	Windows 11  (10.0.22631) 64bit (Editor)	True	null	null	null	null	null	null	None	0	null	0	0	null	null	null	null	null	
2024/11/23 15:52:37.706	b135e9c82f3b5af8414a656ace8a78c8d45a7834	Windows 11  (10.0.22631) 64bit (Editor)	True	null	null	null	null	null	null	None	0	null	0	0	null	null	null	null	null	
2024/11/23 15:52:37.712	b135e9c82f3b5af8414a656ace8a78c8d45a7834	Windows 11  (10.0.22631) 64bit (Editor)	True	null	null	null	null	null	null	None	0	null	0	0	null	null	null	null	null	
2024/11/23 15:52:37.722	b135e9c82f3b5af8414a656ace8a78c8d45a7834	Windows 11  (10.0.22631) 64bit (Editor)	True	null	null	null	null	null	null	None	0	null	0	0	null	null	null	null	null	
2024/11/23 15:52:37.730	b135e9c82f3b5af8414a656ace8a78c8d45a7834	Windows 11  (10.0.22631) 64bit (Editor)	True	null	null	null	null	null	null	None	0	null	0	0	null	null	null	null	null	
2024/11/23 15:52:37.738	b135e9c82f3b5af8414a656ace8a78c8d45a7834	Windows 11  (10.0.22631) 64bit (Editor)	True	null	null	null	null	null	null	None	0	null	0	0	null	null	null	null	null	
2024/11/23 15:52:37.746	b135e9c82f3b5af8414a656ace8a78c8d45a7834	Windows 11  (10.0.22631) 64bit (Editor)	True	null	null	null	null	null	null	None	0	null	0	0	null	null	null	null	null	
2024/11/23 15:52:37.753	b135e9c82f3b5af8414a656ace8a78c8d45a7834	Windows 11  (10.0.22631) 64bit (Editor)	True	null	null	null	null	null	null	None	0	null	0	0	null	null	null	null	null	
2024/11/23 15:52:37.761	b135e9c82f3b5af8414a656ace8a78c8d45a7834	Windows 11  (10.0.22631) 64bit (Editor)	True	null	null	null	null	null	null	None	0	null	0	0	null	null	null	null	null	
2024/11/23 15:52:37.778	b135e9c82f3b5af8414a656ace8a78c8d45a7834	Windows 11  (10.0.22631) 64bit (Editor)	True	null	null	null	null	null	null	None	0	null	0	0	null	null	null	null	null	
2024/11/23 15:52:37.786	b135e9c82f3b5af8414a656ace8a78c8d45a7834	Windows 11  (10.0.22631) 64bit (Editor)	True	null	null	null	null	null	null	None	0	null	0	0	null	null	null	null	null	
2024/11/23 15:52:37.794	b135e9c82f3b5af8414a656ace8a78c8d45a7834	Windows 11  (10.0.22631) 64bit (Editor)	True	null	null	null	null	null	null	None	0	null	0	0	null	null	null	null	null	
2024/11/23 15:52:37.802	b135e9c82f3b5af8414a656ace8a78c8d45a7834	Windows 11  (10.0.22631) 64bit (Editor)	True	null	null	null	null	null	null	None	0	null	0	0	null	null	null	null	null	
2024/11/23 15:52:37.809	b135e9c82f3b5af8414a656ace8a78c8d45a7834	Windows 11  (10.0.22631) 64bit (Editor)	True	null	null	null	null	null	null	None	0	null	0	0	null	null	null	null	null	
2024/11/23 15:52:37.821	b135e9c82f3b5af8414a656ace8a78c8d45a7834	Windows 11  (10.0.22631) 64bit (Editor)	True	null	null	null	null	null	null	None	0	null	0	0	null	null	null	null	null	
2024/11/23 15:52:37.828	b135e9c82f3b5af8414a656ace8a78c8d45a7834	Windows 11  (10.0.22631) 64bit (Editor)	True	null	null	null	null	null	null	None	0	null	0	0	null	null	null	null	null	
2024/11/23 15:52:37.836	b135e9c82f3b5af8414a656ace8a78c8d45a7834	Windows 11  (10.0.22631) 64bit (Editor)	True	null	null	null	null	null	null	None	0	null	0	0	null	null	null	null	null	
2024/11/23 15:52:37.844	b135e9c82f3b5af8414a656ace8a78c8d45a7834	Windows 11  (10.0.22631) 64bit (Editor)	True	null	null	null	null	null	null	None	0	null	0	0	null	null	null	null	null	
2024/11/23 15:52:37.851	b135e9c82f3b5af8414a656ace8a78c8d45a7834	Windows 11  (10.0.22631) 64bit (Editor)	True	null	null	null	null	null	null	None	0	null	0	0	null	null	null	null	null	
2024/11/23 15:52:37.858	b135e9c82f3b5af8414a656ace8a78c8d45a7834	Windows 11  (10.0.22631) 64bit (Editor)	True	null	null	null	null	null	null	None	0	null	0	0	null	null	null	null	null	
2024/11/23 15:52:37.864	b135e9c82f3b5af8414a656ace8a78c8d45a7834	Windows 11  (10.0.22631) 64bit (Editor)	True	null	null	null	null	null	null	None	0	null	0	0	null	null	null	null	null	
2024/11/23 15:52:37.873	b135e9c82f3b5af8414a656ace8a78c8d45a7834	Windows 11  (10.0.22631) 64bit (Editor)	True	null	null	null	null	null	null	None	0	null	0	0	null	null	null	null	null	
2024/11/23 15:52:37.880	b135e9c82f3b5af8414a656ace8a78c8d45a7834	Windows 11  (10.0.22631) 64bit (Editor)	True	null	null	null	null	null	null	None	0	null	0	0	null	null	null	null	null	
2024/11/23 15:52:37.887	b135e9c82f3b5af8414a656ace8a78c8d45a7834	Windows 11  (10.0.22631) 64bit (Editor)	True	null	null	null	null	null	null	None	0	null	0	0	null	null	null	null	null	
2024/11/23 15:52:37.895	b135e9c82f3b5af8414a656ace8a78c8d45a7834	Windows 11  (10.0.22631) 64bit (Editor)	True	null	null	null	null	null	null	None	0	null	0	0	null	null	null	null	null	
2024/11/23 15:52:37.902	b135e9c82f3b5af8414a656ace8a78c8d45a7834	Windows 11  (10.0.22631) 64bit (Editor)	True	null	null	null	null	null	null	None	0	null	0	0	null	null	null	null	null	
2024/11/23 15:52:37.909	b135e9c82f3b5af8414a656ace8a78c8d45a7834	Windows 11  (10.0.22631) 64bit (Editor)	True	null	null	null	null	null	null	None	0	null	0	0	null	null	null	null	null	
2024/11/23 15:52:37.915	b135e9c82f3b5af8414a656ace8a78c8d45a7834	Windows 11  (10.0.22631) 64bit (Editor)	True	null	null	null	null	null	null	None	0	null	0	0	null	null	null	null	null	
2024/11/23 15:52:37.933	b135e9c82f3b5af8414a656ace8a78c8d45a7834	Windows 11  (10.0.22631) 64bit (Editor)	True	null	null	null	null	null	null	None	0	null	0	0	null	null	null	null	null	
2024/11/23 15:52:37.940	b135e9c82f3b5af8414a656ace8a78c8d45a7834	Windows 11  (10.0.22631) 64bit (Editor)	True	null	null	null	null	null	null	None	0	null	0	0	null	null	null	null	null	
2024/11/23 15:52:37.947	b135e9c82f3b5af8414a656ace8a78c8d45a7834	Windows 11  (10.0.22631) 64bit (Editor)	True	null	null	null	null	null	null	None	0	null	0	0	null	null	null	null	null	
2024/11/23 15:52:37.954	b135e9c82f3b5af8414a656ace8a78c8d45a7834	Windows 11  (10.0.22631) 64bit (Editor)	True	null	null	null	null	null	null	None	0	null	0	0	null	null	null	null	null	
2024/11/23 15:52:37.961	b135e9c82f3b5af8414a656ace8a78c8d45a7834	Windows 11  (10.0.22631) 64bit (Editor)	True	null	null	null	null	null	null	None	0	null	0	0	null	null	null	null	null	
2024/11/23 15:52:37.968	b135e9c82f3b5af8414a656ace8a78c8d45a7834	Windows 11  (10.0.22631) 64bit (Editor)	True	null	null	null	null	null	null	None	0	null	0	0	null	null	null	null	null	
2024/11/23 15:52:37.975	b135e9c82f3b5af8414a656ace8a78c8d45a7834	Windows 11  (10.0.22631) 64bit (Editor)	True	null	null	null	null	null	null	None	0	null	0	0	null	null	null	null	null	
2024/11/23 15:52:37.982	b135e9c82f3b5af8414a656ace8a78c8d45a7834	Windows 11  (10.0.22631) 64bit (Editor)	True	null	null	null	null	null	null	None	0	null	0	0	null	null	null	null	null	
2024/11/23 15:52:37.990	b135e9c82f3b5af8414a656ace8a78c8d45a7834	Windows 11  (10.0.22631) 64bit (Editor)	True	null	null	null	null	null	null	None	0	null	0	0	null	null	null	null	null	
2024/11/23 15:52:37.997	b135e9c82f3b5af8414a656ace8a78c8d45a7834	Windows 11  (10.0.22631) 64bit (Editor)	True	null	null	null	null	null	null	None	0	null	0	0	null	null	null	null	null	
2024/11/23 15:52:38.004	b135e9c82f3b5af8414a656ace8a78c8d45a7834	Windows 11  (10.0.22631) 64bit (Editor)	True	null	null	null	null	null	null	None	0	null	0	0	null	null	null	null	null	
2024/11/23 15:52:38.011	b135e9c82f3b5af8414a656ace8a78c8d45a7834	Windows 11  (10.0.22631) 64bit (Editor)	True	null	null	null	null	null	null	None	0	null	0	0	null	null	null	null	null	
2024/11/23 15:52:38.018	b135e9c82f3b5af8414a656ace8a78c8d45a7834	Windows 11  (10.0.22631) 64bit (Editor)	True	null	null	null	null	null	null	None	0	null	0	0	null	null	null	null	null	
2024/11/23 15:52:38.025	b135e9c82f3b5af8414a656ace8a78c8d45a7834	Windows 11  (10.0.22631) 64bit (Editor)	True	null	null	null	null	null	null	None	0	null	0	0	null	null	null	null	null	
2024/11/23 15:52:38.032	b135e9c82f3b5af8414a656ace8a78c8d45a7834	Windows 11  (10.0.22631) 64bit (Editor)	True	null	null	null	null	null	null	None	0	null	0	0	null	null	null	null	null	
2024/11/23 15:52:38.039	b135e9c82f3b5af8414a656ace8a78c8d45a7834	Windows 11  (10.0.22631) 64bit (Editor)	True	null	null	null	null	null	null	None	0	null	0	0	null	null	null	null	null	
2024/11/23 15:52:38.045	b135e9c82f3b5af8414a656ace8a78c8d45a7834	Windows 11  (10.0.22631) 64bit (Editor)	True	null	null	null	null	null	null	None	0	null	0	0	null	null	null	null	null	
2024/11/23 15:52:38.054	b135e9c82f3b5af8414a656ace8a78c8d45a7834	Windows 11  (10.0.22631) 64bit (Editor)	True	null	null	null	null	null	null	None	0	null	0	0	null	null	null	null	null	
2024/11/23 15:52:38.060	b135e9c82f3b5af8414a656ace8a78c8d45a7834	Windows 11  (10.0.22631) 64bit (Editor)	True	null	null	null	null	null	null	None	0	null	0	0	null	null	null	null	null	
2024/11/23 15:52:38.067	b135e9c82f3b5af8414a656ace8a78c8d45a7834	Windows 11  (10.0.22631) 64bit (Editor)	True	null	null	null	null	null	null	None	0	null	0	0	null	null	null	null	null	
2024/11/23 15:52:38.082	b135e9c82f3b5af8414a656ace8a78c8d45a7834	Windows 11  (10.0.22631) 64bit (Editor)	True	null	null	null	null	null	null	None	0	null	0	0	null	null	null	null	null	
2024/11/23 15:52:38.089	b135e9c82f3b5af8414a656ace8a78c8d45a7834	Windows 11  (10.0.22631) 64bit (Editor)	True	null	null	null	null	null	null	None	0	null	0	0	null	null	null	null	null	
2024/11/23 15:52:38.097	b135e9c82f3b5af8414a656ace8a78c8d45a7834	Windows 11  (10.0.22631) 64bit (Editor)	True	null	null	null	null	null	null	None	0	null	0	0	null	null	null	null	null	
2024/11/23 15:52:38.104	b135e9c82f3b5af8414a656ace8a78c8d45a7834	Windows 11  (10.0.22631) 64bit (Editor)	True	null	null	null	null	null	null	None	0	null	0	0	null	null	null	null	null	
2024/11/23 15:52:38.110	b135e9c82f3b5af8414a656ace8a78c8d45a7834	Windows 11  (10.0.22631) 64bit (Editor)	True	null	null	null	null	null	null	None	0	null	0	0	null	null	null	null	null	
2024/11/23 15:52:38.117	b135e9c82f3b5af8414a656ace8a78c8d45a7834	Windows 11  (10.0.22631) 64bit (Editor)	True	null	null	null	null	null	null	None	0	null	0	0	null	null	null	null	null	
2024/11/23 15:52:38.124	b135e9c82f3b5af8414a656ace8a78c8d45a7834	Windows 11  (10.0.22631) 64bit (Editor)	True	null	null	null	null	null	null	None	0	null	0	0	null	null	null	null	null	
2024/11/23 15:52:38.130	b135e9c82f3b5af8414a656ace8a78c8d45a7834	Windows 11  (10.0.22631) 64bit (Editor)	True	null	null	null	null	null	null	None	0	null	0	0	null	null	null	null	null	
2024/11/23 15:52:38.137	b135e9c82f3b5af8414a656ace8a78c8d45a7834	Windows 11  (10.0.22631) 64bit (Editor)	True	null	null	null	null	null	null	None	0	null	0	0	null	null	null	null	null	
2024/11/23 15:52:38.144	b135e9c82f3b5af8414a656ace8a78c8d45a7834	Windows 11  (10.0.22631) 64bit (Editor)	True	null	null	null	null	null	null	None	0	null	0	0	null	null	null	null	null	
2024/11/23 15:52:38.149	b135e9c82f3b5af8414a656ace8a78c8d45a7834	Windows 11  (10.0.22631) 64bit (Editor)	True	null	null	null	null	null	null	None	0	null	0	0	null	null	null	null	null	
2024/11/23 15:52:38.157	b135e9c82f3b5af8414a656ace8a78c8d45a7834	Windows 11  (10.0.22631) 64bit (Editor)	True	null	null	null	null	null	null	None	0	null	0	0	null	null	null	null	null	
2024/11/23 15:52:38.163	b135e9c82f3b5af8414a656ace8a78c8d45a7834	Windows 11  (10.0.22631) 64bit (Editor)	True	null	null	null	null	null	null	None	0	null	0	0	null	null	null	null	null	
2024/11/23 15:52:38.170	b135e9c82f3b5af8414a656ace8a78c8d45a7834	Windows 11  (10.0.22631) 64bit (Editor)	True	null	null	null	null	null	null	None	0	null	0	0	null	null	null	null	null	
2024/11/23 15:52:38.177	b135e9c82f3b5af8414a656ace8a78c8d45a7834	Windows 11  (10.0.22631) 64bit (Editor)	True	null	null	null	null	null	null	None	0	null	0	0	null	null	null	null	null	
2024/11/23 15:52:38.184	b135e9c82f3b5af8414a656ace8a78c8d45a7834	Windows 11  (10.0.22631) 64bit (Editor)	True	null	null	null	null	null	null	None	0	null	0	0	null	null	null	null	null	
2024/11/23 15:52:38.192	b135e9c82f3b5af8414a656ace8a78c8d45a7834	Windows 11  (10.0.22631) 64bit (Editor)	True	null	null	null	null	null	null	None	0	null	0	0	null	null	null	null	null	
2024/11/23 15:52:38.199	b135e9c82f3b5af8414a656ace8a78c8d45a7834	Windows 11  (10.0.22631) 64bit (Editor)	True	null	null	null	null	null	null	None	0	null	0	0	null	null	null	null	null	
2024/11/23 15:52:38.207	b135e9c82f3b5af8414a656ace8a78c8d45a7834	Windows 11  (10.0.22631) 64bit (Editor)	True	null	null	null	null	null	null	None	0	null	0	0	null	null	null	null	null	
2024/11/23 15:52:38.214	b135e9c82f3b5af8414a656ace8a78c8d45a7834	Windows 11  (10.0.22631) 64bit (Editor)	True	null	null	null	null	null	null	None	0	null	0	0	null	null	null	null	null	
2024/11/23 15:52:38.221	b135e9c82f3b5af8414a656ace8a78c8d45a7834	Windows 11  (10.0.22631) 64bit (Editor)	True	null	null	null	null	null	null	None	0	null	0	0	null	null	null	null	null	
2024/11/23 15:52:38.238	b135e9c82f3b5af8414a656ace8a78c8d45a7834	Windows 11  (10.0.22631) 64bit (Editor)	True	null	null	null	null	null	null	None	0	null	0	0	null	null	null	null	null	
2024/11/23 15:52:38.245	b135e9c82f3b5af8414a656ace8a78c8d45a7834	Windows 11  (10.0.22631) 64bit (Editor)	True	null	null	null	null	null	null	None	0	null	0	0	null	null	null	null	null	
2024/11/23 15:52:38.253	b135e9c82f3b5af8414a656ace8a78c8d45a7834	Windows 11  (10.0.22631) 64bit (Editor)	True	null	null	null	null	null	null	None	0	null	0	0	null	null	null	null	null	
2024/11/23 15:52:38.260	b135e9c82f3b5af8414a656ace8a78c8d45a7834	Windows 11  (10.0.22631) 64bit (Editor)	True	null	null	null	null	null	null	None	0	null	0	0	null	null	null	null	null	
2024/11/23 15:52:38.267	b135e9c82f3b5af8414a656ace8a78c8d45a7834	Windows 11  (10.0.22631) 64bit (Editor)	True	null	null	null	null	null	null	None	0	null	0	0	null	null	null	null	null	
2024/11/23 15:52:38.274	b135e9c82f3b5af8414a656ace8a78c8d45a7834	Windows 11  (10.0.22631) 64bit (Editor)	True	null	null	null	null	null	null	None	0	null	0	0	null	null	null	null	null	
2024/11/23 15:52:38.283	b135e9c82f3b5af8414a656ace8a78c8d45a7834	Windows 11  (10.0.22631) 64bit (Editor)	True	null	null	null	null	null	null	None	0	null	0	0	null	null	null	null	null	
2024/11/23 15:52:38.290	b135e9c82f3b5af8414a656ace8a78c8d45a7834	Windows 11  (10.0.22631) 64bit (Editor)	True	null	null	null	null	null	null	None	0	null	0	0	null	null	null	null	null	
2024/11/23 15:52:38.297	b135e9c82f3b5af8414a656ace8a78c8d45a7834	Windows 11  (10.0.22631) 64bit (Editor)	True	null	null	null	null	null	null	None	0	null	0	0	null	null	null	null	null	
2024/11/23 15:52:38.304	b135e9c82f3b5af8414a656ace8a78c8d45a7834	Windows 11  (10.0.22631) 64bit (Editor)	True	null	null	null	null	null	null	None	0	null	0	0	null	null	null	null	null	
2024/11/23 15:52:38.311	b135e9c82f3b5af8414a656ace8a78c8d45a7834	Windows 11  (10.0.22631) 64bit (Editor)	True	null	null	null	null	null	null	None	0	null	0	0	null	null	null	null	null	
2024/11/23 15:52:38.318	b135e9c82f3b5af8414a656ace8a78c8d45a7834	Windows 11  (10.0.22631) 64bit (Editor)	True	null	null	null	null	null	null	None	0	null	0	0	null	null	null	null	null	
2024/11/23 15:52:38.325	b135e9c82f3b5af8414a656ace8a78c8d45a7834	Windows 11  (10.0.22631) 64bit (Editor)	True	null	null	null	null	null	null	None	0	null	0	0	null	null	null	null	null	
2024/11/23 15:52:38.332	b135e9c82f3b5af8414a656ace8a78c8d45a7834	Windows 11  (10.0.22631) 64bit (Editor)	True	null	null	null	null	null	null	None	0	null	0	0	null	null	null	null	null	
2024/11/23 15:52:38.339	b135e9c82f3b5af8414a656ace8a78c8d45a7834	Windows 11  (10.0.22631) 64bit (Editor)	True	null	null	null	null	null	null	None	0	null	0	0	null	null	null	null	null	
2024/11/23 15:52:38.347	b135e9c82f3b5af8414a656ace8a78c8d45a7834	Windows 11  (10.0.22631) 64bit (Editor)	True	null	null	null	null	null	null	None	0	null	0	0	null	null	null	null	null	
2024/11/23 15:52:38.355	b135e9c82f3b5af8414a656ace8a78c8d45a7834	Windows 11  (10.0.22631) 64bit (Editor)	True	null	null	null	null	null	null	None	0	null	0	0	null	null	null	null	null	
2024/11/23 15:52:38.361	b135e9c82f3b5af8414a656ace8a78c8d45a7834	Windows 11  (10.0.22631) 64bit (Editor)	True	null	null	null	null	null	null	None	0	null	0	0	null	null	null	null	null	
2024/11/23 15:52:38.368	b135e9c82f3b5af8414a656ace8a78c8d45a7834	Windows 11  (10.0.22631) 64bit (Editor)	True	null	null	null	null	null	null	None	0	null	0	0	null	null	null	null	null	
2024/11/23 15:52:38.375	b135e9c82f3b5af8414a656ace8a78c8d45a7834	Windows 11  (10.0.22631) 64bit (Editor)	True	null	null	null	null	null	null	None	0	null	0	0	null	null	null	null	null	
2024/11/23 15:52:38.391	b135e9c82f3b5af8414a656ace8a78c8d45a7834	Windows 11  (10.0.22631) 64bit (Editor)	True	null	null	null	null	null	null	None	0	null	0	0	null	null	null	null	null	
2024/11/23 15:52:38.397	b135e9c82f3b5af8414a656ace8a78c8d45a7834	Windows 11  (10.0.22631) 64bit (Editor)	True	null	null	null	null	null	null	None	0	null	0	0	null	null	null	null	null	
2024/11/23 15:52:38.405	b135e9c82f3b5af8414a656ace8a78c8d45a7834	Windows 11  (10.0.22631) 64bit (Editor)	True	null	null	null	null	null	null	None	0	null	0	0	null	null	null	null	null	
2024/11/23 15:52:38.411	b135e9c82f3b5af8414a656ace8a78c8d45a7834	Windows 11  (10.0.22631) 64bit (Editor)	True	null	null	null	null	null	null	None	0	null	0	0	null	null	null	null	null	
2024/11/23 15:52:38.418	b135e9c82f3b5af8414a656ace8a78c8d45a7834	Windows 11  (10.0.22631) 64bit (Editor)	True	null	null	null	null	null	null	None	0	null	0	0	null	null	null	null	null	
2024/11/23 15:52:38.426	b135e9c82f3b5af8414a656ace8a78c8d45a7834	Windows 11  (10.0.22631) 64bit (Editor)	True	null	null	null	null	null	null	None	0	null	0	0	null	null	null	null	null	
2024/11/23 15:52:38.433	b135e9c82f3b5af8414a656ace8a78c8d45a7834	Windows 11  (10.0.22631) 64bit (Editor)	True	null	null	null	null	null	null	None	0	null	0	0	null	null	null	null	null	
2024/11/23 15:52:38.440	b135e9c82f3b5af8414a656ace8a78c8d45a7834	Windows 11  (10.0.22631) 64bit (Editor)	True	null	null	null	null	null	null	None	0	null	0	0	null	null	null	null	null	
2024/11/23 15:52:38.446	b135e9c82f3b5af8414a656ace8a78c8d45a7834	Windows 11  (10.0.22631) 64bit (Editor)	True	null	null	null	null	null	null	None	0	null	0	0	null	null	null	null	null	
2024/11/23 15:52:38.453	b135e9c82f3b5af8414a656ace8a78c8d45a7834	Windows 11  (10.0.22631) 64bit (Editor)	True	null	null	null	null	null	null	None	0	null	0	0	null	null	null	null	null	
2024/11/23 15:52:38.460	b135e9c82f3b5af8414a656ace8a78c8d45a7834	Windows 11  (10.0.22631) 64bit (Editor)	True	null	null	null	null	null	null	None	0	null	0	0	null	null	null	null	null	
2024/11/23 15:52:38.467	b135e9c82f3b5af8414a656ace8a78c8d45a7834	Windows 11  (10.0.22631) 64bit (Editor)	True	null	null	null	null	null	null	None	0	null	0	0	null	null	null	null	null	
2024/11/23 15:52:38.474	b135e9c82f3b5af8414a656ace8a78c8d45a7834	Windows 11  (10.0.22631) 64bit (Editor)	True	null	null	null	null	null	null	None	0	null	0	0	null	null	null	null	null	
2024/11/23 15:52:38.482	b135e9c82f3b5af8414a656ace8a78c8d45a7834	Windows 11  (10.0.22631) 64bit (Editor)	True	null	null	null	null	null	null	None	0	null	0	0	null	null	null	null	null	
2024/11/23 15:52:38.488	b135e9c82f3b5af8414a656ace8a78c8d45a7834	Windows 11  (10.0.22631) 64bit (Editor)	True	null	null	null	null	null	null	None	0	null	0	0	null	null	null	null	null	
2024/11/23 15:52:38.494	b135e9c82f3b5af8414a656ace8a78c8d45a7834	Windows 11  (10.0.22631) 64bit (Editor)	True	null	null	null	null	null	null	None	0	null	0	0	null	null	null	null	null	
2024/11/23 15:52:38.502	b135e9c82f3b5af8414a656ace8a78c8d45a7834	Windows 11  (10.0.22631) 64bit (Editor)	True	null	null	null	null	null	null	None	0	null	0	0	null	null	null	null	null	
2024/11/23 15:52:38.508	b135e9c82f3b5af8414a656ace8a78c8d45a7834	Windows 11  (10.0.22631) 64bit (Editor)	True	null	null	null	null	null	null	None	0	null	0	0	null	null	null	null	null	
2024/11/23 15:52:38.515	b135e9c82f3b5af8414a656ace8a78c8d45a7834	Windows 11  (10.0.22631) 64bit (Editor)	True	null	null	null	null	null	null	None	0	null	0	0	null	null	null	null	null	
2024/11/23 15:52:38.521	b135e9c82f3b5af8414a656ace8a78c8d45a7834	Windows 11  (10.0.22631) 64bit (Editor)	True	null	null	null	null	null	null	None	0	null	0	0	null	null	null	null	null	
2024/11/23 15:52:38.528	b135e9c82f3b5af8414a656ace8a78c8d45a7834	Windows 11  (10.0.22631) 64bit (Editor)	True	null	null	null	null	null	null	None	0	null	0	0	null	null	null	null	null	
2024/11/23 15:52:38.546	b135e9c82f3b5af8414a656ace8a78c8d45a7834	Windows 11  (10.0.22631) 64bit (Editor)	True	null	null	null	null	null	null	None	0	null	0	0	null	null	null	null	null	
2024/11/23 15:52:38.553	b135e9c82f3b5af8414a656ace8a78c8d45a7834	Windows 11  (10.0.22631) 64bit (Editor)	True	null	null	null	null	null	null	None	0	null	0	0	null	null	null	null	null	
2024/11/23 15:52:38.560	b135e9c82f3b5af8414a656ace8a78c8d45a7834	Windows 11  (10.0.22631) 64bit (Editor)	True	null	null	null	null	null	null	None	0	null	0	0	null	null	null	null	null	
2024/11/23 15:52:38.567	b135e9c82f3b5af8414a656ace8a78c8d45a7834	Windows 11  (10.0.22631) 64bit (Editor)	True	null	null	null	null	null	null	None	0	null	0	0	null	null	null	null	null	
2024/11/23 15:52:38.574	b135e9c82f3b5af8414a656ace8a78c8d45a7834	Windows 11  (10.0.22631) 64bit (Editor)	True	null	null	null	null	null	null	None	0	null	0	0	null	null	null	null	null	
2024/11/23 15:52:38.581	b135e9c82f3b5af8414a656ace8a78c8d45a7834	Windows 11  (10.0.22631) 64bit (Editor)	True	null	null	null	null	null	null	None	0	null	0	0	null	null	null	null	null	
2024/11/23 15:52:38.587	b135e9c82f3b5af8414a656ace8a78c8d45a7834	Windows 11  (10.0.22631) 64bit (Editor)	True	null	null	null	null	null	null	None	0	null	0	0	null	null	null	null	null	
2024/11/23 15:52:38.595	b135e9c82f3b5af8414a656ace8a78c8d45a7834	Windows 11  (10.0.22631) 64bit (Editor)	True	null	null	null	null	null	null	None	0	null	0	0	null	null	null	null	null	
2024/11/23 15:52:38.601	b135e9c82f3b5af8414a656ace8a78c8d45a7834	Windows 11  (10.0.22631) 64bit (Editor)	True	null	null	null	null	null	null	None	0	null	0	0	null	null	null	null	null	
2024/11/23 15:52:38.608	b135e9c82f3b5af8414a656ace8a78c8d45a7834	Windows 11  (10.0.22631) 64bit (Editor)	True	null	null	null	null	null	null	None	0	null	0	0	null	null	null	null	null	
2024/11/23 15:52:38.614	b135e9c82f3b5af8414a656ace8a78c8d45a7834	Windows 11  (10.0.22631) 64bit (Editor)	True	null	null	null	null	null	null	None	0	null	0	0	null	null	null	null	null	
2024/11/23 15:52:38.621	b135e9c82f3b5af8414a656ace8a78c8d45a7834	Windows 11  (10.0.22631) 64bit (Editor)	True	null	null	null	null	null	null	None	0	null	0	0	null	null	null	null	null	
2024/11/23 15:52:38.628	b135e9c82f3b5af8414a656ace8a78c8d45a7834	Windows 11  (10.0.22631) 64bit (Editor)	True	null	null	null	null	null	null	None	0	null	0	0	null	null	null	null	null	
2024/11/23 15:52:38.636	b135e9c82f3b5af8414a656ace8a78c8d45a7834	Windows 11  (10.0.22631) 64bit (Editor)	True	null	null	null	null	null	null	None	0	null	0	0	null	null	null	null	null	
2024/11/23 15:52:38.642	b135e9c82f3b5af8414a656ace8a78c8d45a7834	Windows 11  (10.0.22631) 64bit (Editor)	True	null	null	null	null	null	null	None	0	null	0	0	null	null	null	null	null	
2024/11/23 15:52:38.648	b135e9c82f3b5af8414a656ace8a78c8d45a7834	Windows 11  (10.0.22631) 64bit (Editor)	True	null	null	null	null	null	null	None	0	null	0	0	null	null	null	null	null	
2024/11/23 15:52:38.657	b135e9c82f3b5af8414a656ace8a78c8d45a7834	Windows 11  (10.0.22631) 64bit (Editor)	True	null	null	null	null	null	null	None	0	null	0	0	null	null	null	null	null	
2024/11/23 15:52:38.663	b135e9c82f3b5af8414a656ace8a78c8d45a7834	Windows 11  (10.0.22631) 64bit (Editor)	True	null	null	null	null	null	null	None	0	null	0	0	null	null	null	null	null	
2024/11/23 15:52:38.670	b135e9c82f3b5af8414a656ace8a78c8d45a7834	Windows 11  (10.0.22631) 64bit (Editor)	True	null	null	null	null	null	null	None	0	null	0	0	null	null	null	null	null	
2024/11/23 15:52:38.676	b135e9c82f3b5af8414a656ace8a78c8d45a7834	Windows 11  (10.0.22631) 64bit (Editor)	True	null	null	null	null	null	null	None	0	null	0	0	null	null	null	null	null	
2024/11/23 15:52:38.683	b135e9c82f3b5af8414a656ace8a78c8d45a7834	Windows 11  (10.0.22631) 64bit (Editor)	True	null	null	null	null	null	null	None	0	null	0	0	null	null	null	null	null	
2024/11/23 15:52:38.698	b135e9c82f3b5af8414a656ace8a78c8d45a7834	Windows 11  (10.0.22631) 64bit (Editor)	True	null	null	null	null	null	null	None	0	null	0	0	null	null	null	null	null	
2024/11/23 15:52:38.708	b135e9c82f3b5af8414a656ace8a78c8d45a7834	Windows 11  (10.0.22631) 64bit (Editor)	True	null	null	null	null	null	null	None	0	null	0	0	null	null	null	null	null	
2024/11/23 15:52:38.715	b135e9c82f3b5af8414a656ace8a78c8d45a7834	Windows 11  (10.0.22631) 64bit (Editor)	True	null	null	null	null	null	null	None	0	null	0	0	null	null	null	null	null	
2024/11/23 15:52:38.723	b135e9c82f3b5af8414a656ace8a78c8d45a7834	Windows 11  (10.0.22631) 64bit (Editor)	True	null	null	null	null	null	null	None	0	null	0	0	null	null	null	null	null	
2024/11/23 15:52:38.730	b135e9c82f3b5af8414a656ace8a78c8d45a7834	Windows 11  (10.0.22631) 64bit (Editor)	True	null	null	null	null	null	null	None	0	null	0	0	null	null	null	null	null	
2024/11/23 15:52:38.737	b135e9c82f3b5af8414a656ace8a78c8d45a7834	Windows 11  (10.0.22631) 64bit (Editor)	True	null	null	null	null	null	null	None	0	null	0	0	null	null	null	null	null	
2024/11/23 15:52:38.744	b135e9c82f3b5af8414a656ace8a78c8d45a7834	Windows 11  (10.0.22631) 64bit (Editor)	True	null	null	null	null	null	null	None	0	null	0	0	null	null	null	null	null	
2024/11/23 15:52:38.752	b135e9c82f3b5af8414a656ace8a78c8d45a7834	Windows 11  (10.0.22631) 64bit (Editor)	True	null	null	null	null	null	null	None	0	null	0	0	null	null	null	null	null	
2024/11/23 15:52:38.758	b135e9c82f3b5af8414a656ace8a78c8d45a7834	Windows 11  (10.0.22631) 64bit (Editor)	True	null	null	null	null	null	null	None	0	null	0	0	null	null	null	null	null	
2024/11/23 15:52:38.765	b135e9c82f3b5af8414a656ace8a78c8d45a7834	Windows 11  (10.0.22631) 64bit (Editor)	True	null	null	null	null	null	null	None	0	null	0	0	null	null	null	null	null	
2024/11/23 15:52:38.772	b135e9c82f3b5af8414a656ace8a78c8d45a7834	Windows 11  (10.0.22631) 64bit (Editor)	True	null	null	null	null	null	null	None	0	null	0	0	null	null	null	null	null	
2024/11/23 15:52:38.781	b135e9c82f3b5af8414a656ace8a78c8d45a7834	Windows 11  (10.0.22631) 64bit (Editor)	True	null	null	null	null	null	null	None	0	null	0	0	null	null	null	null	null	
2024/11/23 15:52:38.793	b135e9c82f3b5af8414a656ace8a78c8d45a7834	Windows 11  (10.0.22631) 64bit (Editor)	True	null	null	null	null	null	null	None	0	null	0	0	null	null	null	null	null	
2024/11/23 15:52:38.800	b135e9c82f3b5af8414a656ace8a78c8d45a7834	Windows 11  (10.0.22631) 64bit (Editor)	True	null	null	null	null	null	null	None	0	null	0	0	null	null	null	null	null	
2024/11/23 15:52:38.806	b135e9c82f3b5af8414a656ace8a78c8d45a7834	Windows 11  (10.0.22631) 64bit (Editor)	True	null	null	null	null	null	null	None	0	null	0	0	null	null	null	null	null	
2024/11/23 15:52:38.813	b135e9c82f3b5af8414a656ace8a78c8d45a7834	Windows 11  (10.0.22631) 64bit (Editor)	True	null	null	null	null	null	null	None	0	null	0	0	null	null	null	null	null	
2024/11/23 15:52:38.821	b135e9c82f3b5af8414a656ace8a78c8d45a7834	Windows 11  (10.0.22631) 64bit (Editor)	True	null	null	null	null	null	null	None	0	null	0	0	null	null	null	null	null	
2024/11/23 15:52:38.828	b135e9c82f3b5af8414a656ace8a78c8d45a7834	Windows 11  (10.0.22631) 64bit (Editor)	True	null	null	null	null	null	null	None	0	null	0	0	null	null	null	null	null	
2024/11/23 15:52:38.836	b135e9c82f3b5af8414a656ace8a78c8d45a7834	Windows 11  (10.0.22631) 64bit (Editor)	True	null	null	null	null	null	null	None	0	null	0	0	null	null	null	null	null	
2024/11/23 15:52:38.852	b135e9c82f3b5af8414a656ace8a78c8d45a7834	Windows 11  (10.0.22631) 64bit (Editor)	True	null	null	null	null	null	null	None	0	null	0	0	null	null	null	null	null	
2024/11/23 15:52:38.860	b135e9c82f3b5af8414a656ace8a78c8d45a7834	Windows 11  (10.0.22631) 64bit (Editor)	True	null	null	null	null	null	null	None	0	null	0	0	null	null	null	null	null	
2024/11/23 15:52:38.866	b135e9c82f3b5af8414a656ace8a78c8d45a7834	Windows 11  (10.0.22631) 64bit (Editor)	True	null	null	null	null	null	null	None	0	null	0	0	null	null	null	null	null	
2024/11/23 15:52:38.875	b135e9c82f3b5af8414a656ace8a78c8d45a7834	Windows 11  (10.0.22631) 64bit (Editor)	True	null	null	null	null	null	null	None	0	null	0	0	null	null	null	null	null	
2024/11/23 15:52:38.882	b135e9c82f3b5af8414a656ace8a78c8d45a7834	Windows 11  (10.0.22631) 64bit (Editor)	True	null	null	null	null	null	null	None	0	null	0	0	null	null	null	null	null	
2024/11/23 15:52:38.888	b135e9c82f3b5af8414a656ace8a78c8d45a7834	Windows 11  (10.0.22631) 64bit (Editor)	True	null	null	null	null	null	null	None	0	null	0	0	null	null	null	null	null	
2024/11/23 15:52:38.896	b135e9c82f3b5af8414a656ace8a78c8d45a7834	Windows 11  (10.0.22631) 64bit (Editor)	True	null	null	null	null	null	null	None	0	null	0	0	null	null	null	null	null	
2024/11/23 15:52:38.903	b135e9c82f3b5af8414a656ace8a78c8d45a7834	Windows 11  (10.0.22631) 64bit (Editor)	True	null	null	null	null	null	null	None	0	null	0	0	null	null	null	null	null	
2024/11/23 15:52:38.910	b135e9c82f3b5af8414a656ace8a78c8d45a7834	Windows 11  (10.0.22631) 64bit (Editor)	True	null	null	null	null	null	null	None	0	null	0	0	null	null	null	null	null	
2024/11/23 15:52:38.917	b135e9c82f3b5af8414a656ace8a78c8d45a7834	Windows 11  (10.0.22631) 64bit (Editor)	True	null	null	null	null	null	null	None	0	null	0	0	null	null	null	null	null	
2024/11/23 15:52:38.925	b135e9c82f3b5af8414a656ace8a78c8d45a7834	Windows 11  (10.0.22631) 64bit (Editor)	True	null	null	null	null	null	null	None	0	null	0	0	null	null	null	null	null	
2024/11/23 15:52:38.932	b135e9c82f3b5af8414a656ace8a78c8d45a7834	Windows 11  (10.0.22631) 64bit (Editor)	True	null	null	null	null	null	null	None	0	null	0	0	null	null	null	null	null	
2024/11/23 15:52:38.939	b135e9c82f3b5af8414a656ace8a78c8d45a7834	Windows 11  (10.0.22631) 64bit (Editor)	True	null	null	null	null	null	null	None	0	null	0	0	null	null	null	null	null	
2024/11/23 15:52:38.946	b135e9c82f3b5af8414a656ace8a78c8d45a7834	Windows 11  (10.0.22631) 64bit (Editor)	True	null	null	null	null	null	null	None	0	null	0	0	null	null	null	null	null	
2024/11/23 15:52:38.953	b135e9c82f3b5af8414a656ace8a78c8d45a7834	Windows 11  (10.0.22631) 64bit (Editor)	True	null	null	null	null	null	null	None	0	null	0	0	null	null	null	null	null	
2024/11/23 15:52:38.960	b135e9c82f3b5af8414a656ace8a78c8d45a7834	Windows 11  (10.0.22631) 64bit (Editor)	True	null	null	null	null	null	null	None	0	null	0	0	null	null	null	null	null	
2024/11/23 15:52:38.967	b135e9c82f3b5af8414a656ace8a78c8d45a7834	Windows 11  (10.0.22631) 64bit (Editor)	True	null	null	null	null	null	null	None	0	null	0	0	null	null	null	null	null	
2024/11/23 15:52:38.974	b135e9c82f3b5af8414a656ace8a78c8d45a7834	Windows 11  (10.0.22631) 64bit (Editor)	True	null	null	null	null	null	null	None	0	null	0	0	null	null	null	null	null	
2024/11/23 15:52:38.982	b135e9c82f3b5af8414a656ace8a78c8d45a7834	Windows 11  (10.0.22631) 64bit (Editor)	True	null	null	null	null	null	null	None	0	null	0	0	null	null	null	null	null	
2024/11/23 15:52:38.989	b135e9c82f3b5af8414a656ace8a78c8d45a7834	Windows 11  (10.0.22631) 64bit (Editor)	True	null	null	null	null	null	null	None	0	null	0	0	null	null	null	null	null	
2024/11/23 15:52:39.006	b135e9c82f3b5af8414a656ace8a78c8d45a7834	Windows 11  (10.0.22631) 64bit (Editor)	True	null	null	null	null	null	null	None	0	null	0	0	null	null	null	null	null	
2024/11/23 15:52:39.013	b135e9c82f3b5af8414a656ace8a78c8d45a7834	Windows 11  (10.0.22631) 64bit (Editor)	True	null	null	null	null	null	null	None	0	null	0	0	null	null	null	null	null	
2024/11/23 15:52:39.021	b135e9c82f3b5af8414a656ace8a78c8d45a7834	Windows 11  (10.0.22631) 64bit (Editor)	True	null	null	null	null	null	null	None	0	null	0	0	null	null	null	null	null	
2024/11/23 15:52:39.028	b135e9c82f3b5af8414a656ace8a78c8d45a7834	Windows 11  (10.0.22631) 64bit (Editor)	True	null	null	null	null	null	null	None	0	null	0	0	null	null	null	null	null	
2024/11/23 15:52:39.035	b135e9c82f3b5af8414a656ace8a78c8d45a7834	Windows 11  (10.0.22631) 64bit (Editor)	True	null	null	null	null	null	null	None	0	null	0	0	null	null	null	null	null	
2024/11/23 15:52:39.042	b135e9c82f3b5af8414a656ace8a78c8d45a7834	Windows 11  (10.0.22631) 64bit (Editor)	True	null	null	null	null	null	null	None	0	null	0	0	null	null	null	null	null	
2024/11/23 15:52:39.050	b135e9c82f3b5af8414a656ace8a78c8d45a7834	Windows 11  (10.0.22631) 64bit (Editor)	True	null	null	null	null	null	null	None	0	null	0	0	null	null	null	null	null	
2024/11/23 15:52:39.056	b135e9c82f3b5af8414a656ace8a78c8d45a7834	Windows 11  (10.0.22631) 64bit (Editor)	True	null	null	null	null	null	null	None	0	null	0	0	null	null	null	null	null	
2024/11/23 15:52:39.063	b135e9c82f3b5af8414a656ace8a78c8d45a7834	Windows 11  (10.0.22631) 64bit (Editor)	True	null	null	null	null	null	null	None	0	null	0	0	null	null	null	null	null	
2024/11/23 15:52:39.071	b135e9c82f3b5af8414a656ace8a78c8d45a7834	Windows 11  (10.0.22631) 64bit (Editor)	True	null	null	null	null	null	null	None	0	null	0	0	null	null	null	null	null	
2024/11/23 15:52:39.078	b135e9c82f3b5af8414a656ace8a78c8d45a7834	Windows 11  (10.0.22631) 64bit (Editor)	True	null	null	null	null	null	null	None	0	null	0	0	null	null	null	null	null	
2024/11/23 15:52:39.085	b135e9c82f3b5af8414a656ace8a78c8d45a7834	Windows 11  (10.0.22631) 64bit (Editor)	True	null	null	null	null	null	null	None	0	null	0	0	null	null	null	null	null	
2024/11/23 15:52:39.092	b135e9c82f3b5af8414a656ace8a78c8d45a7834	Windows 11  (10.0.22631) 64bit (Editor)	True	null	null	null	null	null	null	None	0	null	0	0	null	null	null	null	null	
2024/11/23 15:52:39.098	b135e9c82f3b5af8414a656ace8a78c8d45a7834	Windows 11  (10.0.22631) 64bit (Editor)	True	null	null	null	null	null	null	None	0	null	0	0	null	null	null	null	null	
2024/11/23 15:52:39.105	b135e9c82f3b5af8414a656ace8a78c8d45a7834	Windows 11  (10.0.22631) 64bit (Editor)	True	null	null	null	null	null	null	None	0	null	0	0	null	null	null	null	null	
2024/11/23 15:52:39.116	b135e9c82f3b5af8414a656ace8a78c8d45a7834	Windows 11  (10.0.22631) 64bit (Editor)	True	null	null	null	null	null	null	None	0	null	0	0	null	null	null	null	null	
2024/11/23 15:52:39.124	b135e9c82f3b5af8414a656ace8a78c8d45a7834	Windows 11  (10.0.22631) 64bit (Editor)	True	null	null	null	null	null	null	None	0	null	0	0	null	null	null	null	null	
2024/11/23 15:52:39.131	b135e9c82f3b5af8414a656ace8a78c8d45a7834	Windows 11  (10.0.22631) 64bit (Editor)	True	null	null	null	null	null	null	None	0	null	0	0	null	null	null	null	null	
2024/11/23 15:52:39.138	b135e9c82f3b5af8414a656ace8a78c8d45a7834	Windows 11  (10.0.22631) 64bit (Editor)	True	null	null	null	null	null	null	None	0	null	0	0	null	null	null	null	null	
2024/11/23 15:52:39.144	b135e9c82f3b5af8414a656ace8a78c8d45a7834	Windows 11  (10.0.22631) 64bit (Editor)	True	null	null	null	null	null	null	None	0	null	0	0	null	null	null	null	null	
2024/11/23 15:52:39.161	b135e9c82f3b5af8414a656ace8a78c8d45a7834	Windows 11  (10.0.22631) 64bit (Editor)	True	null	null	null	null	null	null	None	0	null	0	0	null	null	null	null	null	
2024/11/23 15:52:39.171	b135e9c82f3b5af8414a656ace8a78c8d45a7834	Windows 11  (10.0.22631) 64bit (Editor)	True	null	null	null	null	null	null	None	0	null	0	0	null	null	null	null	null	
2024/11/23 15:52:39.177	b135e9c82f3b5af8414a656ace8a78c8d45a7834	Windows 11  (10.0.22631) 64bit (Editor)	True	null	null	null	null	null	null	None	0	null	0	0	null	null	null	null	null	
2024/11/23 15:52:39.186	b135e9c82f3b5af8414a656ace8a78c8d45a7834	Windows 11  (10.0.22631) 64bit (Editor)	True	null	null	null	null	null	null	None	0	null	0	0	null	null	null	null	null	
2024/11/23 15:52:39.193	b135e9c82f3b5af8414a656ace8a78c8d45a7834	Windows 11  (10.0.22631) 64bit (Editor)	True	null	null	null	null	null	null	None	0	null	0	0	null	null	null	null	null	
2024/11/23 15:52:39.201	b135e9c82f3b5af8414a656ace8a78c8d45a7834	Windows 11  (10.0.22631) 64bit (Editor)	True	null	null	null	null	null	null	None	0	null	0	0	null	null	null	null	null	
2024/11/23 15:52:39.208	b135e9c82f3b5af8414a656ace8a78c8d45a7834	Windows 11  (10.0.22631) 64bit (Editor)	True	null	null	null	null	null	null	None	0	null	0	0	null	null	null	null	null	
2024/11/23 15:52:39.215	b135e9c82f3b5af8414a656ace8a78c8d45a7834	Windows 11  (10.0.22631) 64bit (Editor)	True	null	null	null	null	null	null	None	0	null	0	0	null	null	null	null	null	
2024/11/23 15:52:39.222	b135e9c82f3b5af8414a656ace8a78c8d45a7834	Windows 11  (10.0.22631) 64bit (Editor)	True	null	null	null	null	null	null	None	0	null	0	0	null	null	null	null	null	
2024/11/23 15:52:39.229	b135e9c82f3b5af8414a656ace8a78c8d45a7834	Windows 11  (10.0.22631) 64bit (Editor)	True	null	null	null	null	null	null	None	0	null	0	0	null	null	null	null	null	
2024/11/23 15:52:39.236	b135e9c82f3b5af8414a656ace8a78c8d45a7834	Windows 11  (10.0.22631) 64bit (Editor)	True	null	null	null	null	null	null	None	0	null	0	0	null	null	null	null	null	
2024/11/23 15:52:39.242	b135e9c82f3b5af8414a656ace8a78c8d45a7834	Windows 11  (10.0.22631) 64bit (Editor)	True	null	null	null	null	null	null	None	0	null	0	0	null	null	null	null	null	
2024/11/23 15:52:39.249	b135e9c82f3b5af8414a656ace8a78c8d45a7834	Windows 11  (10.0.22631) 64bit (Editor)	True	null	null	null	null	null	null	None	0	null	0	0	null	null	null	null	null	
2024/11/23 15:52:39.256	b135e9c82f3b5af8414a656ace8a78c8d45a7834	Windows 11  (10.0.22631) 64bit (Editor)	True	null	null	null	null	null	null	None	0	null	0	0	null	null	null	null	null	
2024/11/23 15:52:39.262	b135e9c82f3b5af8414a656ace8a78c8d45a7834	Windows 11  (10.0.22631) 64bit (Editor)	True	null	null	null	null	null	null	None	0	null	0	0	null	null	null	null	null	
2024/11/23 15:52:39.269	b135e9c82f3b5af8414a656ace8a78c8d45a7834	Windows 11  (10.0.22631) 64bit (Editor)	True	null	null	null	null	null	null	None	0	null	0	0	null	null	null	null	null	
2024/11/23 15:52:39.275	b135e9c82f3b5af8414a656ace8a78c8d45a7834	Windows 11  (10.0.22631) 64bit (Editor)	True	null	null	null	null	null	null	None	0	null	0	0	null	null	null	null	null	
2024/11/23 15:52:39.283	b135e9c82f3b5af8414a656ace8a78c8d45a7834	Windows 11  (10.0.22631) 64bit (Editor)	True	null	null	null	null	null	null	None	0	null	0	0	null	null	null	null	null	
2024/11/23 15:52:39.293	b135e9c82f3b5af8414a656ace8a78c8d45a7834	Windows 11  (10.0.22631) 64bit (Editor)	True	null	null	null	null	null	null	None	0	null	0	0	null	null	null	null	null	
2024/11/23 15:52:39.302	b135e9c82f3b5af8414a656ace8a78c8d45a7834	Windows 11  (10.0.22631) 64bit (Editor)	True	null	null	null	null	null	null	None	0	null	0	0	null	null	null	null	null	
2024/11/23 15:52:39.321	b135e9c82f3b5af8414a656ace8a78c8d45a7834	Windows 11  (10.0.22631) 64bit (Editor)	True	null	null	null	null	null	null	None	0	null	0	0	null	null	null	null	null	
2024/11/23 15:52:39.328	b135e9c82f3b5af8414a656ace8a78c8d45a7834	Windows 11  (10.0.22631) 64bit (Editor)	True	null	null	null	null	null	null	None	0	null	0	0	null	null	null	null	null	
2024/11/23 15:52:39.335	b135e9c82f3b5af8414a656ace8a78c8d45a7834	Windows 11  (10.0.22631) 64bit (Editor)	True	null	null	null	null	null	null	None	0	null	0	0	null	null	null	null	null	
2024/11/23 15:52:39.343	b135e9c82f3b5af8414a656ace8a78c8d45a7834	Windows 11  (10.0.22631) 64bit (Editor)	True	null	null	null	null	null	null	None	0	null	0	0	null	null	null	null	null	
2024/11/23 15:52:39.349	b135e9c82f3b5af8414a656ace8a78c8d45a7834	Windows 11  (10.0.22631) 64bit (Editor)	True	null	null	null	null	null	null	None	0	null	0	0	null	null	null	null	null	
2024/11/23 15:52:39.357	b135e9c82f3b5af8414a656ace8a78c8d45a7834	Windows 11  (10.0.22631) 64bit (Editor)	True	null	null	null	null	null	null	None	0	null	0	0	null	null	null	null	null	
2024/11/23 15:52:39.364	b135e9c82f3b5af8414a656ace8a78c8d45a7834	Windows 11  (10.0.22631) 64bit (Editor)	True	null	null	null	null	null	null	None	0	null	0	0	null	null	null	null	null	
2024/11/23 15:52:39.371	b135e9c82f3b5af8414a656ace8a78c8d45a7834	Windows 11  (10.0.22631) 64bit (Editor)	True	null	null	null	null	null	null	None	0	null	0	0	null	null	null	null	null	
2024/11/23 15:52:39.378	b135e9c82f3b5af8414a656ace8a78c8d45a7834	Windows 11  (10.0.22631) 64bit (Editor)	True	null	null	null	null	null	null	None	0	null	0	0	null	null	null	null	null	
2024/11/23 15:52:39.385	b135e9c82f3b5af8414a656ace8a78c8d45a7834	Windows 11  (10.0.22631) 64bit (Editor)	True	null	null	null	null	null	null	None	0	null	0	0	null	null	null	null	null	
2024/11/23 15:52:39.405	b135e9c82f3b5af8414a656ace8a78c8d45a7834	Windows 11  (10.0.22631) 64bit (Editor)	True	null	null	null	null	null	null	None	0	null	0	0	null	null	null	null	null	
2024/11/23 15:52:39.419	b135e9c82f3b5af8414a656ace8a78c8d45a7834	Windows 11  (10.0.22631) 64bit (Editor)	True	null	null	null	null	null	null	None	0	null	0	0	null	null	null	null	null	
2024/11/23 15:52:39.426	b135e9c82f3b5af8414a656ace8a78c8d45a7834	Windows 11  (10.0.22631) 64bit (Editor)	True	null	null	null	null	null	null	None	0	null	0	0	null	null	null	null	null	
2024/11/23 15:52:39.433	b135e9c82f3b5af8414a656ace8a78c8d45a7834	Windows 11  (10.0.22631) 64bit (Editor)	True	null	null	null	null	null	null	None	0	null	0	0	null	null	null	null	null	
2024/11/23 15:52:39.442	b135e9c82f3b5af8414a656ace8a78c8d45a7834	Windows 11  (10.0.22631) 64bit (Editor)	True	null	null	null	null	null	null	None	0	null	0	0	null	null	null	null	null	
2024/11/23 15:52:39.450	b135e9c82f3b5af8414a656ace8a78c8d45a7834	Windows 11  (10.0.22631) 64bit (Editor)	True	null	null	null	null	null	null	None	0	null	0	0	null	null	null	null	null	
2024/11/23 15:52:39.459	b135e9c82f3b5af8414a656ace8a78c8d45a7834	Windows 11  (10.0.22631) 64bit (Editor)	True	null	null	null	null	null	null	None	0	null	0	0	null	null	null	null	null	
2024/11/23 15:52:39.476	b135e9c82f3b5af8414a656ace8a78c8d45a7834	Windows 11  (10.0.22631) 64bit (Editor)	True	null	null	null	null	null	null	None	0	null	0	0	null	null	null	null	null	
2024/11/23 15:52:39.486	b135e9c82f3b5af8414a656ace8a78c8d45a7834	Windows 11  (10.0.22631) 64bit (Editor)	True	null	null	null	null	null	null	None	0	null	0	0	null	null	null	null	null	
2024/11/23 15:52:39.493	b135e9c82f3b5af8414a656ace8a78c8d45a7834	Windows 11  (10.0.22631) 64bit (Editor)	True	null	null	null	null	null	null	None	0	null	0	0	null	null	null	null	null	
2024/11/23 15:52:39.504	b135e9c82f3b5af8414a656ace8a78c8d45a7834	Windows 11  (10.0.22631) 64bit (Editor)	True	null	null	null	null	null	null	None	0	null	0	0	null	null	null	null	null	
2024/11/23 15:52:39.512	b135e9c82f3b5af8414a656ace8a78c8d45a7834	Windows 11  (10.0.22631) 64bit (Editor)	True	null	null	null	null	null	null	None	0	null	0	0	null	null	null	null	null	
2024/11/23 15:52:39.520	b135e9c82f3b5af8414a656ace8a78c8d45a7834	Windows 11  (10.0.22631) 64bit (Editor)	True	null	null	null	null	null	null	None	0	null	0	0	null	null	null	null	null	
2024/11/23 15:52:39.527	b135e9c82f3b5af8414a656ace8a78c8d45a7834	Windows 11  (10.0.22631) 64bit (Editor)	True	null	null	null	null	null	null	None	0	null	0	0	null	null	null	null	null	
2024/11/23 15:52:39.535	b135e9c82f3b5af8414a656ace8a78c8d45a7834	Windows 11  (10.0.22631) 64bit (Editor)	True	null	null	null	null	null	null	None	0	null	0	0	null	null	null	null	null	
2024/11/23 15:52:39.543	b135e9c82f3b5af8414a656ace8a78c8d45a7834	Windows 11  (10.0.22631) 64bit (Editor)	True	null	null	null	null	null	null	None	0	null	0	0	null	null	null	null	null	
2024/11/23 15:52:39.551	b135e9c82f3b5af8414a656ace8a78c8d45a7834	Windows 11  (10.0.22631) 64bit (Editor)	True	null	null	null	null	null	null	None	0	null	0	0	null	null	null	null	null	
2024/11/23 15:52:39.558	b135e9c82f3b5af8414a656ace8a78c8d45a7834	Windows 11  (10.0.22631) 64bit (Editor)	True	null	null	null	null	null	null	None	0	null	0	0	null	null	null	null	null	
2024/11/23 15:52:39.564	b135e9c82f3b5af8414a656ace8a78c8d45a7834	Windows 11  (10.0.22631) 64bit (Editor)	True	null	null	null	null	null	null	None	0	null	0	0	null	null	null	null	null	
2024/11/23 15:52:39.572	b135e9c82f3b5af8414a656ace8a78c8d45a7834	Windows 11  (10.0.22631) 64bit (Editor)	True	null	null	null	null	null	null	None	0	null	0	0	null	null	null	null	null	
2024/11/23 15:52:39.578	b135e9c82f3b5af8414a656ace8a78c8d45a7834	Windows 11  (10.0.22631) 64bit (Editor)	True	null	null	null	null	null	null	None	0	null	0	0	null	null	null	null	null	
2024/11/23 15:52:39.585	b135e9c82f3b5af8414a656ace8a78c8d45a7834	Windows 11  (10.0.22631) 64bit (Editor)	True	null	null	null	null	null	null	None	0	null	0	0	null	null	null	null	null	
2024/11/23 15:52:39.592	b135e9c82f3b5af8414a656ace8a78c8d45a7834	Windows 11  (10.0.22631) 64bit (Editor)	True	null	null	null	null	null	null	None	0	null	0	0	null	null	null	null	null	
2024/11/23 15:52:39.599	b135e9c82f3b5af8414a656ace8a78c8d45a7834	Windows 11  (10.0.22631) 64bit (Editor)	True	null	null	null	null	null	null	None	0	null	0	0	null	null	null	null	null	
2024/11/23 15:52:39.607	b135e9c82f3b5af8414a656ace8a78c8d45a7834	Windows 11  (10.0.22631) 64bit (Editor)	True	null	null	null	null	null	null	None	0	null	0	0	null	null	null	null	null	
2024/11/23 15:52:39.614	b135e9c82f3b5af8414a656ace8a78c8d45a7834	Windows 11  (10.0.22631) 64bit (Editor)	True	null	null	null	null	null	null	None	0	null	0	0	null	null	null	null	null	
2024/11/23 15:52:39.630	b135e9c82f3b5af8414a656ace8a78c8d45a7834	Windows 11  (10.0.22631) 64bit (Editor)	True	null	null	null	null	null	null	None	0	null	0	0	null	null	null	null	null	
2024/11/23 15:52:39.639	b135e9c82f3b5af8414a656ace8a78c8d45a7834	Windows 11  (10.0.22631) 64bit (Editor)	True	null	null	null	null	null	null	None	0	null	0	0	null	null	null	null	null	
2024/11/23 15:52:39.646	b135e9c82f3b5af8414a656ace8a78c8d45a7834	Windows 11  (10.0.22631) 64bit (Editor)	True	null	null	null	null	null	null	None	0	null	0	0	null	null	null	null	null	
2024/11/23 15:52:39.654	b135e9c82f3b5af8414a656ace8a78c8d45a7834	Windows 11  (10.0.22631) 64bit (Editor)	True	null	null	null	null	null	null	None	0	null	0	0	null	null	null	null	null	
2024/11/23 15:52:39.661	b135e9c82f3b5af8414a656ace8a78c8d45a7834	Windows 11  (10.0.22631) 64bit (Editor)	True	null	null	null	null	null	null	None	0	null	0	0	null	null	null	null	null	
2024/11/23 15:52:39.668	b135e9c82f3b5af8414a656ace8a78c8d45a7834	Windows 11  (10.0.22631) 64bit (Editor)	True	null	null	null	null	null	null	None	0	null	0	0	null	null	null	null	null	
2024/11/23 15:52:39.676	b135e9c82f3b5af8414a656ace8a78c8d45a7834	Windows 11  (10.0.22631) 64bit (Editor)	True	null	null	null	null	null	null	None	0	null	0	0	null	null	null	null	null	
2024/11/23 15:52:39.682	b135e9c82f3b5af8414a656ace8a78c8d45a7834	Windows 11  (10.0.22631) 64bit (Editor)	True	null	null	null	null	null	null	None	0	null	0	0	null	null	null	null	null	
2024/11/23 15:52:39.689	b135e9c82f3b5af8414a656ace8a78c8d45a7834	Windows 11  (10.0.22631) 64bit (Editor)	True	null	null	null	null	null	null	None	0	null	0	0	null	null	null	null	null	
2024/11/23 15:52:39.696	b135e9c82f3b5af8414a656ace8a78c8d45a7834	Windows 11  (10.0.22631) 64bit (Editor)	True	null	null	null	null	null	null	None	0	null	0	0	null	null	null	null	null	
2024/11/23 15:52:39.703	b135e9c82f3b5af8414a656ace8a78c8d45a7834	Windows 11  (10.0.22631) 64bit (Editor)	True	null	null	null	null	null	null	None	0	null	0	0	null	null	null	null	null	
2024/11/23 15:52:39.710	b135e9c82f3b5af8414a656ace8a78c8d45a7834	Windows 11  (10.0.22631) 64bit (Editor)	True	null	null	null	null	null	null	None	0	null	0	0	null	null	null	null	null	
2024/11/23 15:52:39.717	b135e9c82f3b5af8414a656ace8a78c8d45a7834	Windows 11  (10.0.22631) 64bit (Editor)	True	null	null	null	null	null	null	None	0	null	0	0	null	null	null	null	null	
2024/11/23 15:52:39.723	b135e9c82f3b5af8414a656ace8a78c8d45a7834	Windows 11  (10.0.22631) 64bit (Editor)	True	null	null	null	null	null	null	None	0	null	0	0	null	null	null	null	null	
2024/11/23 15:52:39.730	b135e9c82f3b5af8414a656ace8a78c8d45a7834	Windows 11  (10.0.22631) 64bit (Editor)	True	null	null	null	null	null	null	None	0	null	0	0	null	null	null	null	null	
2024/11/23 15:52:39.743	b135e9c82f3b5af8414a656ace8a78c8d45a7834	Windows 11  (10.0.22631) 64bit (Editor)	True	null	null	null	null	null	null	None	0	null	0	0	null	null	null	null	null	
2024/11/23 15:52:39.752	b135e9c82f3b5af8414a656ace8a78c8d45a7834	Windows 11  (10.0.22631) 64bit (Editor)	True	null	null	null	null	null	null	None	0	null	0	0	null	null	null	null	null	
2024/11/23 15:52:39.758	b135e9c82f3b5af8414a656ace8a78c8d45a7834	Windows 11  (10.0.22631) 64bit (Editor)	True	null	null	null	null	null	null	None	0	null	0	0	null	null	null	null	null	
2024/11/23 15:52:39.765	b135e9c82f3b5af8414a656ace8a78c8d45a7834	Windows 11  (10.0.22631) 64bit (Editor)	True	null	null	null	null	null	null	None	0	null	0	0	null	null	null	null	null	
2024/11/23 15:52:39.784	b135e9c82f3b5af8414a656ace8a78c8d45a7834	Windows 11  (10.0.22631) 64bit (Editor)	True	null	null	null	null	null	null	None	0	null	0	0	null	null	null	null	null	
2024/11/23 15:52:39.791	b135e9c82f3b5af8414a656ace8a78c8d45a7834	Windows 11  (10.0.22631) 64bit (Editor)	True	null	null	null	null	null	null	None	0	null	0	0	null	null	null	null	null	
2024/11/23 15:52:39.799	b135e9c82f3b5af8414a656ace8a78c8d45a7834	Windows 11  (10.0.22631) 64bit (Editor)	True	null	null	null	null	null	null	None	0	null	0	0	null	null	null	null	null	
2024/11/23 15:52:39.806	b135e9c82f3b5af8414a656ace8a78c8d45a7834	Windows 11  (10.0.22631) 64bit (Editor)	True	null	null	null	null	null	null	None	0	null	0	0	null	null	null	null	null	
2024/11/23 15:52:39.814	b135e9c82f3b5af8414a656ace8a78c8d45a7834	Windows 11  (10.0.22631) 64bit (Editor)	True	null	null	null	null	null	null	None	0	null	0	0	null	null	null	null	null	
2024/11/23 15:52:39.821	b135e9c82f3b5af8414a656ace8a78c8d45a7834	Windows 11  (10.0.22631) 64bit (Editor)	True	null	null	null	null	null	null	None	0	null	0	0	null	null	null	null	null	
2024/11/23 15:52:39.828	b135e9c82f3b5af8414a656ace8a78c8d45a7834	Windows 11  (10.0.22631) 64bit (Editor)	True	null	null	null	null	null	null	None	0	null	0	0	null	null	null	null	null	
2024/11/23 15:52:39.836	b135e9c82f3b5af8414a656ace8a78c8d45a7834	Windows 11  (10.0.22631) 64bit (Editor)	True	null	null	null	null	null	null	None	0	null	0	0	null	null	null	null	null	
2024/11/23 15:52:39.844	b135e9c82f3b5af8414a656ace8a78c8d45a7834	Windows 11  (10.0.22631) 64bit (Editor)	True	null	null	null	null	null	null	None	0	null	0	0	null	null	null	null	null	
2024/11/23 15:52:39.850	b135e9c82f3b5af8414a656ace8a78c8d45a7834	Windows 11  (10.0.22631) 64bit (Editor)	True	null	null	null	null	null	null	None	0	null	0	0	null	null	null	null	null	
2024/11/23 15:52:39.859	b135e9c82f3b5af8414a656ace8a78c8d45a7834	Windows 11  (10.0.22631) 64bit (Editor)	True	null	null	null	null	null	null	None	0	null	0	0	null	null	null	null	null	
2024/11/23 15:52:39.865	b135e9c82f3b5af8414a656ace8a78c8d45a7834	Windows 11  (10.0.22631) 64bit (Editor)	True	null	null	null	null	null	null	None	0	null	0	0	null	null	null	null	null	
2024/11/23 15:52:39.874	b135e9c82f3b5af8414a656ace8a78c8d45a7834	Windows 11  (10.0.22631) 64bit (Editor)	True	null	null	null	null	null	null	None	0	null	0	0	null	null	null	null	null	
2024/11/23 15:52:39.880	b135e9c82f3b5af8414a656ace8a78c8d45a7834	Windows 11  (10.0.22631) 64bit (Editor)	True	null	null	null	null	null	null	None	0	null	0	0	null	null	null	null	null	
2024/11/23 15:52:39.888	b135e9c82f3b5af8414a656ace8a78c8d45a7834	Windows 11  (10.0.22631) 64bit (Editor)	True	null	null	null	null	null	null	None	0	null	0	0	null	null	null	null	null	
2024/11/23 15:52:39.895	b135e9c82f3b5af8414a656ace8a78c8d45a7834	Windows 11  (10.0.22631) 64bit (Editor)	True	null	null	null	null	null	null	None	0	null	0	0	null	null	null	null	null	
2024/11/23 15:52:39.903	b135e9c82f3b5af8414a656ace8a78c8d45a7834	Windows 11  (10.0.22631) 64bit (Editor)	True	null	null	null	null	null	null	None	0	null	0	0	null	null	null	null	null	
2024/11/23 15:52:39.909	b135e9c82f3b5af8414a656ace8a78c8d45a7834	Windows 11  (10.0.22631) 64bit (Editor)	True	null	null	null	null	null	null	None	0	null	0	0	null	null	null	null	null	
2024/11/23 15:52:39.917	b135e9c82f3b5af8414a656ace8a78c8d45a7834	Windows 11  (10.0.22631) 64bit (Editor)	True	null	null	null	null	null	null	None	0	null	0	0	null	null	null	null	null	
2024/11/23 15:52:39.936	b135e9c82f3b5af8414a656ace8a78c8d45a7834	Windows 11  (10.0.22631) 64bit (Editor)	True	null	null	null	null	null	null	None	0	null	0	0	null	null	null	null	null	
2024/11/23 15:52:39.944	b135e9c82f3b5af8414a656ace8a78c8d45a7834	Windows 11  (10.0.22631) 64bit (Editor)	True	null	null	null	null	null	null	None	0	null	0	0	null	null	null	null	null	
2024/11/23 15:52:39.954	b135e9c82f3b5af8414a656ace8a78c8d45a7834	Windows 11  (10.0.22631) 64bit (Editor)	True	null	null	null	null	null	null	None	0	null	0	0	null	null	null	null	null	
2024/11/23 15:52:39.962	b135e9c82f3b5af8414a656ace8a78c8d45a7834	Windows 11  (10.0.22631) 64bit (Editor)	True	null	null	null	null	null	null	None	0	null	0	0	null	null	null	null	null	
2024/11/23 15:52:39.972	b135e9c82f3b5af8414a656ace8a78c8d45a7834	Windows 11  (10.0.22631) 64bit (Editor)	True	null	null	null	null	null	null	None	0	null	0	0	null	null	null	null	null	
2024/11/23 15:52:39.980	b135e9c82f3b5af8414a656ace8a78c8d45a7834	Windows 11  (10.0.22631) 64bit (Editor)	True	null	null	null	null	null	null	None	0	null	0	0	null	null	null	null	null	
2024/11/23 15:52:39.989	b135e9c82f3b5af8414a656ace8a78c8d45a7834	Windows 11  (10.0.22631) 64bit (Editor)	True	null	null	null	null	null	null	None	0	null	0	0	null	null	null	null	null	
2024/11/23 15:52:39.998	b135e9c82f3b5af8414a656ace8a78c8d45a7834	Windows 11  (10.0.22631) 64bit (Editor)	True	null	null	null	null	null	null	None	0	null	0	0	null	null	null	null	null	
2024/11/23 15:52:40.007	b135e9c82f3b5af8414a656ace8a78c8d45a7834	Windows 11  (10.0.22631) 64bit (Editor)	True	null	null	null	null	null	null	None	0	null	0	0	null	null	null	null	null	
2024/11/23 15:52:40.016	b135e9c82f3b5af8414a656ace8a78c8d45a7834	Windows 11  (10.0.22631) 64bit (Editor)	True	null	null	null	null	null	null	None	0	null	0	0	null	null	null	null	null	
2024/11/23 15:52:40.027	b135e9c82f3b5af8414a656ace8a78c8d45a7834	Windows 11  (10.0.22631) 64bit (Editor)	True	null	null	null	null	null	null	None	0	null	0	0	null	null	null	null	null	
2024/11/23 15:52:40.041	b135e9c82f3b5af8414a656ace8a78c8d45a7834	Windows 11  (10.0.22631) 64bit (Editor)	True	null	null	null	null	null	null	None	0	null	0	0	null	null	null	null	null	
2024/11/23 15:52:40.051	b135e9c82f3b5af8414a656ace8a78c8d45a7834	Windows 11  (10.0.22631) 64bit (Editor)	True	null	null	null	null	null	null	None	0	null	0	0	null	null	null	null	null	
2024/11/23 15:52:40.061	b135e9c82f3b5af8414a656ace8a78c8d45a7834	Windows 11  (10.0.22631) 64bit (Editor)	True	null	null	null	null	null	null	None	0	null	0	0	null	null	null	null	null	
2024/11/23 15:52:40.070	b135e9c82f3b5af8414a656ace8a78c8d45a7834	Windows 11  (10.0.22631) 64bit (Editor)	True	null	null	null	null	null	null	None	0	null	0	0	null	null	null	null	null	
2024/11/23 15:52:40.091	b135e9c82f3b5af8414a656ace8a78c8d45a7834	Windows 11  (10.0.22631) 64bit (Editor)	True	null	null	null	null	null	null	None	0	null	0	0	null	null	null	null	null	
2024/11/23 15:52:40.098	b135e9c82f3b5af8414a656ace8a78c8d45a7834	Windows 11  (10.0.22631) 64bit (Editor)	True	null	null	null	null	null	null	None	0	null	0	0	null	null	null	null	null	
2024/11/23 15:52:40.108	b135e9c82f3b5af8414a656ace8a78c8d45a7834	Windows 11  (10.0.22631) 64bit (Editor)	True	null	null	null	null	null	null	None	0	null	0	0	null	null	null	null	null	
2024/11/23 15:52:40.115	b135e9c82f3b5af8414a656ace8a78c8d45a7834	Windows 11  (10.0.22631) 64bit (Editor)	True	null	null	null	null	null	null	None	0	null	0	0	null	null	null	null	null	
2024/11/23 15:52:40.123	b135e9c82f3b5af8414a656ace8a78c8d45a7834	Windows 11  (10.0.22631) 64bit (Editor)	True	null	null	null	null	null	null	None	0	null	0	0	null	null	null	null	null	
2024/11/23 15:52:40.129	b135e9c82f3b5af8414a656ace8a78c8d45a7834	Windows 11  (10.0.22631) 64bit (Editor)	True	null	null	null	null	null	null	None	0	null	0	0	null	null	null	null	null	
2024/11/23 15:52:40.137	b135e9c82f3b5af8414a656ace8a78c8d45a7834	Windows 11  (10.0.22631) 64bit (Editor)	True	null	null	null	null	null	null	None	0	null	0	0	null	null	null	null	null	
2024/11/23 15:52:40.144	b135e9c82f3b5af8414a656ace8a78c8d45a7834	Windows 11  (10.0.22631) 64bit (Editor)	True	null	null	null	null	null	null	None	0	null	0	0	null	null	null	null	null	
2024/11/23 15:52:40.151	b135e9c82f3b5af8414a656ace8a78c8d45a7834	Windows 11  (10.0.22631) 64bit (Editor)	True	null	null	null	null	null	null	None	0	null	0	0	null	null	null	null	null	
2024/11/23 15:52:40.157	b135e9c82f3b5af8414a656ace8a78c8d45a7834	Windows 11  (10.0.22631) 64bit (Editor)	True	null	null	null	null	null	null	None	0	null	0	0	null	null	null	null	null	
2024/11/23 15:52:40.164	b135e9c82f3b5af8414a656ace8a78c8d45a7834	Windows 11  (10.0.22631) 64bit (Editor)	True	null	null	null	null	null	null	None	0	null	0	0	null	null	null	null	null	
2024/11/23 15:52:40.171	b135e9c82f3b5af8414a656ace8a78c8d45a7834	Windows 11  (10.0.22631) 64bit (Editor)	True	null	null	null	null	null	null	None	0	null	0	0	null	null	null	null	null	
2024/11/23 15:52:40.177	b135e9c82f3b5af8414a656ace8a78c8d45a7834	Windows 11  (10.0.22631) 64bit (Editor)	True	null	null	null	null	null	null	None	0	null	0	0	null	null	null	null	null	
2024/11/23 15:52:40.185	b135e9c82f3b5af8414a656ace8a78c8d45a7834	Windows 11  (10.0.22631) 64bit (Editor)	True	null	null	null	null	null	null	None	0	null	0	0	null	null	null	null	null	
2024/11/23 15:52:40.191	b135e9c82f3b5af8414a656ace8a78c8d45a7834	Windows 11  (10.0.22631) 64bit (Editor)	True	null	null	null	null	null	null	None	0	null	0	0	null	null	null	null	null	
2024/11/23 15:52:40.197	b135e9c82f3b5af8414a656ace8a78c8d45a7834	Windows 11  (10.0.22631) 64bit (Editor)	True	null	null	null	null	null	null	None	0	null	0	0	null	null	null	null	null	
2024/11/23 15:52:40.205	b135e9c82f3b5af8414a656ace8a78c8d45a7834	Windows 11  (10.0.22631) 64bit (Editor)	True	null	null	null	null	null	null	None	0	null	0	0	null	null	null	null	null	
2024/11/23 15:52:40.212	b135e9c82f3b5af8414a656ace8a78c8d45a7834	Windows 11  (10.0.22631) 64bit (Editor)	True	null	null	null	null	null	null	None	0	null	0	0	null	null	null	null	null	
2024/11/23 15:52:40.219	b135e9c82f3b5af8414a656ace8a78c8d45a7834	Windows 11  (10.0.22631) 64bit (Editor)	True	null	null	null	null	null	null	None	0	null	0	0	null	null	null	null	null	
2024/11/23 15:52:40.226	b135e9c82f3b5af8414a656ace8a78c8d45a7834	Windows 11  (10.0.22631) 64bit (Editor)	True	null	null	null	null	null	null	None	0	null	0	0	null	null	null	null	null	
2024/11/23 15:52:40.246	b135e9c82f3b5af8414a656ace8a78c8d45a7834	Windows 11  (10.0.22631) 64bit (Editor)	True	null	null	null	null	null	null	None	0	null	0	0	null	null	null	null	null	
2024/11/23 15:52:40.257	b135e9c82f3b5af8414a656ace8a78c8d45a7834	Windows 11  (10.0.22631) 64bit (Editor)	True	null	null	null	null	null	null	None	0	null	0	0	null	null	null	null	null	
2024/11/23 15:52:40.267	b135e9c82f3b5af8414a656ace8a78c8d45a7834	Windows 11  (10.0.22631) 64bit (Editor)	True	null	null	null	null	null	null	None	0	null	0	0	null	null	null	null	null	
2024/11/23 15:52:40.279	b135e9c82f3b5af8414a656ace8a78c8d45a7834	Windows 11  (10.0.22631) 64bit (Editor)	True	null	null	null	null	null	null	None	0	null	0	0	null	null	null	null	null	
2024/11/23 15:52:40.288	b135e9c82f3b5af8414a656ace8a78c8d45a7834	Windows 11  (10.0.22631) 64bit (Editor)	True	null	null	null	null	null	null	None	0	null	0	0	null	null	null	null	null	
2024/11/23 15:52:40.298	b135e9c82f3b5af8414a656ace8a78c8d45a7834	Windows 11  (10.0.22631) 64bit (Editor)	True	null	null	null	null	null	null	None	0	null	0	0	null	null	null	null	null	
2024/11/23 15:52:40.311	b135e9c82f3b5af8414a656ace8a78c8d45a7834	Windows 11  (10.0.22631) 64bit (Editor)	True	null	null	null	null	null	null	None	0	null	0	0	null	null	null	null	null	
2024/11/23 15:52:40.323	b135e9c82f3b5af8414a656ace8a78c8d45a7834	Windows 11  (10.0.22631) 64bit (Editor)	True	null	null	null	null	null	null	None	0	null	0	0	null	null	null	null	null	
2024/11/23 15:52:40.330	b135e9c82f3b5af8414a656ace8a78c8d45a7834	Windows 11  (10.0.22631) 64bit (Editor)	True	null	null	null	null	null	null	None	0	null	0	0	null	null	null	null	null	
2024/11/23 15:52:40.343	b135e9c82f3b5af8414a656ace8a78c8d45a7834	Windows 11  (10.0.22631) 64bit (Editor)	True	null	null	null	null	null	null	None	0	null	0	0	null	null	null	null	null	
2024/11/23 15:52:40.363	b135e9c82f3b5af8414a656ace8a78c8d45a7834	Windows 11  (10.0.22631) 64bit (Editor)	True	null	null	null	null	null	null	None	0	null	0	0	null	null	null	null	null	
2024/11/23 15:52:40.375	b135e9c82f3b5af8414a656ace8a78c8d45a7834	Windows 11  (10.0.22631) 64bit (Editor)	True	null	null	null	null	null	null	None	0	null	0	0	null	null	null	null	null	
2024/11/23 15:52:40.385	b135e9c82f3b5af8414a656ace8a78c8d45a7834	Windows 11  (10.0.22631) 64bit (Editor)	True	null	null	null	null	null	null	None	0	null	0	0	null	null	null	null	null	
2024/11/23 15:52:40.406	b135e9c82f3b5af8414a656ace8a78c8d45a7834	Windows 11  (10.0.22631) 64bit (Editor)	True	null	null	null	null	null	null	None	0	null	0	0	null	null	null	null	null	
2024/11/23 15:52:40.414	b135e9c82f3b5af8414a656ace8a78c8d45a7834	Windows 11  (10.0.22631) 64bit (Editor)	True	null	null	null	null	null	null	None	0	null	0	0	null	null	null	null	null	
2024/11/23 15:52:40.425	b135e9c82f3b5af8414a656ace8a78c8d45a7834	Windows 11  (10.0.22631) 64bit (Editor)	True	null	null	null	null	null	null	None	0	null	0	0	null	null	null	null	null	
2024/11/23 15:52:40.433	b135e9c82f3b5af8414a656ace8a78c8d45a7834	Windows 11  (10.0.22631) 64bit (Editor)	True	null	null	null	null	null	null	None	0	null	0	0	null	null	null	null	null	
2024/11/23 15:52:40.440	b135e9c82f3b5af8414a656ace8a78c8d45a7834	Windows 11  (10.0.22631) 64bit (Editor)	True	null	null	null	null	null	null	None	0	null	0	0	null	null	null	null	null	
2024/11/23 15:52:40.448	b135e9c82f3b5af8414a656ace8a78c8d45a7834	Windows 11  (10.0.22631) 64bit (Editor)	True	null	null	null	null	null	null	None	0	null	0	0	null	null	null	null	null	
2024/11/23 15:52:40.457	b135e9c82f3b5af8414a656ace8a78c8d45a7834	Windows 11  (10.0.22631) 64bit (Editor)	True	null	null	null	null	null	null	None	0	null	0	0	null	null	null	null	null	
2024/11/23 15:52:40.465	b135e9c82f3b5af8414a656ace8a78c8d45a7834	Windows 11  (10.0.22631) 64bit (Editor)	True	null	null	null	null	null	null	None	0	null	0	0	null	null	null	null	null	
2024/11/23 15:52:40.474	b135e9c82f3b5af8414a656ace8a78c8d45a7834	Windows 11  (10.0.22631) 64bit (Editor)	True	null	null	null	null	null	null	None	0	null	0	0	null	null	null	null	null	
2024/11/23 15:52:40.483	b135e9c82f3b5af8414a656ace8a78c8d45a7834	Windows 11  (10.0.22631) 64bit (Editor)	True	null	null	null	null	null	null	None	0	null	0	0	null	null	null	null	null	
2024/11/23 15:52:40.490	b135e9c82f3b5af8414a656ace8a78c8d45a7834	Windows 11  (10.0.22631) 64bit (Editor)	True	null	null	null	null	null	null	None	0	null	0	0	null	null	null	null	null	
2024/11/23 15:52:40.498	b135e9c82f3b5af8414a656ace8a78c8d45a7834	Windows 11  (10.0.22631) 64bit (Editor)	True	null	null	null	null	null	null	None	0	null	0	0	null	null	null	null	null	
2024/11/23 15:52:40.508	b135e9c82f3b5af8414a656ace8a78c8d45a7834	Windows 11  (10.0.22631) 64bit (Editor)	True	null	null	null	null	null	null	None	0	null	0	0	null	null	null	null	null	
2024/11/23 15:52:40.515	b135e9c82f3b5af8414a656ace8a78c8d45a7834	Windows 11  (10.0.22631) 64bit (Editor)	True	null	null	null	null	null	null	None	0	null	0	0	null	null	null	null	null	
2024/11/23 15:52:40.522	b135e9c82f3b5af8414a656ace8a78c8d45a7834	Windows 11  (10.0.22631) 64bit (Editor)	True	null	null	null	null	null	null	None	0	null	0	0	null	null	null	null	null	
2024/11/23 15:52:40.528	b135e9c82f3b5af8414a656ace8a78c8d45a7834	Windows 11  (10.0.22631) 64bit (Editor)	True	null	null	null	null	null	null	None	0	null	0	0	null	null	null	null	null	
2024/11/23 15:52:40.536	b135e9c82f3b5af8414a656ace8a78c8d45a7834	Windows 11  (10.0.22631) 64bit (Editor)	True	null	null	null	null	null	null	None	0	null	0	0	null	null	null	null	null	
2024/11/23 15:52:40.553	b135e9c82f3b5af8414a656ace8a78c8d45a7834	Windows 11  (10.0.22631) 64bit (Editor)	True	null	null	null	null	null	null	None	0	null	0	0	null	null	null	null	null	
2024/11/23 15:52:40.561	b135e9c82f3b5af8414a656ace8a78c8d45a7834	Windows 11  (10.0.22631) 64bit (Editor)	True	null	null	null	null	null	null	None	0	null	0	0	null	null	null	null	null	
2024/11/23 15:52:40.570	b135e9c82f3b5af8414a656ace8a78c8d45a7834	Windows 11  (10.0.22631) 64bit (Editor)	True	null	null	null	null	null	null	None	0	null	0	0	null	null	null	null	null	
2024/11/23 15:52:40.578	b135e9c82f3b5af8414a656ace8a78c8d45a7834	Windows 11  (10.0.22631) 64bit (Editor)	True	null	null	null	null	null	null	None	0	null	0	0	null	null	null	null	null	
2024/11/23 15:52:40.586	b135e9c82f3b5af8414a656ace8a78c8d45a7834	Windows 11  (10.0.22631) 64bit (Editor)	True	null	null	null	null	null	null	None	0	null	0	0	null	null	null	null	null	
2024/11/23 15:52:40.594	b135e9c82f3b5af8414a656ace8a78c8d45a7834	Windows 11  (10.0.22631) 64bit (Editor)	True	null	null	null	null	null	null	None	0	null	0	0	null	null	null	null	null	
2024/11/23 15:52:40.602	b135e9c82f3b5af8414a656ace8a78c8d45a7834	Windows 11  (10.0.22631) 64bit (Editor)	True	null	null	null	null	null	null	None	0	null	0	0	null	null	null	null	null	
2024/11/23 15:52:40.608	b135e9c82f3b5af8414a656ace8a78c8d45a7834	Windows 11  (10.0.22631) 64bit (Editor)	True	null	null	null	null	null	null	None	0	null	0	0	null	null	null	null	null	
2024/11/23 15:52:40.617	b135e9c82f3b5af8414a656ace8a78c8d45a7834	Windows 11  (10.0.22631) 64bit (Editor)	True	null	null	null	null	null	null	None	0	null	0	0	null	null	null	null	null	
2024/11/23 15:52:40.624	b135e9c82f3b5af8414a656ace8a78c8d45a7834	Windows 11  (10.0.22631) 64bit (Editor)	True	null	null	null	null	null	null	None	0	null	0	0	null	null	null	null	null	
2024/11/23 15:52:40.629	b135e9c82f3b5af8414a656ace8a78c8d45a7834	Windows 11  (10.0.22631) 64bit (Editor)	True	null	null	null	null	null	null	None	0	null	0	0	null	null	null	null	null	
2024/11/23 15:52:40.638	b135e9c82f3b5af8414a656ace8a78c8d45a7834	Windows 11  (10.0.22631) 64bit (Editor)	True	null	null	null	null	null	null	None	0	null	0	0	null	null	null	null	null	
2024/11/23 15:52:40.644	b135e9c82f3b5af8414a656ace8a78c8d45a7834	Windows 11  (10.0.22631) 64bit (Editor)	True	null	null	null	null	null	null	None	0	null	0	0	null	null	null	null	null	
2024/11/23 15:52:40.652	b135e9c82f3b5af8414a656ace8a78c8d45a7834	Windows 11  (10.0.22631) 64bit (Editor)	True	null	null	null	null	null	null	None	0	null	0	0	null	null	null	null	null	
2024/11/23 15:52:40.659	b135e9c82f3b5af8414a656ace8a78c8d45a7834	Windows 11  (10.0.22631) 64bit (Editor)	True	null	null	null	null	null	null	None	0	null	0	0	null	null	null	null	null	
2024/11/23 15:52:40.666	b135e9c82f3b5af8414a656ace8a78c8d45a7834	Windows 11  (10.0.22631) 64bit (Editor)	True	null	null	null	null	null	null	None	0	null	0	0	null	null	null	null	null	
2024/11/23 15:52:40.674	b135e9c82f3b5af8414a656ace8a78c8d45a7834	Windows 11  (10.0.22631) 64bit (Editor)	True	null	null	null	null	null	null	None	0	null	0	0	null	null	null	null	null	
2024/11/23 15:52:40.682	b135e9c82f3b5af8414a656ace8a78c8d45a7834	Windows 11  (10.0.22631) 64bit (Editor)	True	null	null	null	null	null	null	None	0	null	0	0	null	null	null	null	null	
2024/11/23 15:52:40.690	b135e9c82f3b5af8414a656ace8a78c8d45a7834	Windows 11  (10.0.22631) 64bit (Editor)	True	null	null	null	null	null	null	None	0	null	0	0	null	null	null	null	null	
2024/11/23 15:52:40.707	b135e9c82f3b5af8414a656ace8a78c8d45a7834	Windows 11  (10.0.22631) 64bit (Editor)	True	null	null	null	null	null	null	None	0	null	0	0	null	null	null	null	null	
2024/11/23 15:52:40.715	b135e9c82f3b5af8414a656ace8a78c8d45a7834	Windows 11  (10.0.22631) 64bit (Editor)	True	null	null	null	null	null	null	None	0	null	0	0	null	null	null	null	null	
2024/11/23 15:52:40.724	b135e9c82f3b5af8414a656ace8a78c8d45a7834	Windows 11  (10.0.22631) 64bit (Editor)	True	null	null	null	null	null	null	None	0	null	0	0	null	null	null	null	null	
2024/11/23 15:52:40.732	b135e9c82f3b5af8414a656ace8a78c8d45a7834	Windows 11  (10.0.22631) 64bit (Editor)	True	null	null	null	null	null	null	None	0	null	0	0	null	null	null	null	null	
2024/11/23 15:52:40.744	b135e9c82f3b5af8414a656ace8a78c8d45a7834	Windows 11  (10.0.22631) 64bit (Editor)	True	null	null	null	null	null	null	None	0	null	0	0	null	null	null	null	null	
2024/11/23 15:52:40.752	b135e9c82f3b5af8414a656ace8a78c8d45a7834	Windows 11  (10.0.22631) 64bit (Editor)	True	null	null	null	null	null	null	None	0	null	0	0	null	null	null	null	null	
2024/11/23 15:52:40.760	b135e9c82f3b5af8414a656ace8a78c8d45a7834	Windows 11  (10.0.22631) 64bit (Editor)	True	null	null	null	null	null	null	None	0	null	0	0	null	null	null	null	null	
2024/11/23 15:52:40.772	b135e9c82f3b5af8414a656ace8a78c8d45a7834	Windows 11  (10.0.22631) 64bit (Editor)	True	null	null	null	null	null	null	None	0	null	0	0	null	null	null	null	null	
2024/11/23 15:52:40.782	b135e9c82f3b5af8414a656ace8a78c8d45a7834	Windows 11  (10.0.22631) 64bit (Editor)	True	null	null	null	null	null	null	None	0	null	0	0	null	null	null	null	null	
2024/11/23 15:52:40.791	b135e9c82f3b5af8414a656ace8a78c8d45a7834	Windows 11  (10.0.22631) 64bit (Editor)	True	null	null	null	null	null	null	None	0	null	0	0	null	null	null	null	null	
2024/11/23 15:52:40.798	b135e9c82f3b5af8414a656ace8a78c8d45a7834	Windows 11  (10.0.22631) 64bit (Editor)	True	null	null	null	null	null	null	None	0	null	0	0	null	null	null	null	null	
2024/11/23 15:52:40.808	b135e9c82f3b5af8414a656ace8a78c8d45a7834	Windows 11  (10.0.22631) 64bit (Editor)	True	null	null	null	null	null	null	None	0	null	0	0	null	null	null	null	null	
2024/11/23 15:52:40.817	b135e9c82f3b5af8414a656ace8a78c8d45a7834	Windows 11  (10.0.22631) 64bit (Editor)	True	null	null	null	null	null	null	None	0	null	0	0	null	null	null	null	null	
2024/11/23 15:52:40.825	b135e9c82f3b5af8414a656ace8a78c8d45a7834	Windows 11  (10.0.22631) 64bit (Editor)	True	null	null	null	null	null	null	None	0	null	0	0	null	null	null	null	null	
2024/11/23 15:52:40.834	b135e9c82f3b5af8414a656ace8a78c8d45a7834	Windows 11  (10.0.22631) 64bit (Editor)	True	null	null	null	null	null	null	None	0	null	0	0	null	null	null	null	null	
2024/11/23 15:52:40.841	b135e9c82f3b5af8414a656ace8a78c8d45a7834	Windows 11  (10.0.22631) 64bit (Editor)	True	null	null	null	null	null	null	None	0	null	0	0	null	null	null	null	null	
2024/11/23 15:52:40.857	b135e9c82f3b5af8414a656ace8a78c8d45a7834	Windows 11  (10.0.22631) 64bit (Editor)	True	null	null	null	null	null	null	None	0	null	0	0	null	null	null	null	null	
2024/11/23 15:52:40.864	b135e9c82f3b5af8414a656ace8a78c8d45a7834	Windows 11  (10.0.22631) 64bit (Editor)	True	null	null	null	null	null	null	None	0	null	0	0	null	null	null	null	null	
2024/11/23 15:52:40.873	b135e9c82f3b5af8414a656ace8a78c8d45a7834	Windows 11  (10.0.22631) 64bit (Editor)	True	null	null	null	null	null	null	None	0	null	0	0	null	null	null	null	null	
2024/11/23 15:52:40.879	b135e9c82f3b5af8414a656ace8a78c8d45a7834	Windows 11  (10.0.22631) 64bit (Editor)	True	null	null	null	null	null	null	None	0	null	0	0	null	null	null	null	null	
2024/11/23 15:52:40.887	b135e9c82f3b5af8414a656ace8a78c8d45a7834	Windows 11  (10.0.22631) 64bit (Editor)	True	null	null	null	null	null	null	None	0	null	0	0	null	null	null	null	null	
2024/11/23 15:52:40.894	b135e9c82f3b5af8414a656ace8a78c8d45a7834	Windows 11  (10.0.22631) 64bit (Editor)	True	null	null	null	null	null	null	None	0	null	0	0	null	null	null	null	null	
2024/11/23 15:52:40.902	b135e9c82f3b5af8414a656ace8a78c8d45a7834	Windows 11  (10.0.22631) 64bit (Editor)	True	null	null	null	null	null	null	None	0	null	0	0	null	null	null	null	null	
2024/11/23 15:52:40.908	b135e9c82f3b5af8414a656ace8a78c8d45a7834	Windows 11  (10.0.22631) 64bit (Editor)	True	null	null	null	null	null	null	None	0	null	0	0	null	null	null	null	null	
2024/11/23 15:52:40.915	b135e9c82f3b5af8414a656ace8a78c8d45a7834	Windows 11  (10.0.22631) 64bit (Editor)	True	null	null	null	null	null	null	None	0	null	0	0	null	null	null	null	null	
2024/11/23 15:52:40.923	b135e9c82f3b5af8414a656ace8a78c8d45a7834	Windows 11  (10.0.22631) 64bit (Editor)	True	null	null	null	null	null	null	None	0	null	0	0	null	null	null	null	null	
2024/11/23 15:52:40.929	b135e9c82f3b5af8414a656ace8a78c8d45a7834	Windows 11  (10.0.22631) 64bit (Editor)	True	null	null	null	null	null	null	None	0	null	0	0	null	null	null	null	null	
2024/11/23 15:52:40.937	b135e9c82f3b5af8414a656ace8a78c8d45a7834	Windows 11  (10.0.22631) 64bit (Editor)	True	null	null	null	null	null	null	None	0	null	0	0	null	null	null	null	null	
2024/11/23 15:52:40.945	b135e9c82f3b5af8414a656ace8a78c8d45a7834	Windows 11  (10.0.22631) 64bit (Editor)	True	null	null	null	null	null	null	None	0	null	0	0	null	null	null	null	null	
2024/11/23 15:52:40.951	b135e9c82f3b5af8414a656ace8a78c8d45a7834	Windows 11  (10.0.22631) 64bit (Editor)	True	null	null	null	null	null	null	None	0	null	0	0	null	null	null	null	null	
2024/11/23 15:52:40.959	b135e9c82f3b5af8414a656ace8a78c8d45a7834	Windows 11  (10.0.22631) 64bit (Editor)	True	null	null	null	null	null	null	None	0	null	0	0	null	null	null	null	null	
2024/11/23 15:52:40.966	b135e9c82f3b5af8414a656ace8a78c8d45a7834	Windows 11  (10.0.22631) 64bit (Editor)	True	null	null	null	null	null	null	None	0	null	0	0	null	null	null	null	null	
2024/11/23 15:52:40.973	b135e9c82f3b5af8414a656ace8a78c8d45a7834	Windows 11  (10.0.22631) 64bit (Editor)	True	null	null	null	null	null	null	None	0	null	0	0	null	null	null	null	null	
2024/11/23 15:52:40.980	b135e9c82f3b5af8414a656ace8a78c8d45a7834	Windows 11  (10.0.22631) 64bit (Editor)	True	null	null	null	null	null	null	None	0	null	0	0	null	null	null	null	null	
2024/11/23 15:52:40.988	b135e9c82f3b5af8414a656ace8a78c8d45a7834	Windows 11  (10.0.22631) 64bit (Editor)	True	null	null	null	null	null	null	None	0	null	0	0	null	null	null	null	null	
2024/11/23 15:52:40.997	b135e9c82f3b5af8414a656ace8a78c8d45a7834	Windows 11  (10.0.22631) 64bit (Editor)	True	null	null	null	null	null	null	None	0	null	0	0	null	null	null	null	null	
2024/11/23 15:52:41.014	b135e9c82f3b5af8414a656ace8a78c8d45a7834	Windows 11  (10.0.22631) 64bit (Editor)	True	null	null	null	null	null	null	None	0	null	0	0	null	null	null	null	null	
2024/11/23 15:52:41.022	b135e9c82f3b5af8414a656ace8a78c8d45a7834	Windows 11  (10.0.22631) 64bit (Editor)	True	null	null	null	null	null	null	None	0	null	0	0	null	null	null	null	null	
2024/11/23 15:52:41.028	b135e9c82f3b5af8414a656ace8a78c8d45a7834	Windows 11  (10.0.22631) 64bit (Editor)	True	null	null	null	null	null	null	None	0	null	0	0	null	null	null	null	null	
2024/11/23 15:52:41.036	b135e9c82f3b5af8414a656ace8a78c8d45a7834	Windows 11  (10.0.22631) 64bit (Editor)	True	null	null	null	null	null	null	None	0	null	0	0	null	null	null	null	null	
2024/11/23 15:52:41.044	b135e9c82f3b5af8414a656ace8a78c8d45a7834	Windows 11  (10.0.22631) 64bit (Editor)	True	null	null	null	null	null	null	None	0	null	0	0	null	null	null	null	null	
2024/11/23 15:52:41.051	b135e9c82f3b5af8414a656ace8a78c8d45a7834	Windows 11  (10.0.22631) 64bit (Editor)	True	null	null	null	null	null	null	None	0	null	0	0	null	null	null	null	null	
2024/11/23 15:52:41.058	b135e9c82f3b5af8414a656ace8a78c8d45a7834	Windows 11  (10.0.22631) 64bit (Editor)	True	null	null	null	null	null	null	None	0	null	0	0	null	null	null	null	null	
2024/11/23 15:52:41.064	b135e9c82f3b5af8414a656ace8a78c8d45a7834	Windows 11  (10.0.22631) 64bit (Editor)	True	null	null	null	null	null	null	None	0	null	0	0	null	null	null	null	null	
2024/11/23 15:52:41.071	b135e9c82f3b5af8414a656ace8a78c8d45a7834	Windows 11  (10.0.22631) 64bit (Editor)	True	null	null	null	null	null	null	None	0	null	0	0	null	null	null	null	null	
2024/11/23 15:52:41.078	b135e9c82f3b5af8414a656ace8a78c8d45a7834	Windows 11  (10.0.22631) 64bit (Editor)	True	null	null	null	null	null	null	None	0	null	0	0	null	null	null	null	null	
2024/11/23 15:52:41.086	b135e9c82f3b5af8414a656ace8a78c8d45a7834	Windows 11  (10.0.22631) 64bit (Editor)	True	null	null	null	null	null	null	None	0	null	0	0	null	null	null	null	null	
2024/11/23 15:52:41.092	b135e9c82f3b5af8414a656ace8a78c8d45a7834	Windows 11  (10.0.22631) 64bit (Editor)	True	null	null	null	null	null	null	None	0	null	0	0	null	null	null	null	null	
2024/11/23 15:52:41.100	b135e9c82f3b5af8414a656ace8a78c8d45a7834	Windows 11  (10.0.22631) 64bit (Editor)	True	null	null	null	null	null	null	None	0	null	0	0	null	null	null	null	null	
2024/11/23 15:52:41.107	b135e9c82f3b5af8414a656ace8a78c8d45a7834	Windows 11  (10.0.22631) 64bit (Editor)	True	null	null	null	null	null	null	None	0	null	0	0	null	null	null	null	null	
2024/11/23 15:52:41.114	b135e9c82f3b5af8414a656ace8a78c8d45a7834	Windows 11  (10.0.22631) 64bit (Editor)	True	null	null	null	null	null	null	None	0	null	0	0	null	null	null	null	null	
2024/11/23 15:52:41.122	b135e9c82f3b5af8414a656ace8a78c8d45a7834	Windows 11  (10.0.22631) 64bit (Editor)	True	null	null	null	null	null	null	None	0	null	0	0	null	null	null	null	null	
2024/11/23 15:52:41.130	b135e9c82f3b5af8414a656ace8a78c8d45a7834	Windows 11  (10.0.22631) 64bit (Editor)	True	null	null	null	null	null	null	None	0	null	0	0	null	null	null	null	null	
2024/11/23 15:52:41.138	b135e9c82f3b5af8414a656ace8a78c8d45a7834	Windows 11  (10.0.22631) 64bit (Editor)	True	null	null	null	null	null	null	None	0	null	0	0	null	null	null	null	null	
2024/11/23 15:52:41.145	b135e9c82f3b5af8414a656ace8a78c8d45a7834	Windows 11  (10.0.22631) 64bit (Editor)	True	null	null	null	null	null	null	None	0	null	0	0	null	null	null	null	null	
2024/11/23 15:52:41.154	b135e9c82f3b5af8414a656ace8a78c8d45a7834	Windows 11  (10.0.22631) 64bit (Editor)	True	null	null	null	null	null	null	None	0	null	0	0	null	null	null	null	null	
2024/11/23 15:52:41.171	b135e9c82f3b5af8414a656ace8a78c8d45a7834	Windows 11  (10.0.22631) 64bit (Editor)	True	null	null	null	null	null	null	None	0	null	0	0	null	null	null	null	null	
2024/11/23 15:52:41.181	b135e9c82f3b5af8414a656ace8a78c8d45a7834	Windows 11  (10.0.22631) 64bit (Editor)	True	null	null	null	null	null	null	None	0	null	0	0	null	null	null	null	null	
2024/11/23 15:52:41.192	b135e9c82f3b5af8414a656ace8a78c8d45a7834	Windows 11  (10.0.22631) 64bit (Editor)	True	null	null	null	null	null	null	None	0	null	0	0	null	null	null	null	null	
2024/11/23 15:52:41.201	b135e9c82f3b5af8414a656ace8a78c8d45a7834	Windows 11  (10.0.22631) 64bit (Editor)	True	null	null	null	null	null	null	None	0	null	0	0	null	null	null	null	null	
2024/11/23 15:52:41.210	b135e9c82f3b5af8414a656ace8a78c8d45a7834	Windows 11  (10.0.22631) 64bit (Editor)	True	null	null	null	null	null	null	None	0	null	0	0	null	null	null	null	null	
2024/11/23 15:52:41.217	b135e9c82f3b5af8414a656ace8a78c8d45a7834	Windows 11  (10.0.22631) 64bit (Editor)	True	null	null	null	null	null	null	None	0	null	0	0	null	null	null	null	null	
2024/11/23 15:52:41.225	b135e9c82f3b5af8414a656ace8a78c8d45a7834	Windows 11  (10.0.22631) 64bit (Editor)	True	null	null	null	null	null	null	None	0	null	0	0	null	null	null	null	null	
2024/11/23 15:52:41.231	b135e9c82f3b5af8414a656ace8a78c8d45a7834	Windows 11  (10.0.22631) 64bit (Editor)	True	null	null	null	null	null	null	None	0	null	0	0	null	null	null	null	null	
2024/11/23 15:52:41.238	b135e9c82f3b5af8414a656ace8a78c8d45a7834	Windows 11  (10.0.22631) 64bit (Editor)	True	null	null	null	null	null	null	None	0	null	0	0	null	null	null	null	null	
2024/11/23 15:52:41.246	b135e9c82f3b5af8414a656ace8a78c8d45a7834	Windows 11  (10.0.22631) 64bit (Editor)	True	null	null	null	null	null	null	None	0	null	0	0	null	null	null	null	null	
2024/11/23 15:52:41.253	b135e9c82f3b5af8414a656ace8a78c8d45a7834	Windows 11  (10.0.22631) 64bit (Editor)	True	null	null	null	null	null	null	None	0	null	0	0	null	null	null	null	null	
2024/11/23 15:52:41.260	b135e9c82f3b5af8414a656ace8a78c8d45a7834	Windows 11  (10.0.22631) 64bit (Editor)	True	null	null	null	null	null	null	None	0	null	0	0	null	null	null	null	null	
2024/11/23 15:52:41.268	b135e9c82f3b5af8414a656ace8a78c8d45a7834	Windows 11  (10.0.22631) 64bit (Editor)	True	null	null	null	null	null	null	None	0	null	0	0	null	null	null	null	null	
2024/11/23 15:52:41.276	b135e9c82f3b5af8414a656ace8a78c8d45a7834	Windows 11  (10.0.22631) 64bit (Editor)	True	null	null	null	null	null	null	None	0	null	0	0	null	null	null	null	null	
2024/11/23 15:52:41.283	b135e9c82f3b5af8414a656ace8a78c8d45a7834	Windows 11  (10.0.22631) 64bit (Editor)	True	null	null	null	null	null	null	None	0	null	0	0	null	null	null	null	null	
2024/11/23 15:52:41.293	b135e9c82f3b5af8414a656ace8a78c8d45a7834	Windows 11  (10.0.22631) 64bit (Editor)	True	null	null	null	null	null	null	None	0	null	0	0	null	null	null	null	null	
2024/11/23 15:52:41.307	b135e9c82f3b5af8414a656ace8a78c8d45a7834	Windows 11  (10.0.22631) 64bit (Editor)	True	null	null	null	null	null	null	None	0	null	0	0	null	null	null	null	null	
2024/11/23 15:52:41.325	b135e9c82f3b5af8414a656ace8a78c8d45a7834	Windows 11  (10.0.22631) 64bit (Editor)	True	null	null	null	null	null	null	None	0	null	0	0	null	null	null	null	null	
2024/11/23 15:52:41.332	b135e9c82f3b5af8414a656ace8a78c8d45a7834	Windows 11  (10.0.22631) 64bit (Editor)	True	null	null	null	null	null	null	None	0	null	0	0	null	null	null	null	null	
2024/11/23 15:52:41.339	b135e9c82f3b5af8414a656ace8a78c8d45a7834	Windows 11  (10.0.22631) 64bit (Editor)	True	null	null	null	null	null	null	None	0	null	0	0	null	null	null	null	null	
2024/11/23 15:52:41.345	b135e9c82f3b5af8414a656ace8a78c8d45a7834	Windows 11  (10.0.22631) 64bit (Editor)	True	null	null	null	null	null	null	None	0	null	0	0	null	null	null	null	null	
2024/11/23 15:52:41.352	b135e9c82f3b5af8414a656ace8a78c8d45a7834	Windows 11  (10.0.22631) 64bit (Editor)	True	null	null	null	null	null	null	None	0	null	0	0	null	null	null	null	null	
2024/11/23 15:52:41.358	b135e9c82f3b5af8414a656ace8a78c8d45a7834	Windows 11  (10.0.22631) 64bit (Editor)	True	null	null	null	null	null	null	None	0	null	0	0	null	null	null	null	null	
2024/11/23 15:52:41.366	b135e9c82f3b5af8414a656ace8a78c8d45a7834	Windows 11  (10.0.22631) 64bit (Editor)	True	null	null	null	null	null	null	None	0	null	0	0	null	null	null	null	null	
2024/11/23 15:52:41.372	b135e9c82f3b5af8414a656ace8a78c8d45a7834	Windows 11  (10.0.22631) 64bit (Editor)	True	null	null	null	null	null	null	None	0	null	0	0	null	null	null	null	null	
2024/11/23 15:52:41.379	b135e9c82f3b5af8414a656ace8a78c8d45a7834	Windows 11  (10.0.22631) 64bit (Editor)	True	null	null	null	null	null	null	None	0	null	0	0	null	null	null	null	null	
2024/11/23 15:52:41.386	b135e9c82f3b5af8414a656ace8a78c8d45a7834	Windows 11  (10.0.22631) 64bit (Editor)	True	null	null	null	null	null	null	None	0	null	0	0	null	null	null	null	null	
2024/11/23 15:52:41.393	b135e9c82f3b5af8414a656ace8a78c8d45a7834	Windows 11  (10.0.22631) 64bit (Editor)	True	null	null	null	null	null	null	None	0	null	0	0	null	null	null	null	null	
2024/11/23 15:52:41.400	b135e9c82f3b5af8414a656ace8a78c8d45a7834	Windows 11  (10.0.22631) 64bit (Editor)	True	null	null	null	null	null	null	None	0	null	0	0	null	null	null	null	null	
2024/11/23 15:52:41.407	b135e9c82f3b5af8414a656ace8a78c8d45a7834	Windows 11  (10.0.22631) 64bit (Editor)	True	null	null	null	null	null	null	None	0	null	0	0	null	null	null	null	null	
2024/11/23 15:52:41.414	b135e9c82f3b5af8414a656ace8a78c8d45a7834	Windows 11  (10.0.22631) 64bit (Editor)	True	null	null	null	null	null	null	None	0	null	0	0	null	null	null	null	null	
2024/11/23 15:52:41.424	b135e9c82f3b5af8414a656ace8a78c8d45a7834	Windows 11  (10.0.22631) 64bit (Editor)	True	null	null	null	null	null	null	None	0	null	0	0	null	null	null	null	null	
